Brand,model,Year,Age,kmDriven,Transmission,Owner,FuelType,AskPrice
Honda,City,2001,23,98000.0,Manual,second,Petrol,195000
Toyota,Innova,2009,15,190000.0,Manual,second,Diesel,375000
Volkswagen,VentoTest,2010,14,77246.0,Manual,first,Diesel,184999
Maruti Suzuki,Swift,2017,7,83500.0,Manual,second,Diesel,565000
Maruti Suzuki,Baleno,2019,5,45000.0,Automatic,first,Petrol,685000
BMW,X3,2014,10,83000.0,Automatic,first,Diesel,1350000
Toyota,Innova,2014,10,168000.0,Manual,second,Diesel,1025000
BMW,5 Series,2019,5,25000.0,Automatic,second,Diesel,5950000
Maruti Suzuki,maruti-suzuki-dzire,2020,4,33759.0,Manual,second,Petrol,622000
Ford,Ecosport,2017,7,69713.0,Manual,second,Petrol,649000
Maruti Suzuki,Alto-K10,2018,6,70000.0,Automatic,first,Petrol,395000
Kia,Carnival,2021,3,25000.0,Automatic,first,Diesel,2900000
Maruti Suzuki,Swift-Dzire,2012,12,72700.0,Manual,second,Petrol,240000
Toyota,Corolla,2007,17,121931.0,Automatic,second,Petrol,201350
Mercedes-Benz,GLE COUPE,2021,3,32000.0,Automatic,second,Petrol,11800000
Hyundai,Xcent,2018,6,130000.0,Manual,second,Diesel,330000
Kia,Seltos,2020,4,68000.0,Manual,first,Diesel,1045000
Maruti Suzuki,Ertiga,2016,8,65000.0,Manual,second,Diesel,785000
Maruti Suzuki,Ertiga,2017,7,59000.0,Automatic,second,Petrol,555000
BMW,3 Series GT,2015,9,61000.0,Automatic,second,Diesel,1500000
Ford,Endeavour,2019,5,77000.0,Automatic,second,Diesel,2399000
Toyota,Innova Crysta,2017,7,107000.0,Automatic,first,Diesel,1325000
Honda,City,2010,14,99000.0,Manual,first,Petrol,295000
Audi,A3,2015,9,42000.0,Automatic,second,Diesel,1050000
Renault,KWID,2019,5,48073.0,Automatic,second,Petrol,355000
MG,Hector,2019,5,32618.0,Automatic,first,Petrol,1250000
Maruti Suzuki,Swift-Dzire,2012,12,70000.0,Manual,second,Diesel,315000
Maruti Suzuki,Celerio,2014,10,51000.0,Automatic,second,Petrol,345000
Maruti Suzuki,Vitara-Brezza,2018,6,137000.0,Manual,first,Diesel,845000
Toyota,2.8 Legender 4X2,2023,1,1996.0,Automatic,first,Diesel,4195000
Toyota,Innova Crysta,2017,7,90000.0,Manual,second,Diesel,1950000
Toyota,Innova,2011,13,84000.0,Manual,second,Diesel,490000
Volvo,S90,2018,6,53000.0,Automatic,first,Diesel,2950000
Hyundai,Venue,2021,3,17000.0,Manual,first,Petrol,685000
Maruti Suzuki,Ertiga,2018,6,70000.0,Manual,second,Petrol,749000
Hyundai,Creta,2023,1,5000.0,Automatic,first,Petrol,1600000
Hyundai,Alcazar,2022,2,47110.0,Manual,second,Diesel,1695000
Hyundai,i20,2019,5,35000.0,Manual,first,Petrol,585000
Mercedes-Benz,E-Class,2019,5,101570.0,Automatic,first,Diesel,4200000
Volkswagen,Polo,2021,3,42000.0,Manual,second,Petrol,675000
Maruti Suzuki,Baleno,2018,6,30000.0,Manual,second,Petrol,630000
Hyundai,Verna,2016,8,82100.0,Manual,second,Diesel,465000
Audi,A4,2012,12,90000.0,Automatic,second,Diesel,899000
Toyota,Fortuner,2011,13,193000.0,Manual,second,Diesel,1125000
Mercedes-Benz,C-Class,2015,9,65000.0,Automatic,first,Diesel,1750000
Hyundai,Creta,2022,2,30000.0,Automatic,second,Petrol,1690000
Maruti Suzuki,Swift-Dzire,2020,4,94856.0,Manual,first,Petrol,690000
Skoda,Kushaq,2023,1,12000.0,Automatic,first,Petrol,1800000
Maruti Suzuki,Ciaz,2018,6,0.0,Manual,first,Petrol,500000
Tata,Safari,2010,14,500000.0,Manual,first,Diesel,800000
Toyota,Innova Crysta,2018,6,118000.0,Automatic,first,Diesel,1795000
Mercedes-Benz,C-Class,2016,8,41000.0,Automatic,second,Petrol,2000000
Honda,City,2010,14,79000.0,Manual,second,Petrol,290000
Honda,BRV,2016,8,103001.0,Manual,second,Diesel,555555
Hyundai,Creta,2017,7,70000.0,Manual,second,Petrol,765000
Renault,Duster,2018,6,130000.0,Manual,first,Diesel,690000
Maruti Suzuki,Wagon-R,2011,13,78000.0,Manual,second,Petrol,225000
Toyota,Fortuner,2017,7,115000.0,Automatic,second,Diesel,2390000
Mahindra,Bolero Power Plus,2017,7,160000.0,Manual,second,Diesel,550000
Hyundai,Eon,2017,7,27000.0,Manual,second,Petrol,300000
MG,Hector Plus,2020,4,81600.0,Automatic,first,Petrol,1021000
Hyundai,Creta,2017,7,54000.0,Automatic,first,Petrol,811000
Mahindra,XUV500,2018,6,76000.0,Manual,first,Diesel,1125000
Mercedes-Benz,GLS,2014,10,86000.0,Automatic,first,Diesel,3000000
Hyundai,i10,2011,13,65000.0,Manual,second,Petrol,115000
Mercedes-Benz,GLA Class,2018,6,60000.0,Automatic,second,Diesel,1450000
Kia,Carens,2023,1,24000.0,Manual,first,Petrol,1225000
Toyota,Innova,2011,13,100231.0,Manual,second,Diesel,429101
Maruti Suzuki,Ignis,2023,1,13000.0,Manual,second,Petrol,610000
Hyundai,Grand i10,2017,7,47000.0,Manual,first,Petrol,519999
Hyundai,Getz Prime,2007,17,115031.0,Manual,second,Petrol,140000
Maruti Suzuki,Swift,2014,10,67000.0,Manual,first,Petrol,280000
Hyundai,Xcent,2016,8,74500.0,Manual,first,Diesel,425000
Honda,City,2016,8,93000.0,Automatic,second,Petrol,575000
Maruti Suzuki,Ritz,2015,9,59000.0,Manual,first,Petrol,295000
Toyota,Innova Crysta,2017,7,79000.0,Automatic,second,Diesel,1725000
Hyundai,Verna,2022,2,69000.0,Automatic,first,Diesel,1250000
Hyundai,Creta,2015,9,76000.0,Automatic,second,Diesel,650000
Kia,Sonet,2020,4,34500.0,Automatic,first,Petrol,935000
Ford,Ecosport,2016,8,130000.0,Manual,second,Diesel,400000
Mercedes-Benz,GLC Coupe,2022,2,20000.0,Automatic,first,Diesel,7500000
Mahindra,Scorpio-N,2023,1,15905.0,Automatic,first,Diesel,2350000
Toyota,Innova Crysta,2021,3,21000.0,Manual,first,Diesel,2125000
Mini,Cooper 3 DOOR,2019,5,13000.0,Automatic,first,Petrol,3950000
Maruti Suzuki,Ertiga,2015,9,75000.0,Manual,first,Diesel,435000
Volkswagen,Polo,2012,12,80000.0,Manual,second,Diesel,300000
Maruti Suzuki,Wagon-R,2016,8,50000.0,Manual,first,Petrol,245000
Tata,Nexon,2022,2,40000.0,Automatic,second,Petrol,680000
Maruti Suzuki,Ritz,2013,11,87000.0,Manual,first,Diesel,385000
Toyota,Etios,2015,9,155000.0,Manual,second,Diesel,589000
Volkswagen,CrossPolo,2014,10,80000.0,Manual,second,Diesel,425000
Maruti Suzuki,Wagon-R,2014,10,84000.0,Manual,second,Petrol,265000
Volkswagen,Polo,2021,3,18000.0,Automatic,first,Petrol,850000
Maruti Suzuki,Baleno,2017,7,47000.0,Automatic,first,Petrol,575000
Volkswagen,Vento,2011,13,134000.0,Manual,first,Diesel,425000
Maruti Suzuki,Alto-K10,2011,13,82000.0,Manual,first,Petrol,180000
Maruti Suzuki,Celerio,2015,9,35000.0,Automatic,first,Petrol,425000
Renault,Duster,2015,9,150000.0,Automatic,second,Diesel,450000
Toyota,Fortuner,2012,12,132000.0,Manual,first,Diesel,1095000
Land Rover,Range Rover Evoque,2017,7,130000.0,Automatic,second,Petrol,2500000
Maruti Suzuki,Ertiga,2020,4,59000.0,Automatic,first,Petrol,980000
Tata,Nexon,2018,6,95000.0,Automatic,second,Petrol,575000
Tata,Indigo Ecs,2016,8,115000.0,Manual,second,Diesel,110000
Mahindra,Thar,2022,2,11000.0,Manual,first,Diesel,1675000
Toyota,Camry,2015,9,68000.0,Automatic,second,Petrol,1185000
Skoda,Kushaq,2021,3,74000.0,Automatic,first,Petrol,1199000
Maruti Suzuki,Ritz,2012,12,88000.0,Manual,first,Petrol,385000
Hyundai,Grand i10,2014,10,47000.0,Automatic,second,Petrol,455000
Mahindra,Bolero,2015,9,16.0,Manual,first,Diesel,390000
Honda,Brio,2012,12,68000.0,Manual,first,Petrol,235000
Honda,City ZX,2007,17,115000.0,Manual,second,Petrol,265000
Hyundai,i10,2011,13,50000.0,Manual,second,Petrol,150000
Honda,WRV,2017,7,98000.0,Manual,first,Diesel,600000
Land Rover,Discovery Sport,2019,5,62000.0,Automatic,first,Diesel,3099000
Tata,Harrier,2019,5,67000.0,Manual,second,Diesel,899000
Tata,Zest,2015,9,69000.0,Manual,second,Petrol,340000
Maruti Suzuki,Eeco,2021,3,49000.0,Manual,first,Petrol,540000
Maruti Suzuki,Swift-Dzire,2013,11,162000.0,Manual,second,Diesel,390000
Toyota,Fortuner,2018,6,86000.0,Manual,first,Diesel,2499000
Hyundai,Creta,2023,1,35000.0,Automatic,first,Diesel,2025000
Maruti Suzuki,Wagon-R,2014,10,38000.0,Manual,first,Petrol,370000
Hyundai,Creta,2020,4,105000.0,Manual,first,Diesel,1050000
Toyota,2.8 Legender 4X2,2022,2,25500.0,Automatic,first,Diesel,4199999
Maruti Suzuki,Swift Dzire,2015,9,67000.0,Manual,first,Petrol,450000
Volkswagen,VentoTest,2016,8,78000.0,Automatic,first,Petrol,555000
Toyota,Innova,2006,18,191000.0,Manual,first,Diesel,295000
Hyundai,Creta,2018,6,66000.0,Automatic,second,Petrol,1075000
Toyota,Innova Crysta,2016,8,75000.0,Manual,first,Diesel,1480000
Maruti Suzuki,Vitara-Brezza,2018,6,85600.0,Manual,first,Diesel,750000
Maruti Suzuki,Ertiga,2012,12,155000.0,Manual,second,Diesel,650000
Hyundai,i10,2010,14,46000.0,Manual,second,Petrol,78000
Maruti Suzuki,Ciaz,2015,9,68000.0,Manual,first,Petrol,330000
Ford,Ecosport,2018,6,73000.0,Automatic,first,Petrol,590000
Honda,City,2011,13,74000.0,Automatic,second,Petrol,375000
Maruti Suzuki,Swift,2018,6,65000.0,Automatic,second,Petrol,590000
Audi,A4,2021,3,50000.0,Automatic,first,Petrol,3250000
Honda,City,2014,10,61000.0,Automatic,first,Petrol,685000
Maruti Suzuki,Swift,2005,19,98000.0,Manual,second,Petrol,160000
Mahindra,XUV500,2017,7,76000.0,Automatic,second,Diesel,760000
Mahindra,XUV500,2016,8,89100.0,Manual,second,Diesel,760000
Volkswagen,Polo,2018,6,73961.0,Automatic,second,Petrol,935000
Ford,Endeavour,2019,5,60000.0,Automatic,first,Diesel,2740000
Mahindra,Thar,2018,6,46850.0,Manual,second,Diesel,880000
Mahindra,Thar,2023,1,28000.0,Automatic,first,Diesel,1785000
Mahindra,XUV500,2013,11,99000.0,Manual,second,Diesel,470000
Maruti Suzuki,Sx4,2009,15,56328.0,Manual,first,Petrol,265000
Hyundai,Creta,2018,6,127000.0,Manual,first,Diesel,995000
Mercedes-Benz,C-Class,2013,11,78000.0,Automatic,second,Petrol,790000
Toyota,Innova Crysta,2022,2,31000.0,Automatic,first,Diesel,2700000
Skoda,Kodiaq,2020,4,57000.0,Automatic,first,Diesel,3045000
Ford,Endeavour,2017,7,70000.0,Automatic,second,Diesel,2650000
Hyundai,Eon,2014,10,41453.0,Manual,second,Petrol,220000
Tata,Altroz,2021,3,33000.0,Manual,first,Petrol,545000
Maruti Suzuki,Celerio,2018,6,37000.0,Automatic,second,Petrol,460000
Volkswagen,Polo,2015,9,65000.0,Manual,first,Petrol,375000
Hyundai,Grand i10 Nios,2022,2,36000.0,Automatic,first,Petrol,690000
Toyota,Camry,2016,8,130000.0,Automatic,second,Petrol,1399999
Maruti Suzuki,Alto-800,2013,11,100000.0,Manual,second,Petrol,160000
BMW,X1,2016,8,93000.0,Automatic,first,Diesel,2100000
Hyundai,Creta,2019,5,48000.0,Manual,first,Diesel,1065000
BMW,X5,2016,8,63000.0,Automatic,second,Diesel,2290000
Hyundai,i20,2015,9,85000.0,Manual,second,Diesel,560000
Skoda,Rapid,2017,7,70000.0,Automatic,first,Diesel,750000
Hyundai,Verna,2013,11,59000.0,Manual,second,Petrol,425000
Mahindra,TUV,2015,9,72000.0,Automatic,second,Diesel,390000
Mercedes-Benz,E-Class,2012,12,74000.0,Automatic,second,Diesel,1295000
Honda,City,2018,6,78127.0,Manual,first,Diesel,785000
Maruti Suzuki,Ciaz,2020,4,26000.0,Manual,first,Petrol,775000
Renault,KWID,2017,7,65663.0,Automatic,second,Petrol,325000
BMW,5 Series,2018,6,24000.0,Automatic,first,Petrol,4199000
Toyota,Fortuner,2015,9,160000.0,Automatic,second,Diesel,1250000
Volkswagen,Polo,2020,4,79000.0,Manual,second,Petrol,725000
Maruti Suzuki,Baleno,2018,6,31000.0,Manual,first,Petrol,549000
Hyundai,Creta,2019,5,55000.0,Automatic,first,Diesel,1299999
Maruti Suzuki,Swift Dzire,2015,9,89000.0,Manual,second,Diesel,431000
Hyundai,Alcazar,2022,2,37000.0,Automatic,first,Diesel,1820000
Maruti Suzuki,Alto K10,2016,8,56000.0,Manual,first,Petrol,275000
Mercedes-Benz,M-Class,2015,9,75000.0,Automatic,first,Diesel,2450000
Honda,Brio,2014,10,32001.0,Manual,second,Petrol,295000
Maruti Suzuki,Swift-Dzire,2024,0,22000.0,Manual,first,Petrol,260000
Hyundai,i20,2010,14,45000.0,Manual,second,Petrol,150000
Toyota,Fortuner,2021,3,60000.0,Automatic,first,Petrol,3200000
Kia,Seltos,2021,3,41000.0,Automatic,first,Petrol,1390000
Volkswagen,Polo,2015,9,51000.0,Manual,second,Petrol,499999
Toyota,Glanza,2021,3,28000.0,Automatic,second,Petrol,750000
BMW,5 Series,2019,5,38000.0,Automatic,first,Diesel,4450000
Skoda,Rapid,2019,5,64800.0,Automatic,first,Diesel,799000
Jeep,Compass,2022,2,17300.0,Automatic,first,Petrol,1995000
Volkswagen,VentoTest,2013,11,38000.0,Manual,first,Petrol,292000
Honda,City,2011,13,95000.0,Automatic,second,Petrol,280000
Honda,Brio,2012,12,72000.0,Manual,first,Petrol,165000
Maruti Suzuki,Ertiga,2016,8,135000.0,Manual,second,Diesel,875000
Toyota,Etios,2012,12,135000.0,Manual,second,Diesel,395000
Volkswagen,VentoTest,2019,5,160000.0,Manual,first,Diesel,695000
Tata,Harrier,2022,2,14000.0,Automatic,first,Diesel,1875000
Kia,Seltos,2020,4,50200.0,Automatic,first,Petrol,1300000
Maruti Suzuki,Alto-800,2014,10,47000.0,Manual,first,Petrol,255000
Honda,City,2011,13,59600.0,Manual,second,Petrol,210000
Maruti Suzuki,Ritz,2010,14,8000.0,Automatic,second,Petrol,185000
Maruti Suzuki,Wagon-R,2023,1,30000.0,Manual,first,Petrol,675000
Renault,KWID,2017,7,54000.0,Automatic,second,Petrol,365000
Maruti Suzuki,Omni,1998,26,80000.0,Manual,second,Petrol,75000
Chevrolet,Cruze,2011,13,100000.0,Automatic,second,Diesel,295000
Mahindra,XUV500,2017,7,48000.0,Automatic,first,Diesel,1199999
Hyundai,Verna,2013,11,150000.0,Automatic,second,Diesel,410000
Hyundai,Creta,2016,8,63000.0,Manual,second,Petrol,650000
Toyota,Fortuner,2014,10,333000.0,Automatic,second,Diesel,1445000
Honda,City,2018,6,62000.0,Manual,first,Petrol,695000
Honda,Amaze,2021,3,56001.0,Automatic,first,Diesel,1125000
Toyota,Innova Crysta,2017,7,25000.0,Manual,first,Diesel,1565000
Honda,Jazz,2015,9,68001.0,Manual,second,Petrol,444000
Renault,Scala,2013,11,72000.0,Manual,first,Diesel,345000
BMW,3 Series GT,2019,5,50000.0,Automatic,second,Diesel,2675000
Honda,City,2016,8,95000.0,Manual,second,Petrol,535000
Maruti Suzuki,S-Presso,2021,3,39000.0,Automatic,first,Petrol,465000
Mahindra,XUV500,2013,11,60000.0,Manual,second,Diesel,695000
Hyundai,Tucson,2017,7,72315.0,Automatic,second,Diesel,1035000
Hyundai,Verna,2014,10,82000.0,Automatic,second,Petrol,390000
Maruti Suzuki,Alto,2019,5,85000.0,Automatic,second,Petrol,280000
Hyundai,Santa Fe,2016,8,64000.0,Automatic,first,Diesel,1245000
Hyundai,Xcent,2016,8,68500.0,Manual,second,Petrol,440000
Maruti Suzuki,Dzire,2022,2,44000.0,Automatic,first,Petrol,780000
Maruti Suzuki,Swift,2019,5,59000.0,Manual,first,Petrol,540000
MG,ASTOR,2022,2,32000.0,Automatic,first,Petrol,1275000
Audi,Q7,2014,10,45000.0,Automatic,second,Diesel,1200000
Volkswagen,VentoTest,2016,8,130000.0,Automatic,second,Petrol,525000
Maruti Suzuki,Alto-800,2019,5,65137.5,Manual,first,Petrol,300000
Toyota,Innova Crysta,2017,7,112000.0,Automatic,first,Diesel,1551111
Mini,Cooper 5 DOOR,2014,10,32000.0,Automatic,second,Diesel,1900000
Renault,KWID,2017,7,78537.0,Automatic,first,Petrol,375000
Volkswagen,VentoTest,2018,6,70673.0,Automatic,first,Diesel,775000
Maruti Suzuki,Baleno,2018,6,39848.0,Manual,first,Petrol,479931
Audi,Q3,2016,8,77000.0,Automatic,first,Diesel,1500000
Maruti Suzuki,Alto,2008,16,111400.0,Manual,second,Petrol,150000
Toyota,Fortuner,2017,7,30000.0,Automatic,second,Diesel,3495000
Skoda,Rapid,2015,9,82000.0,Automatic,second,Diesel,325000
Maruti Suzuki,Swift-Dzire,2013,11,89000.0,Manual,second,Diesel,361000
Toyota,Fortuner,2015,9,195000.0,Automatic,first,Diesel,1550000
Tata,Hexa,2017,7,65110.0,Manual,first,Diesel,695000
Hyundai,Creta Facelift,2022,2,25000.0,Manual,first,Petrol,1375000
BMW,7 Series,2014,10,115000.0,Automatic,first,Diesel,1500000
Honda,Jazz,2015,9,64000.0,Manual,first,Petrol,574999
Volkswagen,Polo,2013,11,61000.0,Automatic,first,Petrol,415000
Hyundai,Grand i10,2014,10,54000.0,Automatic,second,Petrol,479000
Maruti Suzuki,Ciaz,2020,4,610003.0,Manual,first,Petrol,840000
Toyota,Innova Crysta,2022,2,25000.0,Automatic,first,Diesel,2600000
Maruti Suzuki,Celerio,2015,9,103000.0,Automatic,second,Petrol,360000
Mahindra,Thar,2022,2,14000.0,Automatic,first,Petrol,1550000
Tata,Bolt,2015,9,56000.0,Manual,first,Petrol,235000
BMW,5 Series,2016,8,47000.0,Automatic,second,Diesel,2500000
Jaguar,XF,2013,11,97763.0,Automatic,second,Diesel,1550000
Tata,Tiago,2021,3,74000.0,Manual,second,Petrol,515000
Honda,Brio,2015,9,50000.0,Manual,second,Petrol,385000
Toyota,Innova Crysta,2021,3,42000.0,Manual,second,Diesel,2550000
Skoda,Rapid,2014,10,71000.0,Automatic,second,Petrol,395000
Mahindra,Thar,2020,4,40000.0,Manual,first,Diesel,1195000
Hyundai,i20,2010,14,83000.0,Manual,second,Petrol,235000
Toyota,Fortuner,2012,12,166000.0,Manual,second,Diesel,1650000
Tata,Indigo Marina,2004,20,70899.0,Manual,second,Petrol,98000
Maruti Suzuki,Ertiga,2019,5,91000.0,Manual,first,Diesel,1149000
Tata,Safari,2022,2,27000.0,Manual,first,Diesel,1865000
Hyundai,Creta,2018,6,77620.0,Automatic,first,Diesel,1350000
Ford,Ecosport,2017,7,85000.0,Manual,second,Diesel,649999
Tata,Nano Genx,2016,8,58.0,Automatic,second,Petrol,186000
Maruti Suzuki,Swift-Dzire,2016,8,25.0,Manual,second,Diesel,420000
Maruti Suzuki,Alto-800,2006,18,20024.0,Manual,first,Petrol,20000
Hyundai,Grand i10,2014,10,80000.0,Manual,second,Petrol,375556
Volkswagen,Polo,2019,5,35000.0,Automatic,second,Petrol,1185000
Honda,City Hybrid eHEV,2016,8,77000.0,Automatic,first,Petrol,575000
Maruti Suzuki,Swift,2018,6,63259.0,Automatic,second,Diesel,520000
Ford,Ecosport,2017,7,110000.0,Manual,first,Diesel,449999
Hyundai,i20,2023,1,14000.0,Automatic,first,Petrol,925000
Volkswagen,Tiguan,2018,6,52000.0,Automatic,first,Diesel,1915000
Mercedes-Benz,G,2011,13,45000.0,Automatic,second,Diesel,7500000
BMW,3 Series,2016,8,65000.0,Automatic,second,Diesel,1325000
Renault,Duster,2016,8,75000.0,Automatic,second,Diesel,595000
Maruti Suzuki,Swift,2007,17,135000.0,Manual,second,Diesel,165000
Toyota,Innova,2014,10,105000.0,Manual,second,Diesel,780000
Land Rover,Range Rover,2016,8,151000.0,Automatic,second,Diesel,2800000
BMW,7 Series,2013,11,61000.0,Automatic,second,Diesel,851000
Maruti Suzuki,Grand Vitara,2023,1,21209.0,Manual,first,Petrol,1290000
Toyota,Glanza,2020,4,87000.0,Manual,first,Petrol,733000
Renault,Duster,2016,8,130000.0,Manual,second,Diesel,599000
Volvo,XC 90,2015,9,125000.0,Automatic,second,Diesel,1075000
Tata,Tiago,2018,6,30000.0,Automatic,first,Petrol,355000
Audi,A6,2015,9,78561.0,Automatic,first,Diesel,898970
Honda,City,2016,8,63000.0,Manual,second,Petrol,600000
Honda,Amaze,2016,8,65000.0,Manual,first,Petrol,410000
Volkswagen,Polo GTI,2015,9,102000.0,Automatic,second,Petrol,450000
Maruti Suzuki,Swift,2022,2,35000.0,Automatic,first,Petrol,745000
Volkswagen,Virtus,2022,2,50000.0,Automatic,first,Petrol,1299000
Maruti Suzuki,A-Star,2013,11,60000.0,Automatic,second,Petrol,299000
BMW,5 Series,2014,10,72000.0,Automatic,second,Diesel,1599000
Mini,Cooper S,2013,11,53000.0,Automatic,second,Petrol,1600000
Toyota,Etios Liva,2018,6,74000.0,Manual,second,Diesel,850000
MG,Hector,2023,1,29000.0,Automatic,first,Petrol,2295000
Mercedes-Benz,CLA,2016,8,20800.0,Automatic,second,Petrol,1700000
Hyundai,i20,2017,7,95000.0,Manual,second,Petrol,565000
Mahindra,Thar,2021,3,13000.0,Automatic,first,Diesel,1700000
Mahindra,XUV700,2023,1,4000.0,Manual,first,Petrol,2100000
Maruti Suzuki,Baleno,2021,3,57000.0,Automatic,second,Petrol,685000
Mahindra,Alturas G4,2022,2,25000.0,Automatic,first,Diesel,2725000
Mahindra,Scorpio,2017,7,92000.0,Manual,first,Diesel,1050000
MG,ASTOR,2021,3,12110.0,Automatic,first,Petrol,1295000
Hyundai,New i20,2022,2,13162.0,Automatic,first,Petrol,975000
Toyota,Etios Liva,2017,7,49000.0,Manual,first,Petrol,599000
Maruti Suzuki,Alto 800,2016,8,68000.0,Manual,second,Petrol,265000
Audi,A6,2013,11,110000.0,Automatic,second,Diesel,1150000
Hyundai,Elite i20,2017,7,52355.0,Manual,first,Petrol,499555
Hyundai,i10,2013,11,40595.0,Automatic,second,Petrol,310000
Mahindra,Thar,2021,3,41000.0,Manual,second,Diesel,1450000
Maruti Suzuki,Omni,2014,10,77500.0,Automatic,second,Petrol,1010000
Maruti Suzuki,Swift-Dzire,2018,6,55000.0,Manual,first,Petrol,595000
Hyundai,i10,2013,11,80000.0,Automatic,second,Petrol,145000
Land Rover,Defender,2024,0,7000.0,Automatic,first,Petrol,12700000
Mercedes-Benz,GLA Class,2016,8,71000.0,Automatic,second,Petrol,1990000
Hyundai,Santro Xing,2007,17,65000.0,Manual,second,Petrol,185000
Toyota,Innova Crysta,2019,5,69000.0,Automatic,first,Diesel,2699000
Maruti Suzuki,Ertiga,2019,5,90000.0,Manual,first,Diesel,900000
Fiat,Linea,2009,15,79742.0,Manual,second,Petrol,165000
Audi,Q3,2017,7,45000.0,Automatic,second,Diesel,1690000
Toyota,Innova Crysta,2022,2,8000.0,Automatic,first,Diesel,3375000
Toyota,Etios,2012,12,51000.0,Automatic,second,Petrol,260000
BMW,3 Series GT,2019,5,71000.0,Automatic,first,Diesel,2550000
Aston Martin,Vanquish,2016,8,25700.0,Automatic,first,Petrol,26400000
Mercedes-Benz,C-Class,2015,9,58000.0,Automatic,first,Diesel,2149999
Toyota,Fortuner,2024,0,2596.0,Manual,first,Diesel,3899999
Mahindra,Thar,2023,1,24500.0,Automatic,first,Petrol,1410000
Honda,City,2021,3,125000.0,Manual,first,Diesel,1075000
Maruti Suzuki,Ciaz,2017,7,79000.0,Automatic,second,Petrol,600000
Toyota,Innova Crysta,2019,5,118000.0,Automatic,second,Diesel,1999000
BMW,5 Series,2017,7,75000.0,Automatic,first,Diesel,4000000
Mahindra,Bolero,2017,7,105000.0,Manual,second,Diesel,620000
Maruti Suzuki,maruti-suzuki-brezza,2021,3,35000.0,Manual,first,Petrol,851000
Audi,A8 L,2017,7,51000.0,Automatic,first,Diesel,3500000
Kia,Seltos,2022,2,30891.0,Automatic,first,Diesel,1875000
Hyundai,Alcazar,2023,1,2500.0,Automatic,first,Petrol,1800000
Maruti Suzuki,Swift,2019,5,32000.0,Manual,second,Petrol,575000
Mahindra,Thar,2021,3,66000.0,Manual,first,Diesel,1425000
Volvo,V40 Cross Country,2016,8,75000.0,Automatic,first,Petrol,1375000
MG,Hector,2019,5,71000.0,Manual,first,Diesel,1275000
Audi,A6,2011,13,51000.0,Automatic,second,Petrol,1350000
Maruti Suzuki,Alto-K10,2015,9,75000.0,Automatic,second,Petrol,310000
Hyundai,Elite i20,2018,6,39500.0,Manual,first,Petrol,545000
Renault,Captur,2018,6,120000.0,Manual,first,Diesel,800000
Toyota,Innova,2016,8,65137.5,Manual,second,Diesel,860000
Volkswagen,Passat,2012,12,68900.0,Automatic,second,Diesel,555000
Mercedes-Benz,E-Class,2017,7,68000.0,Automatic,first,Diesel,3090000
Ford,Ecosport,2015,9,80000.0,Automatic,second,Petrol,465000
Maruti Suzuki,Alto-K10,2019,5,62000.0,Manual,first,Petrol,360000
Hyundai,Venue,2022,2,55000.0,Manual,first,Diesel,1250000
Volkswagen,Polo,2015,9,60000.0,Manual,second,Petrol,460000
Toyota,Innova Crysta,2017,7,34000.0,Manual,first,Diesel,1395000
Jeep,Compass,2017,7,49000.0,Automatic,first,Petrol,1151111
Hyundai,i20,2016,8,36000.0,Manual,second,Petrol,450000
Mahindra,KUV 100,2016,8,85000.0,Manual,second,Diesel,320000
Mahindra,Bolero Neo,2023,1,35000.0,Automatic,second,Diesel,1050000
Honda,Amaze,2015,9,160000.0,Manual,second,Diesel,275000
Maruti Suzuki,Swift,2010,14,141000.0,Manual,second,Diesel,330000
Land Rover,Range Rover,2012,12,23100.0,Automatic,second,Diesel,4795000
Hyundai,Verna,2014,10,100000.0,Manual,first,Petrol,950000
Hyundai,Elantra,2016,8,88000.0,Manual,second,Diesel,860000
Porsche,Macan,2023,1,5100.0,Automatic,first,Petrol,8900000
Maruti Suzuki,Ciaz,2017,7,76000.0,Manual,second,Petrol,480000
BMW,X3,2019,5,50000.0,Automatic,second,Diesel,4000000
Mercedes-Benz,M-Class,2014,10,48000.0,Automatic,first,Diesel,1745000
Mahindra,XUV700,2024,0,16666.0,Automatic,first,Diesel,2599999
Skoda,Kushaq,2022,2,38917.0,Manual,first,Petrol,1225000
Maruti Suzuki,Baleno,2016,8,55000.0,Automatic,first,Petrol,655000
Nissan,Terrano,2015,9,84000.0,Manual,second,Diesel,500000
Hyundai,Elantra,2014,10,120000.0,Automatic,second,Diesel,550000
Maruti Suzuki,Ertiga,2022,2,8638.0,Manual,first,Petrol,1150000
Maruti Suzuki,Swift Dzire,2013,11,62000.0,Manual,second,Petrol,350000
Maruti Suzuki,Swift Dzire,2013,11,62000.0,Manual,second,Petrol,350000
Honda,Amaze,2014,10,86131.0,Manual,second,Diesel,300000
Maruti Suzuki,Swift,2021,3,29000.0,Automatic,first,Petrol,765000
MG,ASTOR,2024,0,260.0,Manual,first,Petrol,1495000
Hyundai,Verna,2023,1,15120.0,Automatic,first,Petrol,1550000
Tata,Altroz,2021,3,21000.0,Manual,second,Petrol,535000
MG,Hector Plus,2022,2,11000.0,Automatic,first,Petrol,1850000
Maruti Suzuki,Ciaz,2017,7,63000.0,Manual,first,Petrol,750000
Skoda,Rapid,2021,3,41189.0,Automatic,first,Petrol,1225000
Mahindra,Scorpio-N,2022,2,20000.0,Manual,first,Diesel,1945000
Mercedes-Benz,C-Class,2011,13,64000.0,Automatic,second,Diesel,975000
Kia,Seltos,2020,4,62500.0,Manual,first,Diesel,945000
Toyota,Innova,2012,12,121000.0,Manual,first,Diesel,400000
Maruti Suzuki,Swift,2018,6,38000.0,Manual,second,Petrol,480000
Mahindra,Thar,2021,3,30000.0,Automatic,first,Diesel,1540000
Maruti Suzuki,Swift-Dzire-Tour,2010,14,130000.0,Manual,second,Diesel,260000
Maruti Suzuki,Wagon-R,2021,3,71000.0,Manual,first,Petrol,475000
Hyundai,Creta,2023,1,4800.0,Automatic,second,Diesel,1950000
Maruti Suzuki,Baleno,2017,7,59000.0,Manual,first,Petrol,515000
Honda,City,2011,13,75875.0,Automatic,second,Petrol,295000
Kia,Seltos,2020,4,109000.0,Manual,first,Diesel,975000
Mercedes-Benz,E-Class,2006,18,92000.0,Automatic,second,Diesel,500000
Jaguar,XF,2014,10,41000.0,Automatic,second,Diesel,2525000
Maruti Suzuki,XL6,2022,2,76000.0,Manual,first,Petrol,1000000
Mini,Cooper 3 DOOR,2020,4,12000.0,Automatic,first,Petrol,4450000
Hyundai,Verna,2016,8,81982.0,Automatic,first,Diesel,695000
Mahindra,Xylo,2010,14,51258.0,Manual,first,Diesel,199000
Mahindra,Scorpio,2017,7,59000.0,Manual,first,Diesel,850000
Mercedes-Benz,S-Class,2018,6,39000.0,Automatic,second,Diesel,5950000
Maruti Suzuki,Ertiga,2021,3,38000.0,Automatic,first,Petrol,1155000
Maruti Suzuki,Swift,2024,0,6000.0,Automatic,first,Petrol,1150000
BMW,3 Series,2016,8,53000.0,Automatic,second,Diesel,1399000
BMW,3 Series GT,2014,10,99000.0,Automatic,second,Diesel,1750000
Mercedes-Benz,E-Class,2012,12,73595.0,Automatic,second,Petrol,699000
Hyundai,Grand i10,2018,6,51000.0,Manual,first,Petrol,475000
Hyundai,Verna,2018,6,57546.0,Automatic,first,Petrol,849999
Mercedes-Benz,C-Class,2016,8,96000.0,Automatic,second,Diesel,2300000
BMW,6 Series GT,2018,6,21000.0,Automatic,second,Petrol,4500000
Maruti Suzuki,Swift,2018,6,48000.0,Automatic,second,Petrol,535000
Volkswagen,VentoTest,2011,13,22000.0,Manual,first,Petrol,299999
Toyota,Fortuner,2021,3,40000.0,Automatic,first,Diesel,4100000
Maruti Suzuki,XL6,2021,3,22864.0,Automatic,first,Petrol,1095000
Maruti Suzuki,Vitara-Brezza,2017,7,64000.0,Manual,first,Diesel,585000
Hyundai,Grand i10,2013,11,88000.0,Manual,first,Diesel,410000
Ford,Figo,2011,13,30000.0,Manual,second,Petrol,149000
Hyundai,Grand i10 Nios,2020,4,33145.0,Manual,first,Petrol,600000
Skoda,Rapid,2011,13,60000.0,Manual,first,Petrol,220000
Jeep,Compass,2017,7,61000.0,Manual,second,Diesel,1150000
Maruti Suzuki,Ertiga,2014,10,120000.0,Automatic,second,Diesel,425000
Mahindra,XUV500,2016,8,87000.0,Manual,first,Diesel,1050000
Hyundai,Venue,2022,2,38000.0,Manual,first,Petrol,1040000
Jeep,Compass,2017,7,55000.0,Automatic,second,Petrol,1011000
Hyundai,Creta,2019,5,35000.0,Manual,first,Diesel,1145000
Honda,City,2011,13,82000.0,Automatic,second,Petrol,299000
Toyota,Innova Crysta,2019,5,65000.0,Automatic,first,Diesel,1400000
Renault,Duster,2015,9,90000.0,Manual,first,Diesel,575000
Mercedes-Benz,E-Class,2020,4,49000.0,Automatic,first,Petrol,4800000
Mercedes-Benz,S-Class,2019,5,29000.0,Automatic,second,Diesel,9500000
Honda,City,2023,1,9500.0,Automatic,first,Petrol,1475000
Renault,Duster,2013,11,86250.0,Manual,first,Diesel,290000
Honda,City ZX,2024,0,65137.5,Automatic,first,Petrol,1550000
Toyota,Innova Crysta,2016,8,190000.0,Manual,first,Diesel,1650000
Volkswagen,Ameo,2017,7,80000.0,Manual,first,Diesel,475000
Hyundai,Creta,2021,3,96000.0,Automatic,first,Diesel,1700000
BMW,7 Series,2016,8,40000.0,Automatic,first,Diesel,2150000
Maruti Suzuki,XL6,2019,5,65000.0,Manual,first,Petrol,925000
Maruti Suzuki,Swift,2010,14,29000.0,Manual,first,Petrol,150000
Hyundai,i10,2013,11,40000.0,Automatic,second,Petrol,200000
Mahindra,Scorpio,2010,14,65000.0,Manual,second,Diesel,290000
Maruti Suzuki,Celerio,2018,6,38000.0,Automatic,second,Petrol,380000
Maruti Suzuki,Wagon-R,2015,9,66000.0,Automatic,second,Petrol,260000
Maruti Suzuki,Ciaz,2019,5,29000.0,Manual,first,Petrol,850000
Toyota,Fortuner,2016,8,90000.0,Manual,second,Diesel,1545000
Toyota,Innova Hycross,2023,1,14100.0,Automatic,first,Petrol,2844000
Hyundai,Creta,2015,9,88000.0,Manual,second,Diesel,750000
Maruti Suzuki,Swift Dzire,2016,8,49000.0,Automatic,second,Petrol,599000
Maruti Suzuki,Celerio,2016,8,36000.0,Automatic,first,Petrol,399999
Honda,Jazz,2011,13,61000.0,Manual,second,Petrol,225000
Hyundai,Grand i10,2018,6,62000.0,Manual,second,Petrol,375000
Hyundai,Creta,2022,2,19000.0,Automatic,first,Diesel,2290000
Mercedes-Benz,CLA,2019,5,28370.0,Automatic,first,Diesel,1999999
Ford,Endeavour,2016,8,86000.0,Automatic,first,Diesel,1825000
Hyundai,i10,2011,13,68000.0,Manual,second,Petrol,230000
Ford,Ecosport,2019,5,54000.0,Manual,first,Diesel,810000
Hyundai,i20,2010,14,72000.0,Automatic,second,Petrol,275000
Renault,Triber,2020,4,59000.0,Manual,first,Petrol,675000
Hyundai,Santro Xing,2009,15,69000.0,Manual,second,Petrol,160000
Skoda,Rapid,2015,9,59000.0,Automatic,second,Petrol,550000
Hyundai,Santa Fe,2016,8,64200.0,Automatic,first,Diesel,1175000
Audi,A4,2015,9,53000.0,Automatic,second,Diesel,1750000
Hyundai,Santro Xing,2010,14,65137.5,Automatic,second,Petrol,120000
Audi,A6,2016,8,40000.0,Automatic,first,Diesel,1595000
Maruti Suzuki,Eeco,2011,13,53750.0,Manual,first,Petrol,155000
Kia,Seltos,2022,2,15000.0,Automatic,first,Petrol,1800000
Maruti Suzuki,Wagon-R,2011,13,75000.0,Manual,second,Petrol,245000
Maruti Suzuki,Omni,2010,14,88000.0,Manual,second,Petrol,95000
Audi,Q5,2018,6,110000.0,Automatic,first,Diesel,2299000
BMW,5 Series,2013,11,76064.0,Automatic,second,Diesel,1425000
BMW,5 Series,2018,6,41000.0,Automatic,second,Diesel,2990000
Mahindra,XUV700,2022,2,6789.0,Automatic,first,Diesel,2000000
Toyota,2.8 Legender 4X2,2021,3,63000.0,Automatic,first,Diesel,4250000
Hyundai,Creta,2018,6,84000.0,Manual,second,Diesel,1075000
Hyundai,Grand i10,2017,7,50523.0,Manual,second,Petrol,370000
Mercedes-Benz,E-Class,2014,10,74000.0,Automatic,first,Diesel,1384999
Mercedes-Benz,E-Class,2022,2,25000.0,Automatic,first,Diesel,6500000
Toyota,Glanza,2020,4,38000.0,Automatic,first,Petrol,574000
Maruti Suzuki,Alto,2011,13,55000.0,Manual,second,Petrol,115000
Toyota,Innova Crysta,2024,0,6110.0,Manual,first,Diesel,2785000
Toyota,Innova,2014,10,130000.0,Manual,first,Diesel,1360000
Toyota,Camry,2014,10,108000.0,Automatic,first,Petrol,1400000
Honda,City,2018,6,58000.0,Manual,first,Petrol,574000
Maruti Suzuki,Swift,2021,3,41000.0,Manual,first,Petrol,679000
Tata,Nexon,2020,4,49000.0,Manual,first,Diesel,450000
Force,Motors FM Gurkha,2023,1,9900.0,Manual,first,Diesel,1550000
Renault,KWID,2017,7,67000.0,Manual,second,Petrol,250000
Maruti Suzuki,Swift,2023,1,11000.0,Automatic,first,Petrol,725000
Volkswagen,Polo,2020,4,35000.0,Automatic,first,Petrol,1170000
Honda,City,2017,7,28000.0,Automatic,first,Petrol,685000
Maruti Suzuki,Celerio,2017,7,142000.0,Automatic,first,Petrol,345000
Mahindra,Jeep,1994,30,0.0,Manual,second,Diesel,275000
Hyundai,i20,2014,10,62000.0,Manual,first,Petrol,421000
Renault,KWID,2019,5,18000.0,Manual,first,Petrol,325000
Maruti Suzuki,Swift Dzire,2015,9,72000.0,Manual,first,Diesel,450000
Hyundai,i20,2019,5,48000.0,Manual,first,Petrol,525000
Maruti Suzuki,Alto-K10,2017,7,65000.0,Automatic,first,Petrol,300000
Audi,Q5,2014,10,57000.0,Automatic,first,Diesel,1285000
Maruti Suzuki,Ciaz,2019,5,73000.0,Automatic,second,Petrol,695000
Jaguar,XF,2014,10,78000.0,Automatic,first,Diesel,995000
BMW,5 Series,2010,14,130000.0,Automatic,second,Petrol,280000
Hyundai,i20,2012,12,74000.0,Manual,second,Petrol,250000
Porsche,718,2018,6,15000.0,Automatic,second,Petrol,8000000
Maruti Suzuki,Alto-K10,2015,9,18000.0,Automatic,second,Petrol,350000
Honda,City,2013,11,85000.0,Automatic,second,Petrol,400000
Maruti Suzuki,Celerio,2017,7,67000.0,Automatic,second,Petrol,450000
Maruti Suzuki,Alto-800,2023,1,9000.0,Manual,first,Petrol,490000
Mahindra,Scorpio,2015,9,76000.0,Manual,second,Diesel,850000
Maruti Suzuki,Swift,2019,5,7000.0,Automatic,second,Petrol,650000
Maruti Suzuki,Grand Vitara,2024,0,1600.0,Manual,first,Petrol,1350000
Hyundai,Elantra,2012,12,71000.0,Automatic,second,Petrol,445000
Honda,WRV,2017,7,50000.0,Manual,second,Diesel,725000
Maruti Suzuki,Swift,2018,6,42175.0,Automatic,first,Petrol,429000
Toyota,Etios,2012,12,115000.0,Manual,second,Diesel,325000
Honda,Jazz,2016,8,46000.0,Automatic,second,Petrol,450000
Fiat,Punto,2012,12,160000.0,Manual,first,Diesel,260000
Maruti Suzuki,Ciaz,2015,9,110000.0,Manual,second,Diesel,530000
Ford,Endeavour,2021,3,23000.0,Automatic,second,Diesel,3150000
Hyundai,i20,2012,12,79000.0,Manual,first,Diesel,220000
Hyundai,Creta,2016,8,72000.0,Automatic,first,Diesel,685000
Toyota,Corolla Altis,2016,8,61000.0,Automatic,second,Petrol,845000
Kia,Seltos,2023,1,27000.0,Automatic,first,Diesel,1775000
Toyota,Innova,2015,9,98525.0,Manual,second,Diesel,695000
Maruti Suzuki,Alto-K10,2011,13,59000.0,Manual,first,Petrol,260000
Volkswagen,Ameo,2017,7,99000.0,Manual,first,Diesel,649000
Mitsubishi,Pajero Sport,2017,7,68000.0,Manual,second,Diesel,1195000
Skoda,Kushaq,2022,2,10000.0,Automatic,first,Petrol,1361000
Toyota,Innova,2006,18,190000.0,Manual,second,Diesel,410000
Hyundai,Eon,2013,11,80000.0,Manual,second,Petrol,195000
Tata,Manza,2013,11,100000.0,Manual,second,Diesel,150000
Maruti Suzuki,Wagon-R,2014,10,78000.0,Manual,second,Petrol,175000
Ford,Figo,2013,11,46200.0,Manual,first,Petrol,159000
Maruti Suzuki,Swift-Dzire,2017,7,81000.0,Automatic,first,Diesel,650000
Maruti Suzuki,Vitara-Brezza,2018,6,30000.0,Manual,first,Diesel,965000
Maruti Suzuki,Swift Dzire,2019,5,100000.0,Manual,second,Diesel,750000
Mini,Cooper Convertible,2012,12,28000.0,Automatic,second,Petrol,1990000
Mahindra,XUV500,2018,6,88000.0,Automatic,second,Diesel,890000
Hyundai,Verna,2023,1,12700.0,Manual,first,Petrol,1575000
Mercedes-Benz,C-Class,2021,3,14000.0,Automatic,first,Diesel,5250000
Hyundai,Verna,2012,12,123500.0,Manual,second,Petrol,285000
Toyota,Corolla Altis,2011,13,99000.0,Manual,second,Diesel,325000
Honda,Amaze,2020,4,41000.0,Manual,second,Petrol,575000
Maruti Suzuki,Vitara-Brezza,2019,5,47000.0,Manual,first,Diesel,875000
Hyundai,Verna,2020,4,86000.0,Automatic,first,Diesel,899000
Mahindra,Scorpio Classic,2024,0,33000.0,Manual,first,Diesel,1850000
BMW,X5,2021,3,74000.0,Automatic,first,Diesel,6650000
Maruti Suzuki,Swift,2018,6,45000.0,Manual,second,Petrol,510000
Tata,Hexa,2017,7,135000.0,Manual,second,Diesel,775000
Mahindra,XUV500,2012,12,168000.0,Manual,second,Diesel,500000
Mahindra,XUV500,2017,7,129124.0,Manual,first,Diesel,1095000
Maruti Suzuki,Swift-Dzire,2017,7,92000.0,Automatic,first,Diesel,645000
Hyundai,Creta,2020,4,42000.0,Manual,second,Diesel,1225000
Maruti Suzuki,Baleno,2019,5,53000.0,Manual,second,Petrol,635000
Audi,A6,2015,9,89000.0,Automatic,first,Diesel,890000
Maruti Suzuki,Alto-800,2018,6,108000.0,Manual,first,Petrol,320000
Volkswagen,Polo,2021,3,25000.0,Automatic,first,Petrol,1245000
Audi,A4,2013,11,102000.0,Automatic,second,Diesel,1020000
Maruti Suzuki,Swift,2011,13,75000.0,Automatic,second,Petrol,350000
Audi,A3,2016,8,99000.0,Automatic,second,Diesel,949000
Renault,KWID,2019,5,18000.0,Manual,first,Petrol,324000
Honda,CRV,2010,14,70343.0,Automatic,second,Petrol,650000
Mahindra,Scorpio,2017,7,90000.0,Automatic,second,Diesel,1100000
Maruti Suzuki,Swift-Dzire,2019,5,146000.0,Manual,second,Diesel,690000
Renault,KWID,2018,6,37000.0,Automatic,second,Petrol,325000
Honda,WRV,2018,6,103000.0,Manual,first,Diesel,780000
Lexus,ES,2022,2,17000.0,Automatic,first,Petrol,5600000
Tata,Indigo Ecs,2014,10,80000.0,Manual,second,Diesel,120000
Hyundai,Venue,2019,5,80000.0,Manual,second,Diesel,825000
Ford,Figo,2012,12,104000.0,Manual,second,Diesel,234000
Ford,Ecosport,2016,8,95000.0,Manual,first,Diesel,750000
Ford,Endeavour,2020,4,83700.0,Automatic,first,Diesel,2951000
Maruti Suzuki,Sx4,2014,10,106000.0,Manual,second,Petrol,275000
Audi,A3,2015,9,64000.0,Automatic,second,Diesel,850000
Mercedes-Benz,GL-Class,2014,10,77600.0,Automatic,second,Diesel,2799999
Maruti Suzuki,Alto,2011,13,78965.0,Manual,first,Petrol,135000
Tata,Tigor,2018,6,800000.0,Manual,second,Petrol,485000
Toyota,Fortuner,2017,7,145000.0,Manual,second,Diesel,2800000
Hyundai,Elite i20,2017,7,30300.0,Manual,first,Petrol,550000
Maruti Suzuki,Ertiga,2018,6,74000.0,Manual,first,Diesel,785000
Toyota,Innova Crysta,2020,4,66000.0,Automatic,first,Diesel,1960000
Maruti Suzuki,Baleno,2019,5,38032.0,Automatic,second,Petrol,690000
Honda,Jazz,2015,9,69000.0,Automatic,second,Petrol,500000
Mahindra,XUV500,2019,5,85000.0,Manual,first,Diesel,1050000
Tata,Manza,2010,14,78960.0,Manual,first,Petrol,95000
BMW,X5,2017,7,92000.0,Automatic,second,Diesel,2999999
Maruti Suzuki,Wagon-R,2015,9,55049.0,Manual,first,Petrol,317000
Audi,A6,2018,6,35000.0,Automatic,first,Diesel,3350000
Toyota,Etios,2012,12,65137.5,Manual,second,Diesel,330000
BMW,X7,2020,4,32000.0,Automatic,first,Diesel,9800000
Audi,A4,2016,8,135000.0,Automatic,first,Diesel,1651000
MG,Hector,2019,5,17000.0,Automatic,first,Petrol,1390000
Honda,City,2017,7,69000.0,Manual,second,Petrol,610000
Mercedes-Benz,E-Class,2019,5,32000.0,Automatic,first,Diesel,4980000
Maruti Suzuki,Vitara-Brezza,2017,7,62000.0,Manual,first,Diesel,750000
Skoda,Octavia,2014,10,116000.0,Automatic,second,Petrol,740000
Ford,Ecosport,2015,9,55000.0,Automatic,second,Petrol,449000
Toyota,Fortuner,2017,7,69000.0,Automatic,second,Diesel,2099000
Volkswagen,Vento,2016,8,110000.0,Automatic,second,Diesel,649999
Honda,City,2014,10,75000.0,Automatic,first,Petrol,525000
Honda,Amaze,2015,9,38000.0,Manual,first,Petrol,450000
Mercedes-Benz,M-Class,2013,11,83000.0,Automatic,second,Diesel,1629000
Volkswagen,Polo,2019,5,68000.0,Manual,first,Petrol,575000
BMW,X5,2019,5,25000.0,Automatic,second,Diesel,3975000
Maruti Suzuki,Ertiga,2019,5,15000.0,Automatic,second,Petrol,1055000
Hyundai,i20,2023,1,11800.0,Automatic,second,Petrol,950000
Maruti Suzuki,Wagon-R,2009,15,85000.0,Manual,second,Petrol,155000
Mahindra,TUV,2016,8,87000.0,Automatic,first,Diesel,750000
Land Rover,Range Rover Evoque,2012,12,89000.0,Manual,second,Diesel,1600000
Honda,Jazz,2012,12,70000.0,Manual,second,Petrol,265000
Maruti Suzuki,Swift,2011,13,45000.0,Manual,second,Petrol,195000
Maruti Suzuki,Wagon-R,2015,9,38482.0,Manual,first,Petrol,310000
Hyundai,Creta,2016,8,68000.0,Automatic,second,Diesel,1050000
Maruti Suzuki,Wagon R,2016,8,65000.0,Automatic,second,Petrol,460000
Renault,Duster,2015,9,760045.0,Manual,first,Diesel,155000
Volkswagen,VentoTest,2015,9,74000.0,Automatic,first,Diesel,545000
Maruti Suzuki,Ciaz,2016,8,83214.0,Manual,second,Diesel,390000
Toyota,Innova Crysta,2017,7,158000.0,Manual,first,Diesel,1575000
Maruti Suzuki,S-Cross,2017,7,108000.0,Manual,first,Diesel,775000
Maruti Suzuki,Alto-800,2015,9,91000.0,Manual,second,Petrol,205000
Maruti Suzuki,Wagon-R,2010,14,65000.0,Manual,first,Petrol,225000
Toyota,Fortuner,2021,3,77000.0,Automatic,first,Diesel,3890000
Maruti Suzuki,Swift,2016,8,80000.0,Manual,second,Diesel,545000
Mercedes-Benz,E-Class,2014,10,87000.0,Automatic,second,Diesel,1545000
Toyota,Innova Crysta,2018,6,87000.0,Manual,second,Diesel,2290000
Maruti Suzuki,Gypsy,2005,19,10000.0,Automatic,second,Diesel,390000
Honda,City,2014,10,68700.0,Manual,second,Petrol,525000
Toyota,Innova,2015,9,220000.0,Manual,second,Diesel,990000
Hyundai,i10,2012,12,53000.0,Automatic,second,Petrol,285000
Volkswagen,Polo,2014,10,41500.0,Manual,second,Petrol,360000
Toyota,Fortuner,2015,9,125000.0,Automatic,first,Diesel,1598000
Tata,Harrier,2021,3,50000.0,Automatic,first,Diesel,1699000
Hyundai,Creta Facelift,2021,3,67777.0,Automatic,first,Petrol,1333333
Mahindra,Renault Logan,2007,17,170000.0,Manual,second,Diesel,148000
BMW,5 Series,2011,13,85000.0,Automatic,first,Diesel,920000
Hyundai,i10,2013,11,69000.0,Manual,first,Petrol,199000
Honda,City,2015,9,72500.0,Automatic,second,Petrol,450000
Porsche,Boxster,2019,5,14000.0,Automatic,first,Petrol,10900000
Tata,Indigo Cs,2009,15,155888.0,Manual,second,Diesel,120000
Hyundai,Eon,2014,10,60000.0,Manual,second,Petrol,198000
Hyundai,Eon,2017,7,63000.0,Manual,second,Petrol,240000
Hyundai,Venue,2022,2,13000.0,Manual,first,Petrol,825000
Maruti Suzuki,Celerio,2014,10,32117.0,Automatic,first,Petrol,395000
Land Rover,Discovery Sport,2018,6,62000.0,Automatic,first,Diesel,3300000
Maruti Suzuki,Ertiga,2015,9,70000.0,Manual,first,Diesel,900000
Ford,Ecosport,2016,8,91000.0,Automatic,first,Petrol,675000
Ford,Endeavour,2017,7,75000.0,Automatic,second,Diesel,1900000
Maruti Suzuki,Baleno,2017,7,47231.0,Manual,first,Petrol,535101
Maruti Suzuki,Eeco,2019,5,38000.0,Manual,first,Petrol,410000
Hyundai,Eon,2015,9,68000.0,Manual,second,Petrol,225000
Volvo,XC40,2018,6,54000.0,Automatic,first,Diesel,2290000
Hyundai,Alcazar,2022,2,24000.0,Automatic,first,Diesel,1875000
Mahindra,Thar,2019,5,68000.0,Manual,first,Diesel,875000
Renault,Lodgy,2015,9,58000.0,Manual,first,Diesel,500000
Honda,City ZX,2005,19,65460.0,Manual,second,Petrol,150000
Toyota,Innova Crysta,2017,7,71000.0,Automatic,second,Diesel,1725000
Hyundai,Grand i10 Nios,2020,4,51500.0,Automatic,second,Petrol,499999
Renault,Duster,2017,7,105000.0,Manual,first,Diesel,645000
Toyota,Innova,2011,13,250000.0,Manual,second,Diesel,799999
Skoda,Octavia,2008,16,140000.0,Manual,second,Diesel,260000
Tata,Indigo Cs,2010,14,90000.0,Manual,first,Diesel,120000
Toyota,Innova,2012,12,25000.0,Manual,second,Diesel,775000
Mahindra,XUV500,2016,8,85000.0,Manual,second,Diesel,500000
Mahindra,Scorpio,2013,11,100000.0,Manual,second,Diesel,550000
Land Rover,Discovery Sport,2020,4,53500.0,Automatic,second,Diesel,5575000
Renault,KWID,2018,6,67000.0,Manual,second,Petrol,299000
Mahindra,TUV,2016,8,56000.0,Automatic,second,Diesel,695000
Honda,Amaze,2017,7,50000.0,Manual,second,Petrol,460000
Maruti Suzuki,Sx4,2007,17,82038.0,Manual,second,Petrol,150000
Mercedes-Benz,E-Class,2021,3,27000.0,Automatic,first,Diesel,6250000
Hyundai,Creta,2023,1,10110.0,Manual,first,Petrol,1095000
BMW,7 Series,2012,12,90000.0,Automatic,first,Diesel,1850000
Renault,KWID,2017,7,90000.0,Automatic,first,Petrol,290000
Maruti Suzuki,XL6,2020,4,70000.0,Manual,first,Petrol,1100000
Volkswagen,VentoTest,2011,13,66000.0,Automatic,first,Petrol,299000
Maruti Suzuki,Ignis,2022,2,21260.0,Manual,first,Petrol,535000
Honda,City,2013,11,28500.0,Automatic,second,Petrol,560000
Maruti Suzuki,Alto-K10,2019,5,80000.0,Automatic,second,Petrol,280000
Maruti Suzuki,Ciaz,2019,5,38000.0,Manual,first,Petrol,630000
Maruti Suzuki,Ritz,2012,12,90000.0,Manual,first,Diesel,325000
Mercedes-Benz,C-Class,2018,6,51000.0,Automatic,second,Diesel,2850000
Mahindra,Scorpio,2008,16,145000.0,Manual,second,Diesel,445000
Jeep,Compass,2019,5,73000.0,Manual,first,Diesel,1175000
Skoda,Octavia,2017,7,82500.0,Automatic,second,Petrol,695000
Mahindra,Bolero,2018,6,140000.0,Manual,first,Diesel,630000
Hyundai,Creta,2017,7,120000.0,Automatic,first,Diesel,975000
Tata,Nano,2015,9,47000.0,Automatic,second,Petrol,265000
Kia,Seltos,2020,4,42000.0,Manual,first,Petrol,1080000
Hyundai,i20,2017,7,78000.0,Manual,second,Diesel,689000
Maruti Suzuki,Celerio,2018,6,72000.0,Automatic,first,Petrol,400000
Ford,Ecosport,2014,10,102000.0,Manual,second,Diesel,225000
Volvo,S90,2020,4,63333.0,Automatic,second,Diesel,3444444
Hyundai,i20,2013,11,68000.0,Manual,second,Petrol,379000
Volvo,XC60,2016,8,65000.0,Automatic,second,Diesel,1575000
BMW,Z4,2016,8,5300.0,Automatic,first,Petrol,6500000
Toyota,Innova Crysta,2022,2,61000.0,Manual,first,Diesel,2450000
Honda,Civic,2019,5,20000.0,Automatic,second,Petrol,1773000
Toyota,Urban Cruiser,2022,2,18000.0,Automatic,first,Petrol,865000
Toyota,Fortuner,2023,1,35000.0,Manual,first,Diesel,4000000
Maruti Suzuki,maruti-suzuki-dzire,2015,9,35000.0,Manual,first,Diesel,475000
Hyundai,Xcent,2017,7,82000.0,Manual,first,Petrol,649999
Toyota,Glanza,2020,4,79000.0,Automatic,first,Petrol,650000
Maruti Suzuki,Eeco,2013,11,72000.0,Manual,first,Petrol,290000
Maruti Suzuki,Wagon-R,2007,17,121000.0,Manual,second,Petrol,125000
Hyundai,Alcazar,2022,2,23950.0,Automatic,first,Diesel,2075000
Hyundai,Elite i20,2016,8,90000.0,Manual,first,Petrol,425000
Hyundai,Creta,2016,8,58000.0,Automatic,second,Petrol,745000
Maruti Suzuki,Brezza,2024,0,20000.0,Manual,first,Petrol,1100000
Toyota,Innova Crysta,2017,7,109000.0,Automatic,first,Diesel,1700000
Land Rover,Defender,2024,0,9600.0,Automatic,first,Diesel,12000000
Renault,KWID,2022,2,36000.0,Automatic,first,Petrol,485000
Maruti Suzuki,Swift,2015,9,57000.0,Manual,first,Petrol,430000
Hyundai,i20,2021,3,53000.0,Manual,first,Diesel,785000
Toyota,Innova Crysta,2019,5,125000.0,Automatic,second,Diesel,1685000
Tata,Punch,2022,2,19100.0,Manual,first,Petrol,651000
Hyundai,i20,2019,5,26000.0,Automatic,second,Petrol,550000
Maruti Suzuki,XL6,2021,3,62035.0,Automatic,first,Petrol,1095000
Tata,Nano,2009,15,13000.0,Manual,second,Petrol,60000
Hyundai,i20,2011,13,131000.0,Manual,second,Diesel,3300000
Hyundai,Creta,2015,9,155000.0,Manual,first,Diesel,800000
Maruti Suzuki,Alto,2010,14,101325.0,Manual,second,Petrol,140000
Maruti Suzuki,Swift-Dzire,2018,6,71000.0,Manual,second,Diesel,585000
Volkswagen,VentoTest,2015,9,59312.0,Manual,second,Petrol,345000
Hyundai,i10,2014,10,72000.0,Manual,second,Diesel,455000
Hyundai,Elite i20,2020,4,38000.0,Manual,first,Petrol,595000
Mahindra,Scorpio,2022,2,49000.0,Manual,first,Diesel,1599000
Hyundai,Verna,2019,5,110000.0,Automatic,first,Diesel,890000
Honda,WRV,2017,7,44000.0,Manual,first,Petrol,651000
Mercedes-Benz,E-Class,2018,6,55000.0,Automatic,second,Petrol,4050000
Mercedes-Benz,E-Class,2014,10,78000.0,Automatic,second,Petrol,1250000
Mahindra,Scorpio,2016,8,44000.0,Manual,second,Diesel,850000
Maruti Suzuki,S-Cross,2022,2,54252.0,Automatic,first,Petrol,850000
Hyundai,Elite i20,2014,10,55000.0,Manual,second,Diesel,481000
Hyundai,Creta,2018,6,48000.0,Manual,second,Petrol,765000
Ford,Endeavour,2016,8,134000.0,Automatic,first,Diesel,2299000
Toyota,Innova Crysta,2019,5,88000.0,Automatic,first,Diesel,1750000
Ford,Ecosport,2013,11,80000.0,Manual,second,Diesel,385000
Mercedes-Benz,CLA,2019,5,32000.0,Automatic,first,Diesel,1850000
Honda,Civic,2011,13,82000.0,Manual,first,Petrol,230000
Mitsubishi,Cedia,2006,18,96000.0,Manual,second,Petrol,275000
Mercedes-Benz,GLC,2024,0,15000.0,Automatic,first,Diesel,8000000
Mercedes-Benz,E-Class,2016,8,73000.0,Automatic,first,Diesel,1711111
BMW,X1,2018,6,41000.0,Automatic,first,Diesel,2049000
Honda,City,2012,12,65973.0,Manual,second,Petrol,408000
Audi,Q3,2018,6,58000.0,Automatic,second,Diesel,2375000
Hyundai,Sonata Embera,2011,13,55632.0,Manual,first,Diesel,275000
Honda,CRV,2013,11,97000.0,Automatic,first,Petrol,925000
Ford,Endeavour,2017,7,87000.0,Automatic,second,Diesel,1600000
Kia,Sonet,2020,4,42000.0,Automatic,first,Petrol,785000
Maruti Suzuki,maruti-suzuki-dzire,2013,11,65000.0,Manual,first,Petrol,360000
Hyundai,i20,2016,8,68712.0,Manual,second,Petrol,490000
Ford,Endeavour,2016,8,180000.0,Automatic,first,Diesel,1475000
Kia,Seltos,2020,4,77000.0,Automatic,first,Diesel,1475000
Kia,Sonet,2021,3,26000.0,Manual,first,Petrol,875000
Renault,KWID,2020,4,31000.0,Automatic,first,Petrol,390000
Toyota,Innova Crysta,2019,5,47000.0,Manual,first,Diesel,2345000
Audi,A8 L,2014,10,62000.0,Automatic,second,Diesel,3500000
Ford,Figo Aspire,2016,8,75000.0,Automatic,first,Petrol,485000
Skoda,Octavia,2013,11,75000.0,Automatic,second,Petrol,565000
Ford,Ecosport,2017,7,49000.0,Manual,second,Petrol,590000
Hyundai,Xcent,2017,7,93000.0,Manual,first,Diesel,390000
Hyundai,i20,2012,12,125000.0,Manual,first,Diesel,275000
Maruti Suzuki,Vitara-Brezza,2017,7,156500.0,Manual,second,Diesel,675000
Hyundai,i20,2018,6,64000.0,Manual,second,Diesel,720000
Mahindra,Thar,2023,1,7300.0,Automatic,first,Diesel,1571000
Mahindra,Bolero Neo,2022,2,41000.0,Manual,first,Diesel,950000
Hyundai,i10,2013,11,34000.0,Manual,first,Petrol,255000
Maruti Suzuki,Swift,2022,2,25772.0,Manual,first,Petrol,699999
Ford,Endeavour,2018,6,62000.0,Automatic,second,Diesel,2299999
Toyota,Innova Crysta,2021,3,37200.0,Automatic,first,Diesel,2590000
Honda,Accord,2005,19,137001.0,Manual,second,Petrol,265000
Skoda,Kushaq,2010,14,65137.5,Automatic,first,Petrol,400000
Toyota,Innova Hycross,2023,1,32000.0,Automatic,first,Petrol,2799000
Volkswagen,Passat,2011,13,83800.0,Automatic,second,Diesel,550000
Honda,City,2014,10,103000.0,Manual,second,Diesel,525000
Hyundai,Creta,2019,5,49000.0,Automatic,first,Petrol,995000
Hyundai,Elantra,2012,12,78000.0,Automatic,second,Petrol,445000
Volkswagen,Polo,2014,10,121000.0,Manual,second,Diesel,465000
Mini,3 DOOR,2015,9,65000.0,Automatic,first,Diesel,2000000
Isuzu,MAX,2021,3,110000.0,Manual,first,Diesel,890000
Maruti Suzuki,Vitara-Brezza,2019,5,115000.0,Automatic,second,Diesel,840000
Maruti Suzuki,Swift-Dzire,2015,9,83000.0,Manual,first,Diesel,275000
Mahindra,Scorpio,2010,14,52085.0,Manual,second,Diesel,365000
Mahindra,Bolero,2021,3,80000.0,Manual,second,Diesel,925000
Mercedes-Benz,S-Class,2016,8,59500.0,Automatic,first,Petrol,5000000
Toyota,Innova Crysta,2017,7,175000.0,Manual,first,Diesel,1250000
Tata,Tiago,2020,4,28300.0,Manual,second,Petrol,495000
BMW,5 Series,2019,5,35833.0,Automatic,first,Diesel,4100000
Mercedes-Benz,G Class,2019,5,59000.0,Automatic,first,Petrol,26000000
Mercedes-Benz,C-Class,2022,2,9426.0,Automatic,first,Diesel,5390000
Renault,Triber,2021,3,55000.0,Manual,first,Petrol,350000
Toyota,Innova Crysta,2022,2,35000.0,Automatic,first,Diesel,2695000
Kia,Carens,2022,2,77000.0,Automatic,first,Diesel,1725000
Maruti Suzuki,Wagon-R,2007,17,84000.0,Manual,second,Petrol,200000
Mahindra,Thar,2016,8,46108.0,Manual,second,Diesel,975000
Toyota,Innova Crysta,2023,1,12500.0,Manual,first,Diesel,2425000
Hyundai,Verna,2017,7,38000.0,Automatic,second,Petrol,825000
Honda,City,2014,10,95000.0,Manual,first,Diesel,585000
Maruti Suzuki,Wagon R,2006,18,58000.0,Manual,second,Petrol,125000
Hyundai,Verna,2008,16,140000.0,Manual,second,Diesel,88000
Tata,Tiago,2019,5,35967.0,Manual,first,Petrol,410000
Toyota,Corolla Altis,2016,8,61000.0,Automatic,second,Petrol,845000
Tata,Indica Vista,2009,15,80000.0,Manual,second,Petrol,100000
Hyundai,Creta,2018,6,54904.0,Manual,first,Diesel,969000
Hyundai,Alcazar,2024,0,4700.0,Manual,first,Diesel,2100000
BMW,3 Series,2013,11,57000.0,Automatic,first,Diesel,1200000
Mahindra,XUV500,2017,7,52000.0,Automatic,first,Diesel,1200000
Mahindra,Thar,2021,3,38000.0,Automatic,first,Diesel,1600000
Hyundai,Creta Facelift,2024,0,3200.0,Manual,first,Petrol,1500000
Mahindra,Thar,2021,3,46000.0,Automatic,first,Diesel,1620000
Maruti Suzuki,Wagon-R,2009,15,70000.0,Manual,second,Petrol,161000
Kia,Sonet,2023,1,2400.0,Automatic,first,Diesel,1325000
Volkswagen,VentoTest,2017,7,62000.0,Automatic,second,Petrol,490000
Mercedes-Benz,E-Class,2014,10,119000.0,Automatic,first,Diesel,899000
Honda,Amaze,2019,5,67000.0,Automatic,second,Petrol,575000
Mahindra,XUV500,2015,9,85000.0,Manual,first,Diesel,575000
Skoda,Rapid,2015,9,124006.0,Manual,second,Diesel,595000
Maruti Suzuki,Baleno,2016,8,55000.0,Manual,second,Petrol,530000
Hyundai,i20,2013,11,24500.0,Manual,second,Petrol,285000
Volkswagen,Polo,2020,4,35000.0,Automatic,first,Petrol,1180000
Jeep,Compass,2017,7,51600.0,Manual,first,Diesel,695000
Kia,Seltos,2021,3,100000.0,Automatic,first,Diesel,1350000
Hyundai,i20,2012,12,110000.0,Manual,second,Petrol,239000
Hyundai,Venue,2019,5,52000.0,Manual,second,Petrol,725000
Honda,Amaze,2022,2,21000.0,Automatic,first,Petrol,795000
Mercedes-Benz,C-Class,2015,9,57000.0,Automatic,first,Diesel,1750000
Honda,City,2015,9,70000.0,Automatic,first,Petrol,575000
Volkswagen,Polo,2015,9,78000.0,Manual,second,Diesel,595000
Toyota,Innova Crysta,2016,8,103000.0,Manual,second,Diesel,1350000
Hyundai,i20,2012,12,120000.0,Manual,second,Diesel,236000
Ford,Figo,2011,13,93638.0,Manual,second,Diesel,310000
Maruti Suzuki,Swift-Dzire,2013,11,150000.0,Manual,second,Diesel,500000
Hyundai,Elantra,2018,6,68000.0,Automatic,first,Diesel,1175000
Maruti Suzuki,Swift-Dzire,2013,11,135000.0,Manual,second,Diesel,160000
Datsun,RediGO,2018,6,38000.0,Automatic,first,Petrol,280000
Audi,A4,2011,13,150000.0,Automatic,second,Diesel,960000
Maruti Suzuki,Swift,2019,5,48000.0,Manual,first,Petrol,525000
Mercedes-Benz,CLS-Class,2017,7,72000.0,Automatic,second,Diesel,4525111
Mercedes-Benz,GLA Class,2017,7,32600.0,Automatic,second,Petrol,1750000
Maruti Suzuki,Swift,2022,2,19245.0,Automatic,first,Petrol,690000
Mahindra,Xylo,2018,6,244000.0,Manual,second,Diesel,309000
Toyota,VELLFIRE,2022,2,30000.0,Automatic,first,Petrol,11500000
Mahindra,XUV500,2014,10,88500.0,Manual,first,Diesel,589000
Maruti Suzuki,Alto-K10,2015,9,73000.0,Automatic,first,Petrol,269000
Audi,A4,2019,5,23400.0,Automatic,second,Petrol,2475000
Audi,A6,2014,10,99000.0,Automatic,first,Diesel,850000
Audi,A4,2017,7,116000.0,Automatic,second,Diesel,2090000
Honda,City,2021,3,15000.0,Automatic,first,Petrol,1425000
Audi,Q3,2016,8,50000.0,Automatic,second,Diesel,1400000
Mercedes-Benz,S-Class,2019,5,29000.0,Automatic,first,Petrol,8200000
Hyundai,i20,2014,10,70000.0,Manual,second,Diesel,445000
Maruti Suzuki,Swift,2020,4,65000.0,Manual,first,Petrol,600000
Volkswagen,VentoTest,2015,9,103000.0,Automatic,first,Diesel,655000
Honda,City,2018,6,48000.0,Manual,second,Petrol,575000
Honda,Civic,2007,17,95000.0,Manual,second,Petrol,220000
Honda,City,2014,10,90000.0,Manual,second,Diesel,381999
Mahindra,TUV,2019,5,97333.0,Manual,first,Diesel,645000
Hyundai,i10,2012,12,100000.0,Automatic,second,Petrol,320000
Renault,KWID,2016,8,40000.0,Manual,second,Petrol,145000
Maruti Suzuki,Ciaz,2018,6,34000.0,Automatic,first,Petrol,711000
Honda,City,2017,7,28305.0,Automatic,first,Petrol,681000
Maruti Suzuki,Alto,2011,13,53000.0,Manual,second,Petrol,170000
Toyota,Camry,2016,8,175000.0,Automatic,first,Petrol,1180000
Honda,City,2014,10,87000.0,Manual,first,Diesel,450000
Jaguar,XF,2019,5,17500.0,Automatic,first,Petrol,3750000
Toyota,Innova Crysta,2020,4,180000.0,Manual,first,Diesel,1900000
Maruti Suzuki,Swift-Dzire,2017,7,56000.0,Manual,second,Diesel,630000
Maruti Suzuki,Ertiga,2017,7,46000.0,Automatic,second,Petrol,725000
Maruti Suzuki,S-Presso,2021,3,25000.0,Automatic,second,Petrol,450000
Skoda,Octavia,2015,9,59000.0,Automatic,second,Petrol,715000
Ford,Ecosport,2016,8,610000.0,Manual,first,Diesel,490000
Hyundai,Creta,2016,8,78000.0,Automatic,second,Diesel,1025000
Audi,Q3,2017,7,120000.0,Automatic,second,Diesel,1950000
Maruti Suzuki,Ignis,2020,4,28000.0,Automatic,second,Petrol,649999
Honda,City,2016,8,29000.0,Automatic,first,Petrol,675000
Hyundai,i20,2017,7,49700.0,Manual,first,Petrol,571000
Audi,A6,2011,13,51000.0,Automatic,second,Petrol,1350000
Mahindra,XUV500,2019,5,19300.0,Manual,second,Diesel,995000
Volkswagen,Polo,2021,3,17000.0,Automatic,first,Petrol,1249000
Toyota,Fortuner,2013,11,95013.0,Automatic,first,Diesel,1050000
Maruti Suzuki,Alto 800,2020,4,39000.0,Manual,first,Petrol,415000
Hyundai,Creta,2022,2,9000.0,Manual,first,Petrol,1495000
Jeep,Compass,2020,4,52300.0,Automatic,first,Petrol,1575000
Audi,A6,2013,11,16250.0,Automatic,first,Petrol,1350000
Hyundai,Venue,2020,4,30000.0,Manual,first,Petrol,705000
Tata,Tigor,2022,2,18000.0,Manual,first,Petrol,800000
BMW,5 Series,2015,9,92000.0,Automatic,first,Diesel,1450000
Tata,Nano,2014,10,48000.0,Manual,second,Petrol,180000
Kia,Sonet,2023,1,2400.0,Automatic,first,Petrol,1325000
BMW,7 Series,2018,6,51000.0,Automatic,second,Diesel,4675000
Honda,City,2016,8,111000.0,Automatic,first,Petrol,450000
Chevrolet,Cruze,2013,11,90000.0,Automatic,first,Diesel,440000
Maruti Suzuki,Swift-Dzire,2017,7,68000.0,Manual,second,Petrol,500000
Maruti Suzuki,Baleno,2017,7,51000.0,Manual,first,Petrol,485000
Skoda,Superb,2013,11,72000.0,Automatic,first,Petrol,400000
Honda,City,2010,14,79000.0,Manual,second,Petrol,205000
Mercedes-Benz,E-Class,2014,10,51447.0,Automatic,first,Diesel,1475001
Mahindra,Scorpio,2023,1,15903.0,Automatic,first,Diesel,2350001
Hyundai,Verna,2013,11,52000.0,Manual,first,Diesel,262000
Maruti Suzuki,Ertiga,2021,3,19500.0,Manual,first,Petrol,1100000
Honda,City,2016,8,56000.0,Automatic,second,Petrol,625000
Honda,Accord,2004,20,80000.0,Manual,second,Petrol,60000
Toyota,Fortuner,2013,11,180000.0,Manual,second,Diesel,1750000
Mahindra,TUV,2016,8,64525.0,Manual,first,Diesel,445000
Toyota,Innova Crysta,2022,2,7000.0,Automatic,first,Petrol,2250000
Mahindra,XUV700,2024,0,1450.0,Automatic,first,Diesel,2727000
Maruti Suzuki,Zen-Estilo,2005,19,85000.0,Automatic,second,Petrol,54000
Mini,3 DOOR,2019,5,39000.0,Automatic,second,Petrol,3900000
Honda,Amaze,2021,3,31986.0,Manual,first,Petrol,675000
Tata,Harrier,2023,1,29000.0,Manual,first,Diesel,1795000
Maruti Suzuki,Zen-Estilo,2005,19,74000.0,Manual,second,Petrol,38000
Hyundai,Elite i20,2015,9,57000.0,Manual,first,Petrol,455000
Mini,Cooper,2018,6,12923.0,Automatic,first,Petrol,3560000
Hyundai,Creta,2020,4,130000.0,Automatic,second,Diesel,1100000
Honda,Amaze,2020,4,25000.0,Manual,first,Petrol,655000
Maruti Suzuki,Estilo,2010,14,0.0,Automatic,second,Petrol,140000
Maruti Suzuki,Swift,2009,15,80282.0,Manual,second,Petrol,275000
Mercedes-Benz,C-Class,2017,7,112000.0,Automatic,first,Diesel,2650000
Hyundai,i10,2009,15,69000.0,Automatic,first,Petrol,230000
Maruti Suzuki,Swift-Dzire,2008,16,83481.0,Manual,second,Petrol,175000
Volkswagen,Polo,2021,3,50000.0,Automatic,second,Petrol,950000
Maruti Suzuki,Baleno,2016,8,63200.0,Automatic,second,Petrol,585000
Hyundai,Grand i10,2018,6,53000.0,Manual,second,Petrol,399000
Hyundai,Getz Prime,2009,15,15.0,Manual,second,Petrol,80000
Kia,Sonet,2023,1,43000.0,Manual,first,Diesel,1090000
BMW,X4,2022,2,9000.0,Automatic,second,Petrol,7200000
Hyundai,i10,2011,13,58000.0,Automatic,first,Petrol,375000
MG,Hector,2021,3,50000.0,Automatic,second,Petrol,1399000
Maruti Suzuki,Ciaz,2019,5,49000.0,Automatic,second,Petrol,695000
Honda,City ZX,2005,19,60000.0,Manual,second,Petrol,90000
Chevrolet,Cruze,2013,11,70000.0,Automatic,first,Diesel,421000
Volkswagen,Polo,2019,5,48000.0,Manual,first,Petrol,650000
Tata,Nexon,2018,6,38000.0,Manual,first,Petrol,595000
Maruti Suzuki,Alto-800,2021,3,19500.0,Manual,second,Petrol,360000
Mahindra,XUV500,2014,10,99000.0,Manual,second,Diesel,510000
Toyota,Innova Crysta,2018,6,74000.0,Automatic,second,Diesel,1850000
Maruti Suzuki,S-Cross,2017,7,113000.0,Manual,second,Diesel,595000
Lexus,LX,2024,0,24000.0,Automatic,first,Diesel,27750000
Hyundai,Tucson,2017,7,90709.0,Automatic,first,Diesel,1325000
Toyota,Innova Crysta,2016,8,99584.0,Automatic,first,Diesel,1890000
Chevrolet,Enjoy,2015,9,92000.0,Manual,second,Diesel,395000
Maruti Suzuki,Grand Vitara,2023,1,20000.0,Automatic,first,Petrol,1795000
Maruti Suzuki,Swift,2019,5,80000.0,Manual,first,Diesel,775000
Ford,Figo,2013,11,64000.0,Manual,first,Diesel,239000
Hyundai,Venue,2015,9,78000.0,Manual,first,Diesel,585000
Audi,Q5,2010,14,98000.0,Automatic,second,Diesel,1075000
Kia,Seltos,2022,2,18000.0,Automatic,first,Petrol,1495000
BMW,X3,2012,12,86000.0,Automatic,second,Diesel,1125000
Honda,Mobilio,2015,9,51000.0,Manual,second,Petrol,485000
Fiat,Punto EVO,2015,9,86000.0,Manual,second,Diesel,250000
BMW,3 Series GT,2017,7,100000.0,Automatic,first,Diesel,1840000
Mahindra,Bolero Neo Plus,2015,9,65137.5,Automatic,first,Diesel,450000
Mahindra,Scorpio N,2023,1,12000.0,Automatic,first,Diesel,2400000
Maruti Suzuki,Vitara-Brezza,2018,6,67000.0,Manual,first,Diesel,600000
Hyundai,Alcazar,2022,2,33000.0,Automatic,first,Diesel,1899000
Mahindra,XUV500,2015,9,71000.0,Manual,second,Diesel,735000
Hyundai,Grand i10,2017,7,47600.0,Automatic,first,Petrol,499000
Hyundai,Verna,2002,22,160000.0,Manual,first,Diesel,385000
Audi,A3,2015,9,95000.0,Automatic,first,Diesel,1395000
Maruti Suzuki,Brezza,2022,2,33000.0,Automatic,first,Petrol,890000
Hyundai,Creta,2018,6,70000.0,Manual,first,Diesel,965000
Tata,Hexa,2017,7,57000.0,Automatic,first,Diesel,885000
Hyundai,Creta,2019,5,36588.0,Automatic,first,Diesel,1000000
Hyundai,Verna,2021,3,46000.0,Automatic,first,Petrol,1200000
BMW,3 Series,2014,10,90000.0,Automatic,second,Diesel,1260000
Maruti Suzuki,Swift,2013,11,54268.0,Manual,first,Petrol,275621
BMW,X1,2011,13,110000.0,Automatic,second,Diesel,750000
Hyundai,Creta,2018,6,57000.0,Automatic,first,Diesel,1125000
Hyundai,Creta,2021,3,25000.0,Manual,first,Petrol,1295000
Mahindra,TUV,2018,6,83725.0,Automatic,second,Diesel,675000
Toyota,Etios,2018,6,95000.0,Manual,second,Diesel,545000
Renault,KWID,2017,7,33000.0,Automatic,second,Petrol,375000
Isuzu,D-Max V-Cross,2018,6,96000.0,Manual,second,Diesel,1550000
Honda,Civic,2006,18,98000.0,Automatic,second,Petrol,225000
Maruti Suzuki,Alto-800,2016,8,101500.0,Manual,second,Petrol,245000
Volkswagen,VentoTest,2017,7,76654.0,Automatic,first,Petrol,775000
Maruti Suzuki,Swift-Dzire,2012,12,69000.0,Manual,second,Petrol,315000
MG,Hector,2019,5,16000.0,Automatic,second,Petrol,1250000
Hyundai,Creta,2019,5,38000.0,Automatic,second,Petrol,950000
Maruti Suzuki,Vitara-Brezza,2018,6,53200.0,Automatic,first,Diesel,890000
Audi,A3,2015,9,52500.0,Automatic,first,Petrol,1550000
Maruti Suzuki,Vitara-Brezza,2019,5,76000.0,Automatic,first,Diesel,735000
Hyundai,Creta,2020,4,54000.0,Manual,first,Petrol,1090000
Jaguar,XF,2013,11,35000.0,Automatic,second,Diesel,1745000
Nissan,Terrano,2017,7,95000.0,Manual,second,Petrol,500000
Hyundai,Tucson,2021,3,29168.0,Automatic,first,Diesel,2600000
Tata,Zest,2019,5,140000.0,Manual,first,Diesel,490000
Maruti Suzuki,Baleno,2019,5,21000.0,Manual,first,Petrol,675000
Hyundai,i10,2013,11,56000.0,Manual,second,Petrol,185000
Hyundai,Creta,2022,2,33000.0,Automatic,first,Diesel,1835000
Hyundai,Fluidic Verna,2016,8,84100.0,Manual,second,Petrol,645000
Maruti Suzuki,Ritz,2014,10,98000.0,Manual,first,Diesel,445000
Honda,City,2017,7,73000.0,Automatic,first,Petrol,590000
Hyundai,Creta,2015,9,118000.0,Manual,second,Diesel,875000
Mercedes-Benz,C-Class,2018,6,43000.0,Automatic,second,Diesel,2350000
Hyundai,Fluidic Verna,2020,4,76500.0,Manual,first,Petrol,1075000
Maruti Suzuki,Alto-800,2020,4,105000.0,Manual,second,Petrol,310000
Maruti Suzuki,Alto,2010,14,82000.0,Manual,second,Petrol,135000
Maruti Suzuki,maruti-suzuki-dzire,2013,11,43000.0,Manual,first,Petrol,390000
Toyota,Innova,2011,13,49000.0,Manual,first,Diesel,424000
Honda,City,2017,7,81000.0,Automatic,first,Petrol,699000
Volkswagen,Vento,2017,7,85000.0,Automatic,first,Diesel,750000
Mercedes-Benz,G-Class,2017,7,45000.0,Automatic,second,Petrol,14500000
Renault,Duster,2018,6,83000.0,Automatic,second,Diesel,940000
Hyundai,Verna,2019,5,87000.0,Manual,first,Diesel,1050000
Hyundai,Creta,2023,1,34000.0,Automatic,first,Diesel,1950000
Maruti Suzuki,Ertiga,2016,8,70000.0,Manual,first,Diesel,751000
Honda,City,2016,8,40000.0,Manual,first,Petrol,625000
Hyundai,Alcazar,2021,3,100000.0,Automatic,first,Diesel,1450000
Mercedes-Benz,E-Class,2015,9,85000.0,Automatic,first,Petrol,1395000
Volkswagen,Tiguan,2017,7,110000.0,Automatic,first,Diesel,1495000
Mahindra,XUV 300,2021,3,18000.0,Automatic,first,Petrol,990000
Mahindra,XUV500,2016,8,99344.0,Manual,second,Diesel,570000
Tata,Safari,2022,2,65000.0,Automatic,first,Diesel,2090000
Maruti Suzuki,Swift-Dzire,2013,11,73500.0,Manual,second,Petrol,370000
Maruti Suzuki,Ciaz,2017,7,75000.0,Automatic,second,Petrol,675000
Tata,Hexa,2017,7,81000.0,Automatic,first,Diesel,790000
Maruti Suzuki,Omni,2015,9,45100.0,Manual,first,Petrol,157000
Tata,Safari,2021,3,54000.0,Automatic,first,Diesel,1495000
Hyundai,Creta,2018,6,54000.0,Manual,second,Petrol,895000
Volkswagen,Polo GTI,2013,11,61000.0,Automatic,first,Petrol,410000
Hyundai,Grand i10,2019,5,51000.0,Manual,first,Petrol,521000
MG,Hector,2020,4,65000.0,Manual,second,Petrol,1125000
Skoda,Rapid,2017,7,49600.0,Manual,first,Petrol,665000
Hyundai,Verna,2022,2,50000.0,Manual,first,Diesel,1200000
Mahindra,Thar,2022,2,39000.0,Manual,first,Diesel,1450000
Toyota,Fortuner,2010,14,279000.0,Manual,first,Diesel,1249000
Renault,Duster,2015,9,76000.0,Manual,second,Petrol,425000
Skoda,Rapid,2015,9,71000.0,Automatic,second,Petrol,395000
Audi,A6,2017,7,29500.0,Automatic,second,Diesel,2150000
Honda,Jazz,2016,8,63210.0,Manual,first,Petrol,421000
Kia,Seltos,2021,3,35000.0,Automatic,first,Diesel,1735000
Honda,Civic,2011,13,82000.0,Manual,first,Petrol,230000
Chevrolet,Optra,2009,15,97000.0,Manual,second,Petrol,250000
Maruti Suzuki, Wagon R,2017,7,41000.0,Automatic,first,Petrol,465000
Mini,Cooper Countryman,2019,5,31900.0,Automatic,second,Petrol,2650000
Kia,Seltos,2019,5,22000.0,Automatic,second,Petrol,1195000
BMW,X3,2017,7,104000.0,Automatic,second,Diesel,2200000
Mahindra,Bolero,2018,6,85000.0,Manual,second,Diesel,625000
Mahindra,XUV700,2023,1,5000.0,Automatic,first,Diesel,2950000
Mercedes-Benz,GLE,2023,1,30000.0,Automatic,first,Diesel,9700000
Hyundai,Creta,2019,5,50000.0,Manual,first,Petrol,975000
Honda,Brio,2015,9,65000.0,Manual,first,Petrol,375000
Maruti Suzuki,Ritz,2014,10,9000.0,Manual,second,Diesel,320000
Audi,Q5,2012,12,76532.0,Automatic,second,Diesel,950000
Maruti Suzuki,Ritz,2012,12,62000.0,Manual,first,Diesel,369000
Mahindra,Bolero Power Plus,2018,6,20.0,Automatic,second,Diesel,670000
BMW,3 Series,2010,14,65000.0,Automatic,first,Diesel,489000
Renault,Triber,2022,2,39000.0,Automatic,first,Diesel,750000
Ford,Endeavour,2018,6,93000.0,Automatic,first,Diesel,2199000
Hyundai,Creta,2017,7,67000.0,Automatic,first,Petrol,790000
BMW,3 Series,2013,11,57000.0,Automatic,first,Diesel,1200000
Maruti Suzuki,Celerio,2016,8,94000.0,Automatic,second,Petrol,305000
BMW,X3,2016,8,92000.0,Automatic,second,Diesel,3000000
Maruti Suzuki,Celerio,2015,9,71000.0,Manual,second,Diesel,375000
Hyundai,Tucson,2017,7,72431.0,Automatic,second,Diesel,1049000
Mahindra,Scorpio,2012,12,95000.0,Manual,first,Diesel,545000
Toyota,Fortuner,2023,1,19000.0,Automatic,first,Diesel,3950000
Maruti Suzuki,Celerio,2015,9,80000.0,Manual,second,Petrol,430000
Mercedes-Benz,GL-Class,2012,12,95000.0,Automatic,second,Diesel,1449000
Toyota,Innova Crysta,2016,8,94100.0,Manual,first,Diesel,1835000
Ford,Endeavour,2020,4,90000.0,Automatic,first,Diesel,3150000
Toyota,Fortuner,2015,9,125000.0,Automatic,first,Diesel,1125000
Hyundai,Creta,2017,7,77000.0,Manual,first,Petrol,770000
Mercedes-Benz,GLC Class,2017,7,65000.0,Automatic,second,Diesel,2785000
Tata,Harrier,2024,0,4200.0,Automatic,first,Diesel,2125000
Ford,Fiesta Classic,2011,13,135000.0,Manual,second,Diesel,225000
Hyundai,Verna,2008,16,71000.0,Manual,second,Petrol,250000
Tata,Harrier,2022,2,20000.0,Automatic,first,Diesel,2150000
Mercedes-Benz,GLA Class,2017,7,32600.0,Automatic,second,Petrol,1750000
Mahindra,Scorpio,2020,4,48100.0,Manual,first,Diesel,1250000
Honda,City,2013,11,107565.0,Manual,second,Petrol,425000
Toyota,Fortuner,2019,5,55000.0,Automatic,second,Diesel,3475000
Tata,Nexon,2019,5,74576.0,Manual,first,Diesel,640000
Maruti Suzuki,Ciaz,2014,10,75000.0,Manual,first,Petrol,475000
Maruti Suzuki,Baleno,2020,4,45124.0,Manual,first,Petrol,650000
Hyundai,Elite i20,2018,6,78000.0,Manual,second,Diesel,625000
Toyota,Etios,2011,13,65321.0,Manual,second,Diesel,219101
Isuzu,MUX,2019,5,185000.0,Automatic,first,Diesel,1535000
Honda,Jazz,2016,8,46000.0,Automatic,second,Petrol,450000
Maruti Suzuki,Alto,2012,12,63000.0,Manual,first,Petrol,199000
Maruti Suzuki,Ritz,2014,10,65000.0,Manual,second,Petrol,275000
Maruti Suzuki,Ignis,2017,7,88000.0,Manual,second,Petrol,410000
Audi,A4,2015,9,85000.0,Automatic,second,Diesel,610000
Honda,City,2015,9,71000.0,Manual,second,Petrol,498000
Maruti Suzuki,Swift,2018,6,65000.0,Manual,first,Diesel,650000
Mahindra,XUV500,2016,8,81000.0,Manual,first,Diesel,690000
BMW,7 Series,2009,15,40000.0,Automatic,first,Petrol,1000000
Kia,Seltos,2020,4,70000.0,Automatic,first,Diesel,1550000
Mercedes-Benz,V-Class,2019,5,75000.0,Automatic,first,Diesel,5475000
Tata,Safari Storme,2017,7,96000.0,Manual,second,Diesel,675000
Toyota,Fortuner,2015,9,150000.0,Automatic,second,Diesel,1450000
Honda,City,2018,6,82000.0,Manual,second,Petrol,650000
Maruti Suzuki,Swift,2017,7,129000.0,Manual,first,Diesel,539000
Toyota,Fortuner,2023,1,19500.0,Automatic,second,Diesel,4370000
Maruti Suzuki,Alto-K10,2012,12,100000.0,Manual,second,Petrol,200000
Volkswagen,VentoTest,2015,9,104771.0,Automatic,second,Diesel,450000
Tata,Indica Ev2,2012,12,190000.0,Manual,first,Diesel,85000
Tata,Tigor,2017,7,49000.0,Automatic,second,Petrol,430000
Honda,City,2017,7,70000.0,Manual,second,Petrol,685000
Kia,Seltos,2021,3,35213.0,Automatic,first,Petrol,1095000
Mercedes-Benz,E-Class,2012,12,59695.0,Automatic,second,Diesel,1545000
Maruti Suzuki,Swift-Dzire,2014,10,23.0,Automatic,second,Diesel,375000
Hyundai,Grand i10,2016,8,45000.0,Manual,second,Petrol,330000
Tata,Nexon,2020,4,30000.0,Manual,first,Petrol,775000
Tata,Nexon,2019,5,31000.0,Manual,first,Petrol,600000
Hyundai,Creta,2020,4,55000.0,Automatic,second,Petrol,1325000
Maruti Suzuki,Ertiga,2023,1,8500.0,Automatic,first,Petrol,1051000
Tata,Safari,2013,11,87312.0,Manual,first,Diesel,349444
Maruti Suzuki,Baleno,2018,6,72000.0,Automatic,second,Petrol,530000
Toyota,Fortuner,2010,14,126000.0,Manual,first,Diesel,570000
Audi,A4,2013,11,55000.0,Automatic,second,Diesel,785000
Toyota,Etios Liva,2016,8,148000.0,Manual,first,Diesel,549000
Toyota,2.8 Legender 4X2,2015,9,175300.0,Automatic,second,Diesel,1000000
Volkswagen,CrossPolo,2014,10,104600.0,Manual,second,Diesel,449000
Maruti Suzuki,Vitara-Brezza,2019,5,35000.0,Automatic,second,Diesel,680000
MG,Hector Plus,2023,1,27002.0,Automatic,first,Petrol,2100002
Mercedes-Benz,GL-Class,2014,10,94500.0,Automatic,second,Diesel,2150000
Jaguar,XF,2019,5,15000.0,Automatic,second,Diesel,2995000
Maruti Suzuki,Swift,2016,8,1.0,Manual,first,Petrol,510000
Maruti Suzuki,Baleno,2016,8,90000.0,Manual,second,Diesel,500000
Maruti Suzuki,Swift-Dzire,2017,7,42000.0,Manual,second,Petrol,490000
Hyundai,Santro Xing,2009,15,36200.0,Manual,first,Petrol,91500
Toyota,Innova Crysta,2018,6,98000.0,Automatic,second,Diesel,1650000
Toyota,Innova Crysta,2022,2,21000.0,Automatic,first,Diesel,2590000
BMW,X1,2017,7,39000.0,Automatic,second,Diesel,2399999
BMW,X3,2012,12,75000.0,Automatic,second,Diesel,1975000
Kia,Seltos,2020,4,34000.0,Manual,first,Diesel,1075000
Maruti Suzuki,Wagon-R,2009,15,18000.0,Manual,second,Petrol,135000
Toyota,Innova Crysta,2020,4,33000.0,Manual,second,Diesel,1250000
Tata,Harrier,2021,3,29336.0,Manual,first,Diesel,2185000
Mahindra,Bolero Neo,2023,1,65137.5,Manual,first,Diesel,1000000
Honda,Jazz,2011,13,90000.0,Manual,second,Petrol,199000
Maruti Suzuki,Swift-Dzire,2014,10,53000.0,Manual,first,Diesel,285000
Maruti Suzuki,Swift-Dzire,2017,7,155000.0,Manual,second,Diesel,550000
Tata,Harrier,2022,2,48000.0,Automatic,first,Diesel,2099999
Skoda,Kushaq,2024,0,13000.0,Automatic,first,Petrol,1475000
Maruti Suzuki,Celerio-X,2018,6,67452.0,Automatic,first,Petrol,385000
Mini,Cooper S,2017,7,22000.0,Automatic,second,Petrol,2850000
Maruti Suzuki,Ertiga,2016,8,145000.0,Automatic,second,Diesel,650000
BMW,X7,2022,2,29000.0,Automatic,first,Diesel,10700000
Tata,Manza,2011,13,150000.0,Manual,first,Diesel,149000
Kia,Seltos,2019,5,54500.0,Automatic,first,Diesel,1590000
BMW,5 Series,2018,6,30000.0,Automatic,first,Diesel,3950000
Volkswagen,Polo,2013,11,75000.0,Automatic,second,Petrol,470000
Honda,Amaze,2019,5,45000.0,Automatic,first,Petrol,649999
Jeep,Compass,2021,3,78000.0,Automatic,first,Diesel,1550000
Toyota,Innova,2012,12,144600.0,Manual,second,Diesel,650000
Toyota,Innova,2015,9,189000.0,Manual,second,Diesel,920000
Audi,A6,2017,7,58000.0,Automatic,first,Petrol,2750000
Mahindra,Bolero Power Plus,2013,11,174000.0,Automatic,first,Diesel,325000
Skoda,Rapid,2013,11,65000.0,Automatic,second,Petrol,315000
Toyota,Land Cruiser,2023,1,15000.0,Automatic,first,Diesel,24700000
Toyota,Corolla,2014,10,65000.0,Manual,first,Petrol,160000
Maruti Suzuki,Alto-800,2018,6,22000.0,Manual,first,Petrol,290000
Hyundai,Verna,2013,11,72000.0,Automatic,second,Diesel,485000
Volkswagen,VentoTest,2018,6,126000.0,Manual,first,Diesel,570000
Hyundai,Verna,2015,9,125350.0,Manual,second,Diesel,650000
Renault,Duster,2020,4,23000.0,Automatic,first,Petrol,599000
Honda,City,2017,7,120000.0,Manual,second,Diesel,690000
Audi,Q5,2014,10,50000.0,Automatic,second,Diesel,2150000
Maruti Suzuki,Ignis,2018,6,31000.0,Manual,first,Petrol,419000
Tata,Indica,2014,10,65137.5,Manual,first,Diesel,250000
Toyota,Fortuner,2015,9,154000.0,Automatic,second,Diesel,1875000
Maruti Suzuki,Swift,2020,4,45000.0,Manual,first,Petrol,525000
Nissan,MICRA PRIMO,2019,5,56000.0,Manual,second,Petrol,450000
Toyota,Fortuner,2014,10,86000.0,Automatic,second,Diesel,1325000
Hyundai,Verna,2016,8,49000.0,Manual,second,Diesel,495000
Hyundai,Verna,2020,4,58000.0,Manual,second,Petrol,950000
Maruti Suzuki,maruti-suzuki-dzire,2017,7,87000.0,Manual,first,Petrol,460000
Mahindra,XUV500,2013,11,49200.0,Manual,first,Diesel,550000
BMW,X5,2021,3,21000.0,Automatic,first,Petrol,8050000
Toyota,Camry,2023,1,10000.0,Automatic,first,Petrol,4450000
Toyota,Innova,2006,18,170000.0,Manual,second,Diesel,270000
Renault,Duster,2016,8,63000.0,Manual,second,Diesel,415000
Mercedes-Benz,GLA Class,2017,7,32600.0,Automatic,second,Petrol,1750000
Maruti Suzuki,Ritz,2015,9,31000.0,Manual,second,Petrol,465000
Maruti Suzuki,Ignis,2018,6,90000.0,Automatic,first,Diesel,565000
Maruti Suzuki,Vitara-Brezza,2017,7,42000.0,Manual,first,Diesel,849999
Tata,Indigo Cs,2012,12,100000.0,Manual,second,Diesel,125000
Chevrolet,Tavera,2008,16,230000.0,Manual,second,Diesel,225000
Honda,WRV,2021,3,72000.0,Manual,first,Diesel,725000
BMW,X1,2012,12,70000.0,Automatic,first,Diesel,1100000
Maruti Suzuki,Wagon-R,2012,12,152643.0,Manual,first,Petrol,175000
Maruti Suzuki,Wagon-R,2007,17,75000.0,Manual,second,Petrol,165000
Maruti Suzuki,Swift-Dzire,2010,14,78000.0,Manual,second,Petrol,190000
Hyundai,i20,2016,8,95000.0,Manual,second,Diesel,490000
Maruti Suzuki,Swift,2023,1,11000.0,Automatic,first,Petrol,815000
Maruti Suzuki,S-Cross1,2021,3,35000.0,Manual,first,Petrol,750000
Hyundai,Santa Fe,2014,10,61000.0,Automatic,first,Diesel,499000
Volvo,S60 Cross Country,2018,6,85000.0,Automatic,second,Diesel,2200000
Ford,Ecosport,2018,6,32000.0,Manual,first,Diesel,865000
Skoda,Slavia,2022,2,40400.0,Automatic,first,Petrol,1451000
Maruti Suzuki,Swift,2015,9,115000.0,Manual,second,Diesel,465000
Tata,Punch ,2022,2,7200.0,Manual,first,Petrol,6500000
Maruti Suzuki,1000,2020,4,49000.0,Manual,second,Diesel,390000
Hyundai,Elite i20,2017,7,71000.0,Manual,second,Petrol,499000
BMW,3 Series,2012,12,69000.0,Automatic,second,Diesel,649000
Honda,City,2011,13,110000.0,Manual,first,Petrol,320000
Jaguar,XJ,2015,9,92000.0,Automatic,second,Diesel,1450000
Skoda,Kushaq,2022,2,39500.0,Automatic,first,Petrol,1290000
Mercedes-Benz,S-Class,2016,8,58933.0,Automatic,second,Petrol,8999999
Hyundai,i10,2013,11,99000.0,Manual,second,Petrol,255000
Maruti Suzuki,Alto K10,2018,6,10500.0,Automatic,second,Petrol,375000
Tata,Nexon,2019,5,120000.0,Manual,first,Diesel,640000
Mini,Cooper Countryman,2015,9,72000.0,Automatic,second,Petrol,1475000
Maruti Suzuki,Fronx,2023,1,13000.0,Automatic,first,Petrol,920000
Mahindra,Thar,2021,3,45000.0,Manual,first,Petrol,1370000
Toyota,Fortuner,2014,10,168000.0,Automatic,first,Diesel,1340000
Hyundai,i20,2018,6,53000.0,Manual,second,Petrol,499000
Maruti Suzuki,Celerio,2017,7,44000.0,Automatic,second,Petrol,425000
Mercedes-Benz,C-Class,2013,11,89000.0,Automatic,second,Diesel,899000
Audi,Q7,2012,12,87000.0,Automatic,second,Diesel,1050000
Maruti Suzuki,S-Cross1,2018,6,27800.0,Automatic,first,Diesel,849000
Maruti Suzuki,maruti-suzuki-dzire,2017,7,62000.0,Automatic,first,Petrol,535000
Honda,City ZX,2004,20,160000.0,Manual,second,Petrol,124000
Maruti Suzuki,Vitara-Brezza,2016,8,93000.0,Manual,first,Diesel,685000
Honda,City,2021,3,37000.0,Automatic,first,Petrol,1150000
Hyundai,i10,2013,11,51000.0,Manual,second,Petrol,250000
Maruti Suzuki,Alto-K10,2014,10,98000.0,Manual,second,Petrol,245000
MG,Hector,2020,4,65000.0,Automatic,first,Petrol,1375000
Tata,Hexa,2018,6,112000.0,Manual,second,Diesel,799000
Hyundai,Creta,2017,7,53000.0,Automatic,first,Diesel,850000
Skoda,Rapid,2016,8,120000.0,Automatic,first,Diesel,590000
Hyundai,Creta,2017,7,69000.0,Automatic,second,Petrol,785000
Maruti Suzuki,Wagon-R,2016,8,79000.0,Manual,first,Petrol,380000
Maruti Suzuki,Ertiga,2016,8,63000.0,Manual,second,Diesel,675000
Mercedes-Benz,C-Class,2015,9,68000.0,Automatic,second,Petrol,1699000
BMW,3 Series GT,2016,8,75000.0,Automatic,second,Diesel,1795000
Toyota,Urban Cruiser,2021,3,9110.0,Automatic,first,Petrol,895000
MG,ASTOR,2023,1,24000.0,Automatic,first,Petrol,1640000
Kia,Seltos,2019,5,71000.0,Manual,first,Diesel,1215000
Hyundai,Creta,2021,3,41000.0,Manual,first,Petrol,1050000
Maruti Suzuki,Grand Vitara,2023,1,35000.0,Manual,first,Petrol,1275000
Maruti Suzuki,Baleno,2021,3,38000.0,Manual,first,Petrol,750000
Volkswagen,Polo,2017,7,60000.0,Manual,first,Petrol,665000
Kia,Seltos,2020,4,16000.0,Automatic,first,Petrol,1385000
Tata,Nexon,2018,6,62000.0,Automatic,second,Petrol,675000
Maruti Suzuki,Swift-Dzire,2015,9,74000.0,Manual,second,Diesel,390000
Maruti Suzuki,Baleno,2022,2,41000.0,Manual,first,Petrol,640000
Honda,Mobilio,2014,10,48000.0,Manual,second,Petrol,470000
Maruti Suzuki,Baleno,2018,6,110000.0,Manual,first,Petrol,585000
MG,Hector,2020,4,40000.0,Automatic,first,Petrol,1321111
Mercedes-Benz,E-Class,2019,5,21000.0,Automatic,first,Diesel,3600000
Hyundai,Creta,2015,9,75000.0,Automatic,second,Diesel,595000
Maruti Suzuki,Swift,2023,1,3.0,Manual,first,Petrol,760000
Mercedes-Benz,GLC,2020,4,69000.0,Automatic,first,Diesel,3900000
Hyundai,Elantra,2019,5,62000.0,Manual,second,Diesel,910000
Audi,A6,2023,1,11000.0,Automatic,first,Petrol,5100000
Hyundai,i10,2007,17,82000.0,Manual,second,Petrol,150000
Chevrolet,Beat,2013,11,112000.0,Manual,first,Diesel,185000
Hyundai,Verna,2019,5,55000.0,Manual,first,Petrol,850000
Hyundai,Creta,2023,1,11000.0,Manual,first,Petrol,1340000
Mahindra,XUV500,2015,9,68000.0,Manual,first,Diesel,745000
Hyundai,New i20,2024,0,3500.0,Manual,first,Petrol,820000
Kia,Seltos,2020,4,68000.0,Manual,first,Diesel,1040000
Hyundai,Venue,2019,5,42000.0,Manual,first,Diesel,900000
Maruti Suzuki,Wagon-R,2019,5,52468.0,Manual,first,Petrol,435000
Volkswagen,Virtus,2022,2,14000.0,Automatic,first,Petrol,1740000
Land Rover,Range Rover Evoque,2018,6,73182.0,Automatic,first,Diesel,3750000
Hyundai,Santro,2002,22,150000.0,Manual,second,Petrol,110000
Maruti Suzuki,Alto,2007,17,22.0,Manual,second,Petrol,75000
Hyundai,i10,2009,15,112000.0,Manual,second,Petrol,150000
Hyundai,Elantra,2017,7,16000.0,Automatic,second,Petrol,1050000
Hyundai,Fluidic Verna,2012,12,85000.0,Manual,second,Petrol,290000
Maruti Suzuki,Swift,2016,8,60000.0,Manual,first,Petrol,359000
Toyota,Etios Liva,2017,7,45669.0,Manual,second,Petrol,590000
Chevrolet,Cruze,2011,13,62000.0,Manual,first,Diesel,195000
Tata,Nexon,2019,5,39000.0,Manual,first,Diesel,675000
Kia,Seltos,2023,1,12000.0,Automatic,first,Petrol,1625000
Honda,Amaze,2017,7,110000.0,Manual,second,Petrol,420000
Maruti Suzuki,Wagon-R,2014,10,80000.0,Manual,first,Petrol,310000
Toyota,Innova,2011,13,125000.0,Manual,second,Diesel,650000
Toyota,Innova,2012,12,250000.0,Manual,second,Diesel,775000
Toyota,Innova Crysta,2016,8,110000.0,Automatic,second,Diesel,1560000
Kia,Sonet,2021,3,34000.0,Automatic,first,Diesel,1295000
Volvo,S60,2012,12,84000.0,Automatic,first,Diesel,760000
MG,Hector,2021,3,24745.0,Automatic,second,Petrol,1430000
MG,Hector,2020,4,47000.0,Automatic,first,Petrol,1350000
Toyota,Innova,2014,10,250000.0,Manual,second,Diesel,1080000
Hyundai,Creta,2017,7,86000.0,Manual,second,Diesel,650000
Porsche,Cayenne,2016,8,80400.0,Automatic,second,Diesel,3975000
Tata,Safari Storme,2017,7,75000.0,Manual,first,Diesel,670000
Audi,Q7,2012,12,75000.0,Automatic,first,Diesel,1175000
Maruti Suzuki,Swift-Dzire,2017,7,78000.0,Manual,first,Diesel,750000
Toyota,Fortuner,2023,1,40000.0,Automatic,first,Diesel,4250000
Land Rover,Range Rover Sport,2015,9,64000.0,Automatic,second,Diesel,6600000
Hyundai,Verna,2019,5,79146.0,Automatic,second,Petrol,965000
Honda,CRV,2015,9,175000.0,Automatic,second,Petrol,850000
Maruti Suzuki,Ertiga,2019,5,47110.0,Manual,second,Petrol,769000
Maruti Suzuki,Swift,2018,6,29000.0,Automatic,first,Petrol,549000
Maruti Suzuki,Wagon-R,2018,6,18052.0,Manual,second,Petrol,371000
Porsche,Macan,2021,3,39000.0,Automatic,second,Petrol,6875000
Hyundai,Grand i10,2015,9,89000.0,Manual,second,Diesel,300000
Maruti Suzuki,Wagon-R,2020,4,26600.0,Automatic,first,Petrol,550000
Maruti Suzuki,Swift-Dzire,2016,8,83316.0,Manual,second,Diesel,535000
Maruti Suzuki,Omni,2009,15,95000.0,Manual,second,Petrol,135000
BMW,X1,2012,12,134000.0,Automatic,second,Diesel,749000
Honda,City,2009,15,94000.0,Automatic,first,Petrol,235000
Honda,City ZX,2004,20,120000.0,Automatic,second,Petrol,230000
Tata,Indigo Ecs,2013,11,93000.0,Manual,second,Diesel,140000
Mahindra,XUV500,2017,7,27000.0,Manual,first,Diesel,1350000
Mahindra,Scorpio,2020,4,34000.0,Manual,first,Diesel,1399000
Mercedes-Benz,C-Class,2016,8,66000.0,Automatic,second,Diesel,1900000
Mercedes-Benz,S-Class,2013,11,49000.0,Automatic,second,Petrol,1950000
Hyundai,Elite i20,2020,4,40000.0,Manual,second,Petrol,550000
Mercedes-Benz,C-Class,2012,12,76294.0,Automatic,first,Petrol,1180000
Mercedes-Benz,E-Class,2010,14,85000.0,Automatic,second,Petrol,599000
Hyundai,Creta,2021,3,38000.0,Manual,first,Diesel,1249000
Mahindra,Bolero,2022,2,56800.0,Manual,first,Diesel,838000
Kia,Seltos,2021,3,95000.0,Manual,second,Diesel,1350000
Mahindra,Verito,2011,13,180000.0,Manual,second,Diesel,199000
Maruti Suzuki,Zen-Estilo,2003,21,100000.0,Manual,second,Petrol,100000
Volkswagen,Ameo,2019,5,105000.0,Manual,second,Diesel,525000
Mahindra,KUV 100,2016,8,90000.0,Manual,second,Petrol,380000
Toyota,Innova Crysta,2019,5,57000.0,Automatic,first,Diesel,1580000
Mercedes-Benz,M-Class,2012,12,125000.0,Automatic,second,Diesel,915000
Jaguar,XF,2013,11,50000.0,Automatic,second,Diesel,1150000
Jeep,Compass,2022,2,21000.0,Automatic,first,Diesel,2525111
Tata,Nexon,2022,2,20000.0,Automatic,second,Diesel,1000000
Ford,Ecosport,2018,6,75000.0,Automatic,first,Petrol,640000
Hyundai,Creta,2017,7,160000.0,Automatic,second,Petrol,799000
Ford,Ecosport,2020,4,94000.0,Manual,first,Diesel,1049000
Honda,City ZX,2012,12,62000.0,Manual,second,Petrol,320000
Toyota,Fortuner,2022,2,27000.0,Automatic,first,Diesel,4400000
Hyundai,Creta,2018,6,82000.0,Automatic,first,Diesel,795000
Tata,Nexon,2019,5,34000.0,Automatic,first,Petrol,875000
Honda,Brio,2014,10,68569.0,Automatic,first,Petrol,325000
Toyota,Fortuner,2015,9,248000.0,Automatic,first,Diesel,1050000
Toyota,Innova,2012,12,250000.0,Manual,second,Diesel,799999
Mahindra,Scorpio,2015,9,88000.0,Manual,second,Diesel,1150000
Hyundai,Elantra,2018,6,90000.0,Manual,second,Diesel,900000
Maruti Suzuki,Swift-Dzire,2015,9,63000.0,Manual,first,Diesel,435000
Honda,WR-V,2018,6,43258.0,Manual,first,Diesel,751000
Mercedes-Benz,C-Class,2014,10,96000.0,Automatic,second,Diesel,850000
Maruti Suzuki,Zen-Estilo,2010,14,86000.0,Manual,second,Petrol,125000
Renault,Duster,2020,4,23000.0,Automatic,first,Petrol,599000
Mahindra,XUV500,2019,5,120000.0,Manual,first,Diesel,995000
Tata,Safari Storme,2015,9,82000.0,Manual,first,Diesel,499000
Hyundai,Verna,2010,14,80000.0,Manual,second,Diesel,199000
Tata,Nexon,2020,4,775000.0,Manual,first,Diesel,895000
Skoda,Laura,2011,13,153226.0,Automatic,second,Diesel,400000
Hyundai,New i20,2023,1,46000.0,Manual,first,Petrol,725000
Maruti Suzuki,800,1997,27,28000.0,Manual,first,Petrol,60000
Kia,Seltos,2022,2,79000.0,Automatic,second,Diesel,1650000
Land Rover,Range Rover Velar,2021,3,32422.0,Automatic,second,Petrol,7499999
Maruti Suzuki,Alto-800,2016,8,26000.0,Manual,second,Petrol,275000
BMW,X1,2020,4,29600.0,Automatic,first,Petrol,3345000
Maruti Suzuki,Alto-800,2008,16,88000.0,Manual,second,Petrol,160000
Tata,Tiago,2017,7,80000.0,Manual,second,Petrol,325000
Toyota,Innova Crysta,2017,7,177000.0,Manual,first,Diesel,1445000
Maruti Suzuki,Swift,2020,4,46000.0,Manual,first,Petrol,655000
Renault,Duster,2019,5,58000.0,Manual,first,Diesel,650000
Maruti Suzuki,Wagon-R,2014,10,62000.0,Manual,second,Diesel,250000
Honda,WRV,2019,5,120000.0,Manual,second,Diesel,725000
Mercedes-Benz,GL-Class,2013,11,92203.0,Automatic,second,Diesel,2751000
Volkswagen,Jetta,2012,12,88049.0,Manual,second,Diesel,599999
Renault,KWID,2015,9,63000.0,Manual,second,Petrol,199999
Toyota,Innova,2013,11,180000.0,Manual,second,Diesel,875000
Mahindra,XUV500,2016,8,96000.0,Manual,first,Diesel,750000
Tata,Nano,2010,14,50000.0,Manual,second,Petrol,49000
Mitsubishi,Pajero Sport,2012,12,90000.0,Manual,second,Diesel,799999
Hyundai,Santro Xing,2007,17,65137.5,Manual,second,Petrol,148000
Volkswagen,Polo,2015,9,75000.0,Manual,second,Diesel,585000
Maruti Suzuki,Wagon-R-1-0,2007,17,202000.0,Manual,second,Petrol,150000
Mahindra,Thar,2021,3,20000.0,Manual,first,Diesel,1199000
Maruti Suzuki,A-Star,2011,13,50600.0,Automatic,second,Petrol,290000
BMW,X1,2017,7,65000.0,Automatic,second,Diesel,1450000
Mahindra,XUV500,2012,12,75000.0,Manual,second,Diesel,450000
Renault,KWID,2017,7,42193.0,Automatic,second,Petrol,390000
Volkswagen,Polo,2016,8,68500.0,Automatic,second,Petrol,651000
Hyundai,Xcent,2019,5,57000.0,Manual,first,Petrol,490000
Mahindra,Scorpio N,2016,8,55000.0,Automatic,first,Diesel,695000
Mahindra,Bolero,2009,15,83000.0,Manual,second,Diesel,355000
Land Rover,Freelander 2,2015,9,110000.0,Automatic,second,Diesel,1599000
Mahindra,XUV500,2012,12,85800.0,Manual,first,Diesel,460000
Hyundai,i10,2013,11,60000.0,Automatic,first,Petrol,375000
Toyota,Innova,2014,10,209000.0,Manual,second,Diesel,1125000
Tata,Hexa,2019,5,136927.0,Automatic,second,Diesel,1090000
Honda,Jazz,2016,8,61000.0,Automatic,second,Petrol,450000
Maruti Suzuki,Ignis,2018,6,52000.0,Automatic,first,Petrol,480000
Jeep,Compass,2018,6,70000.0,Automatic,second,Petrol,1150000
Mahindra,XUV500,2014,10,86000.0,Manual,first,Diesel,825000
Toyota,Innova Crysta,2017,7,108277.0,Automatic,first,Diesel,1845000
Maruti Suzuki,XL6,2022,2,26000.0,Manual,first,Petrol,935000
Land Rover,Range Rover Sport,2015,9,82000.0,Automatic,first,Diesel,4175000
Maruti Suzuki,Swift-Dzire,2015,9,54000.0,Manual,second,Petrol,364000
MG,Hector,2023,1,17000.0,Automatic,first,Petrol,2025000
Kia,Sonet,2020,4,62000.0,Automatic,first,Diesel,825000
Mahindra,TUV,2015,9,65000.0,Automatic,first,Diesel,599999
Audi,Q3,2022,2,40000.0,Automatic,first,Petrol,5900000
Toyota,Fortuner,2013,11,174500.0,Automatic,second,Diesel,1450000
Chevrolet,Spark,2010,14,270464.0,Manual,first,Petrol,60000
Maruti Suzuki,Swift-Dzire,2017,7,29000.0,Automatic,first,Petrol,595000
Toyota,Innova Crysta,2022,2,80000.0,Manual,first,Diesel,2720000
Hyundai,Creta,2016,8,80000.0,Manual,first,Diesel,790000
Maruti Suzuki,Ciaz,2016,8,81000.0,Automatic,second,Petrol,615000
Maruti Suzuki,Sx4,2012,12,155000.0,Manual,second,Diesel,225000
Hyundai,i10,2011,13,60000.0,Manual,second,Petrol,165000
Skoda,Superb,2015,9,68000.0,Manual,second,Petrol,570000
Honda,Civic,2020,4,39000.0,Automatic,first,Petrol,1725000
Jaguar,XF,2013,11,85000.0,Automatic,second,Diesel,985000
Ford,Ecosport,2015,9,100000.0,Automatic,first,Petrol,535000
Jeep,Compass,2020,4,25000.0,Manual,first,Diesel,1365000
Skoda,Octavia,2016,8,120000.0,Automatic,second,Diesel,825000
Maruti Suzuki,Wagon-R,2010,14,84000.0,Manual,second,Petrol,185000
Jeep,Compass,2017,7,115000.0,Manual,second,Diesel,665000
Hyundai,Santro Xing,2009,15,100000.0,Manual,second,Petrol,200000
Mercedes-Benz,E-Class,2013,11,52000.0,Automatic,first,Petrol,2100000
Toyota,Etios,2016,8,145000.0,Manual,first,Diesel,480000
Honda,City,2015,9,104000.0,Manual,first,Diesel,370000
Mercedes-Benz,M-Class,2015,9,91540.0,Automatic,first,Diesel,2245000
Land Rover,Discovery,2017,7,89500.0,Automatic,first,Diesel,2390000
Honda,City,2004,20,91000.0,Automatic,first,Petrol,138000
Toyota,Fortuner,2015,9,277000.0,Manual,first,Diesel,1465000
Hyundai,Creta,2017,7,180000.0,Manual,second,Diesel,850000
Hyundai,Creta,2015,9,73000.0,Automatic,second,Diesel,625000
BMW,5 Series,2017,7,69000.0,Automatic,second,Diesel,3695000
Maruti Suzuki,maruti-suzuki-dzire,2018,6,34000.0,Manual,first,Petrol,425000
Honda,Jazz,2017,7,139000.0,Manual,second,Diesel,320000
Audi,A4,2017,7,73000.0,Automatic,second,Diesel,2151000
Hyundai,Creta,2017,7,50000.0,Manual,first,Petrol,799999
Hyundai,Verna,2023,1,23000.0,Automatic,first,Petrol,1525000
Skoda,Rapid,2018,6,174000.0,Automatic,first,Diesel,710000
Maruti Suzuki,Grand Vitara,2022,2,27000.0,Manual,first,Petrol,1575000
Hyundai,Fluidic Verna,2011,13,72000.0,Manual,second,Petrol,205000
Maruti Suzuki,Alto,2011,13,72000.0,Manual,second,Petrol,85000
Mercedes-Benz,C Class,2010,14,117000.0,Automatic,first,Diesel,990000
Ford,Endeavour,2016,8,98500.0,Automatic,second,Diesel,1995000
Hyundai,Creta,2018,6,68500.0,Manual,second,Diesel,714999
Nissan,Micra,2017,7,76000.0,Automatic,second,Petrol,445000
Audi,Q7,2016,8,139000.0,Automatic,first,Diesel,2399000
Maruti Suzuki,Ertiga,2020,4,40000.0,Automatic,first,Petrol,900000
Maruti Suzuki,Vitara-Brezza,2017,7,77500.0,Manual,second,Diesel,790000
Honda,Jazz,2017,7,78000.0,Automatic,second,Petrol,550000
Toyota,Fortuner,2022,2,61000.0,Automatic,first,Diesel,3600000
Hyundai,Alcazar,2023,1,24000.0,Automatic,second,Diesel,1975000
Maruti Suzuki,Dzire,2008,16,96000.0,Manual,second,Petrol,199000
Renault,Kiger,2021,3,12300.0,Manual,second,Petrol,580000
Land Rover,Range Rover Evoque,2018,6,39000.0,Automatic,second,Diesel,3149999
Ambassador,Ambassador,2015,9,18.0,Manual,second,Petrol,999599
Honda,City,2014,10,91000.0,Manual,second,Diesel,550000
Audi,A6,2023,1,12000.0,Automatic,first,Petrol,5100000
Ford,Endeavour,2018,6,90000.0,Automatic,second,Diesel,2350000
Maruti Suzuki,Swift-Dzire,2014,10,91000.0,Manual,second,Diesel,370000
Volkswagen,VentoTest,2012,12,42000.0,Manual,first,Petrol,300000
Jaguar,XJ,2015,9,25000.0,Automatic,first,Diesel,2390000
Mahindra,Scorpio,2022,2,44000.0,Manual,first,Diesel,1335000
Renault,Kiger,2022,2,11425.0,Automatic,first,Petrol,749000
Renault,Duster,2013,11,65000.0,Manual,second,Diesel,359000
Mercedes-Benz,S-Class,2016,8,39000.0,Automatic,first,Petrol,7495000
Honda,City,2017,7,55000.0,Manual,second,Petrol,625000
Skoda,Rapid,2017,7,77000.0,Manual,second,Diesel,590000
Hyundai,Elite i20,2015,9,54000.0,Manual,first,Petrol,374000
BMW,X5,2018,6,42000.0,Automatic,first,Diesel,3999999
Mahindra,Marazzo,2019,5,80000.0,Manual,first,Diesel,775000
Hyundai,Creta,2019,5,86000.0,Manual,first,Diesel,850000
Hyundai,Creta,2022,2,25000.0,Automatic,first,Petrol,1650000
Mahindra,Scorpio,2019,5,16.0,Automatic,second,Diesel,1027000
Volkswagen,VentoTest,2013,11,61000.0,Manual,first,Petrol,351000
Honda,Jazz,2017,7,55000.0,Manual,second,Petrol,475000
Mahindra,TUV,2016,8,71111.0,Manual,first,Diesel,530000
Hyundai,Creta,2019,5,52000.0,Automatic,first,Petrol,1075000
Maruti Suzuki,Swift,2011,13,72119.0,Manual,second,Petrol,209999
Hyundai,Venue,2020,4,74000.0,Manual,first,Diesel,935000
Hyundai,i20 Active,2015,9,20.0,Manual,second,Petrol,375000
Chevrolet,Cruze,2010,14,80000.0,Automatic,second,Diesel,225000
Maruti Suzuki,Baleno,2019,5,50000.0,Manual,first,Petrol,575000
Maruti Suzuki,Wagon R,2016,8,55000.0,Manual,second,Petrol,315000
Jaguar,XJ,2017,7,20000.0,Automatic,first,Petrol,5600000
Maruti Suzuki,S-Cross1,2018,6,87000.0,Manual,second,Diesel,530000
Honda,WRV,2019,5,51000.0,Manual,first,Petrol,740000
Mercedes-Benz,GLE COUPE,2021,3,16000.0,Automatic,first,Petrol,13300000
Hyundai,Creta,2019,5,78000.0,Automatic,first,Petrol,1045000
Maruti Suzuki,Swift,2012,12,98000.0,Manual,second,Petrol,373000
BMW,5 Series,2011,13,115000.0,Automatic,second,Diesel,520000
Mahindra,XUV500,2019,5,19000.0,Manual,second,Diesel,995000
Toyota,Fortuner,2022,2,50000.0,Manual,first,Diesel,4000000
BMW,3 Series GT,2016,8,61000.0,Automatic,first,Diesel,2151000
Audi,A3,2014,10,44000.0,Automatic,first,Diesel,1670000
Mahindra,XUV500,2014,10,67000.0,Manual,first,Diesel,450000
Toyota,Innova,2011,13,250000.0,Manual,first,Diesel,899999
Audi,A4,2014,10,172000.0,Automatic,second,Diesel,1150000
Ford,Ecosport,2015,9,93000.0,Manual,first,Diesel,675000
Maruti Suzuki,Baleno,2017,7,46000.0,Manual,first,Petrol,421000
Maruti Suzuki,Swift,2019,5,98000.0,Automatic,first,Petrol,640000
Hyundai,Verna,2012,12,62000.0,Manual,first,Petrol,349000
Mahindra,Scorpio N,2023,1,60000.0,Automatic,first,Diesel,1951000
Maruti Suzuki,Baleno,2019,5,35000.0,Automatic,first,Petrol,700000
Hyundai,Santro Xing,2007,17,100000.0,Manual,second,Petrol,100000
Hyundai,Grand i10,2015,9,52000.0,Automatic,first,Petrol,375000
Maruti Suzuki,Vitara-Brezza,2021,3,63000.0,Manual,first,Petrol,795000
Hyundai,Venue,2021,3,68000.0,Automatic,second,Petrol,820000
Tata,Indigo Ecs,2015,9,132000.0,Manual,second,Diesel,150000
Honda,Amaze,2018,6,65000.0,Automatic,first,Diesel,799000
Tata,Nexon,2020,4,18231.0,Manual,first,Petrol,539101
Lexus,LX,2018,6,27000.0,Automatic,second,Diesel,17500000
Mercedes-Benz,E-Class,2012,12,73800.0,Automatic,second,Diesel,990000
Mini,Cooper Convertible,2018,6,40000.0,Automatic,second,Petrol,3400000
BMW,3 Series GT,2017,7,77000.0,Automatic,first,Diesel,2450000
Maruti Suzuki,Alto-800,2018,6,72531.0,Manual,first,Petrol,265000
Audi,A3,2015,9,65000.0,Automatic,second,Diesel,899999
Toyota,Innova Crysta,2018,6,116000.0,Automatic,first,Diesel,1650000
MG,ASTOR,2024,0,8000.0,Automatic,first,Petrol,1800000
Maruti Suzuki,Baleno,2017,7,81000.0,Manual,second,Petrol,575000
Hyundai,Verna,2013,11,120000.0,Manual,second,Diesel,360000
Mahindra,Thar,2015,9,71291.0,Manual,second,Diesel,520000
Ford,Endeavour,2017,7,80000.0,Automatic,first,Diesel,2275000
Maruti Suzuki,Vitara-Brezza,2019,5,54900.0,Automatic,second,Diesel,790000
Maruti Suzuki,Baleno,2018,6,55000.0,Manual,first,Diesel,590000
Hyundai,Creta Facelift,2018,6,40000.0,Automatic,first,Diesel,888000
Maruti Suzuki,Swift-Dzire,2013,11,175000.0,Manual,second,Diesel,370000
BMW,5 Series,2014,10,90000.0,Automatic,second,Diesel,1221000
Tata,Indica Ev2,2016,8,123000.0,Manual,second,Diesel,65000
Mercedes-Benz,C-Class,2016,8,95000.0,Automatic,first,Diesel,1795000
Hyundai,Creta,2019,5,7687.0,Automatic,first,Diesel,700000
Maruti Suzuki,Swift-Dzire,2020,4,82000.0,Manual,first,Petrol,535000
Toyota,Corolla Altis,2017,7,123000.0,Manual,second,Diesel,1175000
Toyota,Fortuner,2017,7,59023.0,Automatic,second,Diesel,2995000
Ford,Endeavour,2018,6,115000.0,Automatic,second,Diesel,2275000
Toyota,Innova Crysta,2017,7,90000.0,Manual,second,Diesel,1250000
Maruti Suzuki,Alto-800,2014,10,88600.0,Automatic,second,Petrol,185000
Hyundai,Eon,2017,7,33000.0,Manual,first,Petrol,280000
Skoda,Octavia,2014,10,105904.0,Automatic,second,Diesel,1040000
Tata,Altroz,2020,4,12600.0,Manual,first,Petrol,575000
Datsun,Redi Go,2018,6,76000.0,Manual,second,Petrol,211000
Mahindra,XUV500,2012,12,125000.0,Manual,second,Diesel,450000
Mercedes-Benz,E-Class,2019,5,29800.0,Automatic,first,Diesel,4490000
Mercedes-Benz,C-Class,2011,13,46000.0,Automatic,second,Diesel,600000
Mercedes-Benz,E-Class,2014,10,73000.0,Automatic,second,Diesel,1230000
Ford,Endeavour,2017,7,91000.0,Automatic,second,Diesel,2050000
Mahindra,Thar,2020,4,40000.0,Automatic,first,Diesel,1350000
BMW,7 Series,2018,6,24200.0,Automatic,first,Diesel,7750000
Hyundai,Grand i10,2013,11,61000.0,Manual,first,Petrol,280000
BMW,3 Series GT,2019,5,31000.0,Automatic,first,Diesel,3199999
Mercedes-Benz,E-Class,2014,10,83000.0,Automatic,second,Diesel,1395000
Maruti Suzuki,Ritz,2012,12,165000.0,Manual,second,Diesel,175000
Maruti Suzuki,S-Presso,2019,5,17000.0,Automatic,second,Petrol,390000
Maruti Suzuki,Wagon-R,2013,11,56000.0,Manual,first,Petrol,249000
Audi,A6,2014,10,11000.0,Automatic,first,Diesel,1350000
Ford,Endeavour,2018,6,115000.0,Automatic,first,Diesel,2250000
Kia,Seltos,2020,4,49900.0,Manual,first,Petrol,999000
Mercedes-Benz,C-Class,2013,11,65000.0,Automatic,second,Petrol,945000
Maruti Suzuki,Alto,2006,18,79000.0,Manual,second,Petrol,69000
Maruti Suzuki,Zen-Estilo,2003,21,33000.0,Manual,second,Petrol,129000
Kia,Seltos,2021,3,58000.0,Automatic,first,Petrol,1299999
Toyota,Innova,2012,12,250000.0,Manual,second,Diesel,800000
Audi,A6,2016,8,52000.0,Automatic,second,Diesel,1650000
Maruti Suzuki,Ciaz,2020,4,55000.0,Manual,first,Petrol,890000
Honda,City,2014,10,85000.0,Manual,first,Diesel,395000
Hyundai,Creta,2016,8,62000.0,Manual,first,Petrol,645000
Honda,City,2016,8,67000.0,Manual,second,Diesel,500000
Mercedes-Benz,GLA Class,2019,5,31000.0,Automatic,first,Petrol,2765000
BMW,5 Series,2012,12,50800.0,Automatic,first,Diesel,1125000
Volvo,XC60,2015,9,62000.0,Automatic,second,Diesel,1450000
Hyundai,i20,2023,1,11300.0,Automatic,first,Petrol,925000
Maruti Suzuki,Swift,2018,6,105000.0,Automatic,first,Diesel,630000
Tata,Hexa,2017,7,98623.0,Automatic,first,Diesel,635000
Hyundai,i20,2014,10,56000.0,Manual,first,Petrol,465000
Hyundai,Eon,2017,7,68000.0,Manual,second,Petrol,255000
Maruti Suzuki,Swift,2018,6,85000.0,Manual,second,Diesel,935000
MG,Hector,2020,4,27000.0,Automatic,second,Petrol,1300000
Tata,Tiago,2017,7,39065.0,Manual,first,Petrol,448000
Maruti Suzuki,Ertiga,2017,7,44000.0,Automatic,first,Petrol,785000
Honda,Amaze,2015,9,89000.0,Manual,second,Petrol,420000
Honda,City,2015,9,120000.0,Manual,second,Petrol,600000
Hyundai,Venue,2021,3,33000.0,Manual,first,Petrol,795000
Toyota,Innova Crysta,2022,2,32500.0,Manual,first,Diesel,2900000
Honda,Amaze,2018,6,124000.0,Manual,first,Diesel,695000
Honda,City,2014,10,78000.0,Manual,second,Diesel,499800
Honda,City,2014,10,65374.0,Automatic,second,Petrol,545000
Maruti Suzuki,Celerio,2017,7,57000.0,Automatic,second,Petrol,319000
Fiat,Linea,2009,15,80000.0,Manual,first,Petrol,115000
Toyota,Fortuner,2015,9,95000.0,Manual,first,Diesel,1565000
Toyota,Etios Liva,2012,12,117000.0,Manual,second,Petrol,384000
Mahindra,Thar,2015,9,35000.0,Manual,second,Diesel,650000
Maruti Suzuki,Ertiga,2019,5,105000.0,Manual,second,Diesel,960000
BMW,2 Series,2022,2,14000.0,Automatic,first,Diesel,3800000
Mahindra,Thar,2021,3,55000.0,Automatic,first,Petrol,1175000
Toyota,Fortuner,2019,5,69810.0,Manual,second,Diesel,2985000
Hyundai,Venue,2022,2,53000.0,Manual,second,Petrol,955000
Kia,Seltos,2020,4,86000.0,Automatic,first,Diesel,1580000
Hyundai,i10,2010,14,100000.0,Manual,second,Petrol,150000
Maruti Suzuki,Vitara-Brezza,2016,8,55000.0,Manual,first,Diesel,740000
Mahindra,Scorpio Classic,2020,4,47000.0,Manual,second,Diesel,1550000
Chevrolet,Beat,2016,8,44000.0,Manual,second,Petrol,215000
Maruti Suzuki,Swift-Dzire,2022,2,9850.0,Manual,first,Petrol,695000
Honda,Brio,2012,12,50000.0,Manual,second,Petrol,239999
Mercedes-Benz,GLE,2022,2,20400.0,Automatic,first,Diesel,7200000
Ford,Ecosport,2015,9,125000.0,Manual,first,Petrol,445000
Honda,Amaze,2014,10,52000.0,Automatic,second,Petrol,425000
Maruti Suzuki,Wagon-R,2007,17,85000.0,Manual,second,Petrol,200000
Maruti Suzuki,Esteem,2005,19,55000.0,Manual,first,Petrol,80000
Audi,A4,2016,8,44000.0,Automatic,second,Diesel,1195000
Audi,Q3,2015,9,100000.0,Automatic,second,Diesel,1200000
Maruti Suzuki,800,2014,10,34500.0,Manual,second,Petrol,240000
Hyundai,Verna,2019,5,37000.0,Manual,second,Petrol,825000
Mercedes-Benz,M-Class,2011,13,10010.0,Automatic,second,Diesel,810000
Toyota,Fortuner,2014,10,185000.0,Manual,second,Diesel,1351000
BMW,3 Series,2020,4,25000.0,Automatic,first,Petrol,3785111
Maruti Suzuki,800,2000,24,50000.0,Manual,second,Petrol,90000
Hyundai,i20,2018,6,75000.0,Manual,second,Diesel,700000
Maruti Suzuki,Wagon R,2012,12,60000.0,Manual,first,Petrol,295000
Toyota,Innova Crysta,2017,7,120000.0,Manual,second,Diesel,1775000
Mahindra,Alturas G4,2019,5,71150.0,Automatic,second,Diesel,1500000
Honda,City,2022,2,16000.0,Automatic,first,Petrol,1385000
Mahindra,XUV500,2017,7,95999.0,Automatic,first,Diesel,975000
Hyundai,Verna,2022,2,40000.0,Automatic,first,Diesel,1399000
Mercedes-Benz,C-Class,2015,9,68000.0,Automatic,second,Diesel,2700000
Toyota,Etios,2012,12,92000.0,Manual,second,Diesel,249999
Audi,A4,2011,13,29300.0,Automatic,second,Petrol,799999
Toyota,Land Cruiser,2018,6,60000.0,Automatic,first,Diesel,16400000
Mitsubishi,Outlander,2010,14,98000.0,Automatic,first,Petrol,490000
Maruti Suzuki,Celerio,2022,2,39270.0,Automatic,first,Petrol,585000
Mercedes-Benz,GLS,2017,7,88927.0,Automatic,first,Petrol,5500000
Toyota,Etios,2011,13,78000.0,Manual,second,Petrol,190000
Maruti Suzuki,XL6,2020,4,38000.0,Manual,first,Petrol,1150000
Maruti Suzuki,XL6,2019,5,61231.0,Automatic,first,Petrol,825101
Mercedes-Benz,GLE COUPE,2021,3,32000.0,Automatic,second,Petrol,11800000
Renault,Duster,2014,10,105000.0,Manual,second,Diesel,215000
Kia,Carens,2022,2,24000.0,Automatic,first,Diesel,1920000
Ford,Ecosport,2014,10,75000.0,Manual,first,Diesel,425000
Maruti Suzuki,S-Presso,2021,3,14000.0,Automatic,first,Petrol,475000
Mahindra,Scorpio,2016,8,70013.0,Automatic,first,Diesel,1180000
Mahindra,Marazzo,2020,4,75000.0,Manual,second,Diesel,745000
Tata,Tiago,2017,7,71352.0,Manual,second,Petrol,325000
Hyundai,Elantra,2014,10,53000.0,Automatic,first,Petrol,575000
Hyundai,Verna,2013,11,78000.0,Manual,second,Petrol,405000
Audi,Q5,2018,6,110000.0,Automatic,second,Diesel,2300000
Mahindra,XUV500,2013,11,95000.0,Manual,second,Diesel,515000
Hyundai,i20,2019,5,21000.0,Manual,first,Petrol,585000
Mercedes-Benz,GLS,2022,2,95000.0,Automatic,second,Diesel,5300000
Honda,City,2004,20,80000.0,Manual,second,Petrol,95000
Honda,City,2018,6,15000.0,Manual,first,Petrol,769999
Hyundai,Creta,2015,9,142000.0,Manual,first,Diesel,525000
Volkswagen,VentoTest,2011,13,60000.0,Manual,first,Petrol,269000
Maruti Suzuki,maruti-suzuki-dzire,2018,6,21000.0,Automatic,second,Petrol,555000
Maruti Suzuki,Ciaz,2017,7,54000.0,Manual,first,Petrol,640000
Ford,Endeavour,2018,6,136000.0,Automatic,first,Diesel,1990000
Hyundai,Verna,2021,3,65000.0,Manual,second,Petrol,890000
Kia,Sonet,2021,3,730000.0,Automatic,second,Petrol,930000
BMW,3 Series,2012,12,51000.0,Automatic,second,Diesel,699000
Tata,Altroz,2023,1,59500.0,Manual,first,Diesel,950000
Honda,City,2019,5,49000.0,Automatic,first,Petrol,1021000
Hyundai,Creta,2015,9,72000.0,Automatic,first,Diesel,825000
Renault,KWID,2018,6,38000.0,Automatic,second,Petrol,380000
Toyota,Innova,2012,12,0.0,Manual,second,Diesel,595000
Mahindra,Alturas G4,2022,2,25000.0,Automatic,first,Diesel,2690000
Maruti Suzuki,Ertiga,2016,8,65000.0,Manual,second,Diesel,560000
Maruti Suzuki,Alto,2008,16,100000.0,Manual,second,Petrol,98000
Maruti Suzuki,Swift Dzire,2019,5,16000.0,Automatic,first,Diesel,850000
Toyota,Etios Cross,2016,8,45250.0,Manual,second,Petrol,459000
Maruti Suzuki,Ertiga,2012,12,73100.0,Manual,second,Petrol,535000
Mahindra,Thar,2022,2,58600.0,Automatic,first,Diesel,1800000
Volkswagen,Polo,2019,5,47000.0,Manual,second,Diesel,890000
Audi,A6,2010,14,57000.0,Automatic,second,Petrol,465000
Renault,KWID,2021,3,7000.0,Manual,first,Petrol,385000
Tata,Nexon,2022,2,5000.0,Automatic,first,Petrol,1125000
Maruti Suzuki,Wagon-R,2017,7,36000.0,Manual,first,Petrol,394000
Mercedes-Benz,GLA,2023,1,7500.0,Automatic,first,Diesel,5500000
Honda,City,2021,3,38000.0,Automatic,first,Petrol,1195000
Renault,Triber,2020,4,27500.0,Manual,first,Petrol,520000
Mercedes-Benz,GLE Class,2016,8,48000.0,Automatic,second,Diesel,2875000
Mahindra,Marazzo,2018,6,87000.0,Manual,first,Diesel,700000
Maruti Suzuki,Celerio,2015,9,63000.0,Automatic,first,Petrol,385000
Mahindra,Scorpio,2010,14,102000.0,Manual,first,Diesel,285999
Honda,City,2013,11,87000.0,Manual,second,Petrol,575000
Jeep,Compass,2018,6,92000.0,Manual,second,Diesel,900000
Ford,Figo,2013,11,82008.0,Manual,second,Diesel,128999
Honda,City,2018,6,38000.0,Automatic,second,Petrol,715000
Honda,City,2013,11,79000.0,Automatic,second,Petrol,530000
Maruti Suzuki,S-Presso,2020,4,55000.0,Manual,second,Petrol,340000
Mahindra,Bolero,2012,12,138500.0,Manual,second,Diesel,609000
Volkswagen,Polo,2016,8,102000.0,Manual,second,Petrol,550000
Skoda,Superb,2018,6,0.0,Automatic,first,Petrol,1399999
Skoda,Rapid,2016,8,78000.0,Manual,first,Diesel,539999
Kia,Sonet,2022,2,29000.0,Automatic,first,Diesel,1260000
Chevrolet,Beat,2014,10,85000.0,Automatic,second,Diesel,99000
Maruti Suzuki,Grand Vitara,2024,0,2480.0,Manual,first,Petrol,1350000
Toyota,Innova,2014,10,155000.0,Manual,first,Diesel,825000
Hyundai,i20,2012,12,180000.0,Manual,first,Diesel,299000
Renault,Duster,2014,10,95000.0,Manual,first,Diesel,449000
Hyundai,Accent,2009,15,54000.0,Manual,second,Petrol,125000
Maruti Suzuki,Brezza,2017,7,68000.0,Manual,second,Diesel,570000
Audi,A4,2009,15,85120.0,Automatic,second,Petrol,975000
Honda,City,2012,12,66147.0,Automatic,second,Petrol,351000
Mahindra,Marshal,2000,24,55000.0,Manual,second,Diesel,15000
Maruti Suzuki,Wagon-R,2017,7,82000.0,Manual,second,Petrol,395000
Ford,Endeavour,2017,7,91535.0,Automatic,second,Diesel,1895000
Maruti Suzuki,Celerio,2017,7,80000.0,Manual,second,Petrol,240000
Maruti Suzuki,Ritz,2011,13,78000.0,Manual,second,Petrol,310000
Volkswagen,Vento,2012,12,65000.0,Manual,first,Diesel,380000
Tata,Tiago,2017,7,120000.0,Manual,first,Diesel,425000
Maruti Suzuki,Swift,2018,6,75000.0,Automatic,second,Diesel,525000
Maruti Suzuki,Swift-Dzire-Tour,2018,6,121331.0,Automatic,first,Diesel,525000
Kia,Seltos,2022,2,85000.0,Manual,first,Diesel,1160000
Volkswagen,VentoTest,2018,6,68000.0,Automatic,second,Diesel,799999
Honda,City,2003,21,70000.0,Manual,second,Petrol,230000
Maruti Suzuki,Alto-K10,2015,9,450000.0,Automatic,first,Petrol,310000
Mahindra,Jeep,1990,34,9000.0,Manual,second,Diesel,250000
BMW,7 Series,2010,14,91000.0,Automatic,first,Diesel,999000
Hyundai,Creta,2022,2,48000.0,Manual,first,Diesel,1620000
BMW,X7,2022,2,32000.0,Automatic,first,Diesel,10700000
Maruti Suzuki,Ertiga,2019,5,38500.0,Manual,second,Petrol,799000
Honda,City,2020,4,60766.0,Automatic,first,Petrol,1150000
Hyundai,Eon,2018,6,43000.0,Manual,second,Petrol,280000
Skoda,Fabia,2008,16,80000.0,Manual,second,Petrol,235000
Tata,Indigo Ecs,2014,10,95000.0,Manual,second,Diesel,250000
Maruti Suzuki,XL6,2019,5,52500.0,Manual,second,Petrol,875000
Audi,A5,2011,13,90000.0,Automatic,second,Diesel,1275000
Renault,Duster,2013,11,96000.0,Manual,second,Diesel,350000
Toyota,Fortuner,2015,9,155000.0,Automatic,second,Diesel,1745000
Hyundai,Eon,2014,10,62000.0,Manual,first,Petrol,185000
Volkswagen,Polo,2013,11,75000.0,Manual,second,Diesel,295000
BMW,5 Series,2018,6,82000.0,Automatic,second,Diesel,2475000
Maruti Suzuki,XL6,2021,3,45000.0,Manual,second,Petrol,1025000
Hyundai,Verna,2011,13,132000.0,Automatic,second,Petrol,310000
Maruti Suzuki,Sx4,2009,15,69000.0,Manual,second,Petrol,270000
Maruti Suzuki,Swift-Dzire,2014,10,58000.0,Manual,second,Petrol,425000
Honda,City,2020,4,69000.0,Manual,first,Petrol,899000
Maruti Suzuki,Jimny,2023,1,1800.0,Automatic,first,Petrol,1450000
Land Rover,Range Rover Sport,2011,13,73000.0,Automatic,second,Diesel,1850000
Mahindra,XUV500,2016,8,100000.0,Manual,first,Diesel,650000
Chevrolet,Tavera,2008,16,95000.0,Automatic,second,Diesel,130000
Hyundai,Grand i10 Nios,2020,4,40000.0,Manual,first,Petrol,565000
Hyundai,Verna,2018,6,110000.0,Automatic,first,Diesel,990000
Ford,Ecosport,2017,7,82000.0,Automatic,first,Petrol,575000
Maruti Suzuki,Wagon-R,2016,8,14352.0,Automatic,second,Petrol,372000
Volkswagen,CrossPolo,2015,9,61000.0,Manual,second,Petrol,375000
Hyundai,Grand i10,2017,7,42000.0,Manual,first,Petrol,445000
Mini,Cooper Countryman,2013,11,38000.0,Automatic,second,Petrol,2100000
Toyota,Innova,2013,11,146000.0,Manual,second,Diesel,649000
Maruti Suzuki,Ciaz,2015,9,82000.0,Manual,second,Diesel,375000
Maruti Suzuki,Ritz,2011,13,120000.0,Manual,second,Diesel,220000
Honda,Jazz,2018,6,21500.0,Automatic,first,Petrol,660000
Maruti Suzuki,Vitara-Brezza,2017,7,72000.0,Manual,first,Diesel,595000
Maruti Suzuki,Swift,2015,9,100000.0,Manual,second,Diesel,525000
Maruti Suzuki,Swift,2018,6,65000.0,Automatic,first,Diesel,540000
Honda,City,2016,8,59000.0,Automatic,second,Petrol,725000
Mahindra,Scorpio,2018,6,84000.0,Manual,first,Diesel,1185000
Honda,Amaze,2014,10,110000.0,Manual,first,Petrol,365000
Nissan,Terrano,2015,9,74000.0,Manual,second,Diesel,315000
Mercedes-Benz,E-Class,2009,15,60000.0,Automatic,second,Petrol,550000
Renault,KWID,2019,5,34000.0,Automatic,first,Petrol,365000
Toyota,Innova,2012,12,12000.0,Manual,second,Diesel,950000
Toyota,Fortuner,2015,9,170000.0,Automatic,first,Diesel,1225000
Mahindra,Marazzo,2018,6,75000.0,Manual,second,Diesel,725000
Hyundai,i20,2016,8,80000.0,Manual,first,Petrol,430000
Mahindra,XUV500,2018,6,15000.0,Manual,first,Diesel,1395000
Volvo,S60,2015,9,62000.0,Automatic,first,Diesel,725000
Maruti Suzuki,Ertiga,2013,11,99000.0,Manual,first,Diesel,590000
Honda,City,2021,3,38000.0,Automatic,first,Petrol,1198000
Toyota,Innova,2009,15,141000.0,Manual,second,Diesel,425000
Mercedes-Benz,S-Class,2014,10,66000.0,Automatic,second,Diesel,3800000
Hyundai,i10,2009,15,38600.0,Manual,first,Petrol,215000
Toyota,Corolla Altis,2017,7,101500.0,Manual,second,Petrol,750000
Hyundai,Grand i10,2016,8,64000.0,Manual,first,Petrol,410000
Toyota,2.8 Legender 4X2,2022,2,69000.0,Automatic,first,Diesel,4090000
Toyota,Glanza,2021,3,22000.0,Manual,second,Petrol,840000
Hyundai,Venue,2019,5,50000.0,Manual,first,Diesel,955000
Tata,Tiago,2017,7,29000.0,Manual,first,Petrol,410000
Mercedes-Benz,CLS-Class,2013,11,129000.0,Automatic,second,Diesel,1750000
Mercedes-Benz,GLS,2020,4,60000.0,Automatic,first,Diesel,9850000
Kia,Seltos,2020,4,50000.0,Automatic,second,Diesel,1400000
Hyundai,Creta,2021,3,33000.0,Automatic,first,Petrol,1245000
Toyota,Fortuner,2014,10,96000.0,Automatic,second,Diesel,1995000
Hyundai,i20,2014,10,62500.0,Manual,second,Petrol,349000
Hyundai,Santro Xing,2011,13,130000.0,Manual,first,Petrol,185000
Renault,Duster,2018,6,83000.0,Automatic,second,Diesel,925000
Maruti Suzuki,S-Cross1,2018,6,82758.0,Manual,second,Diesel,610000
Honda,City,2016,8,109000.0,Manual,second,Diesel,640000
Ford,Ecosport,2017,7,65000.0,Manual,first,Diesel,525000
Renault,KWID,2019,5,5800.0,Automatic,first,Petrol,299000
Ford,Ecosport,2020,4,92000.0,Manual,second,Diesel,830000
Honda,WRV,2018,6,59000.0,Manual,second,Diesel,845000
Mercedes-Benz,E-Class,2014,10,84000.0,Automatic,second,Diesel,1395000
Ford,Ecosport,2014,10,70000.0,Manual,second,Diesel,221000
Maruti Suzuki,Swift,2018,6,45000.0,Manual,first,Petrol,545000
Maruti Suzuki,Wagon-R,2016,8,48231.0,Manual,first,Petrol,335101
Mahindra,XUV500,2021,3,78000.0,Automatic,first,Diesel,1500000
Maruti Suzuki,Celerio,2019,5,65000.0,Manual,first,Petrol,480000
Hyundai,i20,2023,1,58000.0,Manual,first,Diesel,925000
Nissan,Terrano,2016,8,98000.0,Manual,first,Diesel,620000
BMW,7 Series,2021,3,18000.0,Automatic,first,Diesel,8400000
Ford,Ecosport,2014,10,31000.0,Automatic,second,Petrol,491000
Renault,Duster,2017,7,89000.0,Manual,first,Diesel,745000
Toyota,Fortuner,2021,3,65000.0,Automatic,first,Diesel,3851000
Audi,A6,2017,7,95000.0,Automatic,second,Diesel,1895000
Honda,Jazz,2017,7,91000.0,Automatic,first,Petrol,471000
Mercedes-Benz,S-Class,2016,8,46000.0,Automatic,first,Petrol,7300000
Mercedes-Benz,AMG GLE Coupe,2020,4,50000.0,Automatic,second,Petrol,9900000
Volkswagen,Polo,2018,6,70000.0,Manual,second,Petrol,549000
Honda,City,2015,9,75000.0,Automatic,second,Petrol,585000
Maruti Suzuki,Swift,2022,2,33000.0,Automatic,first,Petrol,755000
Mini,Countryman,2012,12,7400.0,Automatic,second,Petrol,1250000
Renault,KWID,2016,8,13340.0,Automatic,first,Petrol,335000
Hyundai,Creta,2023,1,21000.0,Manual,first,Diesel,1495000
Ford,Ecosport,2017,7,57000.0,Manual,first,Diesel,540000
Hyundai,i10,2008,16,77000.0,Manual,second,Petrol,145000
Tata,Harrier,2020,4,102000.0,Automatic,first,Diesel,1550000
Audi,A6,2011,13,51000.0,Automatic,second,Petrol,1350000
Mahindra,Bolero,2015,9,130222.0,Manual,first,Diesel,460000
Maruti Suzuki,Alto-K10,2015,9,59552.0,Automatic,second,Petrol,340000
Tata,Nano,2011,13,40000.0,Manual,second,Petrol,45000
Hyundai,Grand i10,2015,9,114000.0,Automatic,second,Petrol,375000
Hyundai,Creta,2024,0,3100.0,Automatic,first,Petrol,2190000
Audi,A6,2015,9,82000.0,Automatic,first,Diesel,1670000
Chevrolet,Sail U-VA,2013,11,73500.0,Manual,second,Diesel,219000
Hyundai,Grand i10,2019,5,68000.0,Manual,second,Petrol,475000
Maruti Suzuki,Baleno,2018,6,31000.0,Automatic,first,Petrol,685000
Maruti Suzuki,Ertiga,2019,5,73110.0,Manual,first,Diesel,1145000
Mahindra,Scorpio,2016,8,58580.0,Manual,second,Diesel,985000
Hyundai,i20,2022,2,13262.0,Automatic,first,Petrol,985000
Toyota,Fortuner,2022,2,35000.0,Automatic,first,Diesel,4200000
Tata,Nano,2015,9,47000.0,Automatic,second,Petrol,269000
Toyota,Innova,2008,16,100000.0,Manual,second,Diesel,335000
Chevrolet,Enjoy,2014,10,150000.0,Manual,second,Diesel,350000
Toyota,Innova,2012,12,200000.0,Manual,second,Diesel,599000
Mercedes-Benz,GLS,2022,2,28000.0,Automatic,first,Petrol,11800000
Mahindra,XUV700,2023,1,17000.0,Automatic,first,Diesel,2570000
Toyota,Innova,2013,11,130000.0,Manual,second,Diesel,985000
Honda,Mobilio,2015,9,133000.0,Manual,second,Diesel,950000
Renault,Duster,2017,7,105000.0,Manual,first,Diesel,645000
Volkswagen,Polo,2011,13,85000.0,Manual,second,Diesel,225000
Hyundai,Grand i10,2017,7,31000.0,Manual,second,Petrol,475000
Mahindra,TUV,2015,9,53000.0,Manual,second,Diesel,395000
Renault,Fluence,2012,12,102506.0,Automatic,second,Petrol,315000
Honda,City ZX,2020,4,70000.0,Automatic,second,Petrol,1100000
Maruti Suzuki,Ciaz,2015,9,148000.0,Manual,second,Diesel,680000
Kia,Seltos,2021,3,46000.0,Manual,first,Diesel,1085000
Chevrolet,Beat,2012,12,105000.0,Manual,second,Diesel,210000
Nissan,Micra,2016,8,54000.0,Automatic,first,Petrol,399000
Maruti Suzuki,Alto,2012,12,20.0,Manual,second,Petrol,175000
Maruti Suzuki,Swift,2021,3,15505.0,Manual,second,Petrol,590000
Lexus,NX,2018,6,40000.0,Automatic,second,Petrol,4250000
Ford,Fiesta,2011,13,96000.0,Manual,second,Diesel,110000
Mahindra,Bolero,2017,7,3.0,Manual,first,Diesel,350000
Renault,Pulse,2014,10,64000.0,Manual,second,Petrol,175000
Maruti Suzuki,800,2006,18,65328.0,Manual,second,Petrol,45000
Mercedes-Benz,E-Class,2010,14,31300.0,Automatic,first,Petrol,1800000
Maruti Suzuki,Ciaz,2015,9,84000.0,Manual,second,Diesel,460000
Tata,Zest,2014,10,86000.0,Manual,second,Diesel,379000
Maruti Suzuki,Alto,2012,12,85000.0,Manual,second,Petrol,145000
Hyundai,Elite i20,2018,6,64000.0,Manual,first,Petrol,490000
Maruti Suzuki,Alto-800,2010,14,75200.0,Manual,second,Petrol,149999
Maruti Suzuki,S-Presso,2022,2,25000.0,Automatic,first,Petrol,525000
Toyota,Innova Crysta,2016,8,88500.0,Automatic,first,Diesel,2125000
Hyundai,i20 Active,2015,9,79864.0,Manual,second,Diesel,535000
Hyundai,Santro,2019,5,29000.0,Automatic,second,Petrol,425000
Skoda,Rapid,2012,12,87000.0,Manual,first,Diesel,320000
Maruti Suzuki,Eeco,2013,11,90000.0,Manual,second,Petrol,255000
Hyundai,Verna,2018,6,63000.0,Automatic,first,Diesel,1100000
Maruti Suzuki,Brezza,2019,5,84000.0,Automatic,second,Diesel,865000
Maruti Suzuki,Eeco,2020,4,32000.0,Manual,first,Petrol,460000
Honda,City,2015,9,41000.0,Automatic,second,Petrol,645000
Renault,KWID,2017,7,60000.0,Automatic,first,Petrol,310000
Toyota,Innova Crysta,2022,2,15000.0,Manual,first,Diesel,2340000
Hyundai,Verna,2016,8,57000.0,Manual,first,Petrol,590000
Hyundai,Elantra,2014,10,68000.0,Manual,first,Diesel,399999
Toyota,Corolla Altis,2015,9,68000.0,Automatic,second,Petrol,600000
Mahindra,Scorpio,2019,5,87000.0,Manual,first,Diesel,1450000
Volvo,XC60,2015,9,155600.0,Automatic,second,Diesel,1295000
Hyundai,Sonata,2014,10,78000.0,Automatic,second,Petrol,475000
Maruti Suzuki,Celerio,2020,4,28000.0,Manual,first,Petrol,500000
Maruti Suzuki,Eeco,2012,12,68000.0,Manual,first,Petrol,265000
Maruti Suzuki,Swift-Dzire,2014,10,60000.0,Manual,first,Diesel,320000
Hyundai,Grand i10,2015,9,63000.0,Automatic,second,Petrol,375000
Volkswagen,Polo,2021,3,57300.0,Automatic,second,Petrol,1100000
Honda,City,2017,7,55000.0,Automatic,second,Petrol,721000
Renault,Duster,2019,5,106000.0,Manual,first,Diesel,700000
Hyundai,i10,2011,13,58000.0,Manual,first,Petrol,290000
Hyundai,Creta,2022,2,112000.0,Manual,first,Diesel,1375000
Jeep,Compass,2019,5,67000.0,Automatic,first,Petrol,1395000
Toyota,Innova,2015,9,125000.0,Manual,second,Diesel,775000
Toyota,Corolla Altis,2011,13,128000.0,Manual,first,Diesel,369999
Maruti Suzuki,Swift-Dzire,2018,6,27000.0,Automatic,second,Petrol,615000
Volkswagen,Polo,2019,5,18000.0,Automatic,first,Petrol,799999
Mercedes-Benz,CLA,2019,5,48000.0,Automatic,second,Diesel,3450000
Maruti Suzuki,Wagon-R-1-0,2018,6,64344.0,Automatic,first,Petrol,400000
Honda,Civic,2008,16,12.0,Manual,second,Petrol,120000
Toyota,Fortuner,2022,2,45000.0,Automatic,first,Diesel,4100000
Skoda,Rapid,2012,12,76000.0,Manual,second,Diesel,435000
Maruti Suzuki,Ignis,2018,6,44000.0,Manual,first,Petrol,460000
Mahindra,XUV700,2022,2,75000.0,Automatic,first,Diesel,1800000
Maruti Suzuki,Swift,2017,7,25000.0,Manual,second,Petrol,415000
Hyundai,Creta,2020,4,67000.0,Automatic,first,Petrol,1465000
Honda,Amaze,2015,9,85000.0,Manual,second,Diesel,390000
Toyota,Innova,2015,9,125000.0,Manual,first,Diesel,649000
Hyundai,Verna,2019,5,56000.0,Automatic,first,Petrol,775000
Mercedes-Benz,GLA,2022,2,20500.0,Automatic,first,Petrol,4950000
Volkswagen,Polo,2017,7,77142.0,Manual,second,Petrol,460000
Honda,City,2011,13,55000.0,Automatic,second,Petrol,299000
Nissan,Micra,2012,12,75000.0,Manual,second,Petrol,180000
Hyundai,Verna,2012,12,128000.0,Manual,second,Diesel,350000
Honda,City,2017,7,49000.0,Automatic,first,Petrol,885000
Tata,Tiago Nrg,2021,3,65137.5,Automatic,first,Petrol,430000
Mahindra,XUV500,2013,11,61000.0,Manual,first,Diesel,491000
Maruti Suzuki,Swift,2007,17,111702.0,Manual,second,Petrol,190000
Maruti Suzuki,Omni,2018,6,46000.0,Manual,first,Petrol,289999
Mahindra,Scorpio,2015,9,141000.0,Manual,second,Diesel,775000
Volkswagen,Vento,2011,13,114000.0,Manual,second,Diesel,375000
Renault,KWID,2017,7,63663.0,Automatic,second,Petrol,325000
BMW,1 Series,2013,11,120000.0,Automatic,second,Diesel,975000
Hyundai,i20,2011,13,36300.0,Manual,second,Petrol,195000
Audi,Q3,2017,7,86000.0,Automatic,second,Diesel,1700000
Hyundai,Eon,2018,6,35000.0,Manual,first,Petrol,310000
Maruti Suzuki,Swift,2015,9,80000.0,Manual,second,Diesel,360000
Maruti Suzuki,Swift,2018,6,62000.0,Manual,first,Petrol,515000
Renault,Pulse,2013,11,88000.0,Manual,second,Diesel,280000
Renault,Duster,2014,10,90200.0,Manual,first,Diesel,480000
MG,Hector,2023,1,20000.0,Automatic,second,Petrol,1750000
Maruti Suzuki,Wagon-R,2017,7,43000.0,Automatic,second,Petrol,425000
Volkswagen,VentoTest,2011,13,88000.0,Manual,second,Petrol,199000
Honda,Amaze,2015,9,35000.0,Manual,first,Petrol,490000
Maruti Suzuki,Swift-Dzire,2020,4,39800.0,Manual,first,Petrol,530000
Honda,Amaze,2015,9,65000.0,Manual,first,Petrol,450000
Maruti Suzuki,Alto-800,2020,4,59000.0,Manual,second,Petrol,335000
Skoda,Rapid,2017,7,67000.0,Automatic,first,Diesel,745000
Audi,A4,2015,9,135000.0,Automatic,second,Diesel,1650000
Tata,Nexon,2020,4,69000.0,Automatic,first,Petrol,624000
Honda,City,2016,8,67000.0,Automatic,second,Petrol,675000
Maruti Suzuki,Swift,2024,0,2600.0,Automatic,first,Petrol,865000
BMW,X3,2016,8,50000.0,Automatic,second,Diesel,2050000
Tata,Altroz,2022,2,11400.0,Manual,first,Petrol,699000
Maruti Suzuki,Swift-Dzire,2012,12,64000.0,Manual,first,Petrol,390000
Jeep,Compass,2019,5,72000.0,Automatic,second,Diesel,1865000
Audi,A4,2016,8,98000.0,Automatic,second,Diesel,1375000
Tata,Hexa,2017,7,90000.0,Manual,second,Diesel,700000
Hyundai,Creta,2017,7,82000.0,Automatic,first,Diesel,730000
Hyundai,Grand i10,2018,6,55000.0,Manual,second,Petrol,435000
Toyota,Fortuner,2023,1,20000.0,Automatic,first,Diesel,3850000
Mercedes-Benz,E-Class,2012,12,101000.0,Automatic,second,Diesel,825000
Mercedes-Benz,M-Class,2014,10,86000.0,Automatic,first,Diesel,1475000
Maruti Suzuki,Ertiga,2014,10,141000.0,Manual,first,Diesel,649000
Volkswagen,VentoTest,2016,8,56000.0,Automatic,second,Petrol,449000
Honda,Jazz,2016,8,69000.0,Automatic,second,Petrol,510000
Volkswagen,VentoTest,2016,8,65000.0,Automatic,second,Petrol,499999
Toyota,Innova Crysta,2020,4,108000.0,Manual,first,Diesel,1895000
Maruti Suzuki,Wagon-R,2014,10,70000.0,Manual,first,Petrol,335000
Honda,Jazz,2015,9,36500.0,Automatic,first,Petrol,450000
Volvo,S 80,2012,12,138000.0,Automatic,first,Diesel,655000
Maruti Suzuki,Alto-K10,2017,7,84000.0,Manual,second,Petrol,300000
Maruti Suzuki,Swift-Dzire,2009,15,160000.0,Manual,second,Diesel,300000
Hyundai,Elite i20,2015,9,46000.0,Manual,second,Petrol,575000
Skoda,Octavia,2017,7,51000.0,Automatic,first,Petrol,890000
Volkswagen,Polo,2021,3,30000.0,Automatic,first,Petrol,1230000
Honda,CRV,2017,7,113000.0,Automatic,second,Petrol,1450000
Jeep,Compass,2017,7,65000.0,Manual,second,Diesel,875000
Toyota,Innova,2015,9,198000.0,Manual,first,Diesel,775000
Ford,Endeavour,2012,12,116574.0,Automatic,second,Diesel,850000
Maruti Suzuki,Dzire,2021,3,15000.0,Automatic,first,Petrol,795000
Maruti Suzuki,Swift-Dzire,2021,3,64000.0,Automatic,first,Petrol,650000
Honda,Jazz,2018,6,81000.0,Automatic,first,Petrol,625000
Hyundai,Aura,2021,3,20000.0,Manual,second,Petrol,565000
Maruti Suzuki,Swift,2023,1,16000.0,Automatic,first,Petrol,845000
Hyundai,i20,2022,2,7700.0,Manual,first,Petrol,760000
Mercedes-Benz,M-Class,2014,10,120000.0,Automatic,first,Diesel,2400000
Maruti Suzuki,Swift,2023,1,11000.0,Automatic,first,Petrol,725000
Maruti Suzuki,Ertiga,2020,4,18000.0,Manual,first,Petrol,899000
Maruti Suzuki,Eeco,2020,4,30000.0,Automatic,first,Petrol,350000
BMW,6 Series,2018,6,52000.0,Automatic,first,Diesel,4325111
Toyota,Innova Crysta,2018,6,80000.0,Manual,first,Diesel,2100000
Toyota,Innova Crysta,2018,6,53000.0,Automatic,second,Diesel,1399999
Tata,Indigo Ecs,2016,8,43500.0,Manual,second,Diesel,260000
Hyundai,Eon,2016,8,50000.0,Manual,first,Petrol,335000
Toyota,Fortuner,2012,12,185000.0,Automatic,second,Diesel,1350000
Honda,WRV,2017,7,84000.0,Manual,first,Diesel,525000
Skoda,Kodiaq,2021,3,25296.0,Automatic,first,Petrol,3299000
Renault,Duster,2019,5,79200.0,Automatic,first,Diesel,712000
Skoda,Rapid,2019,5,60110.0,Automatic,second,Petrol,545000
Toyota,Fortuner,2023,1,6400.0,Automatic,first,Diesel,4250000
Maruti Suzuki,Swift-Dzire,2015,9,58200.0,Manual,second,Petrol,445000
Maruti Suzuki,Alto-800,2013,11,16231.0,Manual,first,Petrol,185101
Maruti Suzuki,Swift-Dzire,2019,5,65000.0,Automatic,first,Diesel,615000
Hyundai,i10,2009,15,16000.0,Automatic,first,Petrol,325000
Hyundai,Santro Xing,2006,18,32950.0,Manual,second,Petrol,105000
Mercedes-Benz,GL-Class,2013,11,100000.0,Automatic,second,Diesel,2400000
Maruti Suzuki,Ertiga,2017,7,68000.0,Manual,first,Diesel,675000
Toyota,Innova Crysta,2016,8,125000.0,Automatic,first,Diesel,1270000
Hyundai,Alcazar,2021,3,40500.0,Automatic,first,Petrol,1659000
MG,Hector,2020,4,45000.0,Automatic,second,Petrol,1225000
Honda,Jazz,2012,12,59600.0,Manual,second,Petrol,250000
Hyundai,Elantra,2015,9,80000.0,Manual,first,Petrol,585000
Maruti Suzuki,Swift-Dzire-Tour,2016,8,107000.0,Manual,second,Diesel,385000
Maruti Suzuki,Alto-K10,2013,11,65321.0,Manual,first,Petrol,189101
Mercedes-Benz,C-Class,2010,14,130000.0,Automatic,second,Diesel,750000
Jaguar,XF,2016,8,76000.0,Automatic,second,Diesel,2500000
Maruti Suzuki,Swift-Dzire,2017,7,32000.0,Automatic,second,Petrol,720000
Volkswagen,VentoTest,2017,7,56300.0,Manual,second,Petrol,599999
Maruti Suzuki,Ritz,2010,14,195000.0,Manual,second,Petrol,250000
Datsun,Redi Go,2019,5,15698.0,Automatic,second,Petrol,280000
Maruti Suzuki,Swift,2010,14,120000.0,Automatic,second,Diesel,130000
MG,Hector,2023,1,7600.0,Automatic,first,Petrol,2185000
Maruti Suzuki,Alto,2005,19,60000.0,Manual,second,Petrol,75000
Mercedes-Benz,GLA,2022,2,16500.0,Automatic,first,Diesel,4950000
Mercedes-Benz,GLC,2017,7,15000.0,Automatic,first,Diesel,4290000
Jeep,Meridian,2023,1,16000.0,Automatic,first,Diesel,3495000
Renault,Duster,2013,11,98325.0,Manual,second,Diesel,265000
Maruti Suzuki,Alto-K10,2016,8,75000.0,Manual,second,Petrol,238000
Volkswagen,Polo,2021,3,14500.0,Manual,second,Petrol,575000
Force,Motors FM Gurkha,2022,2,21000.0,Manual,first,Diesel,1025000
Hyundai,Santa Fe,2014,10,62394.0,Automatic,second,Diesel,799999
Mahindra,XUV500,2016,8,95000.0,Manual,first,Diesel,745000
Nissan,Kicks,2019,5,125000.0,Manual,first,Diesel,775000
Honda,City,2014,10,61000.0,Manual,second,Petrol,475000
Hyundai,i10,2016,8,41258.0,Manual,first,Petrol,335000
Maruti Suzuki,Alto-K10,2018,6,46000.0,Automatic,first,Petrol,345000
Hyundai,Verna,2013,11,82000.0,Manual,second,Diesel,392000
Maruti Suzuki,Wagon-R,2006,18,59700.0,Manual,second,Petrol,145000
Renault,KWID,2019,5,60000.0,Automatic,second,Petrol,320000
Hyundai,Creta,2015,9,76000.0,Manual,second,Diesel,865000
Toyota,Fortuner,2015,9,130000.0,Manual,second,Diesel,1250000
Ford,Endeavour,2017,7,78000.0,Automatic,first,Diesel,1999000
Maruti Suzuki,Wagon R,2009,15,61000.0,Manual,second,Petrol,126000
Maruti Suzuki,Swift,2012,12,72000.0,Manual,second,Petrol,335000
Audi,Q5,2014,10,77000.0,Automatic,second,Diesel,1849999
Audi,A3,2016,8,94000.0,Automatic,first,Diesel,1399000
Maruti Suzuki,Swift,2012,12,125000.0,Automatic,first,Diesel,340000
Hyundai,Verna,2016,8,64000.0,Manual,first,Diesel,590000
Hyundai,Fluidic Verna,2013,11,64000.0,Automatic,second,Diesel,465000
Maruti Suzuki,Swift,2014,10,106000.0,Manual,second,Diesel,470000
Tata,Nano,2016,8,39000.0,Automatic,first,Petrol,239999
Maruti Suzuki,Swift,2015,9,102000.0,Manual,second,Diesel,410000
Mini,Cooper Convertible,2019,5,25000.0,Automatic,second,Petrol,3850000
Hyundai,Grand i10,2016,8,25000.0,Automatic,first,Petrol,495000
Hyundai,Elantra,2015,9,53500.0,Manual,first,Diesel,700000
Maruti Suzuki,Ertiga,2019,5,73000.0,Manual,first,Diesel,1090000
Mitsubishi,Outlander,2009,15,64800.0,Automatic,second,Petrol,549200
BMW,3 Series,2013,11,75000.0,Automatic,second,Diesel,799000
Maruti Suzuki,Swift,2009,15,169000.0,Manual,second,Diesel,295000
MG,Hector,2021,3,36000.0,Automatic,first,Petrol,1600000
Maruti Suzuki,Ciaz,2015,9,74000.0,Manual,first,Diesel,495000
Maruti Suzuki,Wagon-R-1-0,2016,8,44000.0,Automatic,second,Petrol,375000
Volkswagen,Polo,2013,11,163000.0,Manual,first,Diesel,310000
Maruti Suzuki,Ertiga,2016,8,50000.0,Manual,first,Diesel,700000
Ford,Ecosport,2017,7,48082.0,Automatic,first,Petrol,665000
Tata,Harrier,2022,2,31000.0,Automatic,first,Diesel,2050000
Mercedes-Benz,GLE Class,2018,6,60000.0,Automatic,second,Diesel,4500000
Maruti Suzuki,Swift-Dzire,2018,6,43000.0,Automatic,first,Petrol,520000
Hyundai,Grand i10 Nios,2022,2,18400.0,Automatic,first,Petrol,850000
Tata,Tigor,2022,2,4600.0,Automatic,second,Petrol,675000
Maruti Suzuki,Vitara Brezza,2018,6,72000.0,Automatic,first,Diesel,765000
Honda,Civic,2019,5,45000.0,Automatic,first,Petrol,1550000
Mahindra,XUV500,2017,7,90000.0,Manual,first,Diesel,995000
Maruti Suzuki,Vitara-Brezza,2018,6,117000.0,Automatic,second,Diesel,785000
BMW,3 Series Gran Limousine,2012,12,51000.0,Automatic,second,Diesel,649000
Mercedes-Benz,GLS,2017,7,53000.0,Automatic,first,Diesel,5175111
Maruti Suzuki,Swift,2018,6,66000.0,Automatic,second,Petrol,575000
Volkswagen,Jetta,2014,10,89000.0,Automatic,first,Diesel,750000
Chevrolet,Beat,2014,10,67000.0,Manual,second,Diesel,145000
Audi,Q5,2018,6,57000.0,Automatic,first,Petrol,2900000
Mercedes-Benz,C-Class,2017,7,60000.0,Automatic,first,Diesel,3150000
Toyota,Innova,2010,14,101412.0,Manual,second,Diesel,395000
Honda,City,2015,9,68530.0,Manual,first,Petrol,475000
Tata,Harrier,2019,5,73000.0,Manual,first,Diesel,1149000
Maruti Suzuki,Wagon-R,2018,6,62000.0,Manual,second,Petrol,397000
Honda,Amaze,2015,9,40500.0,Manual,second,Petrol,415000
Maruti Suzuki,800,2014,10,48000.0,Automatic,second,Petrol,180000
Hyundai,Verna,2018,6,70111.0,Manual,first,Diesel,1025000
Hyundai,Eon,2017,7,68000.0,Manual,second,Petrol,265000
BMW,3 Series,2013,11,57000.0,Automatic,first,Diesel,1200000
Tata,Nano,2015,9,34000.0,Manual,first,Petrol,70000
Honda,City,2014,10,170000.0,Manual,second,Diesel,670000
Land Rover,Range Rover Sport,2023,1,18650.0,Automatic,first,Diesel,16500000
Volkswagen,VentoTest,2012,12,47000.0,Manual,first,Diesel,298000
Chevrolet,Cruze,2016,8,65000.0,Automatic,second,Diesel,525000
Kia,Carnival,2020,4,61000.0,Automatic,first,Diesel,3000000
Hyundai,Grand i10,2014,10,51000.0,Manual,second,Petrol,375000
Hyundai,Venue,2022,2,3000.0,Manual,first,Petrol,1160000
Hyundai,Creta,2020,4,70000.0,Automatic,second,Petrol,1155000
Honda,Brio,2013,11,76000.0,Manual,second,Petrol,185000
Maruti Suzuki,Baleno,2020,4,52450.0,Manual,first,Petrol,610000
Mahindra,XUV500,2014,10,100000.0,Manual,second,Diesel,470000
Maruti Suzuki,Ciaz,2015,9,83000.0,Manual,second,Diesel,425000
Hyundai,i10,2010,14,64000.0,Manual,first,Petrol,249999
Maruti Suzuki,Wagon-R,2017,7,95000.0,Manual,second,Petrol,280000
Maruti Suzuki,Swift,2015,9,52000.0,Manual,first,Petrol,345000
Maruti Suzuki,Swift-Dzire,2020,4,750000.0,Manual,first,Diesel,520000
Ford,Figo,2011,13,68000.0,Manual,first,Petrol,149000
Honda,Jazz,2016,8,90500.0,Manual,second,Diesel,485000
Jeep,Compass,2018,6,86000.0,Manual,second,Diesel,849000
Toyota,Etios,2013,11,85000.0,Manual,first,Diesel,275000
Maruti Suzuki,Swift,2021,3,38000.0,Manual,first,Petrol,715000
Renault,Triber,2022,2,35000.0,Automatic,first,Petrol,735000
Maruti Suzuki,Vitara-Brezza,2017,7,72000.0,Manual,first,Diesel,590000
Mahindra,XUV500,2014,10,78000.0,Manual,second,Diesel,715000
Maruti Suzuki,Alto-K10,2016,8,41000.0,Automatic,second,Petrol,255000
Fiat,Punto,2012,12,69500.0,Manual,first,Diesel,199999
Hyundai,Fluidic Verna,2020,4,50400.0,Manual,second,Petrol,965000
Toyota,Fortuner,2018,6,100000.0,Manual,second,Diesel,2700000
Honda,City,2014,10,9876.0,Manual,first,Diesel,400000
Maruti Suzuki,Swift Dzire,2012,12,58000.0,Automatic,second,Petrol,400000
Jaguar,XF,2018,6,28650.0,Automatic,second,Petrol,2850000
Renault,Triber,2020,4,26700.0,Automatic,first,Petrol,624999
Audi,A4,2015,9,41000.0,Automatic,second,Diesel,1035000
Kia,Seltos,2022,2,20890.0,Automatic,second,Petrol,1445000
Mercedes-Benz,GLA Class,2019,5,14700.0,Automatic,first,Diesel,3475000
Hyundai,i20,2015,9,54000.0,Manual,first,Petrol,375000
Maruti Suzuki,Ertiga,2016,8,199600.0,Manual,second,Diesel,775000
Mercedes-Benz,E-Class,2015,9,34000.0,Automatic,first,Diesel,1465000
Mahindra,Thar,2021,3,26000.0,Automatic,second,Petrol,1490000
Mahindra,Thar,2013,11,16872.0,Manual,second,Diesel,950000
Hyundai,i10,2017,7,70000.0,Automatic,second,Diesel,450000
Mercedes-Benz,E-Class,2024,0,8000.0,Automatic,first,Petrol,6175000
Maruti Suzuki,Ignis,2022,2,33506.0,Manual,first,Petrol,544000
Hyundai,Eon,2018,6,48000.0,Manual,second,Petrol,265000
Maruti Suzuki,Ertiga,2013,11,83000.0,Manual,second,Diesel,710000
Hyundai,Venue,2020,4,30000.0,Automatic,first,Petrol,890000
Skoda,Rapid,2019,5,72000.0,Automatic,second,Diesel,1000000
Audi,Q7,2016,8,63000.0,Automatic,first,Diesel,3850000
Honda,City ZX,2006,18,92000.0,Manual,second,Petrol,130000
Kia,Carnival,2021,3,47000.0,Automatic,first,Diesel,2990000
Maruti Suzuki,Vitara Brezza,2019,5,35000.0,Automatic,second,Diesel,675000
Hyundai,i10,2009,15,58496.0,Manual,second,Petrol,80000
Renault,Triber,2020,4,26000.0,Automatic,first,Petrol,625000
Hyundai,i10,2014,10,29000.0,Manual,second,Petrol,260000
Hyundai,i10,2010,14,74000.0,Manual,second,Petrol,99000
Audi,A6,2014,10,113000.0,Automatic,first,Diesel,1225000
Audi,A6,2014,10,68000.0,Automatic,second,Diesel,749999
Hyundai,Eon,2014,10,63000.0,Manual,first,Petrol,201000
Toyota,Innova Crysta,2018,6,77000.0,Automatic,first,Diesel,1650000
Maruti Suzuki,Swift-Dzire,2018,6,73000.0,Manual,first,Petrol,639000
BMW,2 Series,2022,2,2000.0,Automatic,first,Petrol,3765000
Mahindra,Thar,2021,3,34000.0,Automatic,first,Petrol,1325000
Toyota,Innova Crysta,2017,7,46000.0,Automatic,second,Diesel,2300000
Hyundai,i10,2009,15,69000.0,Automatic,second,Petrol,288000
Maruti Suzuki,Eeco,2014,10,81388.0,Manual,first,Petrol,275000
Hyundai,Eon,2014,10,41500.0,Manual,first,Petrol,249000
Honda,City,2022,2,27000.0,Manual,first,Petrol,1098000
Mercedes-Benz,GLE Class,2016,8,850000.0,Automatic,first,Diesel,2600000
Mercedes-Benz,C-Class,2019,5,70000.0,Automatic,first,Diesel,3450000
Honda,Jazz,2015,9,53000.0,Automatic,second,Petrol,449999
Hyundai,Verna,2012,12,53750.0,Automatic,second,Petrol,325000
Toyota,Innova Crysta,2017,7,171000.0,Manual,first,Diesel,1475000
Hyundai,Grand i10 Nios,2020,4,100000.0,Manual,first,Petrol,549000
Maruti Suzuki,Wagon-R,2017,7,79000.0,Automatic,first,Petrol,440000
Maruti Suzuki,S-Cross,2018,6,106000.0,Manual,second,Diesel,825000
Hyundai,i10,2012,12,67000.0,Automatic,second,Petrol,298000
Toyota,Glanza,2019,5,64000.0,Manual,first,Petrol,689000
Maruti Suzuki,Vitara Brezza,2016,8,8788.0,Automatic,first,Diesel,500000
Hyundai,Creta,2016,8,108000.0,Manual,first,Diesel,925000
Maruti Suzuki,800,2012,12,110000.0,Manual,second,Petrol,120000
Mahindra,Thar,2022,2,27000.0,Automatic,second,Petrol,1290000
Renault,KWID,2016,8,23.0,Manual,second,Petrol,210000
Honda,City,2016,8,33950.0,Automatic,first,Petrol,650000
Tata,Nexon,2019,5,67231.0,Manual,first,Diesel,539101
Honda,WR-V,2018,6,55000.0,Manual,first,Petrol,650000
Tata,Altroz,2020,4,74000.0,Manual,first,Petrol,580000
Maruti Suzuki,Wagon R,2011,13,110858.0,Manual,first,Petrol,210000
Mahindra,Scorpio N,2022,2,29000.0,Automatic,first,Diesel,2149999
Nissan,PATROL,2019,5,35000.0,Manual,first,Petrol,220000
Mercedes-Benz,B Class,2014,10,41000.0,Automatic,second,Petrol,1040000
MG,ASTOR,2022,2,47200.0,Automatic,first,Petrol,1190000
Maruti Suzuki,Vitara-Brezza,2019,5,75000.0,Automatic,first,Diesel,725000
Maruti Suzuki,Celerio,2018,6,82000.0,Automatic,first,Petrol,425000
Mahindra,TUV 300,2015,9,53000.0,Manual,second,Diesel,425000
Toyota,Corolla Altis,2015,9,74000.0,Automatic,second,Petrol,649000
Maruti Suzuki,Swift,2012,12,158000.0,Manual,second,Diesel,315000
Skoda,Rapid,2013,11,150000.0,Manual,second,Diesel,425000
Toyota,Fortuner,2017,7,190000.0,Manual,second,Diesel,2400000
Maruti Suzuki,Ciaz,2020,4,19000.0,Automatic,second,Petrol,925000
Maruti Suzuki,maruti-suzuki-brezza,2021,3,18000.0,Manual,first,Petrol,740000
Ford,Ecosport,2015,9,72000.0,Automatic,second,Diesel,450000
Maruti Suzuki,Ritz,2011,13,65500.0,Manual,second,Petrol,190000
Toyota,Glanza,2022,2,9000.0,Manual,first,Petrol,775000
Chevrolet,Sail,2013,11,27000.0,Manual,first,Petrol,175000
BMW,X4,2021,3,20000.0,Automatic,first,Petrol,6000000
Maruti Suzuki,Swift-Dzire-Tour,2018,6,120000.0,Manual,second,Diesel,499000
Hyundai,Grand i10,2015,9,68500.0,Manual,first,Diesel,345000
MG,Hector Plus,2024,0,15000.0,Automatic,first,Petrol,2175000
Ford,Figo Aspire,2016,8,37000.0,Automatic,first,Petrol,435000
Hyundai,i10,2011,13,51000.0,Automatic,second,Petrol,140000
BMW,3 Series,2012,12,53000.0,Automatic,second,Diesel,735000
Mercedes-Benz,M-Class,2013,11,68000.0,Automatic,second,Diesel,1950000
Kia,Seltos,2022,2,25000.0,Automatic,first,Petrol,1525000
Toyota,Innova Crysta,2017,7,97000.0,Manual,second,Diesel,1100000
Mahindra,XUV500,2017,7,59000.0,Manual,first,Diesel,1500000
Hyundai,Grand i10,2015,9,57000.0,Manual,second,Petrol,380000
Hyundai,Creta,2019,5,64000.0,Automatic,first,Petrol,1040000
Maruti Suzuki,A-Star,2009,15,82000.0,Manual,second,Petrol,130000
Renault,KWID,2017,7,65000.0,Automatic,second,Petrol,320000
Land Rover,Discovery,2017,7,72000.0,Automatic,first,Diesel,2149000
Toyota,Fortuner,2018,6,11000.0,Manual,first,Diesel,3095000
Skoda,Superb,2011,13,90000.0,Automatic,second,Petrol,400000
Mahindra,Marazzo,2020,4,168000.0,Manual,second,Diesel,700000
Maruti Suzuki,Swift,2019,5,58900.0,Automatic,first,Petrol,495000
Maruti Suzuki,Swift,2022,2,52000.0,Automatic,first,Petrol,645000
Mercedes-Benz,C-Class,2014,10,86000.0,Automatic,second,Diesel,895000
Honda,City,2021,3,43000.0,Automatic,first,Petrol,1040000
Skoda,Rapid,2021,3,34000.0,Automatic,first,Petrol,840000
Mahindra,Scorpio,2020,4,15.0,Automatic,first,Diesel,1350000
Hyundai,i20,2015,9,87000.0,Manual,first,Diesel,450000
Maruti Suzuki,Baleno,2015,9,81000.0,Manual,second,Diesel,570000
Honda,WRV,2017,7,47000.0,Automatic,second,Petrol,575002
MG,Hector Plus,2023,1,15744.0,Automatic,first,Petrol,1599999
Honda,City,2014,10,78000.0,Manual,first,Diesel,595000
Maruti Suzuki,Wagon-R,2019,5,25000.0,Automatic,second,Petrol,525000
Hyundai,Verna,2018,6,74000.0,Automatic,first,Petrol,880000
Hyundai,Santro,2007,17,75000.0,Manual,second,Petrol,165000
Toyota,Yaris,2018,6,61000.0,Automatic,second,Petrol,580000
Honda,Amaze,2014,10,62000.0,Automatic,first,Petrol,350000
Renault,Duster,2017,7,130000.0,Manual,first,Diesel,590000
Toyota,Fortuner,2018,6,130000.0,Automatic,second,Diesel,2849000
Mercedes-Benz,GLC,2017,7,151000.0,Automatic,second,Diesel,2850000
Mahindra,XUV500,2018,6,95000.0,Manual,second,Diesel,1280000
Audi,Q5,2011,13,103000.0,Automatic,second,Diesel,851000
Hyundai,i20,2012,12,149175.0,Manual,second,Diesel,315000
Toyota,Corolla Altis,2011,13,52000.0,Manual,second,Petrol,343000
Hyundai,Creta,2020,4,70000.0,Manual,first,Diesel,1499000
Mercedes-Benz,E-Class,2009,15,21000.0,Automatic,second,Diesel,475000
Renault,Lodgy,2016,8,119000.0,Manual,first,Diesel,560000
Mercedes-Benz,M-Class,2014,10,135000.0,Automatic,first,Diesel,1645000
Tata,Nexon,2018,6,52000.0,Automatic,first,Petrol,645000
Toyota,Fortuner,2020,4,54000.0,Automatic,first,Diesel,3400000
Maruti Suzuki,Swift,2015,9,74566.0,Manual,second,Diesel,345000
Mahindra,Thar,2022,2,32500.0,Automatic,first,Diesel,1775000
Maruti Suzuki,Swift,2022,2,60000.0,Manual,second,Petrol,550000
Tata,Harrier,2020,4,29000.0,Manual,first,Diesel,1075000
Skoda,Kushaq,2023,1,17694.0,Automatic,first,Petrol,1850000
Maruti Suzuki,XL6,2021,3,25524.0,Automatic,first,Petrol,1149000
Honda,City,2016,8,91000.0,Manual,first,Diesel,550000
Maruti Suzuki,maruti-suzuki-dzire,2013,11,70000.0,Manual,second,Petrol,295000
Renault,Duster,2014,10,85000.0,Manual,first,Diesel,285000
Maruti Suzuki,Zen-Estilo,2004,20,170000.0,Manual,second,Diesel,110000
Mercedes-Benz,GLE Class,2024,0,4000.0,Automatic,first,Diesel,10200000
MG,Hector,2023,1,42000.0,Manual,first,Diesel,2025000
Maruti Suzuki,800,2008,16,56000.0,Manual,second,Petrol,150000
Maruti Suzuki,Alto-800,2022,2,25000.0,Manual,second,Petrol,345000
Maruti Suzuki,Wagon-R,2007,17,118000.0,Manual,second,Petrol,150000
Mahindra,Scorpio,2016,8,82000.0,Manual,first,Diesel,775000
Skoda,Superb,2016,8,60000.0,Automatic,second,Petrol,1650000
Honda,CRV,2013,11,57000.0,Automatic,second,Petrol,715000
Honda,Amaze,2013,11,45000.0,Manual,first,Petrol,395000
Honda,Amaze,2022,2,16000.0,Manual,first,Petrol,665000
Toyota,Fortuner,2021,3,36000.0,Automatic,first,Diesel,3750000
Maruti Suzuki,Celerio,2018,6,55000.0,Automatic,first,Petrol,392000
Toyota,Innova Crysta,2016,8,174000.0,Automatic,second,Diesel,1550000
Ford,Figo Aspire,2019,5,60000.0,Manual,first,Diesel,469000
Tata,Sumo Grande MK II,2013,11,42000.0,Manual,second,Diesel,275000
Hyundai,Grand i10,2018,6,28000.0,Automatic,second,Petrol,525000
Maruti Suzuki,Alto-800,2021,3,13000.0,Manual,second,Petrol,440000
Renault,KWID,2016,8,77000.0,Manual,first,Petrol,255000
Hyundai,Creta,2021,3,45000.0,Automatic,first,Diesel,1699000
Jeep,Compass,2018,6,53213.0,Manual,second,Diesel,860000
Hyundai,i20,2011,13,53000.0,Manual,second,Petrol,230000
Maruti Suzuki,Wagon R,2018,6,64000.0,Automatic,first,Petrol,451000
Honda,City,2016,8,80000.0,Manual,first,Diesel,580000
Mercedes-Benz,V-Class,2019,5,20000.0,Automatic,first,Diesel,6300000
Maruti Suzuki,Celerio,2017,7,61000.0,Automatic,second,Petrol,455000
Volvo,S80,2015,9,75000.0,Automatic,first,Diesel,1350000
Maruti Suzuki,Swift-Dzire,2018,6,33251.0,Automatic,second,Petrol,550000
Maruti Suzuki,Alto-800,2014,10,86000.0,Manual,first,Petrol,300000
Honda,Brio,2013,11,54000.0,Manual,first,Petrol,335000
Maruti Suzuki,Swift,2016,8,158000.0,Manual,second,Diesel,450000
Maruti Suzuki,Ertiga,2013,11,70000.0,Manual,second,Diesel,580000
Honda,Amaze,2021,3,78000.0,Automatic,second,Diesel,1075000
Mahindra,Verito,2013,11,112000.0,Manual,second,Diesel,360000
Hyundai,Creta,2019,5,29569.0,Automatic,first,Petrol,1100000
Honda,Brio,2012,12,92500.0,Automatic,first,Petrol,200000
Toyota,Fortuner,2012,12,220000.0,Automatic,second,Diesel,1245000
Hyundai,i10,2008,16,90000.0,Manual,first,Petrol,199999
Mahindra,Thar,2024,0,8000.0,Manual,first,Diesel,1550000
Nissan,Terrano,2017,7,80000.0,Automatic,second,Diesel,745000
Mercedes-Benz,GL-Class,2018,6,72000.0,Automatic,second,Diesel,4800000
Maruti Suzuki,Grand Vitara,2023,1,8400.0,Manual,first,Petrol,1450000
Maruti Suzuki,Ignis,2019,5,520000.0,Manual,first,Petrol,450000
Honda,City ZX,2008,16,145000.0,Manual,second,Petrol,160000
Volkswagen,Polo,2020,4,87244.0,Manual,first,Petrol,725000
Renault,KWID,2016,8,88000.0,Automatic,second,Petrol,180000
Volvo,XC 90,2009,15,94000.0,Automatic,second,Diesel,1250000
Maruti Suzuki,Celerio X,2018,6,38000.0,Automatic,second,Petrol,400000
Maruti Suzuki,Vitara-Brezza,2017,7,69500.0,Manual,second,Diesel,514999
Mahindra,XUV500,2016,8,24000.0,Manual,second,Diesel,625000
Honda,City,2022,2,10000.0,Automatic,first,Petrol,1299000
Tata,Nexon,2020,4,55000.0,Automatic,first,Petrol,695000
Toyota,Innova,2012,12,151000.0,Manual,first,Diesel,895000
Toyota,Fortuner,2015,9,73500.0,Manual,second,Diesel,1390000
Kia,Sonet,2020,4,20200.0,Automatic,first,Petrol,1000000
Toyota,Innova Crysta,2018,6,162000.0,Automatic,second,Diesel,1875000
Volkswagen,Polo,2021,3,73000.0,Automatic,first,Petrol,891000
Hyundai,EON,2017,7,56000.0,Manual,first,Petrol,278000
Maruti Suzuki,Eeco,2023,1,35000.0,Manual,second,Petrol,600000
Ford,Figo Aspire,2016,8,113546.0,Automatic,second,Petrol,389999
Kia,Seltos,2021,3,9020.0,Manual,first,Petrol,1300000
Maruti Suzuki,Celerio,2015,9,20460.0,Automatic,second,Petrol,475000
Volkswagen,Polo,2011,13,130000.0,Manual,second,Diesel,250000
Mahindra,XUV500,2015,9,67000.0,Manual,first,Diesel,650000
Hyundai,Verna,2018,6,51000.0,Manual,second,Petrol,695000
Mercedes-Benz,GLE,2022,2,24000.0,Automatic,first,Petrol,9500000
BMW,3 Series GT,2019,5,44000.0,Automatic,first,Diesel,3000000
Honda,City,2014,10,99920.0,Automatic,second,Petrol,460000
Mercedes-Benz,CLA,2015,9,69000.0,Automatic,second,Petrol,1499000
Maruti Suzuki,Vitara-Brezza,2020,4,62302.0,Manual,first,Petrol,729000
Mahindra,Bolero Power Plus,2011,13,165786.0,Manual,second,Diesel,275000
Honda,Jazz,2015,9,62000.0,Automatic,second,Petrol,490000
Audi,A4,2012,12,77000.0,Automatic,first,Petrol,697000
Jeep,Compass,2018,6,68000.0,Automatic,first,Petrol,1049999
Kia,Sonet,2021,3,84000.0,Automatic,first,Petrol,875000
Volkswagen,Polo GTI,2015,9,56000.0,Automatic,first,Petrol,520000
Mahindra,Thar,2018,6,106000.0,Manual,first,Diesel,790000
Tata,Tigor,2019,5,67321.0,Manual,first,Petrol,389101
Renault,KWID,2021,3,73146.0,Manual,first,Petrol,300000
Maruti Suzuki,Swift-Dzire,2010,14,92000.0,Manual,first,Diesel,320000
Toyota,Fortuner,2015,9,68000.0,Automatic,first,Diesel,2275000
BMW,5 Series,2011,13,100000.0,Automatic,first,Diesel,1350000
Hyundai,Verna,2021,3,55000.0,Manual,first,Petrol,1045000
Kia,Seltos,2021,3,47000.0,Automatic,first,Petrol,1475000
Renault,Kiger,2022,2,10000.0,Automatic,first,Petrol,695000
Maruti Suzuki,Swift-Dzire,2012,12,69000.0,Manual,second,Petrol,365000
Maruti Suzuki,Swift,2016,8,102000.0,Manual,second,Petrol,385000
BMW,X7,2020,4,25700.0,Automatic,second,Petrol,10900000
Maruti Suzuki,Ertiga,2018,6,65000.0,Automatic,second,Petrol,675000
Ford,Fiesta,2009,15,68000.0,Manual,second,Diesel,225000
Skoda,Slavia,2022,2,4950.0,Automatic,first,Petrol,1670000
Honda,City ZX,2007,17,56000.0,Manual,second,Petrol,99999
Mahindra,Scorpio Classic,2020,4,80000.0,Manual,second,Diesel,1325000
Renault,Triber,2020,4,17000.0,Manual,first,Petrol,545000
Toyota,Camry,2013,11,95000.0,Automatic,first,Petrol,750000
Mahindra,XUV700,2022,2,39000.0,Automatic,first,Petrol,1950000
Hyundai,Creta,2019,5,68000.0,Automatic,second,Petrol,1175000
Kia,Sonet,2020,4,35000.0,Manual,first,Petrol,950000
Toyota,Etios,2019,5,178000.0,Manual,second,Diesel,850000
Maruti Suzuki,Swift-Dzire,2021,3,81000.0,Manual,first,Petrol,615000
Maruti Suzuki,Vitara Brezza,2020,4,48000.0,Manual,first,Petrol,885000
Toyota,Etios,2017,7,150000.0,Manual,second,Diesel,700000
Maruti Suzuki,Alto-800,2022,2,21000.0,Manual,first,Petrol,395000
Volkswagen,Polo,2017,7,19000.0,Manual,first,Petrol,535000
Honda,City,2016,8,74000.0,Automatic,second,Petrol,590000
Hyundai,Verna,2008,16,125000.0,Manual,first,Diesel,165000
Hyundai,Creta,2017,7,60000.0,Automatic,first,Petrol,850000
Maruti Suzuki,Swift-Dzire,2015,9,68000.0,Manual,first,Diesel,550000
Force,Motors FM Trax Cruiser,2024,0,18000.0,Manual,first,Diesel,1451000
Maruti Suzuki,Baleno,2021,3,50000.0,Manual,first,Petrol,755000
Hyundai,Creta,2017,7,82000.0,Automatic,first,Petrol,830000
Maruti Suzuki,Alto 800,2015,9,65000.0,Manual,second,Petrol,225000
Kia,Seltos,2021,3,39000.0,Automatic,first,Petrol,1400000
Maruti Suzuki,Ertiga,2018,6,130000.0,Manual,first,Diesel,850000
Jeep,Meridian,2023,1,19780.0,Automatic,first,Diesel,3100000
Honda,Civic,2019,5,35000.0,Automatic,second,Petrol,1199000
Tata,Nexon,2019,5,89000.0,Automatic,first,Diesel,470000
Mercedes-Benz,E-Class,2013,11,78000.0,Automatic,first,Petrol,1045000
Maruti Suzuki,Estilo,2007,17,74900.0,Manual,first,Petrol,95000
Mahindra,XUV300,2019,5,21000.0,Manual,second,Diesel,895000
Mini,Cooper S,2017,7,42000.0,Automatic,second,Petrol,3350000
Hyundai,Xcent,2020,4,15000.0,Manual,first,Petrol,505000
Mahindra,Scorpio,2017,7,86000.0,Manual,second,Diesel,700000
Tata,Indigo Cs,2009,15,0.0,Manual,second,Diesel,160000
Maruti Suzuki,Swift-Dzire,2015,9,86000.0,Manual,first,Diesel,335000
Land Rover,Range Rover Evoque,2020,4,11264.0,Automatic,first,Diesel,5795000
Honda,City,2013,11,130000.0,Manual,second,Petrol,394500
Honda,Amaze,2021,3,78000.0,Automatic,second,Diesel,1075000
Renault,KWID,2016,8,50588.0,Manual,second,Petrol,325000
Honda,City,2016,8,79000.0,Automatic,second,Petrol,675000
Maruti Suzuki,Swift,2015,9,94200.0,Manual,second,Diesel,495000
Toyota,Innova Crysta,2016,8,160000.0,Automatic,first,Diesel,1375000
Maruti Suzuki,XL6,2019,5,40000.0,Automatic,first,Petrol,1125000
Mercedes-Benz,GLC,2020,4,38000.0,Automatic,second,Diesel,4700000
Tata,Nexon,2023,1,7800.0,Automatic,first,Petrol,895000
Maruti Suzuki,Celerio,2015,9,114000.0,Automatic,second,Petrol,395000
Hyundai,Santro Xing,2010,14,100000.0,Manual,second,Petrol,126000
Tata,Indigo Ecs,2014,10,114109.0,Manual,second,Diesel,180000
Honda,Amaze,2016,8,64000.0,Manual,second,Petrol,415000
Hyundai,Creta,2017,7,66000.0,Manual,second,Petrol,675000
Toyota,Innova,2011,13,150000.0,Manual,second,Diesel,400000
BMW,5 Series,2018,6,50000.0,Automatic,first,Diesel,3900000
Maruti Suzuki,Ritz,2014,10,54000.0,Manual,second,Petrol,385000
Maruti Suzuki,Vitara-Brezza,2020,4,64000.0,Manual,first,Diesel,875000
Toyota,Innova Crysta,2016,8,185865.0,Automatic,first,Diesel,1490000
Maruti Suzuki,Swift,2012,12,82000.0,Manual,second,Diesel,225000
Kia,Sonet,2024,0,800.0,Manual,first,Petrol,170000
Renault,KWID,2017,7,62000.0,Automatic,first,Petrol,399999
Toyota,Innova,2010,14,220734.0,Manual,second,Diesel,576000
Maruti Suzuki,Swift-Dzire,2014,10,70000.0,Manual,second,Diesel,450000
Land Rover,Range Rover Evoque,2013,11,80500.0,Automatic,second,Diesel,1590000
Hyundai,i20 Active,2016,8,50000.0,Manual,first,Petrol,540000
Hyundai,i20,2017,7,30000.0,Manual,second,Petrol,500000
Toyota,Innova Crysta,2017,7,161000.0,Automatic,first,Diesel,1650000
Maruti Suzuki,Alto-K10,2018,6,72000.0,Automatic,first,Petrol,370000
Mercedes-Benz,GLE Class,2017,7,49000.0,Automatic,first,Petrol,4900000
Maruti Suzuki,Swift-Dzire,2015,9,72000.0,Manual,second,Diesel,645000
Mercedes-Benz,E-Class,2009,15,100000.0,Automatic,second,Diesel,625000
Hyundai,Fluidic Verna,2013,11,90000.0,Manual,second,Petrol,470000
Hyundai,Xcent,2015,9,56000.0,Manual,first,Petrol,365000
Hyundai,i10,2012,12,51000.0,Manual,second,Petrol,165000
Mahindra,XUV500,2015,9,55000.0,Manual,first,Diesel,790000
Audi,Q5,2019,5,24000.0,Automatic,second,Diesel,3475000
Maruti Suzuki,Brezza,2017,7,67000.0,Manual,second,Diesel,700000
Toyota,Etios,2013,11,70000.0,Manual,second,Petrol,260000
Maruti Suzuki,Wagon-R-1-0,2009,15,80000.0,Manual,second,Petrol,110000
Maruti Suzuki,Swift,2011,13,28082.0,Manual,first,Petrol,255000
Porsche,Cayenne,2018,6,70000.0,Automatic,first,Diesel,4650000
Tata,Hexa,2018,6,88000.0,Manual,first,Diesel,799999
Maruti Suzuki,Eeco,2018,6,68321.0,Manual,first,Petrol,335101
Ford,Ecosport,2017,7,55000.0,Manual,second,Petrol,650000
Hyundai,Creta,2019,5,51000.0,Manual,first,Diesel,899000
BMW,X5,2019,5,17500.0,Automatic,first,Diesel,4500000
Maruti Suzuki,Swift-Dzire,2015,9,84000.0,Manual,second,Petrol,425000
Nissan,Sunny,2011,13,70000.0,Manual,second,Petrol,175000
Toyota,Innova Crysta,2019,5,39000.0,Automatic,second,Diesel,2550000
BMW,7 Series,2016,8,74000.0,Automatic,second,Diesel,5500000
Maruti Suzuki,Swift,2016,8,61000.0,Manual,first,Petrol,359000
Maruti Suzuki,Baleno,2017,7,80160.0,Manual,second,Diesel,469000
Ford,Ecosport,2018,6,75000.0,Manual,first,Diesel,615000
Land Rover,Range Rover Evoque,2021,3,41788.0,Automatic,second,Diesel,4988000
Maruti Suzuki,maruti-suzuki-dzire,2020,4,78000.0,Manual,first,Petrol,610000
Tata,Sumo Gold,2013,11,100000.0,Automatic,second,Diesel,370000
Hyundai,Eon,2017,7,32500.0,Manual,second,Petrol,235000
Maruti Suzuki,Vitara-Brezza,2018,6,92000.0,Manual,first,Diesel,798000
Honda,Amaze,2014,10,80000.0,Manual,first,Diesel,390000
Hyundai,Creta,2016,8,78800.0,Automatic,second,Diesel,799999
Toyota,Etios Liva,2012,12,93000.0,Manual,second,Diesel,440000
Toyota,Etios,2012,12,171985.0,Manual,second,Diesel,400000
Maruti Suzuki,Wagon R,2017,7,74000.0,Automatic,first,Petrol,449000
Toyota,Innova Crysta,2017,7,69000.0,Automatic,first,Diesel,1815000
Volkswagen,VentoTest,2012,12,70000.0,Manual,second,Petrol,250000
Mahindra,Thar,2021,3,16700.0,Automatic,first,Diesel,1750000
Maruti Suzuki,Dzire,2018,6,25000.0,Automatic,second,Petrol,630000
Renault,Pulse,2012,12,88300.0,Manual,first,Diesel,375000
Land Rover,Range Rover Velar,2018,6,51000.0,Automatic,first,Petrol,4987000
Toyota,Innova Crysta,2018,6,70000.0,Manual,second,Diesel,1850000
Maruti Suzuki,Ritz,2015,9,82000.0,Manual,second,Petrol,325000
Maruti Suzuki,Ciaz,2016,8,230.0,Manual,first,Diesel,460000
Chevrolet,OptraSRV,2006,18,117000.0,Automatic,second,Petrol,145000
Skoda,Rapid,2012,12,96000.0,Manual,first,Diesel,340000
Tata,Indica V2,2007,17,54000.0,Manual,second,Petrol,50000
Kia,Seltos,2020,4,50000.0,Manual,first,Diesel,1195000
Hyundai,Venue,2021,3,40000.0,Manual,first,Petrol,765000
Toyota,Innova,2014,10,195000.0,Manual,second,Diesel,1020000
Mahindra,Scorpio Classic,2023,1,28000.0,Manual,first,Diesel,1750000
BMW,X6,2015,9,87000.0,Automatic,second,Diesel,4500000
Skoda,Rapid,2018,6,135000.0,Manual,first,Diesel,650000
Toyota,Innova Crysta,2018,6,52000.0,Automatic,first,Diesel,2195000
Maruti Suzuki,Swift,2014,10,96000.0,Manual,second,Petrol,380000
Maruti Suzuki,Swift,2020,4,20000.0,Manual,first,Petrol,549000
Maruti Suzuki,Celerio,2015,9,83000.0,Automatic,second,Petrol,325000
Mercedes-Benz,S-Class,2011,13,42000.0,Automatic,second,Petrol,3000000
Honda,City,2011,13,77000.0,Automatic,second,Petrol,419999
Hyundai,Elite i20,2017,7,98000.0,Manual,first,Diesel,590000
Volkswagen,Vento,2016,8,80000.0,Automatic,first,Diesel,583000
Hyundai,Venue,2022,2,32000.0,Manual,first,Petrol,975000
Hyundai,Santa Fe,2015,9,90000.0,Automatic,second,Diesel,625000
Toyota,Fortuner,2014,10,215000.0,Automatic,second,Diesel,1075000
Maruti Suzuki,Ertiga,2016,8,100000.0,Manual,second,Diesel,795000
Mahindra,XUV500,2012,12,100000.0,Manual,second,Diesel,425000
Toyota,Innova Crysta,2021,3,111000.0,Automatic,first,Diesel,2425000
Honda,Jazz,2017,7,64100.0,Automatic,first,Petrol,491000
BMW,5 Series,2018,6,20000.0,Automatic,first,Diesel,4190000
Maruti Suzuki,Wagon-R,2015,9,105000.0,Manual,first,Petrol,295000
BMW,3 Series,2013,11,57000.0,Automatic,first,Diesel,1200000
Mini,Cooper 5 DOOR,2014,10,24000.0,Automatic,first,Diesel,1695000
Audi,A4,2013,11,42000.0,Automatic,first,Diesel,790000
Maruti Suzuki,Omni,2019,5,27000.0,Manual,second,Petrol,380000
Maruti Suzuki,Ciaz,2016,8,49000.0,Automatic,first,Petrol,625000
Renault,Duster,2015,9,52000.0,Manual,first,Diesel,425000
Maruti Suzuki,Ertiga,2017,7,133000.0,Manual,second,Diesel,770000
Maruti Suzuki,Ertiga,2016,8,65000.0,Manual,first,Diesel,660000
Jeep,Compass,2020,4,48000.0,Automatic,first,Diesel,1740000
Nissan,Magnite,2021,3,62000.0,Manual,first,Petrol,540000
Hyundai,Creta,2018,6,80000.0,Manual,first,Diesel,900000
Honda,WRV,2023,1,10000.0,Manual,first,Petrol,930000
Hyundai,Elite i20,2019,5,61000.0,Manual,first,Petrol,725000
Maruti Suzuki,Baleno,2022,2,27000.0,Manual,first,Petrol,960000
Skoda,Superb,2016,8,80000.0,Automatic,first,Diesel,1625000
Ford,Figo,2012,12,108000.0,Manual,second,Diesel,170000
Hyundai,Venue,2019,5,65000.0,Manual,first,Diesel,850000
Tata,Indigo Ecs,2015,9,80000.0,Manual,second,Diesel,120000
Maruti Suzuki,Wagon-R,2014,10,77000.0,Manual,second,Petrol,249999
Mahindra,KUV 100,2017,7,66000.0,Manual,first,Petrol,345000
Maruti Suzuki,Wagon-R,2006,18,90000.0,Manual,second,Petrol,100000
Hyundai,i20,2016,8,73000.0,Manual,first,Petrol,665000
Honda,Amaze,2022,2,25000.0,Manual,first,Petrol,765000
Maruti Suzuki,Baleno,2020,4,31000.0,Manual,first,Petrol,690000
Maruti Suzuki,Wagon-R,2018,6,48231.0,Automatic,first,Petrol,385101
Maruti Suzuki,Alto-K10,2015,9,76000.0,Automatic,first,Petrol,280000
Honda,City,2011,13,75464.0,Automatic,second,Petrol,375000
BMW,3 Series,2016,8,85000.0,Automatic,second,Diesel,1650000
Chevrolet,Beat,2010,14,85000.0,Manual,second,Petrol,180000
Mercedes-Benz,GL-Class,2011,13,94990.0,Automatic,second,Diesel,1490000
Maruti Suzuki,Baleno,2018,6,54000.0,Manual,first,Diesel,760000
Hyundai,Creta,2018,6,760000.0,Manual,second,Petrol,885000
Volkswagen,Polo,2013,11,85000.0,Manual,second,Diesel,415000
Hyundai,Alcazar,2021,3,23000.0,Automatic,second,Petrol,1599999
Hyundai,Creta,2022,2,16000.0,Manual,first,Petrol,1098000
Volkswagen,Polo,2018,6,88000.0,Manual,second,Petrol,650000
Toyota,Etios Liva,2019,5,130000.0,Manual,first,Diesel,765000
Mahindra,KUV100 NXT,2017,7,48000.0,Automatic,second,Petrol,300000
Maruti Suzuki,Swift-Dzire,2020,4,34000.0,Manual,second,Petrol,530000
Hyundai,i20,2011,13,78000.0,Manual,second,Petrol,310000
Toyota,Innova Crysta,2018,6,72000.0,Automatic,second,Diesel,1850000
Honda,City,2014,10,133000.0,Manual,second,Diesel,685000
MG,Gloster,2022,2,39000.0,Automatic,first,Diesel,3290000
Maruti Suzuki,Wagon-R,2011,13,140000.0,Manual,second,Petrol,250000
Hyundai,i20,2010,14,92000.0,Manual,second,Diesel,270000
BMW,X7,2024,0,10000.0,Automatic,first,Petrol,13500000
BMW,5 Series,2018,6,64000.0,Automatic,second,Petrol,3250000
Volkswagen,Polo,2019,5,63000.0,Automatic,first,Petrol,895000
Nissan,Terrano,2017,7,84000.0,Automatic,second,Diesel,755000
Mini,Cooper Countryman,2015,9,72000.0,Automatic,second,Petrol,1475000
Mercedes-Benz,C-Class,2011,13,75000.0,Automatic,second,Diesel,795000
Ford,Figo,2011,13,115000.0,Manual,second,Diesel,225000
Toyota,Etios,2017,7,170000.0,Manual,first,Diesel,475000
Honda,Amaze,2019,5,44000.0,Manual,first,Petrol,550000
BMW,5 Series,2018,6,52000.0,Automatic,second,Diesel,3850000
Hyundai,Alcazar,2021,3,58000.0,Automatic,first,Diesel,1985000
MG,Hector,2019,5,72000.0,Automatic,first,Petrol,1025000
Mercedes-Benz,GLA,2019,5,51000.0,Automatic,second,Petrol,2440000
Volvo,S60 Cross Country,2016,8,56000.0,Automatic,second,Diesel,1725000
Maruti Suzuki,Swift-Dzire,2011,13,70000.0,Manual,second,Petrol,167000
Hyundai,Creta,2018,6,23000.0,Automatic,first,Petrol,985111
Hyundai,Verna,2013,11,103000.0,Manual,second,Petrol,320000
Maruti Suzuki,Swift,2013,11,135600.0,Manual,second,Diesel,425000
Tata,Nexon,2019,5,49000.0,Manual,first,Petrol,650000
Skoda,Superb,2015,9,48500.0,Automatic,second,Petrol,711000
Hyundai,i10,2012,12,54699.0,Manual,second,Petrol,199000
Volkswagen,Polo,2015,9,46000.0,Manual,first,Petrol,475000
Mahindra,Scorpio,2019,5,85000.0,Manual,second,Diesel,1270000
Hyundai,Fluidic Verna,2024,0,170000.0,Automatic,second,Diesel,4050000
Ford,Ecosport,2021,3,75000.0,Manual,first,Diesel,865000
Toyota,Innova Crysta,2020,4,61000.0,Automatic,second,Diesel,2075000
Toyota,Fortuner,2021,3,78000.0,Automatic,first,Diesel,3651000
BMW,3 Series GT,2017,7,95000.0,Automatic,first,Diesel,1850000
Toyota,Innova Crysta,2019,5,70000.0,Automatic,first,Diesel,1695000
Toyota,Innova Crysta,2021,3,67000.0,Automatic,first,Diesel,1875000
Hyundai,Eon,2012,12,42000.0,Manual,second,Petrol,215000
Mahindra,Marazzo,2019,5,110000.0,Manual,first,Diesel,470000
Maruti Suzuki,Omni,2015,9,80000.0,Manual,second,Petrol,255000
Skoda,Laura,2009,15,108000.0,Manual,second,Diesel,198000
Maruti Suzuki,Wagon-R,2004,20,85000.0,Manual,second,Petrol,102000
Volkswagen,VentoTest,2012,12,73000.0,Automatic,second,Petrol,450000
Mercedes-Benz,E-Class,2013,11,80500.0,Automatic,second,Diesel,1300000
Mahindra,Bolero,2017,7,69000.0,Automatic,second,Diesel,780000
Mahindra,XUV500,2019,5,25000.0,Manual,first,Diesel,1675000
Hyundai,Creta,2022,2,42000.0,Manual,first,Diesel,1390000
Hyundai,Creta,2019,5,47000.0,Automatic,second,Diesel,1245000
Hyundai,Aura,2021,3,25000.0,Manual,second,Petrol,575000
Hyundai,i20,2018,6,38900.0,Manual,first,Petrol,495000
BMW,7 Series,2018,6,33700.0,Automatic,first,Petrol,7000000
Volkswagen,Polo,2015,9,125000.0,Manual,first,Diesel,650000
Toyota,Urban Cruiser Hyryder,2023,1,8000.0,Automatic,first,Petrol,1890000
Hyundai,Verna,2014,10,86123.0,Manual,second,Diesel,395000
Volkswagen,Polo,2013,11,61000.0,Automatic,first,Petrol,405000
Maruti Suzuki,maruti-suzuki-brezza,2017,7,78000.0,Manual,second,Diesel,790000
Hyundai,i20,2011,13,85000.0,Manual,second,Petrol,190000
Tata,Safari Storme,2014,10,180000.0,Manual,first,Diesel,350000
Honda,City ZX,2020,4,27000.0,Manual,first,Petrol,1150000
Maruti Suzuki,Ertiga,2022,2,22000.0,Manual,second,Petrol,960000
Hyundai,i20 Active,2015,9,62000.0,Manual,second,Diesel,350000
Toyota,Fortuner,2024,0,24000.0,Manual,first,Diesel,4550000
Toyota,Innova,2012,12,150000.0,Manual,second,Diesel,510000
BMW,X1,2017,7,56000.0,Automatic,second,Diesel,2700000
Maruti Suzuki,S-Cross,2019,5,169700.0,Manual,first,Diesel,765000
Toyota,Fortuner,2016,8,176000.0,Manual,second,Diesel,1650000
Maruti Suzuki,Celerio,2022,2,20000.0,Automatic,first,Diesel,625000
Toyota,Innova,2012,12,250000.0,Manual,second,Diesel,799999
Maruti Suzuki,Zen-Estilo,2008,16,65137.5,Automatic,second,Petrol,180000
Honda,Jazz,2015,9,114000.0,Manual,second,Diesel,520000
Hyundai,Xcent,2015,9,114000.0,Manual,first,Diesel,400000
Renault,Duster,2017,7,80000.0,Manual,second,Diesel,625000
Honda,Civic,2007,17,103000.0,Automatic,second,Petrol,290000
Tata,Tiago,2018,6,52000.0,Automatic,first,Petrol,495000
Toyota,Urban Cruiser Hyryder,2023,1,24000.0,Automatic,first,Petrol,1895000
Maruti Suzuki,Eeco,2021,3,19000.0,Automatic,second,Petrol,400000
Hyundai,Verna,2020,4,95000.0,Manual,first,Diesel,1000000
Toyota,Innova,2014,10,111000.0,Manual,second,Diesel,995000
Maruti Suzuki,Wagon-R-1-0,2016,8,59000.0,Automatic,first,Petrol,415000
Audi,Q3,2015,9,110000.0,Automatic,first,Diesel,1650000
Kia,Sonet,2020,4,47000.0,Automatic,first,Petrol,1165000
Jeep,Compass,2019,5,52000.0,Automatic,second,Petrol,1300000
Toyota,Fortuner,2017,7,112000.0,Automatic,first,Diesel,2250000
Volkswagen,Ameo,2018,6,52000.0,Manual,second,Petrol,600000
Mahindra,Scorpio-N,2023,1,20000.0,Automatic,first,Diesel,2550000
Maruti Suzuki,Baleno,2016,8,45000.0,Manual,second,Petrol,545000
Tata,Harrier,2019,5,48000.0,Manual,first,Diesel,1045000
Chevrolet,Spark,2009,15,99999.0,Automatic,second,Petrol,70000
Mahindra,Bolero,2015,9,92000.0,Manual,second,Diesel,415000
Maruti Suzuki,Vitara-Brezza,2019,5,78000.0,Manual,first,Diesel,935000
Tata,Nano,2009,15,23000.0,Manual,second,Petrol,60000
Hyundai,Creta,2019,5,21000.0,Manual,first,Petrol,870000
Hyundai,Grand i10,2016,8,170000.0,Manual,second,Diesel,410000
Audi,Q7,2018,6,69000.0,Automatic,second,Diesel,4850000
MG,Hector,2021,3,39652.0,Manual,first,Diesel,1305000
Tata,Nexon,2022,2,13000.0,Manual,first,Petrol,899000
Maruti Suzuki,Alto-800,2023,1,6200.0,Manual,first,Petrol,400000
Toyota,Fortuner,2019,5,180000.0,Manual,first,Diesel,2980000
Mahindra,XUV 300,2019,5,40000.0,Manual,first,Diesel,1025000
Tata,Indigo Ecs,2014,10,112000.0,Automatic,second,Diesel,100000
Maruti Suzuki,Baleno,2018,6,65000.0,Manual,second,Petrol,525000
Maruti Suzuki,Swift-Dzire,2018,6,45617.0,Automatic,first,Petrol,725000
BMW,X6,2015,9,49000.0,Automatic,second,Petrol,7200000
Mercedes-Benz,E-Class,2014,10,75000.0,Automatic,second,Diesel,1169000
Nissan,Terrano,2014,10,95000.0,Manual,second,Diesel,450000
Maruti Suzuki,Swift-Dzire,2010,14,165000.0,Manual,first,Diesel,270000
Maruti Suzuki,Celerio,2014,10,37000.0,Automatic,second,Petrol,337000
MG,Hector Plus,2023,1,27000.0,Automatic,first,Petrol,1825000
Honda,CRV,2015,9,90000.0,Automatic,second,Petrol,795000
Renault,Triber,2019,5,43000.0,Manual,first,Petrol,565000
Maruti Suzuki,Eeco,2013,11,27000.0,Manual,second,Petrol,299000
Maruti Suzuki,Ertiga,2015,9,110000.0,Manual,first,Diesel,665000
Honda,Brio,2015,9,36000.0,Automatic,second,Petrol,375000
BMW,3 Series,2011,13,39000.0,Automatic,second,Diesel,1300000
Volkswagen,Polo,2019,5,15000.0,Manual,first,Petrol,575000
Hyundai,Venue,2021,3,28000.0,Manual,first,Diesel,1050000
Toyota,Fortuner,2011,13,125000.0,Manual,second,Diesel,650000
Maruti Suzuki,Jimny,2024,0,11000.0,Automatic,first,Petrol,1190000
Land Rover,Range Rover Velar,2020,4,46000.0,Automatic,second,Petrol,7500000
Hyundai,Creta,2019,5,68000.0,Automatic,second,Petrol,1175000
Chevrolet,Trailblazer,2015,9,116000.0,Automatic,second,Diesel,680000
Mahindra,Quanto,2013,11,75000.0,Manual,first,Diesel,255000
Land Rover,Range Rover Sport,2022,2,28400.0,Automatic,first,Petrol,11700000
Honda,Amaze,2013,11,110000.0,Manual,first,Petrol,349999
Hyundai,EON,2014,10,60000.0,Manual,second,Petrol,275000
Ford,Endeavour,2021,3,59000.0,Automatic,first,Diesel,3300000
Mahindra,Scorpio,2015,9,90000.0,Manual,second,Diesel,850000
Hyundai,New i20,2023,1,7200.0,Manual,first,Petrol,900000
BMW,X3,2019,5,80000.0,Automatic,second,Diesel,2750000
Tata,Sumo Victa,2011,13,285000.0,Automatic,second,Diesel,280000
Mercedes-Benz,C-Class,2020,4,29000.0,Automatic,first,Diesel,2550000
Maruti Suzuki,Alto K10,2017,7,27000.0,Automatic,second,Petrol,380000
Maruti Suzuki,Baleno,2018,6,30000.0,Manual,second,Petrol,699000
Jaguar,XJ,2015,9,80250.0,Automatic,second,Petrol,2150000
Honda,WRV,2017,7,79000.0,Manual,first,Diesel,845000
Kia,Seltos,2022,2,30000.0,Automatic,first,Diesel,1870000
Mahindra,Thar,2021,3,41000.0,Automatic,first,Diesel,1470000
Volkswagen,Polo,2010,14,90000.0,Manual,first,Petrol,250000
Hyundai,Eon,2013,11,78000.0,Manual,second,Petrol,158000
Maruti Suzuki,Vitara-Brezza,2020,4,50000.0,Manual,first,Diesel,1050000
Maruti Suzuki,Swift,2014,10,80000.0,Manual,second,Diesel,411000
Hyundai,Alcazar,2022,2,37000.0,Automatic,first,Diesel,1815000
Ford,Figo Aspire,2017,7,61101.0,Manual,second,Petrol,395000
Mahindra,XUV500,2015,9,74000.0,Manual,first,Diesel,745000
BMW,X7,2023,1,37000.0,Automatic,first,Diesel,10000000
Mahindra,XUV500,2015,9,83000.0,Manual,first,Diesel,975000
Maruti Suzuki,Alto-800,2016,8,45000.0,Manual,first,Petrol,359000
Volvo,XC60,2018,6,110000.0,Automatic,first,Diesel,875000
Maruti Suzuki,Vitara-Brezza,2017,7,71000.0,Manual,first,Diesel,630000
MG,Gloster,2022,2,84000.0,Automatic,first,Diesel,3400000
Maruti Suzuki,Alto-K10,2017,7,43400.0,Automatic,first,Petrol,275000
Honda,City,2017,7,66000.0,Manual,first,Diesel,690000
Toyota,Innova Crysta,2020,4,61500.0,Automatic,first,Diesel,2950000
Hyundai,Elite i20,2019,5,51000.0,Automatic,first,Petrol,690000
Skoda,Superb,2015,9,142000.0,Automatic,first,Diesel,850000
Mercedes-Benz,AMG GLE Coupe,2021,3,28000.0,Automatic,second,Petrol,11500000
Hyundai,Santro Xing,2006,18,58645.0,Manual,second,Petrol,98000
Hyundai,Verna,2017,7,80000.0,Manual,first,Diesel,555000
Mahindra,Bolero,2012,12,79000.0,Manual,second,Diesel,635000
Maruti Suzuki,Swift,2019,5,49805.0,Manual,first,Petrol,545000
Skoda,Octavia,2016,8,80000.0,Automatic,first,Diesel,925000
Audi,A6,2017,7,52000.0,Automatic,first,Petrol,2175000
Fiat,Punto,2012,12,123600.0,Manual,second,Diesel,160000
Tata,Indica Vista,2012,12,125000.0,Manual,first,Diesel,82000
Honda,Amaze,2013,11,55513.0,Manual,first,Petrol,330000
Maruti Suzuki,Swift,2014,10,104000.0,Manual,second,Diesel,465000
Volkswagen,VentoTest,2012,12,73000.0,Automatic,second,Petrol,295000
Hyundai,i20 N Line,2023,1,14800.0,Automatic,first,Petrol,1050000
MG,ASTOR,2022,2,16000.0,Automatic,first,Petrol,1125000
BMW,3 Series GT,2015,9,61000.0,Automatic,second,Diesel,1200000
BMW,3 Series GT,2017,7,68303.0,Automatic,second,Diesel,2100000
Toyota,Fortuner,2016,8,75000.0,Manual,first,Diesel,1400000
Maruti Suzuki,Swift-Dzire,2020,4,53000.0,Automatic,first,Petrol,655000
Skoda,Superb,2015,9,68000.0,Manual,second,Petrol,565000
Maruti Suzuki,Vitara-Brezza,2017,7,84000.0,Manual,first,Diesel,870000
Maruti Suzuki,Swift,2021,3,34000.0,Manual,second,Petrol,670000
Volvo,S60 Cross Country,2018,6,100000.0,Automatic,first,Diesel,1600000
Mahindra,Jeep,1996,28,50000.0,Manual,second,Diesel,299000
Maruti Suzuki,Baleno,2020,4,40000.0,Manual,first,Petrol,695000
Hyundai,i10,2010,14,75000.0,Manual,second,Petrol,120000
BMW,5 Series,2013,11,82000.0,Automatic,second,Diesel,1295000
BMW,5 Series,2015,9,68000.0,Automatic,second,Diesel,1425000
Mahindra,Marazzo,2018,6,39000.0,Manual,second,Diesel,750000
MG,Hector,2019,5,49067.0,Automatic,first,Petrol,1475000
Maruti Suzuki,Ertiga,2013,11,57899.0,Manual,second,Petrol,429999
Mercedes-Benz,E-Class,2012,12,73000.0,Automatic,second,Diesel,990000
Maruti Suzuki,Vitara-Brezza,2018,6,25000.0,Automatic,first,Diesel,735000
Tata,Nexon,2021,3,25945.0,Automatic,first,Petrol,1045000
Hyundai,i10,2010,14,38278.0,Automatic,first,Petrol,240000
Maruti Suzuki,Swift,2017,7,91000.0,Manual,first,Diesel,565000
Mercedes-Benz,E-Class,2018,6,38000.0,Automatic,second,Diesel,3750000
Chevrolet,Cruze,2012,12,45000.0,Automatic,second,Diesel,563000
Maruti Suzuki,Baleno,2022,2,54000.0,Manual,first,Petrol,725000
Volvo,XC 90,2016,8,102000.0,Automatic,first,Diesel,3799000
Toyota,Glanza,2022,2,51321.0,Manual,first,Petrol,625101
Tata,Xenon XT,2017,7,45000.0,Manual,second,Diesel,510000
Maruti Suzuki,Celerio,2018,6,45000.0,Automatic,second,Petrol,475000
Maruti Suzuki,Ciaz,2014,10,51957.0,Manual,second,Petrol,500000
Ford,Ecosport,2014,10,75000.0,Manual,first,Diesel,445000
Maruti Suzuki,Swift,2020,4,37540.0,Automatic,first,Petrol,640000
Toyota,Fortuner,2016,8,160000.0,Manual,second,Diesel,1575000
BMW,5 Series,2011,13,85000.0,Automatic,second,Diesel,650000
BMW,5 Series,2018,6,41000.0,Automatic,second,Diesel,2990000
Renault,KWID,2018,6,42000.0,Manual,first,Petrol,360000
Tata,Nano,2013,11,20000.0,Manual,first,Petrol,85000
Ford,Ecosport,2015,9,52000.0,Manual,first,Petrol,525000
Maruti Suzuki,Celerio,2015,9,113000.0,Automatic,second,Petrol,340000
BMW,3 Series GT,2016,8,75000.0,Automatic,second,Diesel,1799000
Mitsubishi,Lancer,1999,25,225000.0,Manual,second,Diesel,90000
Maruti Suzuki,Alto,2011,13,42000.0,Manual,second,Petrol,150000
Toyota,Fortuner,2019,5,93000.0,Automatic,first,Diesel,2525000
Hyundai,Verna,2014,10,71000.0,Manual,second,Diesel,350000
Mercedes-Benz,GL-Class,2014,10,52300.0,Automatic,second,Diesel,2950000
Mercedes-Benz,E-Class,2012,12,74000.0,Automatic,first,Diesel,888000
Maruti Suzuki,Swift,2018,6,22000.0,Manual,second,Petrol,590000
Maruti Suzuki,S-Presso,2021,3,65137.5,Automatic,first,Petrol,425000
Mercedes-Benz,GLA,2016,8,121000.0,Automatic,second,Diesel,1351000
Skoda,Slavia,2024,0,3000.0,Automatic,first,Petrol,1650000
BMW,X1,2012,12,62000.0,Automatic,second,Petrol,599000
Toyota,Land Cruiser Prado,2014,10,180000.0,Automatic,second,Diesel,4750000
MG,Hector,2020,4,80000.0,Automatic,first,Petrol,1250000
BMW,X1,2017,7,83000.0,Automatic,first,Diesel,1900000
Hyundai,i10,2013,11,56000.0,Manual,second,Petrol,290000
BMW,5 Series,2011,13,65000.0,Automatic,second,Diesel,525000
Maruti Suzuki,Swift,2011,13,60000.0,Manual,second,Petrol,190000
Skoda,Laura,2011,13,71225.0,Manual,second,Petrol,543000
Hyundai,Verna,2012,12,68000.0,Manual,second,Petrol,345000
Jeep,Compass,2017,7,78600.0,Manual,first,Diesel,1150000
Hyundai,Aura,2020,4,53000.0,Manual,first,Petrol,650000
Maruti Suzuki,Alto-800,2021,3,18000.0,Manual,first,Petrol,377000
Maruti Suzuki,Swift-Dzire,2019,5,25.0,Manual,second,Diesel,420000
Tata,Bolt,2017,7,48000.0,Automatic,second,Petrol,220000
BMW,3 Series GT,2015,9,55000.0,Automatic,second,Diesel,2500000
Honda,City,2018,6,70000.0,Manual,second,Petrol,595000
Ford,Figo,2014,10,89500.0,Manual,second,Diesel,129999
Honda,City,2011,13,53000.0,Automatic,first,Petrol,455000
Hyundai,Grand i10,2017,7,39000.0,Automatic,second,Petrol,460000
Toyota,Etios,2015,9,168000.0,Manual,second,Diesel,425000
Hyundai,i20,2024,0,1500.0,Manual,first,Petrol,925000
Honda,City,2018,6,76000.0,Automatic,second,Petrol,850000
Honda,WRV,2017,7,70000.0,Manual,first,Diesel,650000
Maruti Suzuki,Alto-K10,2012,12,32000.0,Manual,second,Petrol,225000
Toyota,Etios,2018,6,146000.0,Manual,second,Diesel,595000
Hyundai,i10,2013,11,90000.0,Manual,first,Petrol,199000
Volkswagen,Polo,2018,6,50000.0,Manual,first,Petrol,395000
Hyundai,Elantra,2016,8,85000.0,Automatic,first,Petrol,960000
Tata,Nexon,2019,5,36788.0,Automatic,second,Petrol,780000
Hyundai,Grand i10,2017,7,79000.0,Manual,second,Diesel,280000
Maruti Suzuki,Ciaz,2015,9,79000.0,Manual,first,Diesel,600000
Skoda,Superb,2018,6,62000.0,Automatic,first,Diesel,1850000
Maruti Suzuki,Swift,2019,5,53000.0,Manual,first,Petrol,500000
Toyota,Innova Crysta,2018,6,79000.0,Automatic,first,Diesel,1725000
Audi,A4,2020,4,38000.0,Automatic,first,Petrol,2850000
Toyota,Innova Crysta,2021,3,43000.0,Automatic,first,Diesel,2100000
Honda,City ZX,2020,4,49000.0,Automatic,second,Petrol,1255000
Kia,Seltos,2020,4,52000.0,Automatic,first,Petrol,1225000
Mahindra,XUV 300,2022,2,44000.0,Manual,first,Diesel,810000
Mercedes-Benz,M-Class,2012,12,175000.0,Automatic,second,Diesel,1299000
Maruti Suzuki,800,2006,18,26500.0,Manual,second,Petrol,125000
Mahindra,Scorpio,2018,6,67000.0,Manual,first,Diesel,1230000
Hyundai,i20,2015,9,54500.0,Manual,second,Diesel,490000
Maruti Suzuki,Swift-Dzire,2010,14,121000.0,Manual,first,Diesel,385000
Hyundai,Venue,2019,5,68216.0,Manual,second,Petrol,650000
Nissan,Terrano,2015,9,78000.0,Manual,first,Diesel,275000
Maruti Suzuki,Swift,2014,10,72000.0,Manual,second,Petrol,390000
Ford,Figo,2010,14,48000.0,Manual,second,Petrol,140000
Renault,KWID,2016,8,77000.0,Automatic,second,Petrol,195000
Toyota,Fortuner,2018,6,158000.0,Automatic,first,Diesel,2900000
Tata,Safari,2022,2,42000.0,Manual,first,Diesel,1770000
Hyundai,i10,2010,14,78000.0,Manual,second,Petrol,265000
Volkswagen,Ameo,2018,6,68533.0,Manual,first,Petrol,515600
Renault,Duster,2018,6,83000.0,Automatic,second,Diesel,950000
Tata,Indigo Ecs,2014,10,190555.0,Manual,second,Diesel,220000
Tata,Zest,2018,6,150000.0,Manual,second,Diesel,410000
Skoda,Superb,2017,7,138000.0,Automatic,second,Diesel,1900000
Toyota,Etios Liva,2015,9,250000.0,Manual,first,Diesel,500000
Maruti Suzuki,Swift-Dzire,2015,9,59200.0,Manual,second,Petrol,445000
Volkswagen,Taigun,2022,2,55000.0,Automatic,second,Petrol,1425000
Honda,City,2015,9,53370.0,Automatic,first,Petrol,621000
Skoda,Octavia,2016,8,92000.0,Automatic,second,Petrol,800000
Kia,Sonet,2021,3,61000.0,Automatic,second,Petrol,795000
Tata,Nano,2015,9,23000.0,Automatic,second,Petrol,275000
Maruti Suzuki,Wagon-R,2009,15,150000.0,Manual,second,Petrol,150000
Toyota,Innova Crysta,2019,5,65000.0,Automatic,first,Diesel,2695000
Maruti Suzuki,Wagon-R-1-0,2016,8,77000.0,Automatic,second,Petrol,350000
Maruti Suzuki,Swift-Dzire,2010,14,100000.0,Manual,second,Diesel,160000
Maruti Suzuki,Swift,2018,6,80000.0,Automatic,second,Diesel,650000
Ford,Ecosport,2018,6,72000.0,Manual,first,Diesel,875000
Skoda,Kodiaq,2018,6,92000.0,Automatic,second,Diesel,2945111
Audi,A6,2021,3,22000.0,Automatic,first,Petrol,4425000
Maruti Suzuki,Ciaz,2014,10,86265.0,Manual,second,Diesel,390000
Mahindra,XUV500,2014,10,170000.0,Manual,second,Diesel,385000
Maruti Suzuki,Celerio,2016,8,42114.0,Automatic,first,Petrol,395000
Hyundai,Grand i10 Nios,2021,3,51000.0,Manual,first,Petrol,650000
MG,Hector,2021,3,48000.0,Automatic,second,Petrol,1375000
Hyundai,i20,2023,1,13000.0,Automatic,first,Petrol,975000
Maruti Suzuki,Swift,2017,7,57000.0,Manual,second,Petrol,399500
Maruti Suzuki,Alto-K10,2011,13,67000.0,Manual,second,Petrol,155000
Ford,Ecosport,2017,7,123000.0,Manual,first,Diesel,675000
Maruti Suzuki,Eeco,2022,2,40000.0,Manual,second,Petrol,525000
Mini,Cooper Convertible,2019,5,24000.0,Automatic,first,Petrol,4500000
Mahindra,Bolero,2010,14,90000.0,Manual,second,Diesel,160000
Skoda,Slavia,2022,2,72000.0,Manual,first,Petrol,1189000
Mahindra,Scorpio,2020,4,72586.0,Manual,first,Diesel,1440000
Toyota,Innova,2013,11,200000.0,Manual,second,Diesel,610000
Maruti Suzuki,Baleno,2019,5,46000.0,Automatic,first,Petrol,649000
Mercedes-Benz,C-Class,2018,6,65000.0,Automatic,second,Diesel,2525111
Skoda,Superb,2014,10,92000.0,Automatic,second,Petrol,460000
Hyundai,New i20,2015,9,62000.0,Manual,second,Petrol,360000
Land Rover,Discovery Sport,2016,8,76000.0,Automatic,second,Diesel,2060000
Mahindra,XUV500,2017,7,114000.0,Manual,second,Diesel,659000
Maruti Suzuki,Wagon-R,2021,3,21000.0,Manual,first,Petrol,565000
Mercedes-Benz,GLA,2024,0,4700.0,Automatic,first,Petrol,4550000
Maruti Suzuki,Swift,2020,4,63110.0,Automatic,first,Petrol,595000
Maruti Suzuki,Wagon R,2011,13,88000.0,Manual,first,Petrol,270000
Toyota,Fortuner,2022,2,22310.0,Automatic,first,Diesel,4400000
Maruti Suzuki,Swift,2018,6,60000.0,Automatic,second,Petrol,513000
Maruti Suzuki,Swift,2017,7,120000.0,Manual,first,Petrol,490000
Toyota,Fortuner,2019,5,64000.0,Automatic,first,Diesel,3075000
Honda,Amaze,2017,7,75600.0,Manual,first,Petrol,490000
Maruti Suzuki,S-Cross,2017,7,75000.0,Manual,first,Diesel,595000
Maruti Suzuki,Ertiga,2016,8,92000.0,Manual,first,Petrol,695000
Maruti Suzuki,Baleno,2018,6,34184.0,Automatic,second,Petrol,725000
Tata,Nexon,2019,5,66800.0,Manual,second,Petrol,650000
Toyota,Fortuner,2017,7,83000.0,Automatic,first,Diesel,2650000
Maruti Suzuki,800,2005,19,7.0,Manual,second,Petrol,40000
Renault,Duster,2016,8,80000.0,Automatic,second,Diesel,425000
Hyundai,Creta,2019,5,78000.0,Manual,second,Diesel,815000
Chevrolet,Beat,2010,14,77000.0,Manual,second,Petrol,199000
BMW,X3,2019,5,63000.0,Automatic,first,Diesel,4151111
Mahindra,XUV500,2014,10,74000.0,Manual,second,Diesel,560000
Hyundai,Verna,2017,7,47000.0,Automatic,first,Diesel,895000
Mahindra,XUV500,2013,11,75000.0,Manual,first,Diesel,410000
Nissan,Magnite,2023,1,30000.0,Manual,first,Petrol,560000
Maruti Suzuki,Wagon-R,2018,6,19300.0,Manual,first,Petrol,461000
Mahindra,Thar,2020,4,65000.0,Automatic,first,Petrol,1310000
Tata,Altroz,2021,3,62000.0,Manual,first,Petrol,511000
Maruti Suzuki,Baleno,2023,1,13000.0,Automatic,first,Petrol,925000
Mercedes-Benz,CLA,2017,7,36250.0,Automatic,second,Petrol,1650000
Maruti Suzuki,Ertiga,2017,7,100000.0,Manual,second,Diesel,725000
Maruti Suzuki,Wagon-R,2013,11,66000.0,Manual,first,Petrol,310000
BMW,X1,2019,5,98000.0,Automatic,first,Diesel,1825000
Renault,Duster,2016,8,61500.0,Automatic,first,Diesel,685000
Jeep,Compass,2018,6,38000.0,Automatic,first,Petrol,1095000
Mercedes-Benz,GL-Class,2013,11,92000.0,Automatic,second,Diesel,2390000
Renault,KWID,2017,7,65563.0,Automatic,second,Petrol,325000
Tata,Harrier,2022,2,17800.0,Automatic,first,Diesel,1999999
Hyundai,Creta,2018,6,82500.0,Automatic,first,Diesel,795000
Hyundai,i10,2012,12,56874.0,Automatic,second,Petrol,270000
Hyundai,Xcent,2015,9,27.0,Manual,second,Diesel,199999
Nissan,Terrano,2014,10,50000.0,Manual,first,Diesel,575000
BMW,X3,2016,8,120000.0,Automatic,first,Diesel,1899999
Hyundai,i10,2017,7,78000.0,Manual,second,Diesel,350000
Ford,Ecosport,2015,9,80000.0,Manual,second,Diesel,540000
Hyundai,Grand i10,2016,8,114399.0,Manual,second,Diesel,485000
Maruti Suzuki,A-Star,2013,11,78000.0,Automatic,second,Petrol,295000
Kia,Seltos,2020,4,30000.0,Automatic,first,Diesel,1499000
Toyota,VELLFIRE,2021,3,42000.0,Automatic,first,Petrol,8500000
Honda,City,2017,7,18110.0,Automatic,second,Petrol,575000
Nissan,Micra,2017,7,86000.0,Automatic,second,Petrol,170000
Renault,KWID,2017,7,70000.0,Automatic,first,Petrol,350000
Honda,City,2015,9,81000.0,Manual,first,Diesel,540000
Tata,Tiago,2020,4,44118.0,Manual,first,Petrol,470000
Maruti Suzuki,Celerio,2016,8,45000.0,Automatic,second,Petrol,320000
Maruti Suzuki,Baleno,2018,6,65137.5,Manual,first,Petrol,485000
Maruti Suzuki,Baleno,2017,7,51000.0,Manual,first,Petrol,485000
Volkswagen,Polo,2018,6,131000.0,Automatic,second,Petrol,685000
Toyota,Fortuner,2018,6,69000.0,Automatic,first,Diesel,2520000
Mercedes-Benz,S-Class,2014,10,80000.0,Automatic,second,Diesel,5000000
Tata,Tiago,2017,7,73555.0,Manual,second,Petrol,295555
Hyundai,Creta,2021,3,60000.0,Manual,second,Diesel,1240000
Honda,City,2009,15,88000.0,Manual,second,Petrol,269999
Toyota,Innova,2010,14,71000.0,Manual,second,Diesel,775000
Maruti Suzuki,Alto-K10,2013,11,70000.0,Automatic,first,Petrol,180000
Maruti Suzuki,Ritz,2012,12,86239.0,Manual,second,Petrol,240000
Honda,Amaze,2019,5,52000.0,Manual,first,Petrol,645000
Maruti Suzuki,Zen Estilo,2013,11,70000.0,Manual,first,Petrol,175000
Maruti Suzuki,Wagon-R,2019,5,65000.0,Automatic,first,Petrol,450000
Hyundai,Verna,2020,4,55000.0,Automatic,second,Petrol,890000
Hyundai,Santro Xing,2011,13,75000.0,Manual,first,Petrol,130000
Maruti Suzuki,Swift-Dzire,2019,5,50000.0,Manual,first,Petrol,465000
Maruti Suzuki,Omni,2011,13,106000.0,Manual,second,Petrol,99999
Honda,Brio,2012,12,80000.0,Manual,first,Petrol,325000
Mini,Cooper Clubman,2017,7,22000.0,Automatic,second,Petrol,2875000
Audi,Q3,2016,8,47000.0,Automatic,second,Diesel,1499000
Maruti Suzuki,Ertiga,2023,1,52895.0,Manual,first,Petrol,1130000
Skoda,Kushaq,2022,2,30000.0,Automatic,first,Petrol,1450000
Maruti Suzuki,S-Cross,2018,6,70013.0,Manual,first,Diesel,675000
Maruti Suzuki,Baleno,2024,0,9000.0,Manual,first,Petrol,18500
Volkswagen,Beetle,2010,14,34000.0,Automatic,second,Petrol,1449000
Kia,Seltos,2020,4,46000.0,Manual,first,Petrol,1070000
Maruti Suzuki,Alto,2006,18,65789.0,Manual,first,Petrol,69999
Mahindra,Thar,2015,9,29000.0,Manual,second,Diesel,670000
Toyota,Fortuner,2013,11,105000.0,Automatic,second,Diesel,1690000
Mercedes-Benz,GLC,2020,4,47000.0,Automatic,first,Diesel,4900000
Volkswagen,Polo,2020,4,45000.0,Manual,first,Petrol,685000
Mercedes-Benz,E-Class,2015,9,69000.0,Automatic,second,Diesel,1575000
Tata,Nexon,2022,2,44000.0,Automatic,first,Petrol,810000
Hyundai,Grand i10,2017,7,31000.0,Manual,second,Petrol,475000
Tata,Nexon,2018,6,14000.0,Manual,second,Petrol,750000
Mercedes-Benz,E-Class,2011,13,133000.0,Automatic,second,Diesel,1500000
Maruti Suzuki,Swift-Dzire,2011,13,68000.0,Manual,first,Petrol,184000
BMW,3 Series Gran Limousine,2015,9,61000.0,Automatic,second,Diesel,1500000
Honda,City,2015,9,72500.0,Automatic,second,Petrol,450000
Kia,Seltos,2021,3,97000.0,Manual,first,Petrol,1250000
Renault,KWID,2017,7,65858.0,Manual,second,Petrol,150000
Toyota,Fortuner,2013,11,119000.0,Automatic,first,Diesel,1449000
Maruti Suzuki,Eeco,2014,10,98000.0,Manual,second,Petrol,260000
Honda,City,2014,10,65000.0,Manual,first,Petrol,499999
Mercedes-Benz,GLE Class,2017,7,59000.0,Automatic,second,Petrol,4385000
Maruti Suzuki,Vitara-Brezza,2017,7,120000.0,Manual,first,Diesel,630000
Maruti Suzuki,Wagon-R,2016,8,65000.0,Manual,second,Petrol,310000
BMW,6 Series,2019,5,39000.0,Automatic,first,Petrol,4590000
Hyundai,Verna,2019,5,145000.0,Manual,first,Diesel,845000
Maruti Suzuki,Swift,2019,5,50000.0,Automatic,second,Petrol,521111
BMW,X1,2021,3,35061.0,Automatic,first,Diesel,3249000
Tata,Hexa,2017,7,89000.0,Automatic,second,Diesel,949000
Toyota,Fortuner,2018,6,75000.0,Manual,second,Diesel,2575000
Mercedes-Benz,A-Class Limousine,2023,1,3000.0,Automatic,first,Diesel,4000000
Maruti Suzuki,Brezza,2018,6,59000.0,Manual,second,Diesel,825000
Maruti Suzuki,Swift-Dzire,2012,12,97000.0,Manual,second,Diesel,395000
Audi,A6,2015,9,108000.0,Automatic,second,Diesel,1580000
Mahindra,XUV700,2022,2,28581.0,Automatic,first,Petrol,2550000
Toyota,Fortuner,2013,11,169000.0,Automatic,first,Diesel,1295000
Mahindra,XUV500,2018,6,89000.0,Automatic,second,Diesel,1294000
Hyundai,Creta,2021,3,62000.0,Manual,second,Diesel,1390000
Volkswagen,Vento,2015,9,60000.0,Automatic,first,Petrol,453000
Toyota,Etios Cross,2015,9,60000.0,Manual,first,Petrol,510000
Maruti Suzuki,Swift,2006,18,72000.0,Manual,second,Petrol,250000
Honda,Amaze,2014,10,53000.0,Automatic,first,Petrol,375000
Jaguar,XE,2018,6,75000.0,Automatic,first,Diesel,1950000
Hyundai,Santro,2009,15,70000.0,Manual,second,Petrol,99000
MG,ASTOR,2024,0,36000.0,Automatic,first,Petrol,1550000
Nissan,Sunny,2012,12,77695.0,Manual,second,Diesel,265000
Hyundai,Grand i10,2017,7,47827.0,Automatic,second,Petrol,475000
Maruti Suzuki,Ertiga,2015,9,63000.0,Manual,second,Petrol,499000
Mercedes-Benz,GLS,2020,4,59000.0,Automatic,second,Diesel,7675000
Kia,Seltos,2019,5,61000.0,Automatic,first,Petrol,1049000
Maruti Suzuki,Swift,2017,7,65000.0,Manual,first,Petrol,421000
Maruti Suzuki,Baleno,2017,7,45000.0,Manual,first,Petrol,474000
Mahindra,Bolero Neo,2022,2,45000.0,Manual,first,Diesel,990000
Audi,A4,2011,13,86000.0,Automatic,second,Diesel,575000
Maruti Suzuki,Wagon R,2020,4,91000.0,Manual,second,Petrol,524999
Chevrolet,Beat,2017,7,70000.0,Manual,second,Petrol,180000
Ford,Ecosport,2013,11,75000.0,Manual,first,Diesel,320000
Hyundai,i10,2010,14,32308.0,Manual,first,Petrol,210000
Honda,City ZX,2008,16,71500.0,Manual,second,Petrol,109000
Maruti Suzuki,Ciaz,2015,9,72000.0,Automatic,first,Petrol,535111
Hyundai,Eon,2012,12,94000.0,Manual,second,Petrol,150000
Kia,Seltos,2021,3,54000.0,Manual,first,Petrol,1190000
Toyota,Innova Crysta,2016,8,142500.0,Automatic,second,Diesel,1581000
Jeep,Compass,2017,7,57000.0,Manual,first,Diesel,890000
Hyundai,Verna,2012,12,95000.0,Manual,first,Diesel,225000
Tata,Harrier,2020,4,116000.0,Automatic,first,Diesel,1375000
Hyundai,Grand i10,2017,7,55000.0,Automatic,second,Petrol,395000
Maruti Suzuki,Swift-Dzire,2018,6,65000.0,Manual,first,Diesel,700000
Ford,Fiesta,2011,13,120000.0,Manual,second,Diesel,225000
Land Rover,Range Rover Evoque,2011,13,120000.0,Automatic,second,Diesel,1575000
Maruti Suzuki,Celerio,2014,10,62000.0,Automatic,second,Petrol,330000
Maruti Suzuki,Wagon-R-1-0,2007,17,202000.0,Manual,second,Petrol,150000
Hyundai,i20,2015,9,58000.0,Manual,first,Petrol,468000
Mahindra,Thar,2021,3,10000.0,Automatic,second,Petrol,1345000
Maruti Suzuki,Baleno,2016,8,63100.0,Automatic,second,Petrol,585000
Mahindra,XUV500,2016,8,85800.0,Automatic,second,Diesel,1175000
Volkswagen,VentoTest,2018,6,74000.0,Automatic,second,Petrol,539999
Toyota,Innova Crysta,2017,7,174000.0,Automatic,second,Diesel,1985000
Hyundai,Santa Fe,2014,10,72000.0,Automatic,second,Diesel,715000
Honda,Amaze,2016,8,7500.0,Manual,first,Petrol,439999
Toyota,Fortuner,2019,5,90000.0,Manual,first,Diesel,2750000
Renault,Triber,2021,3,39000.0,Automatic,first,Petrol,650000
Mahindra,Thar,2021,3,48700.0,Manual,first,Petrol,1290000
Kia,Seltos,2019,5,103000.0,Automatic,first,Diesel,1225000
Mercedes-Benz,GLE COUPE,2017,7,38700.0,Automatic,second,Petrol,5490000
Maruti Suzuki,S-Cross,2018,6,117000.0,Manual,first,Diesel,799000
Mahindra,Bolero,2015,9,119860.0,Manual,second,Diesel,760000
Tata,Indica Vista,2013,11,64000.0,Manual,second,Diesel,135000
Volkswagen,VentoTest,2015,9,96000.0,Automatic,first,Diesel,445000
Tata,Tiago,2020,4,33000.0,Automatic,second,Petrol,495000
Maruti Suzuki,Wagon-R,2016,8,34000.0,Automatic,first,Petrol,425000
Honda,City,2017,7,59000.0,Automatic,first,Petrol,875000
Hyundai,i20 Active,2015,9,80000.0,Manual,second,Petrol,374999
Hyundai,Venue N Line,2023,1,9000.0,Automatic,first,Petrol,1290000
BMW,3 Series GT,2016,8,60000.0,Automatic,second,Diesel,2575000
MG,Hector,2019,5,23000.0,Automatic,first,Petrol,1195000
Hyundai,Verna,2011,13,60000.0,Automatic,second,Petrol,285000
Mercedes-Benz,GLS,2019,5,79000.0,Automatic,second,Diesel,5300000
Maruti Suzuki,S-Cross1,2018,6,140000.0,Manual,second,Diesel,650000
Hyundai,i20,2013,11,59000.0,Manual,second,Petrol,259000
Tata,Tiago,2018,6,64000.0,Automatic,first,Petrol,490000
Hyundai,Creta,2020,4,38000.0,Manual,first,Diesel,1130000
Hyundai,Grand i10,2014,10,94000.0,Automatic,second,Petrol,465000
Hyundai,i10,2011,13,69000.0,Manual,second,Petrol,210000
Hyundai,i20,2020,4,43000.0,Manual,first,Petrol,675000
Renault,Kiger,2021,3,12000.0,Automatic,first,Petrol,875000
Maruti Suzuki,Ciaz,2017,7,58234.0,Manual,first,Diesel,619999
Hyundai,Alcazar,2021,3,53000.0,Automatic,first,Diesel,1860000
Mercedes-Benz,C-Class,2017,7,42000.0,Automatic,first,Petrol,2665000
Renault,KWID,2018,6,110000.0,Manual,second,Petrol,285000
Honda,CR-V,2007,17,45000.0,Automatic,first,Petrol,499000
Hyundai,i20,2021,3,62000.0,Manual,first,Diesel,775000
Hyundai,Grand i10,2014,10,55000.0,Manual,second,Petrol,315000
Hyundai,Elite i20,2016,8,42000.0,Manual,first,Diesel,725000
Maruti Suzuki,Ertiga,2012,12,100000.0,Manual,first,Diesel,535000
Maruti Suzuki,Ciaz,2019,5,81000.0,Automatic,first,Petrol,690000
Maruti Suzuki,maruti-suzuki-brezza,2019,5,100000.0,Manual,second,Diesel,825000
Volkswagen,Taigun,2021,3,20000.0,Automatic,first,Petrol,1620000
Hyundai,Creta,2020,4,40000.0,Manual,first,Petrol,1165000
Hyundai,Creta,2017,7,83000.0,Manual,first,Diesel,760000
Mahindra,XUV500,2017,7,118000.0,Automatic,second,Diesel,749000
Maruti Suzuki,Swift,2017,7,69300.0,Manual,first,Petrol,530000
Kia,Sonet,2022,2,13000.0,Manual,first,Diesel,1090000
MG,ASTOR,2023,1,8900.0,Automatic,first,Petrol,1325000
Ford,Figo,2011,13,140000.0,Manual,first,Diesel,119000
Toyota,Fortuner,2017,7,130000.0,Automatic,first,Diesel,2845000
Toyota,Corolla Altis,2016,8,115000.0,Automatic,second,Petrol,725000
Tata,tata-punch,2023,1,5800.0,Automatic,first,Petrol,839999
Land Rover,Discovery Sport,2019,5,64256.0,Automatic,first,Diesel,3250000
Toyota,Camry,2016,8,130000.0,Automatic,second,Petrol,1275000
Mahindra,XUV 300,2020,4,79000.0,Manual,second,Diesel,991000
Hyundai,Xcent,2015,9,63300.0,Manual,second,Diesel,305000
Hyundai,i20,2019,5,83300.0,Manual,first,Diesel,665000
Maruti Suzuki,Ritz,2014,10,100000.0,Manual,second,Diesel,365000
Maruti Suzuki,Wagon-R-1-0,2018,6,32000.0,Automatic,second,Petrol,490000
Maruti Suzuki,Celerio,2017,7,62000.0,Automatic,first,Petrol,370000
Mahindra,XUV500,2017,7,59000.0,Automatic,first,Diesel,1275000
Toyota,Innova Crysta,2016,8,120000.0,Automatic,second,Diesel,1600000
Nissan,Magnite,2023,1,15000.0,Manual,first,Petrol,650000
Maruti Suzuki,Swift-Dzire,2019,5,25000.0,Automatic,first,Petrol,690000
Land Rover,Range Rover Sport,2018,6,99000.0,Automatic,first,Diesel,7500000
Hyundai,EON,2018,6,33000.0,Manual,first,Petrol,280000
Kia,Seltos,2019,5,78000.0,Automatic,first,Diesel,1245000
Maruti Suzuki,Swift,2013,11,68554.0,Manual,second,Diesel,332000
Mercedes-Benz,C-Class,2022,2,220000.0,Automatic,first,Diesel,5900000
Toyota,Innova Crysta,2016,8,56000.0,Automatic,first,Diesel,1550000
Toyota,Innova,2012,12,250000.0,Manual,second,Diesel,675000
Maruti Suzuki,Wagon-R-1-0,2019,5,42500.0,Manual,second,Petrol,360000
Volkswagen,Polo,2017,7,20000.0,Manual,first,Petrol,570000
Hyundai,Venue,2019,5,41973.0,Automatic,second,Petrol,749991
Mahindra,Bolero,2018,6,82000.0,Manual,first,Diesel,651000
Maruti Suzuki,Wagon-R,2010,14,140849.0,Manual,first,Petrol,175000
Maruti Suzuki,Ertiga,2014,10,141500.0,Manual,first,Diesel,665000
Mahindra,XUV500,2014,10,80879.0,Manual,second,Diesel,500000
Renault,Duster,2013,11,104000.0,Manual,first,Diesel,290000
Hyundai,Venue,2023,1,6000.0,Manual,first,Petrol,890000
BMW,5 Series,2018,6,88000.0,Automatic,second,Diesel,2900000
Volkswagen,Passat,2010,14,78000.0,Manual,second,Petrol,299999
Mercedes-Benz,C-Class,2017,7,42000.0,Automatic,second,Petrol,2275000
Honda,City,2013,11,115000.0,Manual,second,Petrol,450000
Hyundai,Grand i10,2014,10,47000.0,Automatic,second,Petrol,455000
Maruti Suzuki,Celerio,2019,5,45000.0,Automatic,second,Petrol,450000
Maruti Suzuki,maruti-suzuki-brezza,2017,7,116000.0,Manual,first,Diesel,750000
Toyota,Innova Crysta,2018,6,85000.0,Manual,second,Diesel,1420000
Hyundai,Fluidic Verna,2018,6,76000.0,Automatic,first,Diesel,875000
BMW,5 Series,2019,5,38000.0,Automatic,first,Diesel,4900000
Maruti Suzuki,Ertiga,2019,5,92000.0,Manual,first,Diesel,1071000
Honda,City,2013,11,43000.0,Manual,first,Petrol,275000
Porsche,Cayenne Coupe,2021,3,19000.0,Automatic,second,Petrol,11000000
Honda,Amaze,2015,9,66000.0,Manual,second,Diesel,340000
Isuzu,D-Max V-Cross,2018,6,95000.0,Manual,first,Diesel,1275000
BMW,X1,2018,6,81000.0,Automatic,second,Diesel,1875000
Toyota,Fortuner,2015,9,85000.0,Automatic,first,Diesel,1490000
Volkswagen,Virtus,2023,1,17000.0,Automatic,first,Petrol,1800000
Mahindra,Bolero,2022,2,13500.0,Manual,first,Diesel,865000
Hyundai,Creta,2015,9,140000.0,Automatic,first,Diesel,845000
Kia,Carens,2022,2,11000.0,Manual,first,Petrol,1125000
Kia,Seltos,2021,3,26000.0,Automatic,second,Petrol,1275000
Mahindra,Xylo,2018,6,69863.0,Manual,first,Diesel,685000
Hyundai,Elite i20,2014,10,39000.0,Manual,first,Petrol,479999
Maruti Suzuki,Vitara-Brezza,2017,7,50000.0,Manual,first,Diesel,755000
Skoda,Rapid,2016,8,40000.0,Manual,first,Petrol,469000
Toyota,Urban Cruiser Hyryder,2023,1,9100.0,Automatic,first,Petrol,2120000
Toyota,Innova Crysta,2020,4,45000.0,Automatic,first,Diesel,2199000
Hyundai,i20,2015,9,25.0,Automatic,second,Diesel,450000
Hyundai,Elite i20,2015,9,140000.0,Manual,first,Diesel,585000
Chevrolet,Beat,2011,13,57400.0,Manual,second,Petrol,99000
Honda,City,2011,13,76000.0,Automatic,second,Petrol,295000
Volkswagen,Polo,2014,10,75000.0,Manual,second,Diesel,345000
Tata,Safari,2023,1,41000.0,Manual,first,Diesel,1695000
Maruti Suzuki,800,2005,19,65000.0,Manual,second,Petrol,96000
Nissan,Terrano,2014,10,90000.0,Manual,first,Diesel,420000
Tata,Indigo Ecs,2013,11,90000.0,Automatic,second,Diesel,65000
Maruti Suzuki,Eeco,2022,2,8500.0,Manual,second,Petrol,550000
Mini,Cooper Convertible,2018,6,28000.0,Automatic,second,Petrol,4099000
Maruti Suzuki,Swift,2010,14,95000.0,Manual,second,Diesel,227000
BMW,X1,2019,5,60000.0,Automatic,second,Diesel,2150000
Ford,Fiesta,2008,16,122000.0,Manual,second,Petrol,150000
Hyundai,Santro Xing,2011,13,114032.0,Manual,second,Petrol,125000
Hyundai,Verna,2016,8,65426.0,Automatic,second,Petrol,570000
Honda,City ZX,2022,2,38000.0,Automatic,second,Petrol,1450000
Mercedes-Benz,E-Class,2017,7,69000.0,Automatic,first,Diesel,3075000
Hyundai,Creta,2019,5,24000.0,Automatic,second,Petrol,1175000
Mahindra,Thar,2023,1,26000.0,Manual,first,Diesel,1490000
Hyundai,Creta,2017,7,54000.0,Automatic,first,Petrol,940000
Hyundai,Fluidic Verna,2018,6,25000.0,Manual,first,Petrol,840000
Maruti Suzuki,Wagon-R,2023,1,10000.0,Manual,first,Petrol,525000
Hyundai,EON,2017,7,56000.0,Manual,first,Petrol,277000
Maruti Suzuki,XL6,2019,5,57000.0,Automatic,second,Petrol,1150000
Maruti Suzuki,Ciaz,2019,5,24000.0,Automatic,second,Petrol,855000
Renault,KWID,2017,7,59000.0,Manual,second,Petrol,350000
Porsche,Cayenne,2017,7,49650.0,Automatic,second,Petrol,5850000
Mercedes-Benz,GLS,2023,1,16000.0,Automatic,first,Diesel,15900000
Mercedes-Benz,E-Class,2013,11,50000.0,Automatic,second,Diesel,1090000
Hyundai,Venue,2019,5,82000.0,Manual,first,Diesel,1025000
Mitsubishi,Pajero Sport,2015,9,850000.0,Automatic,second,Diesel,875000
Hyundai,Verna,2017,7,70000.0,Automatic,first,Diesel,650000
Toyota,Etios,2011,13,39000.0,Manual,first,Petrol,425000
Kia,Seltos,2020,4,16800.0,Automatic,first,Petrol,1540000
Jaguar,F-Pace,2018,6,57900.0,Automatic,second,Diesel,3550000
Mercedes-Benz,E-Class,2017,7,35000.0,Automatic,first,Diesel,3800000
Audi,Q3,2016,8,114000.0,Automatic,second,Diesel,1750000
Hyundai,i10,2010,14,91000.0,Automatic,first,Petrol,340000
Hyundai,Creta,2017,7,85000.0,Automatic,first,Petrol,669000
Mercedes-Benz,C-Class,2016,8,47000.0,Automatic,second,Diesel,1999999
Tata,Tiago,2017,7,39629.0,Automatic,first,Petrol,450000
Audi,Q3,2018,6,56000.0,Automatic,first,Diesel,3450000
Maruti Suzuki,Wagon-R,2011,13,90000.0,Manual,second,Petrol,150000
Maruti Suzuki,Vitara-Brezza,2016,8,70000.0,Manual,second,Diesel,460000
Mahindra,Bolero Neo,2023,1,5500.0,Manual,first,Diesel,1050000
Maruti Suzuki,maruti-suzuki-dzire,2018,6,58000.0,Manual,second,Petrol,575000
Maruti Suzuki,Baleno,2023,1,40600.0,Manual,first,Petrol,755000
Hyundai,Verna,2012,12,198.0,Manual,second,Petrol,190000
Toyota,Corolla Altis,2014,10,70000.0,Automatic,second,Petrol,590000
Audi,A4,2018,6,63000.0,Automatic,second,Petrol,2350000
Honda,City,2012,12,52000.0,Manual,second,Petrol,285000
Tata,Sumo Victa,2013,11,85000.0,Manual,second,Diesel,159000
Toyota,Innova,2013,11,120000.0,Manual,first,Diesel,1050000
Honda,City,2018,6,38000.0,Manual,first,Petrol,730000
Mercedes-Benz,C-Class,2015,9,90000.0,Automatic,second,Diesel,1490000
Renault,Triber,2020,4,42000.0,Manual,first,Petrol,525000
Tata,Indica Ev2,2015,9,13527.0,Manual,second,Diesel,100000
Mercedes-Benz,GLC Class,2021,3,15650.0,Automatic,first,Petrol,5100000
Ford,Figo,2012,12,149500.0,Manual,second,Diesel,170000
Hyundai,Xcent,2014,10,90000.0,Manual,second,Diesel,445000
Kia,Carnival,2020,4,60000.0,Manual,first,Diesel,3250000
BMW,X1,2012,12,33000.0,Automatic,first,Diesel,450000
Fiat,Grand Punto,2010,14,65000.0,Manual,first,Diesel,175000
Hyundai,i20,2009,15,68000.0,Manual,second,Petrol,221000
Audi,A6,2012,12,48000.0,Automatic,first,Diesel,941000
Maruti Suzuki,Swift,2019,5,70000.0,Automatic,first,Petrol,675000
Hyundai,Verna,2020,4,50400.0,Manual,second,Petrol,965000
Toyota,Innova,2015,9,93200.0,Manual,first,Diesel,859999
Honda,Jazz,2016,8,44000.0,Manual,second,Petrol,490000
Mercedes-Benz,S-Class,2007,17,77000.0,Automatic,second,Petrol,699999
Maruti Suzuki,Baleno,2018,6,68000.0,Manual,first,Diesel,490000
Volkswagen,Polo,2016,8,115000.0,Manual,first,Diesel,640000
Maruti Suzuki,Ritz,2010,14,152000.0,Manual,first,Petrol,160000
Hyundai,Eon,2012,12,50400.0,Manual,first,Petrol,165000
BMW,5 Series,2013,11,60000.0,Automatic,second,Diesel,1395000
Toyota,Fortuner,2017,7,112000.0,Automatic,first,Diesel,2950000
Renault,Lodgy,2015,9,70000.0,Manual,first,Diesel,525000
Honda,Jazz,2016,8,34000.0,Manual,first,Petrol,425000
Mercedes-Benz,GLS,2018,6,59950.0,Automatic,first,Diesel,6211000
Volvo,S60,2016,8,115000.0,Automatic,first,Diesel,1790000
Audi,A6,2014,10,99000.0,Automatic,first,Diesel,849000
BMW,5 Series,2014,10,70000.0,Automatic,second,Diesel,1550000
Maruti Suzuki,Alto-K10,2011,13,71500.0,Automatic,second,Petrol,175000
Hyundai,Aura,2021,3,38000.0,Manual,second,Petrol,485000
Datsun,GO,2019,5,34000.0,Manual,first,Petrol,300000
BMW,X1,2016,8,69000.0,Automatic,second,Diesel,1525111
Honda,WRV,2018,6,85000.0,Manual,second,Diesel,600000
Honda,Civic,2007,17,10645.0,Manual,second,Petrol,180000
Mahindra,XUV700,2022,2,31000.0,Automatic,first,Petrol,1695000
Maruti Suzuki,Esteem,2001,23,87000.0,Manual,second,Petrol,72000
Ford,Figo,2015,9,120000.0,Manual,second,Diesel,320000
Maruti Suzuki,Swift,2020,4,33000.0,Manual,first,Petrol,625000
Rolls-Royce,Phantom Series II,2015,9,11500.0,Automatic,second,Petrol,42500000
Mahindra,Thar,2020,4,45000.0,Automatic,second,Diesel,1380000
Fiat,Punto,2010,14,117500.0,Manual,second,Diesel,149900
Mahindra,XUV500,2015,9,17000.0,Manual,second,Diesel,750000
Honda,City,2016,8,37000.0,Automatic,first,Petrol,690000
Toyota,Innova Crysta,2021,3,72000.0,Manual,first,Diesel,2630000
Toyota,Etios,2017,7,115.0,Manual,second,Diesel,425000
Maruti Suzuki,Wagon R,2022,2,12000.0,Manual,first,Petrol,550000
Mercedes-Benz,C-Class,2011,13,64321.0,Automatic,second,Diesel,975000
Kia,Seltos,2022,2,30000.0,Automatic,first,Petrol,1325000
Mercedes-Benz,CLA,2019,5,63000.0,Automatic,second,Diesel,2150000
Hyundai,i20,2012,12,78695.0,Manual,second,Diesel,285000
Hyundai,i20,2013,11,85000.0,Manual,second,Diesel,330000
Kia,Seltos,2020,4,35231.0,Manual,first,Petrol,849101
BMW,5 Series,2013,11,68000.0,Automatic,second,Diesel,1525111
Honda,Jazz,2018,6,59000.0,Automatic,second,Petrol,620000
Audi,A6,2012,12,72000.0,Automatic,first,Diesel,975000
Land Rover,Range Rover Evoque,2013,11,69000.0,Automatic,second,Diesel,2400000
Hyundai,Verna,2018,6,57000.0,Automatic,first,Petrol,851000
Volkswagen,Polo,2022,2,27000.0,Manual,second,Petrol,849000
Honda,City,2014,10,70000.0,Automatic,second,Petrol,525000
Hyundai,Creta,2017,7,67000.0,Automatic,first,Diesel,899999
Hyundai,i20,2017,7,125000.0,Manual,second,Diesel,609000
Toyota,Innova Crysta,2019,5,68000.0,Automatic,second,Diesel,1745000
Tata,Safari Storme,2017,7,77000.0,Manual,first,Diesel,725000
Skoda,Fabia,2011,13,95000.0,Manual,first,Petrol,175000
Toyota,Innova,2012,12,70000.0,Manual,first,Diesel,750000
Mahindra,Xylo,2018,6,42000.0,Manual,second,Diesel,870000
Ambassador,Ambassador,2008,16,65137.5,Manual,first,Diesel,150000
Renault,Duster,2019,5,51000.0,Automatic,second,Petrol,550000
Toyota,Innova Crysta,2022,2,6100.0,Manual,first,Diesel,2195000
Kia,Seltos,2019,5,19000.0,Manual,first,Petrol,1170000
Renault,KWID,2019,5,89000.0,Manual,first,Petrol,265000
Fiat,Linea,2014,10,154000.0,Manual,second,Petrol,265000
Mahindra,XUV500,2017,7,125000.0,Automatic,first,Diesel,1100000
Maruti Suzuki,A-Star,2010,14,78000.0,Manual,second,Petrol,234999
Hyundai,i20,2010,14,72000.0,Automatic,second,Petrol,275000
Hyundai,Santro,2020,4,32000.0,Automatic,second,Petrol,460000
Maruti Suzuki,Alto-800,2013,11,80000.0,Manual,second,Petrol,135000
Toyota,Fortuner,2014,10,70000.0,Automatic,first,Diesel,1895000
Mercedes-Benz,E-Class,2019,5,40000.0,Automatic,first,Diesel,5500000
Mahindra,Scorpio Classic,2019,5,97000.0,Manual,first,Diesel,1300000
Honda,Jazz,2018,6,32000.0,Manual,first,Petrol,465000
Mercedes-Benz,GLC,2019,5,39000.0,Automatic,second,Diesel,3750000
Maruti Suzuki,Vitara-Brezza,2019,5,105919.0,Manual,first,Diesel,890000
Maruti Suzuki,Ritz,2015,9,64000.0,Manual,second,Petrol,295000
Maruti Suzuki,Celerio,2019,5,82000.0,Automatic,first,Petrol,490000
Skoda,Rapid,2021,3,40000.0,Automatic,second,Petrol,900000
Maruti Suzuki,Wagon-R,2016,8,39000.0,Automatic,second,Petrol,445000
Hyundai,Verna,2018,6,90000.0,Manual,first,Diesel,999000
Maruti Suzuki,Fronx,2024,0,4500.0,Automatic,first,Petrol,850000
Kia,Seltos,2023,1,10000.0,Automatic,first,Diesel,2030000
Toyota,Fortuner,2021,3,40000.0,Automatic,first,Diesel,4050000
Nissan,Sunny,2012,12,114000.0,Manual,second,Diesel,335000
Tata,Nexon,2020,4,30500.0,Automatic,second,Petrol,900000
Maruti Suzuki,Swift,2016,8,63653.0,Manual,second,Diesel,615000
Volkswagen,Polo,2016,8,67500.0,Automatic,second,Petrol,591000
Hyundai,i20,2021,3,14000.0,Automatic,first,Petrol,795000
Hyundai,i20,2018,6,63000.0,Manual,first,Petrol,595000
Mini,Cooper 3 DOOR,2021,3,19500.0,Automatic,first,Petrol,5200000
Mahindra,TUV,2015,9,58000.0,Manual,first,Diesel,460000
Mahindra,XUV700,2022,2,79000.0,Automatic,first,Diesel,2350000
Audi,Q3,2014,10,92000.0,Automatic,second,Diesel,795000
Maruti Suzuki,Baleno,2016,8,55000.0,Automatic,second,Petrol,445000
BMW,5 Series,2017,7,95000.0,Automatic,first,Diesel,2090000
Hyundai,i10,2008,16,70000.0,Automatic,second,Petrol,110000
Tata,Harrier,2020,4,46000.0,Automatic,second,Diesel,1735000
Hyundai,Creta,2019,5,94000.0,Automatic,first,Diesel,1051000
Honda,City,2017,7,70000.0,Automatic,first,Petrol,825000
Hyundai,Venue,2021,3,50000.0,Manual,first,Diesel,875000
Datsun,GO,2019,5,70000.0,Automatic,second,Petrol,190000
Hyundai,Creta,2021,3,85000.0,Manual,first,Diesel,1221000
Hyundai,Grand i10 Nios,2020,4,27500.0,Manual,second,Petrol,540000
Tata,Harrier,2020,4,85000.0,Automatic,second,Diesel,1495000
Honda,Accord,2012,12,45000.0,Manual,first,Petrol,425000
Maruti Suzuki,Ciaz,2015,9,76222.0,Manual,first,Diesel,570000
Honda,City,2016,8,85000.0,Automatic,second,Petrol,649999
Honda,Civic,2010,14,86000.0,Automatic,second,Petrol,238000
Maruti Suzuki,Alto-K10,2018,6,64000.0,Automatic,first,Petrol,330000
Maruti Suzuki,Ritz,2011,13,110067.0,Manual,first,Diesel,190000
Honda,City,2001,23,65137.5,Manual,second,Petrol,55000
Hyundai,Verna,2014,10,73000.0,Manual,second,Petrol,465000
Mahindra,Bolero,2016,8,113000.0,Manual,second,Diesel,739000
Hyundai,Creta,2021,3,29997.0,Manual,first,Petrol,1300000
Maruti Suzuki,Swift-Dzire,2014,10,43000.0,Automatic,second,Petrol,395000
Maruti Suzuki,Ciaz,2019,5,51000.0,Automatic,second,Petrol,725000
Toyota,Fortuner,2018,6,67000.0,Manual,second,Diesel,2875000
Maruti Suzuki,Swift,2018,6,32321.0,Manual,first,Petrol,489101
Maruti Suzuki,Baleno,2022,2,30000.0,Manual,first,Petrol,825000
Maruti Suzuki,Wagon-R,2007,17,75000.0,Manual,second,Petrol,135000
Toyota,Fortuner,2014,10,159000.0,Automatic,second,Diesel,1350000
Honda,City,2009,15,110000.0,Automatic,second,Petrol,375000
Volkswagen,Polo,2014,10,92100.0,Automatic,first,Petrol,525000
Hyundai,Venue,2023,1,12000.0,Automatic,first,Petrol,1195000
Mahindra,Bolero,2011,13,127000.0,Manual,second,Diesel,525000
Maruti Suzuki,maruti-suzuki-dzire,2016,8,54615.0,Manual,first,Petrol,475000
Maruti Suzuki,Wagon-R,2009,15,62000.0,Manual,second,Petrol,125000
Honda,City,2017,7,67555.0,Automatic,first,Petrol,695000
MG,Hector Plus,2022,2,11001.0,Automatic,first,Petrol,1850001
Hyundai,Creta,2019,5,47000.0,Automatic,first,Diesel,980000
Maruti Suzuki,Swift,2015,9,48000.0,Manual,first,Diesel,350000
Hyundai,Creta,2016,8,65000.0,Manual,second,Petrol,875000
BMW,5 Series Gt,2009,15,123000.0,Automatic,first,Diesel,1095000
Ford,Figo,2011,13,122361.0,Manual,second,Diesel,240000
Honda,Jazz,2016,8,46000.0,Automatic,second,Petrol,450000
Mahindra,Scorpio,2020,4,74000.0,Manual,first,Diesel,1325000
Toyota,Innova Crysta,2017,7,86100.0,Automatic,first,Diesel,1600000
Skoda,Rapid,2018,6,104000.0,Automatic,first,Petrol,825000
Land Rover,Defender,2023,1,20000.0,Automatic,first,Petrol,10700000
Maruti Suzuki,Alto-K10,2016,8,38000.0,Automatic,second,Petrol,335000
Hyundai,Grand i10,2016,8,26000.0,Automatic,second,Petrol,400000
Toyota,Fortuner,2018,6,70000.0,Automatic,first,Diesel,3000000
Hyundai,Elantra,2015,9,65000.0,Automatic,first,Diesel,550000
Toyota,Corolla Altis,2011,13,52000.0,Manual,second,Petrol,275000
Maruti Suzuki,Eeco,2022,2,26080.0,Manual,first,Petrol,570000
Hyundai,Grand i10 Nios,2020,4,35000.0,Automatic,second,Petrol,625000
Maruti Suzuki,Vitara-Brezza,2018,6,183000.0,Manual,first,Diesel,851000
Jeep,Compass,2017,7,59000.0,Manual,second,Diesel,1050000
Toyota,Etios,2018,6,80000.0,Manual,first,Diesel,575000
Jeep,Compass,2019,5,65000.0,Manual,first,Diesel,1449000
Maruti Suzuki,Ertiga,2017,7,92000.0,Manual,first,Diesel,935000
Mercedes-Benz,GLA Class,2019,5,50000.0,Automatic,second,Petrol,2485000
Maruti Suzuki,Alto-800,2017,7,700000.0,Automatic,second,Petrol,200000
Tata,Venture,2013,11,100000.0,Manual,second,Diesel,180000
Ford,Aspire,2018,6,47000.0,Manual,first,Diesel,460000
Mahindra,XUV500,2016,8,100000.0,Manual,first,Diesel,900000
Mercedes-Benz,GLA,2016,8,41000.0,Automatic,second,Diesel,2225000
Tata,Harrier,2022,2,21000.0,Manual,first,Diesel,1750000
Hyundai,Verna,2012,12,83000.0,Manual,second,Petrol,285000
Honda,City,2022,2,13000.0,Automatic,first,Petrol,1175000
Toyota,Corolla,2004,20,76000.0,Automatic,second,Petrol,145000
Hyundai,Grand i10,2019,5,69000.0,Manual,first,Diesel,495000
Mercedes-Benz,C-Class,2012,12,76000.0,Automatic,first,Petrol,1125000
Maruti Suzuki,Baleno,2019,5,65000.0,Manual,first,Petrol,575000
Mini,Cooper Countryman,2015,9,76000.0,Automatic,second,Diesel,1850000
Renault,Triber,2021,3,25152.0,Manual,first,Petrol,615000
Maruti Suzuki,Swift-Dzire,2017,7,110000.0,Manual,first,Diesel,710000
Maruti Suzuki,Zen-Estilo,2010,14,25370.0,Manual,first,Petrol,145000
Renault,KWID,2017,7,100000.0,Manual,second,Petrol,190000
Mahindra,Scorpio,2023,1,79000.0,Manual,first,Diesel,1690000
Maruti Suzuki,Swift-Dzire,2009,15,125000.0,Manual,first,Diesel,210000
Kia,Carens,2024,0,2700.0,Automatic,first,Petrol,1750000
Hyundai,Creta,2016,8,71000.0,Manual,first,Diesel,594999
Mahindra,XUV500,2016,8,115000.0,Manual,second,Diesel,675000
BMW,5 Series,2013,11,67000.0,Automatic,second,Diesel,1290000
Kia,Seltos,2021,3,70000.0,Manual,first,Diesel,1150000
Mercedes-Benz,CLA,2016,8,58400.0,Automatic,second,Diesel,1522000
Toyota,Urban Cruiser,2022,2,11000.0,Automatic,first,Petrol,950000
Mahindra,Scorpio,2016,8,90000.0,Manual,first,Diesel,1050000
Mahindra,Xylo,2015,9,78000.0,Manual,second,Diesel,265000
Mahindra,Scorpio,2013,11,108000.0,Manual,first,Diesel,650000
Hyundai,Alcazar,1999,25,16000.0,Manual,first,Petrol,1595000
Chevrolet,Cruze,2015,9,57000.0,Automatic,first,Diesel,525000
Mahindra,XUV500,2017,7,85000.0,Automatic,second,Diesel,770000
Maruti Suzuki,Vitara-Brezza,2018,6,90000.0,Manual,second,Diesel,475000
Honda,Brio,2017,7,42000.0,Automatic,second,Petrol,435000
Skoda,Kushaq,2023,1,16000.0,Manual,second,Petrol,1250000
Hyundai,Creta,2022,2,27000.0,Automatic,second,Petrol,1425000
Porsche,Cayenne,2014,10,70000.0,Automatic,second,Petrol,6500000
Honda,City,2012,12,80000.0,Manual,second,Petrol,361000
Mahindra,Scorpio N,2022,2,18900.0,Automatic,first,Petrol,1965000
Hyundai,Alcazar,2023,1,16000.0,Automatic,first,Diesel,2250000
Maruti Suzuki,Swift-Dzire,2015,9,51700.0,Manual,second,Petrol,445000
Jeep,Compass,2021,3,14000.0,Automatic,first,Diesel,2550000
Maruti Suzuki,maruti-suzuki-dzire,2014,10,90000.0,Manual,first,Diesel,590000
Ford,Figo,2011,13,78000.0,Manual,second,Diesel,155000
Mahindra,TUV,2018,6,80000.0,Manual,first,Diesel,630000
Maruti Suzuki,Swift,2019,5,26000.0,Automatic,first,Petrol,680000
Maruti Suzuki,Vitara-Brezza,2018,6,61000.0,Manual,second,Diesel,645000
Toyota,Fortuner,2014,10,75000.0,Automatic,second,Diesel,1100000
Renault,Duster,2020,4,72000.0,Automatic,first,Petrol,810000
Kia,Seltos,2020,4,50693.0,Automatic,first,Petrol,1395000
Kia,Sonet,2020,4,72000.0,Manual,first,Diesel,850000
Maruti Suzuki,Swift-Dzire,2018,6,52000.0,Manual,first,Petrol,475000
Maruti Suzuki,Vitara-Brezza,2017,7,94000.0,Manual,second,Diesel,708500
Toyota,Innova,2015,9,250000.0,Manual,second,Diesel,707786
Mahindra,Scorpio,2018,6,80000.0,Manual,first,Diesel,1495000
Hyundai,Creta,2020,4,44000.0,Automatic,first,Petrol,1535000
Skoda,Rapid,2015,9,151000.0,Automatic,second,Diesel,500000
Tata,Hexa,2018,6,85000.0,Automatic,second,Diesel,775000
Lexus,LS,2011,13,45000.0,Automatic,second,Petrol,2600000
Renault,Kiger,2022,2,49000.0,Automatic,first,Petrol,640000
Hyundai,i20,2013,11,35000.0,Manual,second,Petrol,235000
Fiat,Punto,2018,6,80000.0,Manual,first,Diesel,510000
Kia,Seltos,2022,2,62000.0,Manual,first,Petrol,1450000
MG,Hector,2021,3,20530.0,Automatic,first,Petrol,1587000
Honda,Jazz,2017,7,65000.0,Manual,second,Diesel,350000
Skoda,Octavia,2005,19,173500.0,Manual,first,Diesel,500000
Hyundai,Grand i10 Nios,2021,3,7200.0,Automatic,second,Petrol,725000
Hyundai,Creta Facelift,2021,3,119267.0,Manual,first,Diesel,1050000
Maruti Suzuki,Sx4,2009,15,92000.0,Automatic,second,Petrol,132000
Ford,Endeavour,2021,3,55000.0,Automatic,first,Diesel,2999000
Honda,Civic,2006,18,43519.0,Automatic,first,Petrol,235000
Volkswagen,Polo,2014,10,78000.0,Manual,first,Petrol,318000
Hyundai,Fluidic Verna,2019,5,54000.0,Manual,second,Petrol,640000
Hyundai,i10,2012,12,80444.0,Automatic,first,Petrol,325000
Maruti Suzuki,Swift,2017,7,55000.0,Manual,first,Petrol,570000
Mahindra,XUV300,2019,5,41000.0,Manual,first,Petrol,825000
Maruti Suzuki,Celerio,2015,9,28120.0,Manual,first,Petrol,400000
Tata,Nexon,2022,2,13000.0,Manual,first,Petrol,1250000
Maruti Suzuki,Swift-Dzire,2014,10,70000.0,Manual,second,Petrol,325000
Audi,Q3,2017,7,65000.0,Automatic,first,Diesel,1575000
Nissan,Terrano,2015,9,95000.0,Manual,first,Diesel,500000
Ford,Mustang,2019,5,30000.0,Automatic,second,Petrol,7900000
Mercedes-Benz,GLE COUPE,2019,5,30000.0,Automatic,first,Petrol,8000000
Toyota,Innova Crysta,2017,7,125888.0,Manual,first,Diesel,1275000
Mercedes-Benz,CLA,2015,9,55000.0,Automatic,first,Diesel,1521111
Mahindra,XUV500,2012,12,115000.0,Manual,second,Diesel,425000
Mini,Cooper S,2023,1,9500.0,Automatic,first,Petrol,4950000
Maruti Suzuki,Swift,2010,14,99860.0,Manual,second,Diesel,245000
Kia,Carnival,2020,4,45000.0,Automatic,second,Diesel,2550000
Hyundai,Elantra,2015,9,78000.0,Automatic,first,Diesel,675000
Mahindra,XUV500,2019,5,44000.0,Manual,first,Diesel,1125000
Maruti Suzuki,Ertiga,2022,2,27000.0,Manual,second,Petrol,1070000
Maruti Suzuki,Vitara-Brezza,2019,5,71000.0,Automatic,first,Diesel,995000
Mahindra,Thar,2022,2,27000.0,Automatic,first,Diesel,1550000
Tata,Safari Storme,2015,9,93000.0,Manual,second,Diesel,555555
Maruti Suzuki,Wagon-R,2008,16,42000.0,Manual,second,Petrol,100000
Mahindra,Xylo,2013,11,55000.0,Automatic,second,Diesel,285000
Chevrolet,Spark,2009,15,89566.0,Manual,first,Petrol,99000
Maruti Suzuki,Celerio,2019,5,37710.0,Automatic,first,Petrol,540000
Tata,Nano,2014,10,35000.0,Manual,second,Petrol,110000
Renault,Duster,2013,11,95000.0,Manual,first,Diesel,290000
Mahindra,Thar,2021,3,20000.0,Automatic,second,Petrol,1425000
Renault,KWID,2017,7,55000.0,Automatic,second,Petrol,365000
Renault,KWID,2019,5,94000.0,Automatic,first,Petrol,390000
Hyundai,Venue,2023,1,7500.0,Automatic,first,Petrol,1350000
MG,Hector,2021,3,61000.0,Automatic,first,Petrol,990000
Hyundai,i20,2012,12,82000.0,Manual,second,Diesel,195000
Renault,Triber,2021,3,80000.0,Manual,first,Petrol,555000
Chevrolet,Cruze,2013,11,75000.0,Automatic,second,Diesel,645000
Volkswagen,Tiguan All Space,2023,1,25000.0,Automatic,first,Petrol,3200000
Volkswagen,Polo,2016,8,78000.0,Automatic,first,Petrol,545000
Mahindra,Bolero,2022,2,30800.0,Manual,first,Diesel,850000
Maruti Suzuki,Grand Vitara,2023,1,50000.0,Automatic,first,Petrol,1950000
Lexus,ES,2022,2,24000.0,Automatic,first,Petrol,6000000
Hyundai,i20,2022,2,63110.0,Manual,first,Diesel,795000
Maruti Suzuki,Vitara-Brezza,2017,7,93000.0,Manual,first,Diesel,450000
Honda,City,2021,3,38000.0,Automatic,first,Petrol,1199000
Nissan,Micra,2017,7,18000.0,Manual,first,Petrol,240000
Tata,Tiago,2019,5,49000.0,Automatic,first,Petrol,495000
Honda,City,2015,9,78000.0,Manual,first,Petrol,460000
Mercedes-Benz,GLE,2018,6,70000.0,Automatic,first,Diesel,3298000
Toyota,Innova Crysta,2018,6,68500.0,Automatic,first,Diesel,1525000
Volkswagen,Polo,2014,10,96000.0,Manual,second,Diesel,410000
Toyota,Innova Crysta,2017,7,115000.0,Manual,first,Diesel,1451000
Maruti Suzuki,Swift-Dzire,2014,10,93000.0,Manual,second,Diesel,521000
Toyota,Camry,2015,9,96000.0,Automatic,second,Petrol,1350000
Mitsubishi,Pajero Sport,2017,7,125000.0,Automatic,second,Diesel,1099000
Honda,City,2017,7,81000.0,Automatic,second,Petrol,770000
Toyota,Innova Crysta,2020,4,105000.0,Automatic,second,Diesel,1850000
Maruti Suzuki,Vitara-Brezza,2020,4,56000.0,Manual,second,Petrol,725000
Honda,City,2015,9,90000.0,Manual,first,Diesel,480000
Maruti Suzuki,Wagon-R,2018,6,35000.0,Manual,first,Petrol,375000
Hyundai,Creta,2022,2,40000.0,Automatic,first,Diesel,1850000
Hyundai,Alcazar,2023,1,13000.0,Automatic,first,Diesel,1990000
Hyundai,Venue,2020,4,52000.0,Automatic,first,Petrol,750000
Toyota,Etios,2012,12,67000.0,Manual,first,Petrol,265000
Hyundai,Grand i10,2017,7,18000.0,Automatic,first,Petrol,575000
Mahindra,Xylo,2012,12,76269.0,Manual,second,Diesel,425000
Mahindra,XUV700,2023,1,25095.0,Automatic,first,Diesel,1990000
Ford,Figo,2011,13,88000.0,Manual,second,Diesel,255000
Maruti Suzuki,Brezza,2017,7,89000.0,Manual,second,Diesel,665000
Ford,Ecosport,2014,10,51000.0,Automatic,second,Petrol,525000
Mahindra,XUV500,2014,10,97122.0,Manual,second,Diesel,585000
Ford,Free Style,2019,5,138000.0,Manual,first,Diesel,529000
Mahindra,XUV500,2021,3,116000.0,Manual,first,Diesel,1530000
Porsche,Cayenne,2013,11,66000.0,Automatic,first,Petrol,2950000
Maruti Suzuki,Ertiga,2017,7,81000.0,Manual,first,Diesel,875000
Kia,Seltos,2022,2,36500.0,Automatic,first,Diesel,1950000
Mahindra,Bolero,2022,2,55800.0,Automatic,second,Diesel,590000
Hyundai,Grand i10,2017,7,73157.0,Automatic,second,Petrol,450000
Hyundai,Santro Xing,2008,16,82000.0,Manual,first,Petrol,209000
MG,Hector,2020,4,70000.0,Manual,first,Diesel,1390000
Toyota,Corolla Altis,2014,10,99000.0,Manual,first,Diesel,670000
Toyota,Fortuner,2018,6,53000.0,Automatic,second,Diesel,2350000
Honda,Amaze,2023,1,16173.0,Automatic,first,Petrol,846000
Audi,A6,2019,5,98000.0,Automatic,second,Diesel,1900000
Maruti Suzuki,Wagon-R,2023,1,17000.0,Automatic,first,Petrol,699000
Mercedes-Benz,E-Class,2012,12,59693.0,Automatic,second,Diesel,1545000
Toyota,2.8 Legender 4X2,2021,3,93000.0,Automatic,first,Diesel,3851000
Volkswagen,Polo,2014,10,82864.0,Manual,second,Diesel,465000
Mercedes-Benz,CLA,2016,8,95000.0,Automatic,first,Diesel,1751000
Toyota,Innova Crysta,2021,3,38000.0,Automatic,second,Petrol,2000000
Mahindra,Scorpio,2012,12,80000.0,Manual,second,Diesel,275000
Tata,Tiago,2016,8,110818.0,Manual,second,Petrol,325000
Maruti Suzuki,Alto,2012,12,39000.0,Manual,first,Petrol,158000
Volkswagen,Polo,2013,11,51000.0,Automatic,second,Petrol,525000
Maruti Suzuki,Alto,2009,15,150.0,Manual,second,Petrol,110000
Jaguar,XE,2016,8,22500.0,Automatic,first,Petrol,1950000
Hyundai,Fluidic Verna,2014,10,68000.0,Manual,second,Petrol,425000
Honda,Accord,2013,11,42000.0,Automatic,second,Petrol,490000
Hyundai,i10,2010,14,100000.0,Manual,second,Petrol,150000
Jeep,Compass,2017,7,60000.0,Manual,first,Diesel,850000
Hyundai,Venue,2020,4,51055.0,Automatic,first,Petrol,899999
Tata,Hexa,2018,6,115000.0,Manual,second,Diesel,650000
Fiat,Punto,2009,15,76000.0,Manual,first,Petrol,190000
Mahindra,Thar,2020,4,16000.0,Manual,first,Diesel,1415000
BMW,X1,2020,4,107001.0,Automatic,first,Diesel,2300000
Tata,Safari Storme,2017,7,75000.0,Manual,first,Diesel,690000
Hyundai,Creta,2018,6,50000.0,Manual,second,Petrol,750000
Hyundai,Tucson,2017,7,72400.0,Automatic,second,Diesel,1050000
Mahindra,TUV,2019,5,57000.0,Automatic,second,Diesel,825000
Skoda,Superb,2013,11,65000.0,Manual,second,Petrol,425000
Toyota,Corolla Altis,2017,7,60043.0,Automatic,second,Petrol,875000
Ford,Ecosport,2017,7,70300.0,Manual,first,Diesel,650000
Tata,Nexon,2020,4,48000.0,Manual,first,Diesel,845000
Tata,Harrier,2019,5,68000.0,Manual,first,Diesel,1190000
Honda,City,2018,6,75000.0,Manual,second,Petrol,865000
Maruti Suzuki,Ignis,2018,6,28200.0,Manual,first,Petrol,435000
Toyota,Fortuner,2022,2,40000.0,Automatic,first,Diesel,4275000
Mahindra,Scorpio Classic,2023,1,20500.0,Manual,second,Diesel,1685000
Maruti Suzuki,Ciaz,2016,8,99000.0,Automatic,second,Petrol,450000
Renault,KWID,2018,6,57000.0,Manual,first,Petrol,295000
Hyundai,Venue,2019,5,53000.0,Manual,second,Petrol,869000
Maruti Suzuki,Celerio-X,2020,4,60000.0,Manual,second,Petrol,420000
Chevrolet,Beat,2013,11,45000.0,Manual,second,Diesel,325000
Maruti Suzuki,Ignis,2018,6,36000.0,Automatic,second,Petrol,570000
Volkswagen,Polo,2017,7,76000.0,Manual,first,Petrol,550000
Maruti Suzuki,Wagon-R,2009,15,70326.0,Automatic,first,Petrol,280000
Volvo,XC60,2020,4,25500.0,Automatic,second,Diesel,4500000
Toyota,Glanza,2023,1,42000.0,Manual,first,Petrol,825000
Maruti Suzuki,Alto K10,2016,8,63000.0,Automatic,second,Petrol,375000
Tata,H5x,2019,5,29250.0,Manual,first,Diesel,1081111
Mercedes-Benz,GLC Class,2021,3,19000.0,Automatic,first,Diesel,6800000
Hyundai,Alcazar,2023,1,13000.0,Automatic,first,Petrol,2195000
Maruti Suzuki,800,2013,11,75893.0,Manual,second,Petrol,50000
BMW,5 Series,2017,7,42000.0,Automatic,second,Diesel,1695000
Maruti Suzuki,Alto-800,2019,5,42312.0,Manual,first,Petrol,310000
Maruti Suzuki,XL6,2021,3,20858.0,Manual,first,Petrol,1051000
Toyota,Innova Crysta,2017,7,100000.0,Automatic,second,Diesel,1911111
Ford,Ecosport,2019,5,45000.0,Manual,second,Petrol,750000
Hyundai,Creta,2018,6,79200.0,Manual,first,Diesel,725000
Maruti Suzuki,Brezza,2020,4,37000.0,Automatic,first,Petrol,950000
Toyota,Camry,2022,2,40000.0,Automatic,second,Petrol,3475000
Mercedes-Benz,GLE Class,2016,8,81881.0,Automatic,second,Diesel,3500000
Honda,City,2015,9,80000.0,Manual,second,Diesel,615000
Tata,Safari,2012,12,64000.0,Manual,second,Diesel,197777
BMW,5 Series,2017,7,59000.0,Automatic,first,Diesel,3295000
Tata,Nexon,2020,4,90000.0,Manual,first,Petrol,630000
Maruti Suzuki,Estilo,2010,14,39231.0,Manual,first,Petrol,155101
Hyundai,Verna,2018,6,74000.0,Manual,second,Diesel,850000
Kia,Seltos,2020,4,46000.0,Automatic,first,Diesel,1278000
Honda,Amaze,2023,1,28756.0,Automatic,first,Petrol,830000
Maruti Suzuki,Baleno,2020,4,72000.0,Manual,first,Petrol,620000
Skoda,Rapid,2012,12,148600.0,Manual,second,Diesel,319000
Renault,Duster,2015,9,127215.0,Manual,second,Diesel,445000
Hyundai,Verna,2013,11,83000.0,Manual,second,Diesel,345000
Mercedes-Benz,CLS-Class,2016,8,96000.0,Automatic,first,Diesel,2190000
Mahindra,Quanto,2013,11,101000.0,Manual,second,Diesel,235000
Volkswagen,Polo,2020,4,30000.0,Automatic,second,Petrol,1100000
MG,ASTOR,2023,1,40000.0,Manual,first,Petrol,1395000
Volkswagen,Polo,2010,14,111300.0,Manual,second,Diesel,245000
Toyota,Innova Crysta,2016,8,95000.0,Manual,first,Diesel,1390000
Hyundai,i20,2016,8,85000.0,Manual,second,Petrol,615000
BMW,X1,2016,8,71000.0,Automatic,second,Diesel,1695000
Tata,Tiago,2022,2,11000.0,Automatic,first,Petrol,685000
Maruti Suzuki,Swift,2020,4,44566.0,Manual,first,Petrol,565000
Maruti Suzuki,Wagon-R-1-0,2009,15,78686.0,Manual,second,Petrol,108000
Toyota,Innova Crysta,2020,4,51000.0,Manual,first,Diesel,1975000
Maruti Suzuki,Vitara-Brezza,2018,6,56000.0,Manual,second,Diesel,790000
Skoda,Rapid,2015,9,11000.0,Manual,first,Diesel,545000
BMW,3 Series Gran Limousine,2023,1,5800.0,Automatic,first,Petrol,5400000
Maruti Suzuki,Ciaz,2016,8,48000.0,Automatic,first,Petrol,635000
Maruti Suzuki,Vitara-Brezza,2020,4,76000.0,Manual,second,Diesel,799000
Renault,KWID,2017,7,51000.0,Automatic,first,Petrol,365000
Volkswagen,Jetta,2010,14,136000.0,Manual,second,Diesel,249999
Skoda,Kodiaq,2018,6,63000.0,Automatic,first,Diesel,2199999
MG,Hector,2019,5,45000.0,Automatic,second,Petrol,1290000
Audi,Q7,2017,7,76000.0,Automatic,second,Diesel,3700000
Maruti Suzuki,Alto-800,2016,8,56000.0,Manual,second,Petrol,269000
Hyundai,Grand i10,2018,6,50000.0,Manual,second,Petrol,435000
Toyota,Innova,2010,14,140000.0,Manual,second,Diesel,375000
Hyundai,i20,2017,7,70000.0,Manual,second,Petrol,550000
Honda,Brio,2017,7,34000.0,Manual,first,Petrol,430000
Maruti Suzuki,Swift-Dzire,2018,6,62000.0,Automatic,second,Petrol,650000
Maruti Suzuki,Swift,2022,2,9000.0,Manual,second,Petrol,670000
Maruti Suzuki,Vitara-Brezza,2017,7,85100.0,Manual,first,Diesel,499000
Skoda,Superb,2014,10,50000.0,Automatic,second,Petrol,1000000
Mercedes-Benz,GLA Class,2019,5,32354.0,Automatic,first,Petrol,2975000
Hyundai,Santro Xing,2005,19,90000.0,Manual,second,Petrol,90000
Hyundai,Santro Xing,2001,23,128000.0,Manual,second,Petrol,60000
Mahindra,Bolero Power Plus,2015,9,65137.5,Automatic,second,Diesel,450000
Maruti Suzuki,Swift,2013,11,74000.0,Manual,second,Diesel,435000
Mahindra,XUV 300,2019,5,65000.0,Manual,first,Diesel,650000
Maruti Suzuki,Swift,2005,19,90000.0,Manual,second,Petrol,199999
Mahindra,TUV,2017,7,103000.0,Automatic,second,Diesel,630000
Maruti Suzuki,Swift-Dzire,2010,14,102500.0,Manual,first,Petrol,150000
Maruti Suzuki,Swift,2012,12,70000.0,Manual,second,Petrol,360000
Ford,Fiesta,2007,17,125000.0,Manual,second,Petrol,190000
Hyundai,Verna,2021,3,30000.0,Manual,first,Diesel,950000
Maruti Suzuki,A-Star,2012,12,69321.0,Automatic,second,Petrol,260000
Mahindra,Scorpio Classic,2015,9,140000.0,Manual,second,Diesel,835000
Hyundai,Grand i10,2014,10,71000.0,Manual,first,Petrol,345000
MG,ASTOR,2023,1,27000.0,Automatic,first,Petrol,1275000
Hyundai,Creta,2018,6,68000.0,Automatic,first,Petrol,850000
Maruti Suzuki,800,2004,20,29000.0,Manual,second,Petrol,90000
Toyota,Innova Crysta,2019,5,53000.0,Manual,first,Diesel,1600000
Hyundai,Elantra,2012,12,71380.0,Automatic,second,Petrol,450000
Toyota,Corolla Altis,2009,15,95000.0,Automatic,second,Petrol,199000
Maruti Suzuki,Swift,2015,9,94000.0,Manual,first,Diesel,500000
Hyundai,i20 Active,2015,9,96000.0,Manual,second,Diesel,449000
Hyundai,i20,2013,11,118000.0,Manual,second,Diesel,350000
Toyota,Corolla Altis,2016,8,102200.0,Automatic,second,Petrol,750000
Maruti Suzuki,Vitara Brezza,2019,5,69000.0,Automatic,second,Diesel,995000
Mahindra,Thar,2023,1,25000.0,Manual,first,Petrol,1200000
Honda,Amaze,2017,7,41000.0,Manual,second,Petrol,425000
Hyundai,Fluidic Verna,2021,3,36000.0,Manual,first,Petrol,1075000
BMW,X1,2017,7,58000.0,Automatic,first,Diesel,2099999
Volvo,XC90,2016,8,102000.0,Automatic,first,Diesel,3749000
Audi,A4,2016,8,36000.0,Automatic,first,Diesel,1250001
Hyundai,Eon,2014,10,48000.0,Manual,second,Petrol,165000
Volkswagen,Polo,2018,6,44000.0,Automatic,second,Petrol,950000
Mahindra,Bolero,2011,13,110000.0,Manual,second,Diesel,545000
Honda,Jazz,2017,7,81000.0,Automatic,second,Petrol,590000
Hyundai,Santro Xing,2009,15,68000.0,Manual,first,Petrol,195000
Mercedes-Benz,GLC Class,2021,3,45000.0,Automatic,first,Petrol,6500000
Toyota,Innova,2014,10,177000.0,Manual,second,Diesel,1250000
Maruti Suzuki,Vitara-Brezza,2017,7,110000.0,Manual,second,Diesel,650000
Maruti Suzuki,Wagon-R,2023,1,15000.0,Manual,first,Petrol,800000
Hyundai,i20 Active,2015,9,42000.0,Manual,second,Petrol,410000
Maruti Suzuki,Wagon R,2009,15,43058.0,Manual,first,Petrol,141000
Maruti Suzuki,Wagon-R,2004,20,95000.0,Manual,second,Petrol,120000
Hyundai,i20,2012,12,130000.0,Manual,second,Diesel,330000
Maruti Suzuki,Dzire,2016,8,71000.0,Automatic,second,Diesel,560000
BMW,5 Series,2010,14,58400.0,Automatic,first,Diesel,536003
Maruti Suzuki,Baleno,2018,6,110000.0,Manual,second,Diesel,550000
Renault,Pulse,2015,9,48000.0,Manual,second,Diesel,395000
Maruti Suzuki,Swift-Dzire,2015,9,72000.0,Manual,first,Diesel,325000
Skoda,Rapid,2013,11,54000.0,Automatic,second,Petrol,425000
Maruti Suzuki,Swift,2009,15,65000.0,Manual,first,Petrol,190000
Hyundai,Xcent,2017,7,180000.0,Manual,first,Diesel,400000
Hyundai,Tucson,2017,7,98000.0,Automatic,first,Diesel,1075000
Jeep,Compass,2017,7,82000.0,Manual,second,Diesel,850000
Tata,Nano Genx,2012,12,28000.0,Manual,first,Petrol,110000
Maruti Suzuki,Swift,2021,3,54000.0,Manual,first,Petrol,589000
Hyundai,Creta,2017,7,160000.0,Automatic,second,Petrol,845000
Mahindra,Thar,2021,3,18000.0,Automatic,first,Diesel,1495000
Honda,City ZX,2008,16,65000.0,Automatic,second,Petrol,175000
MG,Hector,2019,5,52000.0,Automatic,first,Petrol,1350000
Toyota,Innova Crysta,2019,5,25000.0,Automatic,first,Diesel,2825000
Hyundai,i10,2013,11,26000.0,Automatic,first,Petrol,275111
Hyundai,Verna,2019,5,68580.0,Automatic,second,Petrol,850000
Maruti Suzuki,Alto-K10,2015,9,71051.0,Manual,first,Petrol,197000
Tata,Nexon,2019,5,29000.0,Manual,second,Petrol,644999
Honda,Amaze,2019,5,50000.0,Manual,second,Petrol,525000
Datsun,RediGO,2020,4,50600.0,Manual,second,Petrol,225000
Hyundai,i20 Active,2016,8,68000.0,Manual,first,Petrol,465000
Jaguar,XJ,2013,11,35000.0,Automatic,first,Diesel,3000000
BMW,3 Series GT,2016,8,60000.0,Automatic,second,Diesel,2250000
Hyundai,Aura,2020,4,29000.0,Manual,first,Hybrid/CNG,650000
Maruti Suzuki,Ciaz,2016,8,82000.0,Automatic,first,Petrol,595000
Maruti Suzuki,Swift-Dzire,2020,4,98000.0,Manual,second,Hybrid/CNG,590000
Volkswagen,VentoTest,2017,7,74528.0,Automatic,first,Petrol,775000
Maruti Suzuki,Alto-K10,2015,9,72000.0,Manual,first,Hybrid/CNG,269900
Hyundai,Grand i10,2018,6,25818.0,Automatic,first,Petrol,498000
Hyundai,Grand i10,2017,7,54000.0,Automatic,second,Petrol,475000
Mercedes-Benz,C Class,2015,9,105000.0,Automatic,second,Petrol,1795000
Maruti Suzuki,Wagon-R,2013,11,80000.0,Manual,first,Hybrid/CNG,325000
Mahindra,TUV 300-plus,2018,6,80787.0,Manual,first,Diesel,625000
Hyundai,New Santro,2008,16,110705.0,Automatic,second,Petrol,89000
Hyundai,i20 Active,2016,8,64000.0,Manual,second,Hybrid/CNG,425000
Mercedes-Benz,CLA,2015,9,95000.0,Automatic,first,Diesel,1661000
Mahindra,TUV,2017,7,169450.0,Automatic,first,Diesel,587999
Honda,City ZX,2022,2,45000.0,Manual,first,Petrol,1340000
Maruti Suzuki,Ciaz,2017,7,34358.0,Manual,first,Petrol,551355
Maruti Suzuki,Alto,2011,13,100000.0,Manual,second,Hybrid/CNG,165000
Toyota,2.8 Legender 4X2,2021,3,33000.0,Automatic,first,Diesel,3950000
Land Rover,Discovery Sport,2019,5,53546.0,Automatic,first,Diesel,2740000
Tata,Safari,2021,3,45000.0,Manual,first,Diesel,1750000
Maruti Suzuki,Alto,2011,13,61000.0,Automatic,second,Hybrid/CNG,191000
Honda,Brio,2012,12,90000.0,Manual,second,Hybrid/CNG,195000
Hyundai,Verna,2011,13,108000.0,Automatic,second,Hybrid/CNG,319999
Maruti Suzuki,Baleno,2019,5,38923.0,Automatic,first,Petrol,695000
Mahindra,Bolero,2016,8,7688.0,Manual,first,Diesel,500000
Hyundai,Creta,2020,4,42000.0,Manual,first,Diesel,1120000
Volvo,S90,2017,7,60000.0,Automatic,first,Diesel,3200000
Toyota,Innova Crysta,2019,5,116250.0,Automatic,second,Diesel,1625000
Toyota,Innova Hycross,2024,0,18000.0,Automatic,first,Hybrid/CNG,3485000
BMW,3 Series,2012,12,78000.0,Automatic,second,Diesel,571000
Toyota,Innova,2011,13,103008.0,Manual,second,Diesel,570000
Mercedes-Benz,GLA Class,2015,9,65000.0,Automatic,first,Petrol,1690000
Maruti Suzuki,Ertiga,2017,7,68350.0,Manual,second,Hybrid/CNG,675000
Skoda,Superb,2017,7,65000.0,Automatic,first,Petrol,1050000
MG,ASTOR,2022,2,63000.0,Automatic,first,Petrol,1245000
Maruti Suzuki,Swift-Dzire,2018,6,104000.0,Manual,first,Hybrid/CNG,600000
Toyota,Innova Hycross,2023,1,18000.0,Automatic,first,Diesel,2245000
Hyundai,Santro Xing,2014,10,70000.0,Manual,second,Petrol,190000
Toyota,Corolla Altis,2014,10,80000.0,Automatic,first,Petrol,494999
Maruti Suzuki,Alto,2009,15,85000.0,Manual,second,Hybrid/CNG,60000
Maruti Suzuki,Esteem,2007,17,65137.5,Manual,second,Hybrid/CNG,100000
Maruti Suzuki,Wagon-R-1-0,2015,9,72000.0,Manual,second,Hybrid/CNG,255000
Honda,Jazz,2015,9,95000.0,Automatic,first,Hybrid/CNG,450000
Toyota,Etios,2013,11,150000.0,Manual,second,Diesel,280000
Datsun,Redi Go,2019,5,42849.0,Manual,first,Petrol,345000
Maruti Suzuki,Wagon-R,2014,10,59530.0,Manual,first,Petrol,345000
Mercedes-Benz,GLA Class,2017,7,32600.0,Automatic,second,Petrol,1750000
Audi,Q3,2015,9,55406.0,Automatic,first,Diesel,1290000
Honda,Amaze,2015,9,96000.0,Manual,second,Petrol,360000
Maruti Suzuki,Ciaz,2019,5,52380.0,Manual,second,Petrol,645000
Toyota,Yaris,2019,5,59000.0,Automatic,first,Petrol,745000
Maruti Suzuki,Wagon-R,2021,3,44000.0,Automatic,first,Hybrid/CNG,585000
Maruti Suzuki,Ertiga,2014,10,77000.0,Manual,second,Diesel,684000
Maruti Suzuki,Wagon R 1.0,2018,6,47000.0,Manual,first,Hybrid/CNG,425000
Honda,City,2015,9,108000.0,Manual,second,Hybrid/CNG,475000
Maruti Suzuki,Celerio,2014,10,56000.0,Manual,second,Petrol,355000
Maruti Suzuki,Ertiga,2012,12,92500.0,Manual,second,Hybrid/CNG,510000
Hyundai,Grand i10 Nios,2022,2,80000.0,Automatic,first,Hybrid/CNG,600000
Honda,Mobilio,2015,9,61000.0,Manual,first,Diesel,245000
Maruti Suzuki,Ertiga,2022,2,56000.0,Manual,first,Hybrid/CNG,1170000
Ford,Ecosport,2018,6,69000.0,Automatic,second,Petrol,399999
Maruti Suzuki,Ertiga,2019,5,112000.0,Manual,first,Diesel,900000
Maruti Suzuki,Alto,2005,19,135000.0,Automatic,second,Petrol,85000
Audi,Q3,2013,11,95000.0,Automatic,second,Diesel,1299999
Land Rover,Discovery Sport,2017,7,65000.0,Automatic,first,Diesel,2273000
Honda,City,2018,6,57700.0,Manual,first,Hybrid/CNG,890000
Honda,Amaze,2020,4,68000.0,Automatic,first,Petrol,595000
BMW,5 Series,2017,7,55000.0,Automatic,first,Diesel,2650000
Mercedes-Benz,AMG C 43,2022,2,14000.0,Automatic,first,Petrol,7500000
Toyota,Corolla Altis,2012,12,116000.0,Manual,second,Petrol,525000
Maruti Suzuki,Ertiga,2022,2,50000.0,Manual,first,Hybrid/CNG,1050000
Jeep,Compass,2018,6,59000.0,Automatic,second,Petrol,1174900
Toyota,2.8 Legender 4X2,2017,7,28000.0,Automatic,first,Petrol,2500000
Honda,City,2013,11,109000.0,Automatic,second,Hybrid/CNG,410000
Mahindra,Bolero,2020,4,120000.0,Manual,first,Diesel,785000
Hyundai,Eon,2013,11,72000.0,Manual,second,Petrol,155000
Maruti Suzuki,Baleno,2015,9,60000.0,Automatic,first,Hybrid/CNG,550000
Mercedes-Benz,GLS,2021,3,100000.0,Automatic,first,Diesel,38000
Maruti Suzuki,Ciaz,2016,8,96000.0,Manual,second,Diesel,615000
Hyundai,Xcent,2015,9,65000.0,Manual,first,Hybrid/CNG,340000
Hyundai,Santro Xing,2009,15,110000.0,Manual,second,Petrol,156999
Skoda,Rapid,2017,7,55000.0,Automatic,second,Hybrid/CNG,575000
BMW,5 Series,2017,7,59000.0,Automatic,first,Diesel,3650000
Volkswagen,VentoTest,2011,13,98000.0,Manual,first,Diesel,440000
Tata,Nexon,2019,5,52000.0,Automatic,first,Hybrid/CNG,510000
Maruti Suzuki,Ritz,2014,10,91440.0,Manual,second,Hybrid/CNG,335000
Maruti Suzuki,maruti-suzuki-brezza,2024,0,2000.0,Manual,first,Hybrid/CNG,1395000
Toyota,Fortuner,2017,7,110000.0,Automatic,first,Diesel,2700000
Hyundai,Santro,2018,6,35000.0,Automatic,first,Hybrid/CNG,450000
Maruti Suzuki,Celerio,2017,7,57000.0,Automatic,first,Hybrid/CNG,399000
Hyundai,i20,2014,10,38000.0,Automatic,first,Petrol,415000
Honda,BRV,2018,6,66000.0,Automatic,second,Hybrid/CNG,680000
Maruti Suzuki,Estilo,2009,15,99000.0,Manual,second,Hybrid/CNG,130000
Maruti Suzuki,Omni,2008,16,65137.5,Manual,second,Hybrid/CNG,51786
Chevrolet,Trailblazer,2015,9,116000.0,Manual,second,Diesel,685000
Honda,BRV,2018,6,81001.0,Manual,first,Diesel,751000
Hyundai,Creta,2023,1,27500.0,Manual,first,Petrol,1200000
Toyota,Corolla,2008,16,52000.0,Automatic,second,Petrol,295000
Hyundai,Grand i10,2013,11,67000.0,Manual,second,Petrol,295000
Honda,Civic,2011,13,77000.0,Automatic,second,Hybrid/CNG,190000
Hyundai,Verna,2019,5,39500.0,Automatic,second,Hybrid/CNG,825000
Honda,Jazz,2015,9,95000.0,Automatic,first,Hybrid/CNG,450000
Hyundai,Santro Xing,2005,19,130000.0,Manual,second,Petrol,94999
Maruti Suzuki,Swift,2018,6,82500.0,Automatic,first,Diesel,650000
Maruti Suzuki,Celerio,2018,6,85000.0,Manual,first,Hybrid/CNG,421000
Land Rover,Discovery Sport,2018,6,51000.0,Automatic,first,Diesel,2890000
Hyundai,Grand i10,2017,7,48000.0,Manual,first,Hybrid/CNG,350000
Mercedes-Benz,E-Class,2017,7,56000.0,Automatic,first,Diesel,2790000
Hyundai,Accent,2011,13,71000.0,Manual,second,Hybrid/CNG,240000
Tata,Hexa,2017,7,97000.0,Automatic,first,Diesel,1300000
Maruti Suzuki,Grand Vitara,2023,1,17000.0,Manual,first,Petrol,1300000
Honda,City,2017,7,76000.0,Manual,first,Hybrid/CNG,549000
Skoda,Superb,2015,9,99000.0,Automatic,second,Petrol,789999
Honda,Civic,2007,17,85000.0,Automatic,second,Hybrid/CNG,150000
Honda,City,2010,14,70000.0,Manual,first,Hybrid/CNG,290000
Honda,City,2012,12,56320.0,Automatic,second,Hybrid/CNG,335000
Honda,City,2017,7,61000.0,Manual,second,Hybrid/CNG,590000
Toyota,Land Cruiser,2014,10,90000.0,Automatic,first,Diesel,7499000
Nissan,Micra,2018,6,49900.0,Manual,second,Diesel,430000
Maruti Suzuki,Swift,2023,1,16700.0,Manual,second,Petrol,650000
Honda,Civic,2009,15,76000.0,Automatic,second,Petrol,240000
Maruti Suzuki,Celerio,2017,7,75000.0,Automatic,second,Hybrid/CNG,300000
Mahindra,Thar,2022,2,25000.0,Automatic,first,Diesel,1553000
Renault,KWID,2019,5,25000.0,Automatic,first,Hybrid/CNG,375000
Maruti Suzuki,Ciaz,2017,7,72000.0,Manual,first,Diesel,650000
Honda,City ZX,2008,16,119000.0,Automatic,second,Hybrid/CNG,145000
Maruti Suzuki,Alto-K10,2017,7,52385.0,Automatic,first,Hybrid/CNG,299000
Honda,City,2022,2,21000.0,Manual,second,Petrol,1190000
Maruti Suzuki,Swift Dzire,2018,6,68955.0,Automatic,first,Petrol,610000
Maruti Suzuki,Ertiga,2022,2,68000.0,Manual,second,Hybrid/CNG,950000
Audi,Q7,2018,6,75000.0,Automatic,second,Diesel,4150000
Maruti Suzuki,Wagon-R,2014,10,75000.0,Manual,first,Hybrid/CNG,195000
Renault,KWID,2023,1,14543.0,Automatic,first,Petrol,670000
Honda,CRV,2013,11,106000.0,Automatic,second,Hybrid/CNG,540000
Hyundai,i20,2020,4,420000.0,Manual,second,Hybrid/CNG,800000
Maruti Suzuki,Swift,2008,16,130000.0,Manual,second,Hybrid/CNG,170000
Volkswagen,VentoTest,2014,10,72900.0,Automatic,second,Diesel,511000
Volkswagen,VentoTest,2015,9,92000.0,Manual,second,Diesel,450000
Mahindra,Xylo,2016,8,130000.0,Manual,second,Diesel,475000
Hyundai,i20,2011,13,68000.0,Manual,first,Diesel,310000
Mahindra,Scorpio-N,2022,2,9500.0,Automatic,first,Petrol,2250000
Hyundai,Elantra,2014,10,91000.0,Automatic,second,Diesel,550000
Volkswagen,Polo,2011,13,53000.0,Manual,second,Diesel,271000
Ford,Figo,2012,12,118000.0,Manual,second,Diesel,235000
Maruti Suzuki,Wagon-R,2017,7,96000.0,Automatic,first,Hybrid/CNG,350000
Mahindra,Scorpio,2017,7,81000.0,Manual,second,Diesel,875000
MG,Hector Plus,2021,3,32000.0,Automatic,second,Petrol,1550000
Mahindra,Scorpio N,2008,16,142200.0,Manual,second,Diesel,198500
Land Rover,Freelander 2,2012,12,145000.0,Automatic,second,Diesel,675000
Hyundai,Creta,2019,5,50000.0,Manual,first,Diesel,1050000
Toyota,Glanza,2020,4,15000.0,Automatic,first,Petrol,845000
Land Rover,Range Rover Evoque,2021,3,37000.0,Automatic,second,Diesel,4950000
Mahindra,Scorpio,2017,7,710205.0,Manual,first,Diesel,875000
Maruti Suzuki,Wagon-R-1-0,2016,8,62000.0,Automatic,second,Petrol,445000
Hyundai,Grand i10,2015,9,75000.0,Automatic,second,Hybrid/CNG,260000
Maruti Suzuki,XL6,2019,5,53110.0,Automatic,second,Petrol,895000
Maruti Suzuki,Celerio,2020,4,50000.0,Automatic,first,Petrol,330000
BMW,5 Series,2014,10,90000.0,Automatic,second,Diesel,1251000
Maruti Suzuki,Sx4,2011,13,89926.0,Automatic,second,Hybrid/CNG,250000
Tata,Altroz,2020,4,39000.0,Manual,first,Petrol,475000
Maruti Suzuki,S-Presso,2022,2,49530.0,Manual,first,Petrol,440000
Maruti Suzuki,Celerio,2019,5,74000.0,Manual,second,Petrol,470000
Maruti Suzuki,Sx4,2010,14,90000.0,Automatic,first,Hybrid/CNG,185000
Maruti Suzuki,Grand Vitara,2023,1,20000.0,Automatic,first,Hybrid/CNG,1800000
Mercedes-Benz,GLE COUPE,2017,7,59956.0,Automatic,first,Diesel,6199000
Mahindra,Scorpio,2017,7,67000.0,Manual,first,Diesel,935000
BMW,X3,2019,5,60000.0,Automatic,first,Diesel,3450000
Honda,Civic,2019,5,77000.0,Automatic,first,Petrol,1375000
Maruti Suzuki,Celerio,2018,6,42000.0,Automatic,first,Petrol,425000
Land Rover,Range Rover Evoque,2015,9,65000.0,Automatic,first,Diesel,1699000
Mahindra,Xylo,2011,13,105000.0,Manual,second,Diesel,550000
Skoda,Superb,2016,8,55000.0,Automatic,first,Petrol,1350000
Audi,Q3,2015,9,86000.0,Automatic,first,Diesel,1750000
Toyota,Innova Crysta,2021,3,81499.0,Automatic,first,Diesel,2100000
Toyota,Corolla Altis,2017,7,95000.0,Automatic,second,Petrol,875000
Maruti Suzuki,Celerio,2014,10,65000.0,Manual,first,Hybrid/CNG,350000
Skoda,Rapid,2017,7,100000.0,Automatic,second,Diesel,635000
Maruti Suzuki,Celerio,2016,8,60000.0,Manual,second,Hybrid/CNG,350000
Maruti Suzuki,Wagon R,2018,6,39000.0,Manual,first,Petrol,340000
Mercedes-Benz,C-Class,2016,8,96000.0,Automatic,second,Diesel,2000000
Toyota,Etios,2012,12,30000.0,Automatic,second,Diesel,350000
Maruti Suzuki,Wagon-R,2012,12,58000.0,Automatic,first,Hybrid/CNG,245000
Maruti Suzuki,Wagon-R,2015,9,104300.0,Manual,second,Petrol,290000
Maruti Suzuki,Swift-Dzire,2012,12,105000.0,Manual,second,Hybrid/CNG,230000
Renault,Scala,2013,11,61000.0,Manual,first,Petrol,275000
Hyundai,Santro Xing,2011,13,82000.0,Manual,second,Hybrid/CNG,105000
Mahindra,Thar,2022,2,27000.0,Automatic,first,Diesel,1775000
Maruti Suzuki,Baleno,2020,4,30211.0,Manual,first,Petrol,650000
Hyundai,i20,2017,7,42000.0,Manual,first,Hybrid/CNG,560000
Maruti Suzuki,Alto K10,2012,12,113000.0,Manual,second,Hybrid/CNG,225000
Honda,Jazz,2019,5,65000.0,Automatic,first,Petrol,670000
Toyota,Glanza,2020,4,60000.0,Manual,second,Petrol,699000
Mahindra,TUV,2015,9,65000.0,Automatic,second,Diesel,599999
Toyota,Etios Liva,2011,13,160000.0,Manual,second,Petrol,295000
Maruti Suzuki,Eeco,2017,7,66000.0,Manual,second,Petrol,380000
Mahindra,KUV100 NXT,2019,5,23600.0,Manual,second,Petrol,325000
Hyundai,Grand i10,2015,9,53000.0,Automatic,first,Hybrid/CNG,429000
Jeep,Meridian,2006,18,86000.0,Automatic,second,Diesel,420000
Mahindra,Verito,2012,12,220000.0,Manual,second,Diesel,240000
Maruti Suzuki,Swift,2022,2,34000.0,Manual,first,Hybrid/CNG,599000
Hyundai,i20 Active,2016,8,95000.0,Manual,second,Diesel,559000
Skoda,Octavia,2020,4,31008.0,Automatic,second,Petrol,1515000
Nissan,Sunny,2013,11,56850.0,Automatic,second,Hybrid/CNG,185000
Toyota,Fortuner,2019,5,33000.0,Automatic,first,Diesel,3445000
Mahindra,Thar,2023,1,32000.0,Automatic,first,Diesel,1500000
Maruti Suzuki,Eeco,2021,3,41000.0,Automatic,first,Hybrid/CNG,425000
Maruti Suzuki,Wagon-R,2008,16,43000.0,Manual,second,Hybrid/CNG,149000
Toyota,Fortuner,2019,5,81000.0,Automatic,first,Diesel,3175000
Hyundai,Grand i10,2017,7,57000.0,Automatic,first,Hybrid/CNG,515000
Hyundai,i20,2019,5,81000.0,Manual,second,Hybrid/CNG,465000
Tata,Tiago,2022,2,35000.0,Manual,first,Hybrid/CNG,600000
Maruti Suzuki,Estilo,2013,11,55000.0,Automatic,first,Hybrid/CNG,260000
Maruti Suzuki,Ertiga,2020,4,55000.0,Automatic,first,Petrol,990000
Audi,A6,2019,5,22000.0,Automatic,first,Petrol,3100000
Volkswagen,Polo,2012,12,123000.0,Manual,second,Diesel,399000
Maruti Suzuki,Baleno,2018,6,128000.0,Manual,first,Diesel,670000
Nissan,Terrano,2014,10,132228.0,Manual,second,Diesel,450000
Maruti Suzuki,Wagon-R,2017,7,50000.0,Automatic,first,Hybrid/CNG,435000
Maruti Suzuki,Zen-Estilo,2010,14,80000.0,Manual,second,Petrol,170000
Maruti Suzuki,Swift-Dzire,2014,10,70927.0,Manual,second,Petrol,325000
Tata,Tiago,2018,6,32000.0,Manual,first,Diesel,545000
Mercedes-Benz,GLC,2017,7,102000.0,Automatic,first,Diesel,2775000
Honda,CR-V,2012,12,92000.0,Automatic,first,Hybrid/CNG,400000
Maruti Suzuki,Ertiga,2017,7,80000.0,Manual,first,Diesel,750000
Ford,Endeavour,2016,8,93000.0,Automatic,second,Diesel,2100000
Hyundai,New Elantra,2015,9,73000.0,Automatic,first,Diesel,775000
Ford,Ecosport,2019,5,41868.0,Automatic,first,Hybrid/CNG,775000
Honda,WRV,2020,4,55000.0,Manual,first,Petrol,675000
Toyota,Innova Hycross,2023,1,20000.0,Automatic,first,Hybrid/CNG,3300000
Audi,Q3,2016,8,120000.0,Automatic,second,Diesel,1475000
Maruti Suzuki,Eeco,2011,13,96369.0,Manual,second,Hybrid/CNG,120000
Hyundai,i10,2011,13,62000.0,Automatic,first,Petrol,275000
Hyundai,Verna,2014,10,93000.0,Manual,second,Diesel,520000
Hyundai,Elite i20,2019,5,79000.0,Manual,second,Hybrid/CNG,465000
MG,Hector,2021,3,23000.0,Automatic,first,Petrol,1475000
Maruti Suzuki,Wagon-R,2015,9,62000.0,Automatic,second,Hybrid/CNG,120000
Toyota,Innova Crysta,2019,5,97000.0,Manual,first,Diesel,1521000
Ford,Endeavour,2019,5,85000.0,Automatic,second,Diesel,2150000
Honda,City ZX,2008,16,82700.0,Manual,second,Petrol,285000
Maruti Suzuki,Alto K10,2019,5,78000.0,Automatic,first,Petrol,475000
BMW,3 Series GT,2017,7,95000.0,Automatic,first,Diesel,2100000
Mahindra,Thar,2019,5,10000.0,Manual,first,Diesel,795000
Honda,Amaze,2014,10,62000.0,Manual,first,Hybrid/CNG,385000
Maruti Suzuki,Alto-800,2020,4,25000.0,Manual,first,Hybrid/CNG,325000
Maruti Suzuki,maruti-suzuki-dzire,2021,3,62000.0,Manual,second,Hybrid/CNG,680000
Maruti Suzuki,Wagon-R,2015,9,90000.0,Manual,second,Hybrid/CNG,290000
Renault,Duster,2016,8,83409.0,Automatic,second,Diesel,625000
Maruti Suzuki,Zen-Estilo,2013,11,78000.0,Manual,second,Petrol,150000
Mercedes-Benz,C-Class,2018,6,42000.0,Automatic,first,Diesel,2700000
Maruti Suzuki,Swift-Dzire,2017,7,79000.0,Automatic,first,Petrol,569000
Maruti Suzuki,Wagon-R,2019,5,72500.0,Manual,first,Hybrid/CNG,425000
Maruti Suzuki,Wagon-R,2011,13,95000.0,Manual,second,Hybrid/CNG,220000
Toyota,Corolla Altis,2013,11,77000.0,Automatic,second,Hybrid/CNG,365000
Maruti Suzuki,Ciaz,2019,5,73500.0,Automatic,first,Petrol,750000
Hyundai,Santro Xing,2011,13,70000.0,Automatic,first,Hybrid/CNG,120000
Maruti Suzuki,Celerio,2019,5,120000.0,Automatic,second,Hybrid/CNG,300000
Toyota,Innova,2011,13,175000.0,Manual,second,Diesel,650000
Maruti Suzuki,Baleno,2017,7,50000.0,Automatic,first,Petrol,425000
Hyundai,Grand i10,2020,4,44681.0,Manual,first,Petrol,525155
Land Rover,Range Rover,2020,4,48000.0,Automatic,first,Petrol,16500000
Force,Motors FM Force One Test,2016,8,70000.0,Automatic,first,Hybrid/CNG,560000
Mahindra,Thar,2022,2,19000.0,Manual,first,Diesel,1599000
Toyota,Innova,2008,16,122000.0,Manual,first,Diesel,390000
Mitsubishi,Pajero Sport,2017,7,79000.0,Automatic,second,Diesel,1075000
Maruti Suzuki,Swift-Dzire,2015,9,52000.0,Manual,first,Petrol,450000
Hyundai,Creta,2023,1,15000.0,Automatic,first,Petrol,1690000
Jeep,Compass,2018,6,75000.0,Manual,second,Diesel,1500000
Maruti Suzuki,maruti-suzuki-dzire,2020,4,28000.0,Automatic,first,Hybrid/CNG,725000
Honda,Amaze,2015,9,104000.0,Automatic,first,Hybrid/CNG,400000
Maruti Suzuki,Ertiga,2015,9,52000.0,Manual,first,Hybrid/CNG,685000
Ford,Ecosport,2019,5,70000.0,Manual,first,Diesel,590000
Maruti Suzuki,Swift,2016,8,47500.0,Manual,first,Petrol,530000
Honda,Jazz,2016,8,93000.0,Automatic,second,Hybrid/CNG,425000
Volkswagen,Polo,2014,10,149000.0,Automatic,second,Petrol,530000
Maruti Suzuki,Ertiga,2014,10,70000.0,Manual,second,Hybrid/CNG,455000
Hyundai,Elantra,2013,11,100000.0,Manual,second,Diesel,465000
BMW,7 Series,2017,7,24000.0,Automatic,second,Diesel,4450000
Maruti Suzuki,Wagon-R-1-0,2019,5,81000.0,Manual,first,Hybrid/CNG,490000
Hyundai,i10,2013,11,56000.0,Manual,second,Petrol,290000
Hyundai,Accent,2000,24,120400.0,Manual,second,Petrol,74000
Audi,Q3,2012,12,90000.0,Automatic,second,Diesel,890000
Volkswagen,Polo,2018,6,23000.0,Manual,second,Diesel,545000
Mahindra,KUV 100,2017,7,90000.0,Automatic,second,Hybrid/CNG,220000
Maruti Suzuki,Swift-Dzire,2024,0,5500.0,Automatic,first,Hybrid/CNG,411000
Hyundai,Grand i10,2016,8,62000.0,Automatic,second,Hybrid/CNG,440000
Maruti Suzuki,New-gen Swift,2023,1,15000.0,Automatic,second,Hybrid/CNG,800000
Hyundai,Creta,2022,2,44000.0,Manual,first,Petrol,1350000
Maruti Suzuki,XL6,2020,4,78000.0,Automatic,first,Petrol,1050000
Maruti Suzuki,Ciaz,2020,4,75000.0,Automatic,second,Hybrid/CNG,550000
Hyundai,Verna,2011,13,86000.0,Manual,second,Diesel,335000
Mahindra,Thar,2021,3,28500.0,Automatic,second,Petrol,1300000
Mahindra,XUV500,2012,12,175000.0,Manual,first,Diesel,710000
Chevrolet,Spark,2013,11,50000.0,Manual,second,Petrol,149000
Hyundai,i20,2019,5,80000.0,Manual,first,Petrol,625000
Maruti Suzuki,Swift,2022,2,75000.0,Manual,first,Petrol,575000
Volkswagen,VentoTest,2014,10,72000.0,Automatic,second,Petrol,450000
Hyundai,Santro Xing,2009,15,130000.0,Automatic,second,Hybrid/CNG,70000
Hyundai,i10,2012,12,68000.0,Automatic,second,Petrol,294000
Maruti Suzuki,Swift,2024,0,18950.0,Automatic,first,Petrol,950000
Hyundai,Creta,2021,3,90000.0,Automatic,first,Diesel,1650000
Maruti Suzuki,Eeco,2023,1,53000.0,Automatic,first,Hybrid/CNG,580000
Volkswagen,Jetta,2016,8,120000.0,Manual,first,Diesel,825000
Maruti Suzuki,Eeco,2020,4,63000.0,Automatic,first,Hybrid/CNG,349000
Tata,Safari Storme,2017,7,72400.0,Manual,first,Diesel,745000
Hyundai,Elite i20,2015,9,46000.0,Manual,second,Petrol,575000
Hyundai,Elite i20,2021,3,57555.0,Manual,first,Petrol,705000
Hyundai,Grand i10,2016,8,42000.0,Manual,first,Petrol,320000
Maruti Suzuki,Celerio-X,2018,6,40000.0,Manual,first,Petrol,500000
Maruti Suzuki,Omni,2019,5,55846.0,Manual,second,Petrol,285000
Hyundai,Grand i10 Nios,2023,1,10000.0,Manual,second,Petrol,635000
Honda,Amaze,2016,8,86000.0,Manual,second,Hybrid/CNG,425000
Maruti Suzuki,800,2008,16,70000.0,Manual,second,Petrol,80000
Hyundai,i20,2022,2,31851.0,Manual,first,Petrol,647000
Honda,CRV,2015,9,103000.0,Automatic,second,Hybrid/CNG,775000
Mercedes-Benz,C-Class,2020,4,59001.0,Automatic,first,Diesel,3690000
Maruti Suzuki,Swift,2011,13,130000.0,Manual,second,Petrol,310000
Mercedes-Benz,GLS,2017,7,66000.0,Automatic,second,Diesel,5400000
Tata,Tiago,2020,4,52252.0,Manual,first,Hybrid/CNG,340000
Honda,Civic,2013,11,84000.0,Automatic,second,Petrol,400000
Audi,Q3,2019,5,44000.0,Automatic,first,Diesel,3200000
Toyota,Etios,2013,11,81530.0,Manual,second,Diesel,425000
Maruti Suzuki,Omni,2017,7,57215.0,Automatic,first,Hybrid/CNG,245000
Hyundai,Eon,2012,12,10000.0,Automatic,second,Petrol,140000
Kia,Sonet,2021,3,34000.0,Automatic,first,Hybrid/CNG,899000
Ford,Ecosport,2013,11,78300.0,Manual,first,Diesel,310000
Kia,Seltos,2022,2,30000.0,Automatic,first,Diesel,2075000
Volkswagen,Polo,2017,7,94000.0,Automatic,second,Petrol,790000
Hyundai,Santro Xing,2003,21,130000.0,Manual,second,Petrol,75000
Honda,CRV,2019,5,124000.0,Automatic,first,Petrol,1499000
Hyundai,Eon,2015,9,55000.0,Manual,second,Petrol,265000
Maruti Suzuki,Baleno,2017,7,20300.0,Automatic,first,Petrol,525000
Honda,City,2013,11,55000.0,Manual,second,Hybrid/CNG,310000
Maruti Suzuki,Swift-Dzire,2015,9,60000.0,Manual,first,Diesel,420000
Maruti Suzuki,Swift-Dzire,2016,8,68000.0,Manual,first,Hybrid/CNG,365000
Maruti Suzuki,S-Presso,2020,4,35000.0,Manual,first,Petrol,420000
Maruti Suzuki,Ciaz,2016,8,59000.0,Manual,first,Petrol,545000
Mercedes-Benz,M-Class,2012,12,129000.0,Automatic,first,Diesel,1750000
Skoda,Slavia,2022,2,22940.0,Manual,first,Petrol,1195000
Fiat,Punto Pure,2016,8,94000.0,Manual,second,Hybrid/CNG,221000
Volkswagen,VentoTest,2011,13,70000.0,Automatic,second,Hybrid/CNG,290000
Hyundai,Eon,2013,11,56000.0,Manual,second,Petrol,195000
Hyundai,Aura,2021,3,49000.0,Manual,first,Diesel,790000
Toyota,2.8 Legender 4X2,2024,0,6000.0,Automatic,first,Diesel,5495000
Maruti Suzuki,Celerio,2014,10,65000.0,Manual,first,Petrol,270000
Volkswagen,Polo,2011,13,152000.0,Manual,second,Diesel,370000
Renault,Duster,2014,10,98000.0,Manual,second,Diesel,450000
Jeep,Compass,2021,3,32000.0,Automatic,first,Petrol,1899000
Hyundai,Grand i10 Nios,2021,3,55000.0,Manual,first,Hybrid/CNG,625000
Maruti Suzuki,Swift-Dzire,2022,2,45000.0,Automatic,first,Hybrid/CNG,840000
Honda,Jazz,2015,9,68000.0,Manual,second,Diesel,399000
Maruti Suzuki,Celerio,2017,7,62000.0,Automatic,first,Hybrid/CNG,411000
ICML,Rhino Rx,2010,14,65137.5,Manual,second,Diesel,195000
Hyundai,i10,2011,13,45000.0,Manual,second,Petrol,315000
Mahindra,Thar,2021,3,51000.0,Automatic,second,Diesel,1590000
Renault,Duster,2015,9,75000.0,Manual,second,Diesel,560000
Tata,Tigor,2023,1,20000.0,Manual,second,Hybrid/CNG,730000
Maruti Suzuki,Wagon-R,2019,5,45640.0,Manual,second,Petrol,460000
Hyundai,i10,2011,13,71303.0,Automatic,second,Petrol,325000
Maruti Suzuki,Zen-Estilo,2011,13,73500.0,Manual,first,Hybrid/CNG,70000
Hyundai,Grand i10,2017,7,90001.0,Manual,first,Diesel,430000
Isuzu,D-Max V-Cross,2022,2,15000.0,Automatic,first,Diesel,2000000
Maruti Suzuki,Wagon-R,2012,12,56000.0,Manual,first,Hybrid/CNG,195000
Hyundai,Creta,2020,4,123000.0,Automatic,first,Petrol,1150000
Toyota,Innova Hycross,2024,0,1600.0,Automatic,first,Petrol,2285000
Honda,City,2014,10,87000.0,Manual,first,Diesel,495000
Hyundai,Creta,2017,7,67879.0,Manual,first,Diesel,730000
Maruti Suzuki,Alto-800,2020,4,72000.0,Automatic,second,Hybrid/CNG,375000
Volkswagen,Polo,2021,3,59000.0,Automatic,second,Petrol,1100000
Honda,CRV,2015,9,104000.0,Automatic,second,Hybrid/CNG,775000
Mercedes-Benz,C-Class,2011,13,65000.0,Automatic,first,Diesel,1150000
Jeep,Compass,2017,7,80000.0,Manual,first,Diesel,850000
Honda,City,2015,9,78300.0,Automatic,first,Hybrid/CNG,611000
Volkswagen,Polo,2010,14,140000.0,Manual,second,Diesel,350000
Volkswagen,Polo,2016,8,75000.0,Automatic,second,Petrol,530000
Maruti Suzuki,Swift-Dzire,2017,7,63000.0,Automatic,second,Hybrid/CNG,550000
Tata,Tiago,2018,6,42000.0,Automatic,first,Hybrid/CNG,535000
Fiat,Punto,2014,10,80000.0,Automatic,second,Petrol,179001
Mahindra,XUV500,2013,11,81000.0,Manual,first,Diesel,571000
Maruti Suzuki,Swift-Dzire,2017,7,65500.0,Automatic,first,Hybrid/CNG,550000
Mahindra,Scorpio,2016,8,67000.0,Manual,second,Diesel,675000
Maruti Suzuki,Wagon-R,2021,3,60000.0,Manual,first,Hybrid/CNG,510000
Toyota,Camry,2013,11,90000.0,Automatic,first,Petrol,775000
Mercedes-Benz,C-Class,2019,5,58000.0,Automatic,first,Diesel,2951000
Volvo,S60,2013,11,56000.0,Automatic,second,Diesel,1250000
Maruti Suzuki,Wagon R 1.0,2021,3,89000.0,Manual,first,Hybrid/CNG,560000
Honda,New Accord,2010,14,75000.0,Automatic,second,Hybrid/CNG,225000
Maruti Suzuki,Ertiga,2020,4,51000.0,Automatic,second,Hybrid/CNG,950000
Maruti Suzuki,Alto-800,2009,15,70000.0,Manual,second,Petrol,130000
Hyundai,Verna,2014,10,71900.0,Automatic,second,Hybrid/CNG,450000
Renault,KWID,2017,7,22000.0,Manual,second,Petrol,285000
Maruti Suzuki,Eeco,2020,4,70000.0,Manual,second,Petrol,450000
Maruti Suzuki,Swift-Dzire,2014,10,25500.0,Manual,first,Diesel,574000
Volkswagen,Polo,2018,6,78000.0,Automatic,second,Petrol,775000
Toyota,Innova Crysta,2020,4,75000.0,Automatic,first,Diesel,2000000
Maruti Suzuki,Baleno,2021,3,17532.0,Manual,first,Petrol,704429
Ford,Figo,2011,13,97000.0,Manual,second,Petrol,130000
Honda,City,2012,12,66000.0,Automatic,first,Hybrid/CNG,350000
Toyota,Innova Crysta,2022,2,16800.0,Automatic,first,Diesel,3400000
Maruti Suzuki,Eeco,2012,12,50000.0,Manual,second,Hybrid/CNG,275000
Maruti Suzuki,S-Cross1,2017,7,69000.0,Manual,first,Diesel,499999
Skoda,Kushaq,2021,3,34000.0,Manual,first,Petrol,1250000
Jeep,Compass,2017,7,78000.0,Automatic,first,Petrol,975000
Audi,Q7,2014,10,92000.0,Automatic,second,Diesel,1025000
Volkswagen,Polo,2017,7,130000.0,Automatic,second,Petrol,850000
Hyundai,Santro,2020,4,65000.0,Automatic,second,Hybrid/CNG,435000
Maruti Suzuki,Baleno,2018,6,19000.0,Manual,first,Petrol,525000
Hyundai,Grand i10 Nios,2021,3,65900.0,Automatic,first,Hybrid/CNG,651000
Tata,Harrier,2021,3,52000.0,Automatic,first,Petrol,2050000
Maruti Suzuki,Wagon-R-1-0,2012,12,65000.0,Manual,first,Petrol,195000
Maruti Suzuki,maruti-suzuki-dzire,2017,7,84500.0,Manual,second,Diesel,490000
Maruti Suzuki,Wagon-R,2011,13,109500.0,Automatic,first,Hybrid/CNG,245000
BMW,3 Series,2016,8,59000.0,Automatic,first,Diesel,1650000
Tata,Harrier,2022,2,50000.0,Manual,first,Diesel,1750000
Maruti Suzuki,Wagon-R,2016,8,89700.0,Manual,second,Petrol,369000
Maruti Suzuki,Wagon-R,2023,1,35000.0,Automatic,first,Hybrid/CNG,750000
Honda,City,2015,9,93000.0,Manual,first,Diesel,445000
Maruti Suzuki,Swift,2007,17,25.0,Automatic,first,Hybrid/CNG,70000
Maruti Suzuki,Ciaz,2017,7,51000.0,Automatic,first,Petrol,555000
Maruti Suzuki,Eeco,2016,8,51000.0,Manual,second,Petrol,400000
Ford,Ecosport,2013,11,73000.0,Manual,second,Diesel,395000
Chevrolet,Beat,2012,12,99000.0,Manual,second,Diesel,130000
Maruti Suzuki,Wagon-R-1-0,2016,8,95000.0,Manual,second,Hybrid/CNG,375000
Nissan,PATROL,2012,12,32000.0,Automatic,second,Hybrid/CNG,270000
Maruti Suzuki,Wagon-R,2019,5,76000.0,Manual,first,Hybrid/CNG,450000
Maruti Suzuki,Ertiga,2020,4,64185.0,Manual,first,Hybrid/CNG,985000
Hyundai,Elite i20,2015,9,38000.0,Manual,second,Petrol,490000
Maruti Suzuki,Swift-Dzire,2018,6,150000.0,Manual,first,Diesel,724999
Maruti Suzuki,Alto-800,2019,5,75000.0,Manual,first,Hybrid/CNG,320000
Mahindra,XUV500,2012,12,133000.0,Manual,second,Diesel,500000
Mitsubishi,Pajero Sport,2014,10,150000.0,Manual,second,Diesel,975000
Ford,Ecosport,2014,10,53000.0,Manual,first,Diesel,365000
Maruti Suzuki,Alto,2010,14,92000.0,Manual,second,Hybrid/CNG,105000
Renault,KWID,2020,4,45011.0,Manual,first,Petrol,375000
Hyundai,i10,2009,15,13570.0,Automatic,first,Hybrid/CNG,155000
Mahindra,Scorpio Classic,2022,2,11000.0,Manual,first,Diesel,1768000
Maruti Suzuki,Ertiga,2022,2,5000.0,Manual,first,Petrol,1060000
Honda,Accord,2011,13,64000.0,Automatic,second,Hybrid/CNG,444444
Skoda,Rapid,2013,11,75000.0,Automatic,first,Hybrid/CNG,295000
Maruti Suzuki,Baleno,2016,8,120000.0,Manual,first,Hybrid/CNG,590000
Hyundai,Eon,2013,11,66500.0,Manual,first,Petrol,245000
Maruti Suzuki,Eeco,2023,1,20000.0,Manual,second,Hybrid/CNG,600000
Maruti Suzuki,Wagon-R,2019,5,65000.0,Automatic,first,Petrol,600000
Mahindra,Scorpio,2009,15,145000.0,Manual,first,Diesel,315000
Chevrolet,Sail,2013,11,77000.0,Manual,second,Hybrid/CNG,250000
Hyundai,Eon,2018,6,50000.0,Manual,first,Petrol,269991
Hyundai,Creta,2018,6,88652.0,Manual,second,Diesel,785000
Hyundai,i20,2017,7,37638.0,Manual,first,Diesel,580000
Maruti Suzuki,Ertiga,2024,0,3000.0,Manual,first,Hybrid/CNG,1199000
Audi,Q3,2017,7,65000.0,Automatic,second,Diesel,1690000
Maruti Suzuki,Celerio,2018,6,42000.0,Automatic,second,Hybrid/CNG,550000
Maruti Suzuki,Baleno,2018,6,66000.0,Automatic,second,Hybrid/CNG,535000
Audi,A6,2012,12,119812.0,Automatic,second,Diesel,780000
Renault,Duster,2016,8,64000.0,Manual,second,Diesel,325000
Maruti Suzuki,Grand Vitara,2023,1,9000.0,Manual,first,Petrol,1450000
Mahindra,Scorpio,2014,10,110000.0,Manual,second,Diesel,625000
Maruti Suzuki,Wagon R 1.0,2015,9,68000.0,Manual,first,Hybrid/CNG,380000
Volkswagen,Tiguan,2024,0,1.0,Automatic,first,Petrol,3175000
Lexus,RX,2018,6,132000.0,Automatic,first,Hybrid/CNG,3850000
Hyundai,Creta,2018,6,23000.0,Automatic,first,Petrol,1035111
Hyundai,Xcent Prime,2018,6,94000.0,Manual,second,Diesel,350000
Hyundai,Elite i20,2019,5,91571.0,Manual,first,Petrol,681000
Honda,BRV,2018,6,32000.0,Manual,second,Hybrid/CNG,700000
Maruti Suzuki,Wagon-R-1-0,2015,9,75000.0,Manual,first,Hybrid/CNG,349999
Maruti Suzuki,Swift,2011,13,68000.0,Automatic,second,Hybrid/CNG,165000
Maruti Suzuki,Ertiga,2016,8,114000.0,Manual,second,Hybrid/CNG,619000
Mahindra,Scorpio,2018,6,85000.0,Manual,second,Diesel,1385000
Mercedes-Benz,GLC Class,2021,3,47000.0,Automatic,first,Diesel,4500000
Maruti Suzuki,Vitara-Brezza,2021,3,72375.0,Manual,first,Hybrid/CNG,690000
Kia,Seltos,2019,5,79000.0,Manual,second,Petrol,1095000
Maruti Suzuki,Eeco,2016,8,152000.0,Automatic,second,Hybrid/CNG,380786
Maruti Suzuki,Jimny,2023,1,5500.0,Manual,first,Petrol,955000
Hyundai,Verna,2013,11,60000.0,Manual,second,Petrol,350000
Maruti Suzuki,Wagon-R-1-0,2023,1,56000.0,Automatic,first,Hybrid/CNG,560000
Maruti Suzuki,Baleno,2017,7,65000.0,Automatic,second,Hybrid/CNG,570000
Maruti Suzuki,Eeco,2012,12,105000.0,Automatic,second,Hybrid/CNG,220000
Volkswagen,Polo,2016,8,37000.0,Automatic,second,Petrol,649000
Maruti Suzuki,Alto-K10,2015,9,52000.0,Automatic,second,Hybrid/CNG,349000
Toyota,Corolla Altis,2015,9,54419.0,Manual,second,Hybrid/CNG,699000
Mahindra,Scorpio,2016,8,90000.0,Manual,second,Diesel,1040000
Maruti Suzuki,Ertiga,2019,5,64000.0,Automatic,second,Hybrid/CNG,820000
Mahindra,XUV 300,2019,5,85000.0,Automatic,first,Diesel,875000
Hyundai,Creta,2015,9,66698.0,Manual,second,Diesel,745000
Hyundai,New i20,2020,4,47000.0,Manual,second,Diesel,750000
Toyota,Urban Cruiser Hyryder,2024,0,1900.0,Automatic,first,Hybrid/CNG,2125000
Toyota,Innova Crysta,2018,6,150000.0,Manual,first,Diesel,1235000
Maruti Suzuki,Baleno,2016,8,25000.0,Manual,first,Petrol,515000
Honda,WRV,2017,7,56000.0,Manual,first,Diesel,480000
Maruti Suzuki,Alto-800,2017,7,54000.0,Manual,second,Hybrid/CNG,215000
Hyundai,Verna,2024,0,8499.0,Automatic,first,Petrol,1574999
Hyundai,Elite i20,2018,6,63512.0,Manual,first,Petrol,555000
Maruti Suzuki,Wagon-R,2016,8,57000.0,Automatic,first,Petrol,399000
Skoda,Fabia,2010,14,88000.0,Automatic,second,Petrol,170000
Hyundai,i10,2013,11,62000.0,Manual,second,Hybrid/CNG,325000
Hyundai,Grand i10,2015,9,53000.0,Automatic,first,Hybrid/CNG,429000
Skoda,Octavia,2015,9,150000.0,Automatic,first,Diesel,899000
Maruti Suzuki,Alto,2008,16,82000.0,Manual,second,Petrol,154000
Honda,Amaze,2016,8,39000.0,Manual,second,Petrol,285000
Maruti Suzuki,Baleno,2019,5,110000.0,Automatic,first,Petrol,475000
Maruti Suzuki,Omni,2018,6,80000.0,Automatic,first,Hybrid/CNG,220000
Maruti Suzuki,Ertiga,2014,10,75871.0,Manual,second,Hybrid/CNG,575000
Hyundai,Creta,2016,8,106000.0,Automatic,second,Diesel,985000
Hyundai,i20,2016,8,62000.0,Manual,second,Petrol,465000
Maruti Suzuki,Wagon-R-1-0,2014,10,97000.0,Manual,second,Hybrid/CNG,300000
Maruti Suzuki,Wagon-R,2012,12,146000.0,Manual,second,Hybrid/CNG,210000
Jeep,Compass,2018,6,69000.0,Manual,first,Diesel,921000
Honda,City,2015,9,67000.0,Automatic,second,Hybrid/CNG,565000
Maruti Suzuki,S-Cross,2019,5,53000.0,Manual,first,Diesel,700000
Maruti Suzuki,Alto-800,2015,9,81000.0,Automatic,second,Hybrid/CNG,255000
Honda,City Hybrid eHEV,2018,6,55000.0,Automatic,second,Petrol,690000
Maruti Suzuki,Swift,2011,13,111000.0,Manual,second,Diesel,330000
Honda,City,2012,12,96266.0,Manual,first,Petrol,395000
Audi,A6,2018,6,85000.0,Automatic,first,Diesel,2471000
Mitsubishi,Pajero Sport,2013,11,164000.0,Manual,first,Diesel,1200000
Maruti Suzuki,Swift,2018,6,78000.0,Manual,first,Diesel,499999
Hyundai,Eon,2012,12,49000.0,Manual,first,Petrol,185000
Hyundai,i10,2010,14,76000.0,Manual,first,Petrol,285000
Maruti Suzuki,Ciaz,2019,5,52000.0,Manual,second,Petrol,675000
Hyundai,Grand i10,2015,9,53000.0,Automatic,first,Hybrid/CNG,429000
Honda,Amaze,2017,7,55000.0,Manual,first,Petrol,395000
Toyota,Etios,2016,8,50000.0,Manual,first,Hybrid/CNG,355000
Maruti Suzuki,Vitara Brezza,2018,6,67000.0,Automatic,first,Diesel,695000
BMW,X1,2019,5,49000.0,Automatic,first,Diesel,2550000
Renault,KWID,2016,8,85000.0,Manual,first,Hybrid/CNG,179000
Maruti Suzuki,S-Presso,2022,2,7253.0,Manual,first,Petrol,495000
Mercedes-Benz,S-Class,2014,10,74000.0,Automatic,second,Diesel,4475000
Hyundai,i20,2015,9,35000.0,Manual,first,Diesel,570000
Maruti Suzuki,Ertiga,2013,11,56000.0,Manual,second,Hybrid/CNG,475000
Mahindra,XUV500,2013,11,81453.0,Manual,first,Diesel,460000
Maruti Suzuki,Swift-Dzire,2019,5,82000.0,Manual,first,Diesel,795000
Honda,CR-V,2015,9,70000.0,Automatic,first,Hybrid/CNG,811000
Mahindra,TUV,2016,8,200000.0,Automatic,second,Diesel,420000
Maruti Suzuki,Ertiga,2019,5,63000.0,Automatic,second,Hybrid/CNG,820000
Maruti Suzuki,Wagon-R,2022,2,65000.0,Automatic,second,Hybrid/CNG,595000
Maruti Suzuki,Alto-800,2015,9,73000.0,Manual,second,Petrol,230000
Honda,City,2014,10,153000.0,Manual,first,Petrol,460000
Maruti Suzuki,Celerio,2015,9,55000.0,Manual,second,Hybrid/CNG,349000
Hyundai,Xcent,2015,9,85000.0,Manual,first,Petrol,295000
Toyota,Innova Crysta,2017,7,163000.0,Manual,first,Diesel,1779999
Honda,City,2010,14,86000.0,Manual,second,Hybrid/CNG,210000
Hyundai,Creta,2017,7,58789.0,Manual,first,Diesel,880000
Maruti Suzuki,Estilo,2011,13,88000.0,Manual,first,Petrol,160000
Maruti Suzuki,Celerio,2019,5,78000.0,Manual,first,Hybrid/CNG,530000
Maruti Suzuki,Alto-K10,2011,13,78000.0,Automatic,first,Hybrid/CNG,150000
Maruti Suzuki,Baleno,2018,6,66000.0,Automatic,second,Hybrid/CNG,515000
Maruti Suzuki,Alto-800,2016,8,57000.0,Manual,first,Petrol,300000
Nissan,Terrano,2018,6,121000.0,Manual,first,Diesel,599000
Tata,Zest,2015,9,76000.0,Manual,first,Diesel,299000
Volkswagen,Polo,2013,11,100000.0,Manual,second,Diesel,230000
Renault,KWID,2019,5,42000.0,Automatic,second,Hybrid/CNG,380000
Hyundai,Verna,2019,5,39000.0,Automatic,first,Hybrid/CNG,825000
Mercedes-Benz,GL-Class,2010,14,143000.0,Automatic,second,Diesel,1395000
Land Rover,Discovery Sport,2016,8,70000.0,Automatic,first,Diesel,3000000
Maruti Suzuki,Alto-K10,2018,6,58296.0,Automatic,first,Petrol,420000
Maruti Suzuki,Swift-Dzire,2018,6,118000.0,Manual,second,Diesel,650000
Toyota,Innova Hycross,2023,1,38100.0,Automatic,first,Hybrid/CNG,3799000
Tata,Tigor,2018,6,54750.0,Automatic,first,Hybrid/CNG,450000
Volkswagen,VentoTest,2012,12,116000.0,Manual,first,Diesel,464000
Hyundai,Creta,2022,2,16000.0,Manual,first,Petrol,1300000
Toyota,Fortuner,2015,9,98000.0,Manual,second,Diesel,1545000
Hyundai,i20,2013,11,71000.0,Manual,second,Hybrid/CNG,425000
Maruti Suzuki,Sx4,2009,15,99000.0,Manual,second,Hybrid/CNG,295000
Mahindra,E-20,2017,7,46550.0,Automatic,first,Petrol,222000
Maruti Suzuki,Alto-800,2016,8,72000.0,Manual,second,Hybrid/CNG,245000
Toyota,Innova Crysta,2018,6,200000.0,Automatic,second,Diesel,1850000
Honda,City,2017,7,70000.0,Automatic,second,Hybrid/CNG,775000
Maruti Suzuki,Swift,2015,9,32000.0,Manual,first,Petrol,495000
Honda,City,2019,5,78000.0,Automatic,second,Hybrid/CNG,810000
Bajaj,RE60,2007,17,1500.0,Automatic,first,Hybrid/CNG,370000
Volvo,XC60,2022,2,32000.0,Automatic,first,Petrol,6300000
Hyundai,i20,2016,8,57000.0,Manual,second,Petrol,575000
Honda,City,2011,13,70000.0,Automatic,second,Hybrid/CNG,331000
Kia,Seltos,2022,2,8690.0,Manual,first,Petrol,1495000
Maruti Suzuki,Wagon-R-1-0,2022,2,21878.0,Manual,first,Hybrid/CNG,640000
Maruti Suzuki,Ertiga,2019,5,65000.0,Automatic,second,Hybrid/CNG,820000
Maruti Suzuki,Omni,2009,15,46000.0,Automatic,second,Hybrid/CNG,165000
Ford,Figo,2017,7,102500.0,Manual,first,Diesel,400000
Ford,Ecosport,2018,6,77000.0,Manual,first,Petrol,720000
Hyundai,Grand i10,2017,7,76000.0,Manual,first,Petrol,460000
Kia,Sonet,2023,1,8100.0,Automatic,first,Petrol,1175000
Tata,Tiago,2021,3,19000.0,Automatic,first,Petrol,665000
Mahindra,XUV500,2014,10,80000.0,Manual,second,Diesel,475000
Mahindra,XUV500,2015,9,90000.0,Manual,first,Diesel,475000
Volkswagen,Polo,2019,5,72000.0,Manual,first,Petrol,690000
Audi,Q7,2017,7,85000.0,Automatic,first,Diesel,2698000
Hyundai,Aura,2023,1,1234.0,Automatic,first,Hybrid/CNG,250000
Toyota,Corolla Altis,2011,13,71000.0,Automatic,second,Petrol,345000
Renault,New Duster,2013,11,85000.0,Manual,second,Diesel,311000
Maruti Suzuki,Ignis,2021,3,42000.0,Automatic,first,Hybrid/CNG,540000
Land Rover,Range Rover Evoque,2017,7,90000.0,Automatic,first,Diesel,3100000
Skoda,Rapid,2012,12,70000.0,Manual,second,Diesel,299000
Hyundai,i10,2009,15,170000.0,Manual,second,Petrol,179000
Tata,Tiago,2018,6,68000.0,Automatic,first,Petrol,399000
Maruti Suzuki,Wagon-R,2020,4,72500.0,Manual,first,Hybrid/CNG,425000
Hyundai,Grand i10,2016,8,70000.0,Manual,first,Hybrid/CNG,425000
Mahindra,XUV500,2012,12,110000.0,Manual,second,Diesel,740000
Maruti Suzuki,Celerio,2017,7,80000.0,Automatic,second,Hybrid/CNG,450000
Hyundai,Grand i10,2018,6,65000.0,Manual,second,Petrol,465000
Honda,Jazz,2017,7,57000.0,Automatic,second,Hybrid/CNG,535000
Maruti Suzuki,Baleno,2016,8,77000.0,Automatic,second,Hybrid/CNG,489999
Hyundai,i10,2012,12,20000.0,Automatic,second,Petrol,210000
Toyota,Innova,2008,16,360000.0,Manual,second,Diesel,480000
Maruti Suzuki,Celerio,2018,6,92000.0,Automatic,second,Petrol,425000
Honda,WRV,2022,2,29000.0,Manual,first,Petrol,950000
Hyundai,Xcent,2014,10,65000.0,Manual,second,Hybrid/CNG,410000
Mahindra,Ssangyong-Rexton,2013,11,115000.0,Automatic,first,Diesel,669888
Hyundai,i20,2018,6,65000.0,Manual,first,Petrol,475000
Maruti Suzuki,Celerio,2016,8,45000.0,Automatic,second,Petrol,325000
Tata,Tiago,2020,4,37000.0,Automatic,second,Petrol,435000
Hyundai,Venue,2020,4,92000.0,Manual,first,Diesel,960000
Volkswagen,Tiguan,2018,6,141000.0,Automatic,second,Diesel,1699999
Maruti Suzuki,Vitara-Brezza,2020,4,78000.0,Automatic,first,Diesel,980000
Maruti Suzuki,Ertiga,2017,7,92000.0,Manual,first,Diesel,599000
Maruti Suzuki,Celerio,2019,5,86000.0,Manual,first,Hybrid/CNG,390000
Maruti Suzuki,S-Cross,2015,9,135000.0,Manual,first,Diesel,640000
Maruti Suzuki,Swift-Dzire,2017,7,180000.0,Automatic,first,Hybrid/CNG,260000
Ford,Ecosport,2014,10,82000.0,Manual,first,Diesel,450000
Mercedes-Benz,M-Class,2013,11,81000.0,Automatic,second,Diesel,1599000
Maruti Suzuki,Alto-K10,2014,10,89000.0,Manual,first,Petrol,250000
Toyota,Glanza,2019,5,28000.0,Automatic,first,Petrol,625000
Maruti Suzuki,Swift,2015,9,59000.0,Manual,second,Petrol,451000
Maruti Suzuki,Swift,2012,12,60000.0,Manual,second,Diesel,250000
Toyota,Corolla Altis,2013,11,65000.0,Manual,first,Petrol,329000
Hyundai,Grand i10 Prime,2015,9,30.0,Automatic,second,Hybrid/CNG,280000
Tata,Altroz,2022,2,23000.0,Manual,first,Diesel,950000
Land Rover,Freelander 2,2013,11,99000.0,Automatic,second,Diesel,875000
Maruti Suzuki,Wagon-R-1-0,2017,7,85000.0,Automatic,second,Hybrid/CNG,265000
Maruti Suzuki,Ertiga,2019,5,67999.0,Manual,first,Hybrid/CNG,963000
Maruti Suzuki,Swift,2009,15,78500.0,Manual,second,Petrol,119000
Renault,Triber,2020,4,28000.0,Manual,first,Petrol,589000
Maruti Suzuki,Celerio,2017,7,64000.0,Automatic,second,Hybrid/CNG,320000
Hyundai,New Elantra,2014,10,64000.0,Manual,second,Petrol,459000
Maruti Suzuki,Alto-K10,2016,8,75000.0,Automatic,second,Hybrid/CNG,260000
Mercedes-Benz,E-Class,2012,12,54000.0,Automatic,second,Petrol,875000
Maruti Suzuki,Alto-800,2013,11,75000.0,Manual,first,Hybrid/CNG,235000
Maruti Suzuki,Wagon-R,2018,6,85000.0,Manual,second,Petrol,390000
Maruti Suzuki,Ertiga,2022,2,25000.0,Manual,first,Hybrid/CNG,1140000
Maruti Suzuki,Dzire,2023,1,1234.0,Manual,first,Hybrid/CNG,250000
BMW,X1,2019,5,90000.0,Automatic,second,Diesel,1900000
Mahindra,Bolero,2021,3,48000.0,Manual,first,Diesel,950000
Honda,City,2014,10,58000.0,Automatic,first,Hybrid/CNG,460000
Maruti Suzuki,Omni,2019,5,31000.0,Manual,first,Petrol,325000
Toyota,Fortuner,2014,10,144000.0,Manual,first,Diesel,1500000
Toyota,Innova Crysta,2016,8,145000.0,Automatic,first,Diesel,1820000
Hyundai,Creta,2017,7,118000.0,Automatic,second,Diesel,899000
Hyundai,Grand i10,2019,5,65473.0,Manual,first,Hybrid/CNG,525000
Hyundai,Grand i10,2015,9,59000.0,Automatic,second,Hybrid/CNG,480000
Hyundai,Verna,2013,11,99000.0,Manual,first,Diesel,450000
Maruti Suzuki,Ertiga,2013,11,85000.0,Manual,first,Diesel,470000
Maruti Suzuki,Alto-K10,2023,1,51000.0,Manual,first,Hybrid/CNG,550000
Mahindra,XUV500,2018,6,83000.0,Manual,first,Diesel,1175000
Hyundai,i10,2009,15,73000.0,Automatic,second,Hybrid/CNG,260000
Maruti Suzuki,Wagon-R,2021,3,35312.0,Manual,first,Hybrid/CNG,595000
Maruti Suzuki,XL6,2021,3,26716.0,Manual,first,Petrol,1065000
Honda,WRV,2017,7,36000.0,Manual,first,Petrol,680000
Maruti Suzuki,Swift,2021,3,52000.0,Automatic,first,Hybrid/CNG,649000
Honda,City,2009,15,91000.0,Automatic,second,Hybrid/CNG,96000
Maruti Suzuki,Swift,2014,10,90000.0,Manual,second,Diesel,420000
Hyundai,Grand i10,2019,5,65000.0,Manual,second,Petrol,432000
Toyota,Innova Hycross,2023,1,33000.0,Automatic,first,Hybrid/CNG,3600000
Renault,Duster,2017,7,43000.0,Manual,second,Diesel,451500
Hyundai,Creta,2016,8,205828.0,Manual,first,Diesel,700000
Mitsubishi,Pajero Sport,2015,9,135000.0,Automatic,second,Diesel,950000
Chevrolet,Beat,2012,12,76000.0,Manual,second,Diesel,138000
Maruti Suzuki,Ritz,2016,8,172000.0,Manual,first,Diesel,325000
Maruti Suzuki,Eeco,2012,12,100212.0,Automatic,second,Hybrid/CNG,241000
Maruti Suzuki,Alto-K10,2015,9,52000.0,Automatic,second,Hybrid/CNG,350000
Maruti Suzuki,Alto-K10,2015,9,23000.0,Manual,second,Petrol,249999
Toyota,Fortuner,2013,11,143000.0,Automatic,first,Diesel,1425000
Toyota,Innova Crysta,2016,8,147000.0,Manual,second,Diesel,1499000
Honda,Civic,2007,17,96000.0,Automatic,second,Hybrid/CNG,147000
Hyundai,Santro,2007,17,42000.0,Manual,second,Petrol,135000
Tata,Nexon,2019,5,90000.0,Automatic,second,Hybrid/CNG,650000
Maruti Suzuki,800,2005,19,97000.0,Manual,second,Petrol,110000
Nissan,Micra,2017,7,70805.0,Automatic,second,Petrol,483000
Honda,Amaze,2018,6,61000.0,Manual,first,Diesel,549000
Porsche,Cayenne,2011,13,60000.0,Automatic,second,Petrol,2399000
Maruti Suzuki,Celerio,2019,5,41000.0,Automatic,first,Hybrid/CNG,511000
Maruti Suzuki,Alto-K10,2016,8,41000.0,Manual,first,Petrol,325000
Hyundai,EON,2013,11,32000.0,Manual,first,Petrol,240000
Hyundai,Elite i20,2019,5,35000.0,Manual,first,Petrol,465000
Volkswagen,Vento,2014,10,40000.0,Automatic,first,Petrol,475000
Maruti Suzuki,Alto-800,2014,10,36000.0,Automatic,first,Hybrid/CNG,260000
Skoda,Superb,2018,6,19788.0,Automatic,second,Petrol,1750000
Hyundai,Elite i20,2016,8,50000.0,Manual,first,Petrol,540000
Maruti Suzuki,Eeco,2021,3,40000.0,Automatic,first,Hybrid/CNG,440000
Maruti Suzuki,Baleno,2022,2,51000.0,Manual,first,Hybrid/CNG,800000
Maruti Suzuki,Swift-Dzire,2014,10,120000.0,Manual,first,Diesel,475000
Mahindra,Thar,2021,3,50922.0,Automatic,second,Diesel,1645000
Maruti Suzuki,Baleno,2018,6,65000.0,Automatic,second,Hybrid/CNG,565000
Honda,City,2017,7,70000.0,Automatic,first,Petrol,810000
Maruti Suzuki,Wagon-R,2015,9,46545.0,Manual,first,Petrol,425000
Maruti Suzuki,Celerio,2017,7,45000.0,Automatic,second,Hybrid/CNG,350000
Hyundai,Venue,2019,5,90208.0,Manual,first,Diesel,800000
Maruti Suzuki,Swift-Dzire,2016,8,50470.0,Manual,first,Petrol,500000
Mercedes-Benz,E-Class,2015,9,130000.0,Automatic,first,Diesel,1875000
Maruti Suzuki,Swift-Dzire,2011,13,77500.0,Manual,second,Petrol,235000
Hyundai,Grand i10,2019,5,40000.0,Automatic,second,Hybrid/CNG,525000
Maruti Suzuki,Baleno,2019,5,66510.0,Automatic,first,Petrol,690000
Volkswagen,Polo,2012,12,61000.0,Manual,second,Petrol,260000
Honda,Jazz,2017,7,65900.0,Manual,second,Petrol,585000
Maruti Suzuki,Swift Dzire,2017,7,77000.0,Manual,second,Diesel,600000
Toyota,Innova Hycross,2023,1,17000.0,Automatic,first,Hybrid/CNG,3750000
Maruti Suzuki,Alto,2006,18,90000.0,Manual,second,Petrol,70000
Mercedes-Benz,C-Class,2016,8,80000.0,Automatic,second,Diesel,1900000
Hyundai,i10,2014,10,79609.0,Manual,first,Petrol,400000
Hyundai,Xcent Prime,2019,5,60000.0,Manual,first,Hybrid/CNG,425000
Maruti Suzuki,Celerio,2016,8,62477.0,Manual,second,Hybrid/CNG,295000
Hyundai,New i20,2021,3,34500.0,Automatic,first,Petrol,795000
Honda,Brio,2012,12,75000.0,Manual,first,Petrol,260000
Maruti Suzuki,Wagon-R,2008,16,1.0,Manual,second,Hybrid/CNG,135000
Maruti Suzuki,maruti-suzuki-dzire,2019,5,49000.0,Automatic,first,Petrol,660000
Maruti Suzuki,Wagon-R,2016,8,95000.0,Automatic,second,Hybrid/CNG,264999
Ford,Endeavour,2016,8,88000.0,Automatic,first,Diesel,2700000
Maruti Suzuki,Eeco,2022,2,49000.0,Manual,first,Hybrid/CNG,565000
Kia,Seltos,2020,4,65000.0,Manual,first,Diesel,985000
Hyundai,Elantra,2017,7,37000.0,Automatic,first,Petrol,1240000
Hyundai,Grand i10 Nios,2020,4,54000.0,Automatic,first,Hybrid/CNG,625000
Toyota,Urban Cruiser,2022,2,30000.0,Automatic,first,Petrol,1090000
Mahindra,Thar,2015,9,46000.0,Manual,second,Diesel,725000
Toyota,Glanza,2019,5,28146.0,Manual,first,Petrol,650000
Mercedes-Benz,GLC,2016,8,93000.0,Automatic,first,Diesel,2800000
Tata,Harrier,2021,3,129000.0,Automatic,first,Diesel,1650000
Isuzu,MUX,2019,5,99156.0,Automatic,first,Diesel,1950000
Maruti Suzuki,Swift-Dzire,2018,6,70000.0,Automatic,first,Petrol,560000
Maruti Suzuki,Alto-800,2013,11,24500.0,Manual,first,Petrol,199000
Mahindra,XUV 300,2019,5,65000.0,Manual,first,Diesel,975000
Maruti Suzuki,Ertiga,2023,1,30000.0,Automatic,first,Hybrid/CNG,1190000
Maruti Suzuki,Eeco,2022,2,55000.0,Automatic,second,Hybrid/CNG,550000
Audi,Q7,2017,7,99000.0,Automatic,first,Diesel,2800000
Hyundai,Creta,2020,4,35000.0,Automatic,first,Petrol,1190000
Hyundai,Venue,2023,1,27000.0,Automatic,first,Petrol,1250000
Hyundai,Creta,2016,8,55000.0,Manual,second,Petrol,675000
Maruti Suzuki,Swift,2014,10,76000.0,Manual,first,Diesel,470000
Maruti Suzuki,Omni,2013,11,107968.0,Manual,second,Hybrid/CNG,180000
Tata,Safari,2021,3,51000.0,Automatic,second,Diesel,1790000
Hyundai,i10,2012,12,79810.0,Manual,second,Hybrid/CNG,200000
Maruti Suzuki,Eeco,2022,2,20000.0,Manual,first,Petrol,485000
Hyundai,Santro,2002,22,28000.0,Manual,first,Petrol,160000
Kia,Sonet,2020,4,32000.0,Automatic,second,Diesel,1125000
Hyundai,Verna,2013,11,96000.0,Manual,first,Diesel,425000
Hyundai,Xcent Prime,2018,6,156000.0,Manual,first,Hybrid/CNG,350000
Maruti Suzuki,Alto-800,2017,7,55125.0,Manual,first,Petrol,265000
MG,ASTOR,2022,2,67000.0,Automatic,second,Hybrid/CNG,1150000
Honda,City,2016,8,74381.0,Automatic,first,Hybrid/CNG,599999
Tata,Nexon,2021,3,33000.0,Manual,first,Diesel,845000
Maruti Suzuki,Celerio,2019,5,60000.0,Automatic,first,Hybrid/CNG,385000
Hyundai,Grand i10,2018,6,56000.0,Manual,first,Hybrid/CNG,475000
Maruti Suzuki,Wagon-R-1-0,2016,8,41258.0,Manual,second,Hybrid/CNG,365000
Mahindra,Scorpio,2011,13,110000.0,Manual,first,Diesel,650008
Hyundai,Xcent,2016,8,54200.0,Automatic,first,Petrol,399000
Skoda,Rapid,2015,9,99000.0,Automatic,second,Diesel,485000
Maruti Suzuki,Swift,2013,11,73000.0,Manual,second,Petrol,300000
Renault,KWID,2015,9,53000.0,Manual,first,Petrol,245000
Hyundai,Verna,2012,12,80000.0,Automatic,second,Hybrid/CNG,300000
Maruti Suzuki,Eeco,2022,2,19000.0,Manual,first,Petrol,610000
Skoda,Fabia,2012,12,25000.0,Manual,second,Petrol,179000
Maruti Suzuki,Baleno,2018,6,54000.0,Manual,first,Petrol,497000
Skoda,Octavia,2020,4,31010.0,Automatic,second,Petrol,1515000
Skoda,Rapid,2018,6,54000.0,Automatic,first,Diesel,945000
Toyota,Corolla Altis,2015,9,104000.0,Automatic,second,Hybrid/CNG,625000
Mercedes-Benz,M-Class,2016,8,85000.0,Automatic,second,Diesel,2450000
Maruti Suzuki,Omni,2018,6,52500.0,Manual,second,Petrol,240000
Tata,Indica,2011,13,100413.0,Manual,first,Diesel,85000
Maruti Suzuki,Alto-800,2012,12,66000.0,Manual,second,Petrol,175000
Maruti Suzuki,S-Cross,2017,7,72000.0,Manual,first,Diesel,695000
Ford,Mustang,2017,7,19000.0,Automatic,first,Petrol,8275000
Maruti Suzuki,Celerio,2016,8,39000.0,Automatic,second,Petrol,325000
Maruti Suzuki,Baleno,2016,8,60000.0,Manual,second,Hybrid/CNG,485000
Mahindra,Bolero Neo,2022,2,90000.0,Manual,first,Diesel,800000
Maruti Suzuki,Baleno,2023,1,10500.0,Manual,first,Petrol,830000
Mercedes-Benz,B Class,2014,10,79000.0,Automatic,second,Diesel,599000
Maruti Suzuki,Eeco,2020,4,70000.0,Manual,second,Hybrid/CNG,450000
Jeep,Wrangler,2022,2,65000.0,Automatic,second,Petrol,5600000
Volvo,S60,2012,12,122000.0,Automatic,second,Diesel,885000
Maruti Suzuki,Ignis,2018,6,65000.0,Automatic,second,Hybrid/CNG,475000
Toyota,Innova Crysta,2019,5,94000.0,Manual,first,Diesel,1875000
Maruti Suzuki,Celerio,2016,8,72000.0,Manual,second,Petrol,370000
Maruti Suzuki,Wagon R 1.0,2017,7,66000.0,Manual,first,Hybrid/CNG,370000
Renault,Kiger,2023,1,19800.0,Automatic,first,Hybrid/CNG,850000
Hyundai,i20,2017,7,80000.0,Manual,second,Petrol,545000
Honda,Accord,2010,14,93000.0,Automatic,first,Hybrid/CNG,235000
Maruti Suzuki,Celerio,2022,2,29000.0,Automatic,first,Petrol,570000
Maruti Suzuki,Ignis,2019,5,59000.0,Automatic,first,Petrol,690000
Maruti Suzuki,Alto-800,2020,4,80000.0,Manual,first,Hybrid/CNG,210000
Hyundai,Grand i10,2017,7,62000.0,Manual,second,Hybrid/CNG,425000
Maruti Suzuki,Alto-800,2015,9,76000.0,Automatic,second,Petrol,179999
Maruti Suzuki,Ignis,2018,6,105000.0,Automatic,second,Hybrid/CNG,380000
Maruti Suzuki,Baleno,2020,4,49000.0,Manual,first,Petrol,540000
Honda,Amaze,2016,8,60000.0,Manual,second,Diesel,520000
Tata,Tigor,2018,6,53550.0,Automatic,first,Hybrid/CNG,450000
Maruti Suzuki,Brezza,2019,5,48000.0,Manual,first,Diesel,870000
Maruti Suzuki,Wagon-R,2020,4,40000.0,Automatic,first,Petrol,610000
Toyota,Etios,2015,9,200000.0,Manual,second,Diesel,440000
Datsun,RediGO,2018,6,45213.0,Manual,first,Petrol,225001
Hyundai,i20,2013,11,50000.0,Manual,first,Hybrid/CNG,185000
Maruti Suzuki,Alto,2019,5,81000.0,Manual,second,Petrol,260000
Hyundai,Elantra,2016,8,100000.0,Automatic,second,Hybrid/CNG,775000
Maruti Suzuki,Wagon-R,2012,12,100000.0,Automatic,second,Hybrid/CNG,140000
Hyundai,Grand i10,2015,9,68000.0,Manual,second,Hybrid/CNG,375000
Mercedes-Benz,GL-Class,2015,9,159000.0,Automatic,second,Diesel,2975000
Mahindra,Marazzo,2020,4,72045.0,Manual,first,Diesel,780000
Maruti Suzuki,Baleno,2016,8,77000.0,Automatic,second,Hybrid/CNG,489999
Honda,Amaze,2017,7,40000.0,Manual,second,Hybrid/CNG,400000
Toyota,Innova Crysta,2019,5,28000.0,Automatic,first,Petrol,1499000
Toyota,Corolla Altis,2011,13,82000.0,Manual,second,Hybrid/CNG,275000
Ford,Aspire,2017,7,61101.0,Manual,second,Hybrid/CNG,375000
Audi,A6,2013,11,70334.0,Automatic,second,Diesel,950000
Hyundai,Elite i20,2017,7,120000.0,Manual,second,Diesel,630000
Audi,A3,2016,8,75000.0,Automatic,second,Diesel,999999
Hyundai,Alcazar,2022,2,19523.0,Automatic,first,Petrol,1799999
BMW,X1,2016,8,55100.0,Automatic,second,Diesel,1895000
Hyundai,Verna,2016,8,51200.0,Automatic,second,Petrol,539000
Maruti Suzuki,Sx4,2009,15,83000.0,Manual,second,Hybrid/CNG,169000
Kia,Seltos,2019,5,39000.0,Manual,first,Petrol,1075000
Ford,Ecosport,2014,10,71877.0,Manual,second,Petrol,299000
Maruti Suzuki,Ignis,2018,6,90000.0,Automatic,first,Diesel,650000
Honda,City,2015,9,121000.0,Manual,second,Diesel,665000
Toyota,Fortuner,2014,10,90000.0,Automatic,second,Diesel,1351000
Maruti Suzuki,Eeco,2019,5,94000.0,Manual,second,Petrol,400000
Hyundai,Xcent,2014,10,90000.0,Manual,first,Petrol,430000
Hyundai,Creta,2016,8,88883.0,Automatic,first,Petrol,815000
Maruti Suzuki,Eeco,2019,5,99000.0,Manual,first,Hybrid/CNG,400000
Maruti Suzuki,Ritz,2015,9,81000.0,Manual,first,Diesel,396000
Hyundai,Creta,2019,5,79000.0,Manual,second,Diesel,1069000
Mahindra,XUV500,2015,9,92000.0,Manual,second,Diesel,945000
Toyota,Fortuner,2024,0,4500.0,Automatic,first,Diesel,4100000
Maruti Suzuki,Swift,2019,5,48000.0,Automatic,second,Petrol,590000
Mahindra,Xylo,2011,13,124000.0,Manual,first,Diesel,485000
Mahindra,Alturas G4,2019,5,74520.0,Automatic,first,Diesel,1700000
Volkswagen,VentoTest,2016,8,75475.0,Automatic,first,Petrol,775000
Maruti Suzuki,Wagon-R-1-0,2016,8,58000.0,Manual,first,Hybrid/CNG,370000
Maruti Suzuki,Vitara-Brezza,2019,5,35000.0,Automatic,first,Diesel,900000
Toyota,Etios,2013,11,82000.0,Manual,second,Diesel,349000
Maruti Suzuki,Alto-800,2009,15,95334.0,Manual,first,Hybrid/CNG,120000
Tata,Zest,2015,9,90000.0,Manual,second,Hybrid/CNG,200000
Chevrolet,Cruze,2013,11,95000.0,Manual,first,Diesel,525000
Audi,A4,2013,11,31000.0,Automatic,second,Diesel,1550000
Maruti Suzuki,Swift-Dzire,2018,6,44197.0,Manual,second,Hybrid/CNG,525000
Hyundai,Santro Xing,2013,11,80000.0,Manual,first,Hybrid/CNG,195000
Toyota,Innova,2013,11,150000.0,Manual,second,Diesel,675000
Skoda,Octavia,2015,9,106000.0,Automatic,second,Petrol,1025000
Hyundai,i20,2018,6,40000.0,Automatic,second,Petrol,590000
Maruti Suzuki,Omni,2015,9,60000.0,Manual,second,Petrol,160000
MG,Hector,2019,5,57000.0,Manual,first,Diesel,1451000
Hyundai,Creta,2018,6,66000.0,Automatic,second,Diesel,1000000
Toyota,Innova Crysta,2020,4,45000.0,Automatic,first,Diesel,2699000
Maruti Suzuki,Swift,2022,2,40000.0,Automatic,first,Petrol,765000
Maruti Suzuki,Celerio,2022,2,54600.0,Automatic,first,Petrol,650000
BMW,5 Series,2014,10,70000.0,Automatic,second,Diesel,2271000
Maruti Suzuki,Omni,2010,14,100000.0,Automatic,first,Hybrid/CNG,100000
Hyundai,Santro Xing,2010,14,85200.0,Manual,second,Hybrid/CNG,90000
Mercedes-Benz,M-Class,2013,11,69000.0,Automatic,first,Diesel,1749999
Hyundai,Creta,2016,8,40000.0,Automatic,first,Petrol,715000
Hyundai,Eon,2018,6,41000.0,Manual,second,Petrol,250000
Honda,Amaze,2019,5,120000.0,Manual,second,Petrol,399000
Mahindra,XUV500,2014,10,180000.0,Manual,second,Diesel,810000
Toyota,Innova Crysta,2020,4,120602.0,Manual,first,Diesel,1775000
Honda,City,2021,3,30000.0,Manual,first,Petrol,1025000
Skoda,Superb,2017,7,87000.0,Automatic,second,Diesel,1250000
Maruti Suzuki,Wagon-R,2013,11,85000.0,Manual,second,Hybrid/CNG,295000
Honda,Civic,2013,11,78000.0,Automatic,second,Hybrid/CNG,425000
Tata,Tigor,2019,5,52000.0,Automatic,first,Hybrid/CNG,685000
Honda,City,2018,6,68500.0,Manual,first,Petrol,850000
Mahindra,XUV500,2015,9,65200.0,Manual,second,Diesel,649000
Honda,City,2011,13,120000.0,Manual,first,Petrol,450000
Honda,Amaze,2019,5,70000.0,Automatic,second,Petrol,540000
Hyundai,Aura,2023,1,76652.0,Automatic,first,Hybrid/CNG,710000
Toyota,Innova,2009,15,177779.0,Manual,second,Diesel,470000
Toyota,Corolla Altis,2015,9,65000.0,Automatic,first,Petrol,650000
Mercedes-Benz,SLK-Class,2013,11,28000.0,Automatic,second,Petrol,3800000
Honda,City,2010,14,117000.0,Manual,first,Hybrid/CNG,225000
Maruti Suzuki,Wagon-R-1-0,2021,3,76000.0,Manual,second,Hybrid/CNG,485000
Toyota,Camry,2014,10,63000.0,Automatic,second,Hybrid/CNG,900000
Maruti Suzuki,Celerio,2017,7,50000.0,Automatic,first,Petrol,425000
Maruti Suzuki,Swift-Dzire-Tour,2016,8,160000.0,Manual,second,Diesel,430000
Honda,City,2008,16,125000.0,Manual,second,Hybrid/CNG,125000
Hyundai,Creta,2019,5,85599.0,Manual,first,Petrol,875000
Maruti Suzuki,Alto 800,2019,5,75230.0,Manual,second,Petrol,335000
Maruti Suzuki,Alto-K10,2017,7,52685.0,Automatic,first,Hybrid/CNG,299000
Hyundai,Verna,2012,12,88000.0,Automatic,first,Hybrid/CNG,440000
Toyota,Fortuner,2016,8,160000.0,Manual,first,Diesel,1450000
Maruti Suzuki,Ertiga,2022,2,31000.0,Manual,first,Hybrid/CNG,995000
Honda,City ZX,2008,16,119000.0,Automatic,second,Hybrid/CNG,145600
Fiat,Punto EVO,2015,9,60000.0,Manual,second,Diesel,369000
Maruti Suzuki,Ertiga,2020,4,70000.0,Manual,first,Hybrid/CNG,699000
Maruti Suzuki,SX4,2010,14,85600.0,Automatic,second,Hybrid/CNG,175000
Tata,Tigor,2017,7,49000.0,Automatic,second,Petrol,400000
Hyundai,Grand i10,2019,5,71001.0,Manual,first,Diesel,476000
Maruti Suzuki,Ignis,2022,2,10000.0,Manual,first,Petrol,620000
Toyota,Innova,2011,13,120000.0,Manual,first,Diesel,553000
Maruti Suzuki,Alto,2007,17,80000.0,Manual,second,Hybrid/CNG,80000
Hyundai,Grand i10 Nios,2024,0,2300.0,Manual,first,Petrol,725000
Honda,CRV,2014,10,71000.0,Manual,second,Petrol,751000
Maruti Suzuki,Celerio,2023,1,21000.0,Manual,first,Petrol,555000
Hyundai,Creta,2021,3,68500.0,Manual,first,Diesel,1095000
Maruti Suzuki,Swift-Dzire,2018,6,63500.0,Manual,first,Hybrid/CNG,380000
Maruti Suzuki,Alto-800,2019,5,980000.0,Automatic,second,Hybrid/CNG,310000
Maruti Suzuki,Swift-Dzire,2020,4,138000.0,Automatic,first,Hybrid/CNG,610000
Maruti Suzuki,Ertiga,2019,5,62000.0,Automatic,second,Hybrid/CNG,820000
Maruti Suzuki,Alto K10,2017,7,52000.0,Automatic,first,Hybrid/CNG,350000
Honda,Jazz,2017,7,100000.0,Automatic,second,Hybrid/CNG,610000
Maruti Suzuki,Baleno,2018,6,110000.0,Automatic,first,Petrol,585000
Toyota,Etios,2019,5,114000.0,Manual,second,Diesel,795000
Mahindra,Bolero,2021,3,8500.0,Manual,second,Diesel,1095000
Hyundai,Santro Xing,2013,11,80000.0,Manual,second,Hybrid/CNG,199999
Maruti Suzuki,Eeco,2018,6,55000.0,Manual,first,Hybrid/CNG,435000
Maruti Suzuki,Baleno,2018,6,66000.0,Automatic,second,Hybrid/CNG,550000
Honda,Amaze,2019,5,60000.0,Manual,first,Hybrid/CNG,530000
Hyundai,Grand i10,2015,9,61000.0,Automatic,first,Hybrid/CNG,475000
Honda,Accord,2013,11,85000.0,Automatic,second,Hybrid/CNG,475000
BMW,X7,2020,4,25000.0,Automatic,first,Petrol,10000000
Toyota,Innova Crysta,2018,6,99000.0,Manual,first,Diesel,1289000
Hyundai,Verna,2012,12,80000.0,Manual,second,Diesel,355000
BMW,5 Series,2017,7,68000.0,Automatic,second,Diesel,3749000
Honda,Amaze,2015,9,47000.0,Automatic,second,Petrol,349000
Toyota,Innova Crysta,2018,6,60000.0,Automatic,second,Diesel,2025000
Maruti Suzuki,Wagon-R-1-0,2020,4,48000.0,Manual,first,Hybrid/CNG,480000
Hyundai,i10,2015,9,60000.0,Manual,second,Hybrid/CNG,290000
Maruti Suzuki,Eeco,2021,3,28000.0,Manual,first,Hybrid/CNG,590000
Hyundai,i10,2011,13,75000.0,Automatic,first,Petrol,190000
Mahindra,XUV500,2013,11,81000.0,Manual,first,Diesel,581000
Mahindra,TUV,2018,6,46500.0,Automatic,second,Diesel,625000
Maruti Suzuki,Swift-Dzire,2011,13,81785.0,Manual,second,Petrol,265000
Hyundai,i20,2011,13,82000.0,Manual,first,Petrol,320000
Hyundai,Creta,2018,6,51000.0,Manual,first,Diesel,845000
Maruti Suzuki,Wagon-R-1-0,2017,7,23110.0,Automatic,first,Hybrid/CNG,425000
Toyota,Innova Hycross,2023,1,39500.0,Automatic,first,Hybrid/CNG,3800000
Maruti Suzuki,Brezza,2023,1,25000.0,Manual,first,Hybrid/CNG,1085000
Hyundai,Grand i10,2016,8,45000.0,Manual,second,Hybrid/CNG,385000
Tata,Nano,2012,12,70000.0,Manual,second,Petrol,70000
Toyota,Innova Crysta,2018,6,135000.0,Manual,second,Diesel,1711000
Maruti Suzuki,Wagon-R,2016,8,199995.0,Manual,first,Hybrid/CNG,300000
Audi,Q3,2015,9,68000.0,Automatic,first,Diesel,890000
Land Rover,Freelander 2,2013,11,104605.0,Automatic,second,Diesel,1550000
Maruti Suzuki,Eeco,2016,8,49000.0,Manual,second,Petrol,360000
Mini,Cooper Countryman,2018,6,39000.0,Automatic,first,Petrol,3100000
MG,Hector,2019,5,87000.0,Manual,first,Diesel,1199000
Tata,Nexon,2019,5,52000.0,Automatic,first,Hybrid/CNG,525000
Jeep,Compass,2018,6,145000.0,Manual,first,Diesel,990000
Maruti Suzuki,Baleno,2022,2,32000.0,Automatic,second,Petrol,650000
Honda,City,2013,11,75000.0,Automatic,second,Hybrid/CNG,435000
Toyota,Fortuner,2020,4,45000.0,Automatic,first,Diesel,3950000
Volkswagen,Ameo,2017,7,100000.0,Manual,first,Petrol,450000
Maruti Suzuki,Alto-K10,2011,13,71772.0,Manual,first,Petrol,185000
Maruti Suzuki,Ertiga,2017,7,40000.0,Manual,first,Petrol,765000
BMW,X1,2022,2,61000.0,Automatic,first,Petrol,3350000
Maruti Suzuki,Baleno,2018,6,47500.0,Automatic,second,Petrol,650000
Hyundai,Verna,2016,8,147000.0,Manual,first,Petrol,515000
Hyundai,Creta,2019,5,99250.0,Manual,second,Diesel,999999
Honda,Brio,2016,8,65000.0,Manual,first,Petrol,399000
Maruti Suzuki,Wagon-R,2011,13,60000.0,Manual,second,Petrol,135000
Honda,City,2011,13,0.0,Automatic,second,Hybrid/CNG,200000
Hyundai,Grand i10,2014,10,74000.0,Manual,second,Petrol,390000
Jeep,Compass,2018,6,86000.0,Manual,second,Diesel,799000
Toyota,Glanza,2019,5,59000.0,Manual,first,Petrol,575000
Maruti Suzuki,Vitara-Brezza,2022,2,32000.0,Manual,first,Hybrid/CNG,1550000
Hyundai,Grand i10,2019,5,43285.0,Manual,first,Hybrid/CNG,585000
Maruti Suzuki,Ertiga,2014,10,78000.0,Manual,second,Diesel,685000
Maruti Suzuki,Alto-800,2019,5,22000.0,Manual,first,Petrol,320000
Maruti Suzuki,Ertiga,2018,6,45000.0,Manual,first,Hybrid/CNG,760000
Tata,Harrier,2023,1,21342.0,Automatic,first,Diesel,2585000
Kia,Seltos,2019,5,28832.0,Manual,first,Petrol,1250000
Nissan,Terrano,2017,7,50000.0,Manual,second,Hybrid/CNG,499000
Ford,Figo Aspire,2019,5,55000.0,Manual,first,Diesel,490000
Hyundai,i10,2012,12,46521.0,Manual,first,Petrol,240000
Hyundai,Elite i20,2019,5,56000.0,Automatic,first,Hybrid/CNG,611000
Maruti Suzuki,Wagon-R,2023,1,50000.0,Manual,second,Hybrid/CNG,600000
Maruti Suzuki,Wagon-R,2017,7,62500.0,Automatic,second,Hybrid/CNG,345000
Maruti Suzuki,Ignis,2020,4,43000.0,Automatic,second,Petrol,600000
Hyundai,Santro Xing,2010,14,134368.0,Automatic,second,Hybrid/CNG,105000
Maruti Suzuki,Eeco,2018,6,76491.0,Automatic,second,Hybrid/CNG,440000
BMW,3 Series,2014,10,64000.0,Automatic,second,Diesel,1229000
Hyundai,Grand i10,2017,7,63000.0,Automatic,first,Hybrid/CNG,549000
Maruti Suzuki,Wagon-R,2014,10,84000.0,Manual,second,Petrol,238000
Mahindra,Scorpio,2012,12,80000.0,Automatic,second,Diesel,410000
Tata,Safari Storme,2016,8,70000.0,Manual,second,Diesel,475000
Toyota,Glanza,2019,5,90000.0,Automatic,first,Petrol,620000
Toyota,Innova Crysta,2016,8,140000.0,Manual,first,Diesel,1325000
Maruti Suzuki,Ciaz,2018,6,62000.0,Manual,second,Hybrid/CNG,570000
Hyundai,Creta,2022,2,89000.0,Automatic,first,Diesel,1651000
Kia,Seltos,2019,5,79273.0,Manual,first,Petrol,950000
Maruti Suzuki,Swift,2014,10,56000.0,Manual,second,Petrol,345000
Hyundai,Eon,2017,7,43000.0,Manual,second,Petrol,190000
Maruti Suzuki,Wagon-R-1-0,2010,14,70000.0,Manual,second,Petrol,255000
Maruti Suzuki,Alto-800,2014,10,70000.0,Manual,second,Petrol,235000
Chevrolet,Enjoy,2013,11,70000.0,Manual,second,Hybrid/CNG,269000
Maruti Suzuki,Vitara-Brezza,2017,7,81000.0,Automatic,second,Diesel,800000
Audi,A6,2015,9,73930.0,Automatic,second,Diesel,1499000
Hyundai,Eon,2013,11,59000.0,Manual,second,Petrol,98000
Chevrolet,Beat,2011,13,142000.0,Automatic,first,Hybrid/CNG,180000
Honda,City,2012,12,72000.0,Manual,second,Hybrid/CNG,259000
Maruti Suzuki,Wagon-R,2012,12,52000.0,Manual,second,Hybrid/CNG,260000
Toyota,Innova,2013,11,170000.0,Manual,second,Diesel,1250000
Ford,Ecosport,2018,6,40230.0,Automatic,first,Hybrid/CNG,775000
Maruti Suzuki,Vitara Brezza,2018,6,67000.0,Automatic,first,Diesel,699000
Hyundai,Eon,2018,6,81000.0,Automatic,second,Hybrid/CNG,355000
Hyundai,Grand i10 Nios,2021,3,88000.0,Manual,first,Hybrid/CNG,575000
Hyundai,Creta,2022,2,20012.0,Automatic,first,Petrol,1645000
Hyundai,i10,2011,13,72000.0,Manual,second,Hybrid/CNG,155000
Maruti Suzuki,Alto-K10,2018,6,80000.0,Automatic,second,Hybrid/CNG,350000
Honda,City,2021,3,60180.0,Automatic,first,Petrol,1170000
Maruti Suzuki,Ritz,2012,12,148000.0,Manual,second,Diesel,240000
Maruti Suzuki,Celerio,2019,5,59000.0,Manual,first,Hybrid/CNG,525000
Hyundai,Santro Xing,2010,14,68000.0,Manual,first,Hybrid/CNG,111000
Datsun,GO,2014,10,23000.0,Manual,second,Petrol,249999
Maruti Suzuki,Swift,2009,15,65000.0,Automatic,second,Hybrid/CNG,72000
Bajaj,RE60,2019,5,31000.0,Manual,second,Hybrid/CNG,199000
Hyundai,Santro,2021,3,64000.0,Manual,first,Hybrid/CNG,465000
Maruti Suzuki,Baleno,2017,7,32000.0,Automatic,first,Hybrid/CNG,525000
Tata,Nexon,2018,6,61000.0,Automatic,first,Hybrid/CNG,599000
Hyundai,Santro Xing,2011,13,51000.0,Manual,first,Petrol,170000
Hyundai,Creta,2018,6,32000.0,Automatic,first,Petrol,1190000
Mahindra,Marazzo,2019,5,24200.0,Manual,first,Diesel,899999
Maruti Suzuki,Ritz,2010,14,85000.0,Manual,first,Hybrid/CNG,110000
Mahindra,XUV500,2015,9,75000.0,Manual,first,Diesel,745000
Maruti Suzuki,Swift-Dzire,2017,7,61300.0,Automatic,second,Hybrid/CNG,525000
Hyundai,i20,2010,14,90000.0,Manual,second,Diesel,200000
Jeep,Compass,2018,6,25300.0,Manual,second,Petrol,975000
Maruti Suzuki,Ritz,2010,14,35000.0,Manual,first,Hybrid/CNG,230000
Tata,Tiago,2017,7,51000.0,Automatic,second,Hybrid/CNG,360000
Mahindra,XUV500,2012,12,88441.0,Manual,second,Diesel,485000
Tata,Nexon,2022,2,53000.0,Automatic,first,Diesel,950000
Maruti Suzuki,Eeco,2022,2,26600.0,Manual,second,Petrol,545000
Chevrolet,Spark,2011,13,140000.0,Automatic,first,Hybrid/CNG,69000
Hyundai,Xcent,2018,6,30000.0,Manual,second,Petrol,445000
Honda,City,2016,8,60000.0,Automatic,second,Petrol,795000
Mahindra,XUV 300,2021,3,75000.0,Automatic,second,Diesel,790000
Hyundai,Grand i10 Nios,2022,2,24000.0,Manual,second,Petrol,635000
Hyundai,Creta,2022,2,16000.0,Automatic,second,Diesel,1650000
Maruti Suzuki,Swift-Dzire,2012,12,97000.0,Manual,second,Hybrid/CNG,255000
Hyundai,Grand i10,2019,5,89576.0,Manual,first,Petrol,465111
Honda,Jazz,2016,8,80000.0,Manual,first,Diesel,483000
Hyundai,i10,2011,13,51000.0,Manual,second,Petrol,190000
Maruti Suzuki,Alto-K10,2017,7,78647.0,Manual,second,Hybrid/CNG,247000
Maruti Suzuki,maruti-suzuki-brezza,2019,5,35000.0,Automatic,first,Diesel,1045000
Maruti Suzuki,Ignis,2021,3,80000.0,Automatic,first,Petrol,685000
Mahindra,KUV 100,2017,7,75000.0,Manual,first,Diesel,435000
Mahindra,XUV500,2015,9,88000.0,Manual,second,Diesel,850000
Maruti Suzuki,Swift-Dzire,2023,1,62000.0,Manual,first,Hybrid/CNG,820000
BMW,2 Series,2021,3,20000.0,Automatic,first,Petrol,3490000
Audi,A8 L,2014,10,50000.0,Automatic,first,Diesel,2450000
Toyota,Camry,2019,5,65000.0,Automatic,first,Hybrid/CNG,2900000
Hyundai,i10,2011,13,34000.0,Manual,first,Petrol,250000
Maruti Suzuki,Wagon-R,2017,7,62000.0,Automatic,second,Hybrid/CNG,359000
Maruti Suzuki,Alto-K10,2011,13,132000.0,Manual,second,Petrol,148000
Maruti Suzuki,Ciaz,2018,6,66000.0,Automatic,first,Petrol,700000
Maruti Suzuki,Ignis,2019,5,51000.0,Automatic,first,Petrol,545000
Maruti Suzuki,Alto-800,2011,13,95000.0,Automatic,second,Hybrid/CNG,135000
Maruti Suzuki,Swift,2018,6,44000.0,Manual,first,Diesel,810000
Tata,Altroz,2020,4,32000.0,Manual,first,Hybrid/CNG,570000
Toyota,Fortuner,2019,5,81000.0,Automatic,first,Diesel,3150000
Honda,Amaze,2015,9,89000.0,Manual,second,Hybrid/CNG,320000
Mahindra,XUV500,2017,7,73000.0,Manual,first,Diesel,690000
Toyota,Innova,2014,10,65137.5,Manual,second,Diesel,1050000
Volkswagen,Virtus,2021,3,61000.0,Automatic,first,Petrol,1575000
Mahindra,KUV 100,2016,8,70000.0,Manual,second,Petrol,160000
Maruti Suzuki,Wagon-R,2021,3,80000.0,Manual,first,Hybrid/CNG,495000
Honda,City,2011,13,85000.0,Automatic,second,Hybrid/CNG,361000
MG,Gloster,2021,3,18000.0,Automatic,first,Diesel,3298000
Maruti Suzuki,Ertiga,2021,3,73000.0,Manual,first,Hybrid/CNG,1030000
Rolls-Royce,Phantom Drop HeadCoupe,2019,5,2.0,Automatic,first,Hybrid/CNG,235000
Maruti Suzuki,Celerio,2020,4,72000.0,Manual,first,Hybrid/CNG,455000
Honda,Civic,2011,13,100000.0,Automatic,second,Petrol,200000
Skoda,Rapid,2014,10,70000.0,Manual,second,Diesel,394888
BMW,5 Series,2021,3,18000.0,Automatic,first,Diesel,4650000
Volvo,XC60,2020,4,41000.0,Automatic,first,Diesel,4775000
Toyota,Urban Cruiser Hyryder,2022,2,45000.0,Automatic,first,Hybrid/CNG,1900000
Mahindra,Scorpio,2015,9,91252.0,Manual,second,Diesel,910000
Toyota,Camry,2016,8,49500.0,Automatic,first,Hybrid/CNG,1650000
Maruti Suzuki,Ertiga,2021,3,81000.0,Manual,first,Hybrid/CNG,975000
Tata,Hexa,2017,7,98623.0,Automatic,first,Diesel,635000
Toyota,Innova,2011,13,159000.0,Manual,second,Diesel,1025000
Honda,Mobilio,2014,10,68000.0,Manual,second,Hybrid/CNG,425000
Renault,KWID,2020,4,42000.0,Manual,second,Petrol,335000
Maruti Suzuki,Wagon-R,2014,10,100000.0,Manual,second,Hybrid/CNG,290000
Maruti Suzuki,Alto-800,2022,2,72000.0,Manual,first,Petrol,350000
Mahindra,TUV,2017,7,69000.0,Automatic,first,Diesel,825000
Mahindra,XUV 300,2023,1,31000.0,Automatic,first,Petrol,1280000
Tata,Tiago,2017,7,87000.0,Manual,second,Diesel,450000
Maruti Suzuki,Alto-800,2014,10,110000.0,Automatic,first,Hybrid/CNG,310000
Honda,City,2017,7,73000.0,Manual,second,Hybrid/CNG,665000
Maruti Suzuki,Wagon-R-1-0,2021,3,65999.0,Manual,first,Hybrid/CNG,553000
Skoda,Superb,2009,15,90241.0,Automatic,second,Petrol,350000
Maruti Suzuki,XL6,2021,3,86000.0,Automatic,first,Petrol,900000
Maruti Suzuki,Swift,2019,5,91000.0,Manual,second,Hybrid/CNG,619999
Maruti Suzuki,Swift-Dzire,2018,6,61585.0,Automatic,first,Petrol,570000
Maruti Suzuki,Wagon-R-1-0,2021,3,29000.0,Manual,first,Hybrid/CNG,570000
Mahindra,Thar,2021,3,5000.0,Manual,second,Petrol,1265000
Honda,WRV,2019,5,42000.0,Manual,first,Petrol,585000
Maruti Suzuki,Alto-K10,2017,7,52358.0,Automatic,first,Hybrid/CNG,299000
Tata,Tiago,2024,0,3000.0,Automatic,first,Hybrid/CNG,850000
Maruti Suzuki,Ertiga,2017,7,50000.0,Manual,first,Diesel,595000
Maruti Suzuki,Alto-800,2019,5,35492.0,Automatic,first,Hybrid/CNG,370000
Maruti Suzuki,Swift,2019,5,40000.0,Manual,second,Petrol,615000
Toyota,Innova,2010,14,268000.0,Manual,second,Diesel,900000
Hyundai,Xcent,2020,4,172000.0,Manual,second,Diesel,545000
Hyundai,Grand i10 Nios,2020,4,60000.0,Manual,second,Petrol,475000
Renault,KWID,2016,8,30000.0,Automatic,second,Petrol,290000
Maruti Suzuki,Alto-800,2023,1,25230.0,Manual,first,Hybrid/CNG,425000
Maruti Suzuki,Wagon-R,2016,8,120000.0,Automatic,first,Hybrid/CNG,250000
Toyota,Fortuner,2014,10,120000.0,Automatic,second,Diesel,1549000
Maruti Suzuki,Wagon-R,2022,2,15899.0,Automatic,second,Petrol,655000
Mercedes-Benz,S-Class,2009,15,85000.0,Automatic,second,Diesel,1175000
Hyundai,Creta,2018,6,79879.0,Automatic,second,Diesel,855000
Hyundai,Xcent,2019,5,78690.0,Manual,first,Diesel,530000
Nissan,Sunny,2014,10,70000.0,Automatic,second,Hybrid/CNG,285000
Maruti Suzuki,Ertiga,2023,1,22000.0,Manual,first,Hybrid/CNG,1170000
Hyundai,i10,2011,13,39000.0,Manual,first,Petrol,265000
Maruti Suzuki,Ignis,2017,7,51000.0,Automatic,second,Hybrid/CNG,400000
Hyundai,Xcent,2015,9,75000.0,Manual,second,Hybrid/CNG,375000
Toyota,Innova Crysta,2021,3,44000.0,Automatic,first,Diesel,3050000
Maruti Suzuki,Swift,2023,1,49000.0,Manual,first,Hybrid/CNG,720000
Mercedes-Benz,E-Class,2010,14,96000.0,Automatic,second,Diesel,950000
Skoda,Rapid,2017,7,36000.0,Automatic,first,Petrol,599000
Toyota,Urban Cruiser Hyryder,2023,1,19000.0,Automatic,first,Hybrid/CNG,1750000
Maruti Suzuki,Wagon-R-1-0,2014,10,65000.0,Manual,second,Hybrid/CNG,255000
Maruti Suzuki,Brezza,2020,4,70000.0,Manual,first,Hybrid/CNG,750000
Maruti Suzuki,Ertiga,2016,8,54000.0,Manual,second,Hybrid/CNG,675000
Honda,Accord,2013,11,95000.0,Automatic,first,Petrol,399000
BMW,X1,2017,7,59000.0,Automatic,first,Diesel,1300000
Maruti Suzuki,Celerio,2024,0,19000.0,Automatic,first,Petrol,725000
Volkswagen,Polo,2018,6,64400.0,Automatic,first,Petrol,800000
Hyundai,Xcent,2017,7,59623.0,Manual,first,Diesel,480000
Mercedes-Benz,C-Class,2023,1,6000.0,Automatic,first,Diesel,6300000
Toyota,Camry,2015,9,97000.0,Automatic,second,Petrol,1250000
Toyota,Camry,2017,7,119500.0,Automatic,second,Petrol,1500000
Maruti Suzuki,Eeco,2024,0,35000.0,Automatic,first,Hybrid/CNG,230000
Maruti Suzuki,Wagon-R-1-0,2017,7,23111.0,Automatic,first,Hybrid/CNG,425001
Hyundai,Verna,2011,13,132000.0,Automatic,second,Petrol,300000
Mercedes-Benz,C-Class,2015,9,61000.0,Automatic,first,Diesel,1825000
Maruti Suzuki,Eeco,2021,3,63250.0,Manual,first,Hybrid/CNG,525111
Hyundai,Verna,2015,9,79000.0,Manual,first,Hybrid/CNG,465000
Mahindra,Nuvosport,2016,8,73000.0,Automatic,first,Diesel,390000
Mahindra,XUV 300,2022,2,14555.0,Automatic,first,Diesel,1095000
Renault,Duster,2015,9,75000.0,Manual,second,Diesel,200000
Mercedes-Benz,E-Class,2021,3,41000.0,Automatic,first,Diesel,5100000
Maruti Suzuki,Ertiga,2020,4,45000.0,Automatic,second,Hybrid/CNG,1020000
Hyundai,i10,2011,13,69298.0,Manual,second,Petrol,215000
Hyundai,Santro Xing,2009,15,129000.0,Manual,second,Petrol,120000
Toyota,Corolla Altis,2015,9,78000.0,Automatic,first,Hybrid/CNG,801000
Toyota,Innova Crysta,2018,6,148000.0,Automatic,first,Diesel,1225000
Jeep,Compass,2020,4,12672.0,Automatic,first,Petrol,1645000
Mercedes-Benz,C-Class,2015,9,59000.0,Automatic,second,Diesel,1550000
Maruti Suzuki,Ertiga,2020,4,181000.0,Manual,second,Hybrid/CNG,880000
Hyundai,i20 N Line,2021,3,26000.0,Automatic,first,Petrol,915000
Mahindra,Thar,2022,2,18000.0,Automatic,first,Diesel,1600000
Ford,Ecosport,2019,5,418680.0,Automatic,first,Hybrid/CNG,775000
Hyundai,Xcent,2022,2,50000.0,Automatic,second,Hybrid/CNG,580000
Honda,City,2017,7,51000.0,Automatic,second,Hybrid/CNG,750000
Mercedes-Benz,C-Class,2016,8,68888.0,Automatic,second,Diesel,1875000
Maruti Suzuki,Sx4,2010,14,71568.0,Automatic,second,Petrol,198000
Maruti Suzuki,Vitara Brezza,2018,6,72523.0,Automatic,first,Diesel,649999
Hyundai,Verna,2019,5,80000.0,Automatic,first,Hybrid/CNG,725000
Ford,Ecosport,2019,5,57000.0,Manual,first,Diesel,675000
Skoda,Superb,2018,6,22000.0,Automatic,second,Petrol,1650000
Hyundai,Venue,2020,4,43772.0,Automatic,first,Petrol,1099000
Hyundai,Venue,2022,2,6000.0,Manual,first,Petrol,875000
Hyundai,i10,2013,11,65000.0,Manual,first,Petrol,285000
BMW,5 Series,2017,7,88000.0,Automatic,first,Diesel,2375000
Hyundai,Creta,2016,8,61000.0,Manual,second,Diesel,800000
Maruti Suzuki,Wagon-R-1-0,2020,4,43000.0,Manual,first,Hybrid/CNG,525000
Maruti Suzuki,Wagon-R,2012,12,73523.0,Automatic,second,Hybrid/CNG,160000
Honda,City,2015,9,71000.0,Automatic,first,Hybrid/CNG,524000
Hyundai,Verna,2019,5,70000.0,Manual,first,Hybrid/CNG,849000
Maruti Suzuki,Wagon-R,2020,4,62000.0,Manual,first,Petrol,500000
Hyundai,Grand i10 Nios,2022,2,24000.0,Manual,first,Hybrid/CNG,690000
Maruti Suzuki,Swift-Dzire,2011,13,65137.5,Manual,second,Petrol,350000
Honda,Mobilio,2015,9,69000.0,Manual,first,Diesel,295000
Maruti Suzuki,Celerio,2016,8,68000.0,Automatic,second,Petrol,400000
Tata,Indica V2,2017,7,80000.0,Automatic,first,Hybrid/CNG,180000
Hyundai,Santro,2021,3,24000.0,Automatic,first,Petrol,495000
Ford,Endeavour,2017,7,69000.0,Automatic,first,Diesel,2375000
Maruti Suzuki,Swift,2014,10,75000.0,Manual,first,Petrol,295000
Hyundai,Xcent,2016,8,90020.0,Manual,first,Petrol,400000
Ford,Ecosport,2017,7,105000.0,Manual,second,Petrol,638000
Renault,KWID,2018,6,63000.0,Automatic,first,Petrol,325000
Maruti Suzuki,Swift,2013,11,58000.0,Manual,second,Petrol,285000
Toyota,Corolla Altis,2009,15,75000.0,Manual,second,Hybrid/CNG,235000
Honda,Amaze,2016,8,68000.0,Automatic,first,Hybrid/CNG,395000
Renault,KWID,2016,8,48451.0,Manual,first,Petrol,245000
Volkswagen,Polo,2013,11,99000.0,Manual,second,Diesel,355000
Mahindra,Bolero,2015,9,102000.0,Automatic,second,Diesel,380000
Kia,Sonet,2022,2,68000.0,Manual,first,Diesel,1190000
Tata,Nexon,2019,5,86094.0,Manual,first,Diesel,639000
Hyundai,Grand i10,2019,5,65137.5,Manual,first,Petrol,550000
Hyundai,i20,2017,7,100000.0,Manual,second,Diesel,550000
Maruti Suzuki,Celerio,2020,4,78000.0,Manual,first,Petrol,490000
Maruti Suzuki,Celerio,2018,6,65630.0,Automatic,first,Hybrid/CNG,450000
Maruti Suzuki,Celerio,2014,10,78000.0,Manual,second,Hybrid/CNG,200000
Maruti Suzuki,Ertiga,2023,1,7706.0,Manual,first,Hybrid/CNG,1300000
Maruti Suzuki,Swift,2013,11,56000.0,Manual,first,Hybrid/CNG,350000
Honda,Mobilio,2014,10,90000.0,Manual,first,Diesel,425000
Hyundai,Grand i10 Nios,2020,4,61000.0,Manual,first,Hybrid/CNG,590000
Maruti Suzuki,Swift-Dzire,2010,14,110000.0,Automatic,second,Petrol,250000
Mahindra,Bolero,2021,3,57548.0,Manual,first,Diesel,825000
Maruti Suzuki,Wagon-R-1-0,2018,6,60000.0,Manual,first,Hybrid/CNG,395000
Hyundai,Grand i10,2014,10,35000.0,Automatic,second,Petrol,400000
Hyundai,Creta,2020,4,86000.0,Manual,first,Diesel,1450000
Hyundai,Santro,2019,5,40100.0,Automatic,second,Petrol,375000
Maruti Suzuki,Alto-800,2019,5,45238.0,Manual,second,Petrol,299000
Hyundai,Santro,2018,6,45000.0,Automatic,first,Hybrid/CNG,450000
Tata,Altroz,2022,2,30618.0,Manual,first,Diesel,895999
Hyundai,Creta,2016,8,131000.0,Manual,second,Diesel,730000
Honda,City,2015,9,69000.0,Automatic,first,Hybrid/CNG,525000
Jeep,Compass,2018,6,36000.0,Automatic,second,Petrol,899000
Ford,Ecosport,2018,6,55000.0,Manual,first,Diesel,655000
Honda,Brio,2016,8,89000.0,Manual,second,Petrol,360000
Tata,tata-punch,2022,2,8000.0,Automatic,first,Petrol,650000
Honda,City,2012,12,71000.0,Manual,first,Hybrid/CNG,320000
Honda,City,2011,13,80000.0,Automatic,second,Hybrid/CNG,270000
Hyundai,Xcent,2017,7,45000.0,Manual,first,Petrol,395000
Maruti Suzuki,Wagon-R,2024,0,50000.0,Automatic,first,Hybrid/CNG,750000
Toyota,Corolla Altis,2010,14,181000.0,Automatic,second,Petrol,199999
Hyundai,Grand i10,2018,6,51000.0,Manual,first,Hybrid/CNG,445000
Hyundai,Elite i20,2016,8,73000.0,Manual,second,Hybrid/CNG,560000
MG,Hector Plus,2022,2,45000.0,Manual,first,Diesel,1890000
Maruti Suzuki,Swift-Dzire,2017,7,109711.0,Manual,second,Hybrid/CNG,375000
Hyundai,Accent,2012,12,72000.0,Automatic,second,Hybrid/CNG,100000
Honda,City,2015,9,65000.0,Manual,second,Hybrid/CNG,495000
Maruti Suzuki,Ciaz,2020,4,25000.0,Manual,first,Petrol,750000
Maruti Suzuki,Wagon-R,2017,7,80000.0,Automatic,second,Hybrid/CNG,420000
Maruti Suzuki,Wagon-R,2010,14,70000.0,Manual,second,Petrol,255000
Honda,Mobilio,2014,10,78001.0,Manual,first,Diesel,451000
Honda,Amaze,2019,5,54000.0,Manual,second,Diesel,860000
Maruti Suzuki,Celerio,2020,4,45000.0,Manual,first,Hybrid/CNG,440000
BMW,Z4,2020,4,11000.0,Automatic,second,Petrol,8500000
Honda,City,2021,3,80100.0,Automatic,first,Petrol,1125000
BMW,5 Series,2017,7,82000.0,Automatic,second,Diesel,3598000
Ford,Ecosport,2016,8,49000.0,Manual,second,Petrol,455000
Hyundai,i10,2013,11,56000.0,Manual,second,Petrol,185000
Honda,Jazz,2018,6,62000.0,Automatic,first,Petrol,525000
Ford,Endeavour,2017,7,90000.0,Automatic,first,Diesel,2050000
Volkswagen,Polo,2014,10,81000.0,Manual,second,Diesel,430000
Maruti Suzuki,Eeco,2022,2,45000.0,Manual,first,Hybrid/CNG,645000
Maruti Suzuki,Ritz,2016,8,110000.0,Automatic,first,Diesel,285000
Volkswagen,Vento,2013,11,52000.0,Automatic,first,Petrol,435000
Mahindra,XUV500,2013,11,99000.0,Manual,second,Diesel,630000
Hyundai,EON,2017,7,80000.0,Manual,second,Petrol,299000
Honda,Amaze,2013,11,99000.0,Manual,first,Diesel,395000
Hyundai,Grand i10,2015,9,770000.0,Manual,first,Petrol,490000
Hyundai,Grand i10,2017,7,52000.0,Manual,first,Hybrid/CNG,375000
BMW,X5,2017,7,58500.0,Automatic,second,Diesel,4050000
Maruti Suzuki,maruti-suzuki-dzire,2018,6,83500.0,Automatic,first,Diesel,680000
Skoda,Octavia,2022,2,19000.0,Automatic,second,Petrol,2290000
Ford,Endeavour,2017,7,72000.0,Automatic,first,Diesel,1850000
Maruti Suzuki,Swift-Dzire,2015,9,51700.0,Manual,second,Petrol,425000
Renault,Triber,2020,4,37000.0,Manual,first,Petrol,399000
Porsche,Panamera,2017,7,16800.0,Automatic,second,Diesel,6900000
Maruti Suzuki,Wagon-R-1-0,2021,3,38500.0,Manual,first,Hybrid/CNG,539000
Maruti Suzuki,Eeco,2013,11,90000.0,Automatic,second,Hybrid/CNG,200000
Toyota,Innova,2014,10,167000.0,Manual,second,Diesel,1200000
Maruti Suzuki,Swift-Dzire,2011,13,77211.0,Manual,second,Petrol,270000
Volkswagen,Polo,2020,4,35000.0,Automatic,first,Petrol,1185000
Honda,Brio,2013,11,55000.0,Manual,second,Petrol,379799
Mahindra,Scorpio-N,2023,1,17000.0,Automatic,first,Diesel,2199000
Maruti Suzuki,Baleno,2022,2,17511.0,Manual,first,Petrol,865000
Toyota,Etios Liva,2015,9,145000.0,Manual,second,Diesel,539000
Maruti Suzuki,Baleno,2021,3,65000.0,Manual,first,Petrol,680000
Hyundai,Creta,2017,7,76000.0,Manual,first,Diesel,880000
Maruti Suzuki,Alto-K10,2014,10,34000.0,Automatic,second,Petrol,235000
Hyundai,Tucson,2017,7,74310.0,Automatic,second,Diesel,1025000
Maruti Suzuki,Swift-Dzire,2016,8,78000.0,Manual,second,Diesel,520000
Mahindra,Scorpio Classic,2024,0,5000.0,Automatic,first,Hybrid/CNG,1000000
Toyota,Corolla Altis,2016,8,118000.0,Automatic,first,Petrol,799000
Ford,Figo Aspire,2016,8,50000.0,Manual,second,Petrol,330000
Mahindra,Scorpio,2018,6,71000.0,Manual,first,Diesel,895000
Tata,Indigo Ecs,2016,8,50000.0,Automatic,second,Hybrid/CNG,90000
Maruti Suzuki,Baleno,2019,5,61000.0,Automatic,first,Petrol,600000
Toyota,Innova Crysta,2020,4,106000.0,Manual,first,Diesel,2250000
Ford,Endeavour,2017,7,60000.0,Automatic,first,Diesel,1995000
Maruti Suzuki,Wagon-R,2022,2,80000.0,Automatic,first,Hybrid/CNG,520000
Jeep,Compass,2022,2,21000.0,Automatic,first,Diesel,2525111
Hyundai,i20,2019,5,55000.0,Manual,first,Hybrid/CNG,495000
Maruti Suzuki,Alto-K10,2017,7,45000.0,Manual,first,Petrol,290000
Maruti Suzuki,Swift,2015,9,10.0,Manual,second,Hybrid/CNG,380000
Maruti Suzuki,Wagon-R-Stingray,2014,10,59000.0,Manual,second,Petrol,398000
Honda,City,2014,10,79000.0,Manual,second,Hybrid/CNG,445000
Maruti Suzuki,maruti-suzuki-dzire,2018,6,46000.0,Automatic,second,Petrol,670000
Maruti Suzuki,Ignis,2022,2,9665.0,Automatic,first,Petrol,690000
Hyundai,i10,2011,13,81851.0,Manual,first,Petrol,249999
Maruti Suzuki,Ertiga,2020,4,30000.0,Manual,first,Petrol,875000
Kia,Sonet,2021,3,29000.0,Automatic,first,Petrol,1075000
Maruti Suzuki,Swift,2022,2,40000.0,Automatic,first,Diesel,765000
Maruti Suzuki,Swift,2016,8,117000.0,Manual,second,Diesel,570000
Maruti Suzuki,Swift,2023,1,8235.0,Manual,first,Petrol,795000
Tata,Tiago,2018,6,65137.5,Automatic,second,Hybrid/CNG,420000
Hyundai,i10,2010,14,90000.0,Automatic,second,Petrol,175999
Honda,City,2017,7,45730.0,Automatic,second,Hybrid/CNG,710000
Ford,Ecosport,2014,10,50000.0,Automatic,second,Petrol,520000
Maruti Suzuki,Eeco,2022,2,66000.0,Manual,second,Hybrid/CNG,525000
Maruti Suzuki,Celerio,2019,5,155000.0,Manual,second,Hybrid/CNG,440000
Maruti Suzuki,Swift-Dzire,2013,11,152000.0,Manual,first,Diesel,400000
Maruti Suzuki,Wagon-R-1-0,2018,6,80000.0,Automatic,first,Hybrid/CNG,455000
Chevrolet,Sail U-VA,2016,8,120000.0,Manual,second,Diesel,240000
Hyundai,Grand i10,2017,7,65000.0,Manual,second,Hybrid/CNG,374000
Maruti Suzuki,Eeco,2011,13,38000.0,Automatic,first,Petrol,265000
Maruti Suzuki,Sx4,2011,13,90000.0,Automatic,second,Hybrid/CNG,160000
Maruti Suzuki,Wagon-R,2018,6,19000.0,Automatic,first,Petrol,375000
Maruti Suzuki,Ritz,2012,12,65500.0,Manual,first,Diesel,330000
Ford,Ecosport,2015,9,78000.0,Manual,second,Diesel,340000
Mercedes-Benz,GLS,2020,4,9500.0,Automatic,first,Diesel,9000000
Ford,Ecosport,2019,5,41538.0,Automatic,first,Hybrid/CNG,775000
Volkswagen,Passat,2013,11,90233.0,Manual,first,Diesel,699999
Maruti Suzuki,Vitara-Brezza,2019,5,83000.0,Automatic,first,Diesel,775000
Hyundai,Creta,2017,7,81000.0,Automatic,first,Petrol,725000
Hyundai,Accent,2011,13,100000.0,Automatic,second,Hybrid/CNG,95000
Volkswagen,Polo,2015,9,77200.0,Automatic,second,Petrol,449999
Hyundai,Aura,2023,1,41000.0,Automatic,first,Hybrid/CNG,200000
Hyundai,i10,2009,15,88000.0,Automatic,second,Petrol,290000
Chevrolet,Beat,2010,14,112329.0,Manual,second,Hybrid/CNG,115000
Hyundai,i20,2009,15,119725.0,Manual,second,Petrol,190000
Maruti Suzuki,Ciaz,2017,7,52145.0,Manual,first,Diesel,580000
Mercedes-Benz,A-Class Limousine,2023,1,7000.0,Automatic,first,Diesel,3800000
Maruti Suzuki,Vitara-Brezza,2019,5,63000.0,Manual,first,Diesel,845000
Audi,A6,2018,6,48000.0,Automatic,second,Diesel,2475000
Maruti Suzuki,Grand Vitara,2023,1,27000.0,Automatic,first,Hybrid/CNG,1670000
Hyundai,Santro,2011,13,75000.0,Manual,second,Hybrid/CNG,180000
Maruti Suzuki,Wagon-R,2013,11,67980.0,Manual,first,Petrol,299000
Mahindra,XUV500,2015,9,72000.0,Manual,second,Diesel,690000
Toyota,Etios Liva,2012,12,86000.0,Manual,first,Diesel,345000
Tata,Nexon,2019,5,20000.0,Automatic,second,Petrol,579000
Honda,City,2020,4,33000.0,Automatic,first,Petrol,1185000
Hyundai,Verna,2020,4,80899.0,Manual,first,Diesel,1300000
Mercedes-Benz,E-Class,2018,6,63000.0,Automatic,first,Diesel,4350000
Maruti Suzuki,Alto-800,2014,10,70000.0,Manual,second,Hybrid/CNG,220000
BMW,5 Series,2014,10,94000.0,Automatic,second,Diesel,1349000
Maruti Suzuki,Wagon-R-Stingray,2017,7,22270.0,Manual,first,Petrol,425000
Honda,Jazz,2016,8,86000.0,Manual,second,Diesel,460000
Honda,City,2011,13,86530.0,Manual,second,Hybrid/CNG,225000
Maruti Suzuki,Celerio,2017,7,85000.0,Automatic,second,Hybrid/CNG,305000
Maruti Suzuki,Sx4,2011,13,117000.0,Manual,first,Diesel,249999
Mercedes-Benz,GLE,2016,8,84067.0,Automatic,first,Diesel,2575000
Maruti Suzuki,Alto,2011,13,80000.0,Automatic,second,Petrol,89000
Maruti Suzuki,Wagon-R,2023,1,40000.0,Manual,second,Hybrid/CNG,550000
Hyundai,i10,2011,13,47000.0,Manual,second,Petrol,265000
Maruti Suzuki,Ertiga,2022,2,320000.0,Manual,second,Hybrid/CNG,1075000
Toyota,Innova Crysta,2019,5,71000.0,Manual,first,Diesel,1625000
Maruti Suzuki,Ertiga,2021,3,49780.0,Manual,first,Petrol,894000
Maruti Suzuki,Wagon-R-1-0,2014,10,27000.0,Manual,first,Petrol,435000
Toyota,Camry,2020,4,36000.0,Automatic,first,Hybrid/CNG,2800000
Honda,Amaze,2015,9,71000.0,Manual,first,Petrol,275000
Audi,A6,2015,9,84000.0,Automatic,first,Diesel,1951000
Maruti Suzuki,Swift-Dzire,2020,4,19150.0,Automatic,first,Petrol,700000
Audi,A6,2014,10,65000.0,Automatic,second,Diesel,990000
Jeep,Compass,2018,6,113000.0,Manual,second,Diesel,895000
Mahindra,TUV,2015,9,78000.0,Manual,second,Diesel,399000
Volkswagen,Polo,2017,7,91000.0,Automatic,second,Petrol,775000
Maruti Suzuki,Wagon-R-1-0,2014,10,70000.0,Manual,first,Hybrid/CNG,340000
Hyundai,i20,2019,5,40000.0,Manual,first,Hybrid/CNG,545000
Mahindra,XUV 300,2022,2,14555.0,Automatic,first,Diesel,1095000
Maruti Suzuki,Vitara-Brezza,2023,1,3000.0,Manual,first,Petrol,1300000
Mahindra,XUV500,2015,9,65000.0,Manual,first,Diesel,1095000
Mahindra,XUV500,2013,11,81000.0,Manual,first,Diesel,575000
Chevrolet,Beat,2010,14,25000.0,Manual,second,Petrol,130000
Maruti Suzuki,Celerio,2019,5,60000.0,Automatic,first,Hybrid/CNG,511000
Tata,Tiago,2020,4,58000.0,Automatic,first,Hybrid/CNG,575000
BMW,3 Series Gran Limousine,2023,1,3500.0,Automatic,first,Petrol,5610000
Maruti Suzuki,Wagon-R,2016,8,56000.0,Automatic,first,Petrol,525000
Maruti Suzuki,Wagon-R,2020,4,70000.0,Manual,first,Hybrid/CNG,425000
Hyundai,Alcazar,2022,2,72000.0,Automatic,first,Diesel,1545000
Maruti Suzuki,Eeco,2020,4,50000.0,Manual,second,Petrol,475000
Maruti Suzuki,Swift,2010,14,50000.0,Manual,second,Hybrid/CNG,135000
Tata,Nexon,2019,5,38096.0,Manual,first,Diesel,650000
Mahindra,Ssangyong-Rexton,2014,10,83000.0,Automatic,second,Diesel,525000
Mercedes-Benz,S-Class,2014,10,75000.0,Automatic,second,Diesel,2990000
Maruti Suzuki,Celerio,2021,3,62000.0,Manual,first,Hybrid/CNG,450000
Maruti Suzuki,Eeco,2021,3,165000.0,Automatic,first,Hybrid/CNG,540000
Maruti Suzuki,Swift-Dzire,2017,7,61000.0,Automatic,second,Hybrid/CNG,465000
Chevrolet,Cruze,2012,12,78000.0,Automatic,second,Diesel,350000
Hyundai,Verna,2014,10,88000.0,Manual,second,Hybrid/CNG,399000
Maruti Suzuki,Vitara-Brezza,2016,8,84500.0,Manual,first,Diesel,626000
Maruti Suzuki,Ciaz,2018,6,94000.0,Automatic,first,Hybrid/CNG,510000
Hyundai,Creta,2017,7,41000.0,Automatic,first,Hybrid/CNG,699000
Hyundai,Verna,2018,6,78000.0,Manual,first,Diesel,875000
Maruti Suzuki,Wagon-R,2018,6,286000.0,Automatic,first,Hybrid/CNG,245000
Maruti Suzuki,Alto-800,2016,8,85000.0,Manual,second,Hybrid/CNG,345000
Honda,Amaze,2015,9,117000.0,Manual,second,Petrol,300000
Toyota,Corolla Altis,2011,13,89000.0,Automatic,second,Hybrid/CNG,365000
Mahindra,XUV500,2016,8,111821.0,Manual,first,Diesel,750000
Maruti Suzuki,Ertiga,2012,12,148723.0,Manual,second,Hybrid/CNG,360000
Hyundai,i10,2012,12,77000.0,Automatic,second,Hybrid/CNG,165000
Honda,City,2019,5,45000.0,Automatic,second,Petrol,845000
Maruti Suzuki,Wagon-R,2011,13,84750.0,Manual,second,Hybrid/CNG,165000
Hyundai,Grand i10 Nios,2021,3,8000.0,Automatic,second,Petrol,675000
Renault,KWID,2019,5,16000.0,Automatic,first,Petrol,420000
Maruti Suzuki,Baleno,2017,7,60000.0,Manual,second,Petrol,500000
Toyota,Etios,2015,9,81000.0,Manual,first,Diesel,459000
Honda,WRV,2019,5,38000.0,Manual,first,Petrol,640000
Mercedes-Benz,CLA,2018,6,63000.0,Automatic,second,Diesel,1800000
Mahindra,XUV500,2018,6,51000.0,Automatic,first,Diesel,1035000
Maruti Suzuki,Swift-Dzire,2018,6,68000.0,Manual,first,Diesel,430000
Nissan,Sunny,2012,12,108000.0,Manual,second,Diesel,300000
Volvo,XC60,2020,4,55000.0,Automatic,first,Diesel,4500000
Hyundai,i20,2013,11,68000.0,Manual,first,Hybrid/CNG,298000
Maruti Suzuki,Ertiga,2019,5,68000.0,Manual,first,Hybrid/CNG,967000
Mini,Cooper 3 DOOR,2015,9,65000.0,Automatic,first,Diesel,2000000
Toyota,Corolla Altis,2009,15,92000.0,Automatic,second,Hybrid/CNG,370000
Mercedes-Benz,C-Class,2017,7,55000.0,Automatic,first,Diesel,2399000
Hyundai,Eon,2014,10,52000.0,Manual,first,Petrol,245000
Maruti Suzuki,Swift-Dzire,2018,6,75000.0,Manual,second,Diesel,550000
Maruti Suzuki,Swift-Dzire,2023,1,97000.0,Automatic,first,Hybrid/CNG,740000
Tata,Altroz,2023,1,29000.0,Manual,first,Hybrid/CNG,875000
Maruti Suzuki,Eeco,2021,3,52000.0,Automatic,first,Hybrid/CNG,500000
BMW,5 Series,2012,12,75000.0,Automatic,second,Diesel,1525000
Maruti Suzuki,Ertiga,2015,9,48000.0,Manual,first,Hybrid/CNG,741000
Maruti Suzuki,Sx4,2010,14,87000.0,Manual,second,Hybrid/CNG,150000
Toyota,Innova,2012,12,250000.0,Manual,second,Diesel,699999
Maruti Suzuki,Ritz,2016,8,103000.0,Manual,second,Petrol,350000
Maruti Suzuki,Alto,2007,17,75000.0,Manual,second,Hybrid/CNG,75000
Maruti Suzuki,Swift,2016,8,65000.0,Manual,first,Diesel,550000
Maruti Suzuki,Ertiga,2023,1,21000.0,Automatic,first,Hybrid/CNG,1260000
Honda,City,2009,15,85000.0,Automatic,second,Hybrid/CNG,351000
Maruti Suzuki,S-Cross,2017,7,82000.0,Manual,first,Diesel,720000
Nissan,Micra,2013,11,50000.0,Manual,second,Petrol,245000
Mercedes-Benz,M-Class,2014,10,157000.0,Automatic,second,Diesel,1275000
Volkswagen,VentoTest,2013,11,113000.0,Automatic,second,Hybrid/CNG,350000
Toyota,Camry,2015,9,160.0,Automatic,second,Hybrid/CNG,999999
Toyota,Innova,2007,17,174000.0,Manual,first,Diesel,649999
Audi,A6,2014,10,16500.0,Automatic,first,Diesel,1590000
Mahindra,Thar,2022,2,52000.0,Manual,first,Diesel,1375000
Hyundai,Elantra,2014,10,102000.0,Automatic,second,Petrol,575000
Mini,5 DOOR,2015,9,36338.0,Automatic,first,Diesel,2700000
Fiat,Linea,2012,12,65000.0,Manual,second,Diesel,199000
Maruti Suzuki,Wagon-R,2015,9,123000.0,Manual,second,Petrol,350000
Audi,A4,2014,10,80000.0,Automatic,first,Diesel,750000
Hyundai,Creta,2019,5,75000.0,Automatic,first,Diesel,1075000
Ford,Ecosport,2017,7,99000.0,Manual,first,Diesel,790000
Mahindra,Bolero,2017,7,82000.0,Manual,first,Diesel,680000
Hyundai,Venue,2020,4,23000.0,Manual,first,Petrol,599000
Honda,WRV,2020,4,650000.0,Manual,first,Diesel,49000
Audi,A4,2013,11,78649.0,Automatic,second,Diesel,975000
Maruti Suzuki,Eeco,2024,0,25000.0,Automatic,first,Hybrid/CNG,850000
Toyota,Corolla Altis,2015,9,83652.0,Manual,second,Hybrid/CNG,575000
Mercedes-Benz,CLA,2018,6,85000.0,Automatic,first,Diesel,2150000
Maruti Suzuki,Baleno,2020,4,37800.0,Manual,first,Petrol,615000
Tata,Tiago,2020,4,58000.0,Automatic,first,Hybrid/CNG,475000
Hyundai,Grand i10,2015,9,54000.0,Automatic,first,Hybrid/CNG,429000
Toyota,Innova,2009,15,98000.0,Manual,second,Diesel,615000
Maruti Suzuki,Ciaz,2018,6,72386.0,Automatic,first,Hybrid/CNG,690000
Mahindra,XUV500,2012,12,142000.0,Manual,second,Diesel,700000
Toyota,Camry,2016,8,130000.0,Automatic,second,Hybrid/CNG,1275000
Mercedes-Benz,M-Class,2014,10,105000.0,Automatic,first,Diesel,1400000
Mahindra,Scorpio N,2024,0,0.0,Manual,first,Diesel,1424700
Honda,WRV,2017,7,88000.0,Manual,second,Diesel,525000
Mahindra,Thar,2022,2,60000.0,Automatic,first,Diesel,1373000
Maruti Suzuki,Wagon-R,2011,13,65000.0,Manual,first,Hybrid/CNG,250000
Maruti Suzuki,Ertiga,2021,3,53000.0,Automatic,second,Hybrid/CNG,950000
Hyundai,Verna,2019,5,47500.0,Automatic,second,Hybrid/CNG,785000
Hyundai,Aura,2021,3,43000.0,Automatic,first,Hybrid/CNG,599000
Hyundai,Creta,2017,7,63441.0,Automatic,first,Petrol,950000
Honda,City,2019,5,55000.0,Manual,first,Hybrid/CNG,825000
Honda,City,2014,10,93000.0,Automatic,first,Hybrid/CNG,785000
Hyundai,Grand i10,2017,7,66000.0,Automatic,first,Petrol,520000
Hyundai,i20,2019,5,78000.0,Automatic,first,Hybrid/CNG,540000
Nissan,Magnite,2022,2,30000.0,Automatic,second,Petrol,750000
Honda,Amaze,2015,9,48000.0,Manual,second,Petrol,425000
Maruti Suzuki,maruti-suzuki-dzire,2021,3,50000.0,Manual,first,Hybrid/CNG,580000
Hyundai,i20,2010,14,64000.0,Manual,second,Petrol,199000
Hyundai,Verna,2014,10,80000.0,Manual,first,Diesel,650000
Maruti Suzuki,Ertiga,2019,5,71000.0,Manual,second,Diesel,990000
Hyundai,Xcent Prime,2018,6,105000.0,Automatic,second,Hybrid/CNG,325000
Mahindra,XUV500,2011,13,95000.0,Manual,second,Diesel,690000
Hyundai,Grand i10,2018,6,50000.0,Manual,second,Petrol,435000
Volvo,S60,2017,7,85000.0,Automatic,second,Diesel,1651000
Maruti Suzuki,Swift,2015,9,39000.0,Manual,first,Petrol,445000
Kia,Seltos,2020,4,45759.0,Automatic,first,Petrol,1346000
Hyundai,EON,2013,11,41258.0,Manual,second,Petrol,195000
Maruti Suzuki,Ertiga,2013,11,120000.0,Manual,second,Hybrid/CNG,350000
Maruti Suzuki,Wagon-R,2014,10,95000.0,Manual,second,Hybrid/CNG,299999
Nissan,Micra Active,2013,11,98530.0,Manual,first,Petrol,245000
Land Rover,Range Rover Sport,2019,5,89000.0,Automatic,second,Diesel,8300000
Honda,City,2017,7,75000.0,Automatic,second,Petrol,765000
Tata,Altroz,2022,2,12000.0,Manual,first,Petrol,660000
Toyota,Corolla Altis,2011,13,81000.0,Automatic,second,Hybrid/CNG,425000
Maruti Suzuki,Wagon-R,2018,6,114000.0,Manual,second,Hybrid/CNG,290000
Maruti Suzuki,Omni,2007,17,75000.0,Automatic,first,Hybrid/CNG,87000
Toyota,Fortuner,2011,13,89000.0,Manual,second,Diesel,1050000
Volkswagen,Ameo,2017,7,51000.0,Manual,second,Petrol,340000
Nissan,Micra,2017,7,75000.0,Automatic,second,Hybrid/CNG,290000
Maruti Suzuki,Swift,2015,9,65000.0,Manual,first,Hybrid/CNG,460000
Skoda,Rapid,2015,9,77000.0,Automatic,second,Diesel,395000
Maruti Suzuki,Wagon-R,2016,8,75000.0,Manual,first,Hybrid/CNG,315000
Renault,Triber,2021,3,36250.0,Manual,first,Petrol,575000
Hyundai,i10,2010,14,105000.0,Manual,second,Petrol,130000
Maruti Suzuki,Swift-Dzire,2017,7,124000.0,Manual,second,Diesel,515000
Maruti Suzuki,Alto,2017,7,164963.0,Automatic,first,Hybrid/CNG,750000
Mahindra,Thar,2022,2,40000.0,Manual,first,Diesel,1420000
Toyota,Etios Liva,2016,8,110000.0,Manual,second,Petrol,430000
Hyundai,Xcent Prime,2018,6,66200.0,Manual,second,Hybrid/CNG,320000
Maruti Suzuki,Wagon-R,2017,7,53000.0,Automatic,first,Hybrid/CNG,465000
Nissan,Sunny,2013,11,70000.0,Manual,first,Diesel,320000
Maruti Suzuki,Ertiga,2022,2,54000.0,Manual,first,Hybrid/CNG,1125000
Maruti Suzuki,Swift-Dzire,2014,10,65137.5,Manual,second,Diesel,410000
Hyundai,Santro Xing,2014,10,81000.0,Manual,second,Hybrid/CNG,190000
Maruti Suzuki,800,2009,15,71000.0,Manual,second,Petrol,145000
Hyundai,Accent,2011,13,149000.0,Automatic,second,Hybrid/CNG,110000
Renault,KWID,2020,4,65000.0,Manual,first,Petrol,305000
Hyundai,New i20,2010,14,55000.0,Automatic,second,Hybrid/CNG,220000
Maruti Suzuki,Ertiga,2015,9,125000.0,Automatic,second,Hybrid/CNG,600000
Mahindra,KUV 100,2016,8,76000.0,Manual,first,Diesel,325000
Maruti Suzuki,A-Star,2011,13,57327.0,Automatic,second,Hybrid/CNG,135000
Hyundai,New Santro,2019,5,41000.0,Manual,first,Petrol,425000
Porsche,Cayman,2014,10,7000.0,Automatic,first,Petrol,8400000
Audi,Q3,2015,9,50000.0,Automatic,second,Diesel,1575000
Maruti Suzuki,Ignis,2021,3,31000.0,Manual,first,Petrol,520000
BMW,X1,2013,11,90000.0,Automatic,second,Diesel,899000
Hyundai,i10,2011,13,34799.0,Manual,first,Petrol,345000
Hyundai,Grand i10,2016,8,65000.0,Manual,first,Petrol,400000
Kia,Seltos,2022,2,27300.0,Automatic,second,Petrol,1295000
Maruti Suzuki,Ertiga,2017,7,70000.0,Automatic,first,Petrol,795000
Maruti Suzuki,Wagon-R-1-0,2016,8,29750.0,Manual,second,Hybrid/CNG,335000
Mercedes-Benz,S-Class,2015,9,72000.0,Automatic,second,Petrol,4211000
Maruti Suzuki,Swift-Dzire,2015,9,100000.0,Automatic,second,Hybrid/CNG,300000
Volkswagen,Polo,2016,8,149000.0,Manual,second,Diesel,675000
Hyundai,Grand i10,2014,10,82310.0,Manual,second,Petrol,360000
Nissan,Micra,2010,14,72900.0,Manual,first,Hybrid/CNG,275000
Maruti Suzuki,Eeco,2019,5,760000.0,Manual,second,Hybrid/CNG,290000
Toyota,Corolla Altis,2013,11,120000.0,Automatic,second,Hybrid/CNG,450000
Toyota,Etios,2015,9,202000.0,Manual,second,Diesel,450000
Toyota,Corolla,2006,18,78374.0,Manual,second,Hybrid/CNG,145000
Maruti Suzuki,Swift-Dzire,2018,6,128000.0,Automatic,first,Diesel,670000
Maruti Suzuki,Alto-800,2016,8,80000.0,Manual,second,Hybrid/CNG,250000
Honda,Brio,2013,11,46000.0,Automatic,second,Petrol,299000
BMW,X3,2020,4,76500.0,Automatic,first,Diesel,4450000
Toyota,Corolla Altis,2014,10,89000.0,Manual,first,Diesel,585000
Ford,Ecosport,2016,8,81000.0,Manual,second,Diesel,500000
Toyota,Innova,2013,11,180555.0,Manual,second,Diesel,1075000
Renault,KWID,2017,7,61500.0,Manual,second,Petrol,320000
Maruti Suzuki,Wagon R,2011,13,88000.0,Manual,second,Hybrid/CNG,175000
Mercedes-Benz,CLS-Class,2015,9,82000.0,Automatic,second,Diesel,2450000
Maruti Suzuki,S-Presso,2019,5,59000.0,Automatic,first,Petrol,475000
Maruti Suzuki,Ertiga,2016,8,41000.0,Manual,second,Petrol,750000
Maruti Suzuki,A-Star,2024,0,180000.0,Manual,second,Hybrid/CNG,65000
Nissan,Sunny,2014,10,98400.0,Manual,second,Diesel,345000
Maruti Suzuki,Ciaz,2022,2,26000.0,Automatic,second,Petrol,1000000
Volkswagen,Polo,2011,13,65000.0,Manual,second,Diesel,240000
Hyundai,New i20,2014,10,49000.0,Manual,second,Hybrid/CNG,450000
Tata,Indigo Ecs,2016,8,15.0,Automatic,first,Hybrid/CNG,150000
Volvo,S90,2022,2,20591.0,Automatic,first,Hybrid/CNG,5275000
Maruti Suzuki,maruti-suzuki-dzire,2018,6,104000.0,Automatic,first,Diesel,695000
Mahindra,XUV500,2018,6,65000.0,Manual,first,Diesel,970000
Honda,City,2009,15,80000.0,Automatic,second,Hybrid/CNG,275000
Hyundai,i20,2015,9,38000.0,Manual,first,Petrol,500000
Toyota,Corolla Altis,2013,11,106000.0,Automatic,second,Hybrid/CNG,450000
Hyundai,New Santro,2019,5,123000.0,Automatic,first,Hybrid/CNG,310000
Kia,Carnival,2022,2,30000.0,Automatic,first,Diesel,3850000
Toyota,Innova,2015,9,160000.0,Manual,second,Diesel,1250000
Kia,Sonet,2021,3,65000.0,Automatic,first,Diesel,975000
Maruti Suzuki,Ertiga,2023,1,9990.0,Automatic,first,Hybrid/CNG,1100000
Maruti Suzuki,Swift-Dzire,2011,13,76000.0,Manual,first,Hybrid/CNG,200000
Maruti Suzuki,Baleno,2019,5,61000.0,Automatic,first,Petrol,645000
Toyota,Fortuner,2023,1,7900.0,Automatic,first,Diesel,4575000
Maruti Suzuki,Ertiga,2017,7,50000.0,Manual,second,Hybrid/CNG,796000
Mercedes-Benz,GLA,2019,5,30000.0,Automatic,second,Diesel,2499999
Maruti Suzuki,Wagon-R,2020,4,65874.0,Manual,second,Hybrid/CNG,490000
Mercedes-Benz,GLS,2018,6,54855.0,Automatic,first,Diesel,6750000
Maruti Suzuki,S-Presso,2022,2,170000.0,Automatic,first,Hybrid/CNG,170000
Jaguar,F-Pace,2018,6,35000.0,Automatic,first,Diesel,3200000
Maruti Suzuki,Baleno,2018,6,72000.0,Manual,first,Hybrid/CNG,525000
Mercedes-Benz,E-Class,2012,12,118000.0,Automatic,second,Diesel,785000
Maruti Suzuki,Brezza,2020,4,95000.0,Automatic,first,Petrol,751000
Toyota,Corolla Altis,2008,16,92000.0,Automatic,second,Hybrid/CNG,270000
Maruti Suzuki,Wagon-R,2012,12,110000.0,Automatic,second,Hybrid/CNG,105000
Maruti Suzuki,Wagon-R-1-0,2020,4,48963.0,Manual,first,Hybrid/CNG,470000
Volkswagen,CrossPolo,2014,10,104600.0,Manual,second,Diesel,475000
Hyundai,i10,2010,14,80000.0,Automatic,second,Hybrid/CNG,230000
Maruti Suzuki,Vitara-Brezza,2019,5,65000.0,Manual,first,Diesel,399999
Maruti Suzuki,Vitara Brezza,2017,7,94000.0,Automatic,second,Diesel,799000
Skoda,Rapid,2017,7,83000.0,Manual,first,Diesel,550000
Volvo,S60,2015,9,59000.0,Automatic,first,Diesel,1050000
Honda,Amaze,2015,9,102000.0,Automatic,first,Hybrid/CNG,400000
Maruti Suzuki,Eeco,2017,7,142000.0,Automatic,second,Hybrid/CNG,340000
Hyundai,Elantra,2017,7,84000.0,Automatic,second,Hybrid/CNG,935000
Maruti Suzuki,Ertiga,2015,9,5656.0,Manual,first,Diesel,300000
Honda,Civic,2008,16,98000.0,Automatic,second,Petrol,350000
Ford,Aspire,2018,6,32000.0,Manual,first,Petrol,500000
Honda,Amaze,2019,5,30500.0,Automatic,second,Petrol,642000
Hyundai,Creta,2023,1,8394.0,Manual,first,Petrol,1437000
Tata,Safari,2010,14,60565.0,Manual,second,Diesel,280000
Maruti Suzuki,Celerio,2019,5,68000.0,Manual,second,Hybrid/CNG,410000
Audi,Q7,2016,8,69000.0,Automatic,second,Diesel,2950000
Hyundai,Aura,2021,3,68000.0,Manual,first,Hybrid/CNG,695000
Hyundai,Grand i10,2019,5,49000.0,Manual,second,Hybrid/CNG,535000
Audi,Q3,2015,9,73000.0,Automatic,first,Diesel,999000
Toyota,Innova,2014,10,125000.0,Manual,second,Diesel,750000
Maruti Suzuki,Eeco,2010,14,123300.0,Automatic,second,Hybrid/CNG,180000
Maruti Suzuki,Swift,2018,6,79000.0,Manual,first,Diesel,670000
Maruti Suzuki,Swift,2012,12,89000.0,Manual,first,Diesel,243000
Maruti Suzuki,Celerio,2019,5,78000.0,Manual,first,Hybrid/CNG,425000
Hyundai,Grand i10,2014,10,62000.0,Manual,second,Petrol,395000
Mahindra,Thar,2023,1,49000.0,Manual,first,Diesel,1575000
Renault,KWID,2020,4,68000.0,Automatic,first,Hybrid/CNG,325000
Honda,WRV,2017,7,84000.0,Manual,second,Petrol,550000
Maruti Suzuki,Celerio,2014,10,180000.0,Automatic,second,Hybrid/CNG,300000
Volvo,XC40,2019,5,76000.0,Automatic,first,Diesel,2975000
Mercedes-Benz,GLE Class,2017,7,150000.0,Automatic,first,Diesel,2750000
Hyundai,Grand i10,2016,8,82000.0,Manual,second,Petrol,300000
BMW,3 Series,2012,12,85000.0,Automatic,first,Diesel,800000
Mercedes-Benz,AMG A35,2023,1,10000.0,Automatic,first,Petrol,5500000
BMW,X1,2018,6,43000.0,Automatic,first,Diesel,2300000
Maruti Suzuki,Ertiga,2012,12,105000.0,Manual,second,Hybrid/CNG,450000
Mahindra,Scorpio,2008,16,203045.0,Manual,first,Diesel,390001
Maruti Suzuki,Baleno,2017,7,50000.0,Manual,second,Hybrid/CNG,500000
Hyundai,Xcent,2016,8,135000.0,Manual,first,Diesel,295000
Maruti Suzuki,Swift-Dzire,2022,2,69000.0,Manual,first,Petrol,665000
Volkswagen,VentoTest,2013,11,62000.0,Automatic,second,Petrol,325000
Chevrolet,Optra Magnum,2011,13,70000.0,Manual,second,Hybrid/CNG,199000
Toyota,Corolla Altis,2014,10,110000.0,Automatic,first,Hybrid/CNG,610000
Ford,Ecosport,2015,9,68530.0,Manual,second,Diesel,325000
Mercedes-Benz,E-Class,2020,4,42349.0,Automatic,second,Diesel,3790000
Maruti Suzuki,Wagon-R-1-0,2017,7,62000.0,Automatic,second,Hybrid/CNG,340000
Maruti Suzuki,Baleno,2017,7,35866.0,Automatic,first,Hybrid/CNG,499536
Renault,Fluence,2015,9,78000.0,Manual,first,Diesel,450000
Maruti Suzuki,Baleno,2024,0,16500.0,Automatic,first,Hybrid/CNG,900000
Maruti Suzuki,Celerio,2015,9,65000.0,Automatic,second,Petrol,399000
Volvo,S60 Cross Country,2018,6,43000.0,Automatic,first,Diesel,1890000
Maruti Suzuki,Swift-Dzire,2011,13,80000.0,Manual,second,Diesel,190000
Hyundai,Alcazar,2023,1,28000.0,Automatic,second,Diesel,1925000
Honda,Amaze,2019,5,60000.0,Manual,second,Hybrid/CNG,535000
Skoda,Rapid,2015,9,71000.0,Manual,first,Diesel,399000
Maruti Suzuki,Ertiga,2022,2,46000.0,Automatic,first,Hybrid/CNG,1175000
Maruti Suzuki,Ertiga,2019,5,150000.0,Automatic,second,Hybrid/CNG,650000
Hyundai,Grand i10,2017,7,100500.0,Manual,second,Diesel,345000
Maruti Suzuki,Ertiga,2022,2,52000.0,Manual,first,Petrol,1175000
Hyundai,i10,2017,7,57452.0,Manual,first,Petrol,490000
Tata,Nexon,2021,3,24000.0,Automatic,first,Petrol,925000
Maruti Suzuki,Wagon-R,2013,11,126800.0,Manual,second,Petrol,360000
Mahindra,XUV500,2016,8,81000.0,Manual,second,Diesel,699000
Tata,Indica Vista,2009,15,120000.0,Manual,second,Diesel,130000
Hyundai,i10,2011,13,75000.0,Manual,second,Petrol,245000
Tata,Safari,2010,14,160000.0,Manual,second,Diesel,280000
Honda,CRV,2011,13,90000.0,Automatic,second,Petrol,399999
Maruti Suzuki,Grand Vitara,2024,0,2000.0,Manual,first,Hybrid/CNG,1450000
Maruti Suzuki,Eeco,2021,3,170000.0,Automatic,first,Hybrid/CNG,370000
Maruti Suzuki,Swift Dzire,2014,10,25300.0,Manual,first,Diesel,574000
Toyota,Innova Crysta,2021,3,77000.0,Automatic,first,Diesel,2651000
Toyota,Corolla Altis,2009,15,120000.0,Manual,second,Hybrid/CNG,210000
Hyundai,Grand i10 Nios,2021,3,62457.0,Manual,first,Hybrid/CNG,565000
BMW,M340i,2022,2,500.0,Automatic,first,Petrol,6550000
Maruti Suzuki,Swift,2006,18,100000.0,Manual,second,Petrol,210000
Ford,Figo,2013,11,99000.0,Manual,first,Diesel,180000
Maruti Suzuki,Celerio,2018,6,58000.0,Automatic,second,Petrol,530000
Hyundai,Creta,2016,8,74000.0,Automatic,second,Hybrid/CNG,850000
Maruti Suzuki,Wagon-R,2015,9,51000.0,Manual,first,Petrol,240000
Maruti Suzuki,Swift,2012,12,62816.0,Automatic,first,Petrol,435000
Mahindra,Thar,2023,1,40000.0,Manual,first,Diesel,1380000
Maruti Suzuki,Celerio,2017,7,49000.0,Manual,second,Petrol,360000
Maruti Suzuki,maruti-suzuki-dzire,2018,6,34200.0,Automatic,first,Hybrid/CNG,590000
Maruti Suzuki,Celerio,2014,10,72000.0,Automatic,first,Petrol,345000
Maruti Suzuki,Swift-Dzire,2018,6,58000.0,Automatic,first,Hybrid/CNG,555000
Maruti Suzuki,Swift-Dzire,2024,0,37500.0,Automatic,first,Hybrid/CNG,300000
Maruti Suzuki,Swift-Dzire,2014,10,83000.0,Manual,first,Hybrid/CNG,470000
Maruti Suzuki,Swift,2009,15,175000.0,Manual,second,Hybrid/CNG,115000
Mercedes-Benz,E-Class,2020,4,40000.0,Automatic,first,Petrol,4000000
Maruti Suzuki,Celerio,2016,8,110000.0,Automatic,second,Hybrid/CNG,299000
Mahindra,XUV500,2017,7,58100.0,Automatic,second,Diesel,1260000
Nissan,Micra,2011,13,95000.0,Manual,second,Petrol,265000
Jeep,Compass,2018,6,80000.0,Manual,second,Diesel,750000
Maruti Suzuki,Wagon-R,2012,12,77000.0,Manual,second,Hybrid/CNG,265000
Tata,Tiago,2022,2,37000.0,Manual,first,Hybrid/CNG,650000
Hyundai,Xcent,2014,10,62500.0,Manual,first,Petrol,284999
Toyota,Innova Crysta,2020,4,40000.0,Automatic,first,Diesel,1750000
Maruti Suzuki,Swift,2020,4,65000.0,Manual,first,Hybrid/CNG,525000
Maruti Suzuki,Swift-Dzire,2022,2,25000.0,Automatic,first,Hybrid/CNG,825000
Ford,Figo,2011,13,70000.0,Manual,second,Diesel,195000
Mercedes-Benz,GLA Class,2018,6,78900.0,Automatic,first,Diesel,2000000
Maruti Suzuki,Wagon-R,2014,10,58000.0,Manual,first,Hybrid/CNG,249000
Mahindra,Bolero,2014,10,111000.0,Manual,first,Diesel,700000
Maruti Suzuki,Celerio,2018,6,26000.0,Manual,first,Hybrid/CNG,490000
Maruti Suzuki,Wagon-R,2012,12,121981.0,Automatic,second,Hybrid/CNG,160000
Maruti Suzuki,Swift-Dzire,2022,2,33.0,Manual,first,Hybrid/CNG,880000
Renault,Triber,2020,4,27800.0,Manual,first,Petrol,520000
Toyota,Camry,2014,10,63000.0,Automatic,second,Hybrid/CNG,1011111
Tata,Nano,2015,9,22000.0,Automatic,second,Petrol,269000
Mercedes-Benz,E-Class,2018,6,55000.0,Automatic,first,Petrol,4400000
Renault,Duster,2014,10,152.0,Manual,second,Diesel,450000
Toyota,Innova Hycross,2024,0,0.0,Automatic,first,Hybrid/CNG,3800000
BMW,5 Series,2011,13,79000.0,Automatic,first,Diesel,1275000
Volkswagen,Taigun,2021,3,59084.0,Automatic,first,Petrol,1565000
Maruti Suzuki,Ertiga,2013,11,76000.0,Manual,second,Hybrid/CNG,525000
Volkswagen,GTI,2016,8,75000.0,Automatic,second,Petrol,530000
Maruti Suzuki,Wagon-R,2016,8,73860.0,Automatic,second,Hybrid/CNG,317000
Honda,Brio,2014,10,72000.0,Automatic,first,Petrol,525000
Toyota,Etios Liva,2018,6,67000.0,Manual,first,Hybrid/CNG,490000
Hyundai,Grand i10,2015,9,68000.0,Manual,second,Diesel,310000
Toyota,Fortuner,2022,2,11500.0,Automatic,first,Petrol,3600000
Tata,Nano,2014,10,45000.0,Manual,second,Petrol,85000
Maruti Suzuki,Wagon-R-1-0,2015,9,80000.0,Manual,second,Hybrid/CNG,255000
Honda,Amaze,2015,9,97422.0,Manual,second,Diesel,350000
BMW,X1,2011,13,57000.0,Automatic,second,Petrol,599999
Maruti Suzuki,Baleno,2021,3,42470.0,Manual,first,Petrol,725000
Hyundai,Elite i20,2014,10,91000.0,Manual,second,Diesel,450000
Hyundai,Grand i10,2014,10,100000.0,Automatic,second,Diesel,350000
Maruti Suzuki,Celerio,2022,2,99999.0,Manual,second,Hybrid/CNG,530000
Mahindra,XUV500,2017,7,71000.0,Automatic,first,Diesel,745000
Hyundai,Grand i10,2014,10,60000.0,Manual,second,Hybrid/CNG,350000
Tata,Indica Vista,2009,15,113000.0,Manual,second,Diesel,225000
Hyundai,Getz,2007,17,100.0,Manual,first,Petrol,100000
Audi,A6,2016,8,42000.0,Automatic,first,Petrol,2450000
BMW,7 Series,2023,1,7000.0,Automatic,first,Petrol,18500000
Honda,Amaze,2017,7,107000.0,Automatic,second,Hybrid/CNG,285000
Maruti Suzuki,Alto,2010,14,48552.0,Manual,first,Petrol,178000
Hyundai,Venue,2022,2,20596.0,Manual,first,Diesel,1090000
Datsun,RediGO,2018,6,45125.0,Manual,first,Petrol,235000
Maruti Suzuki,Wagon-R,2020,4,65000.0,Automatic,first,Hybrid/CNG,480000
Maruti Suzuki,Eeco,2022,2,15000.0,Automatic,first,Hybrid/CNG,550000
Honda,Amaze,2014,10,58000.0,Manual,second,Petrol,250000
Honda,Mobilio,2014,10,80000.0,Manual,second,Hybrid/CNG,430000
Mahindra,Verito,2012,12,220000.0,Manual,second,Diesel,240000
Maruti Suzuki,Swift-Dzire,2012,12,80000.0,Automatic,first,Petrol,375000
Hyundai,Santro Xing,2010,14,41250.0,Manual,second,Petrol,95000
Volkswagen,Polo,2017,7,47513.0,Manual,first,Petrol,630000
Skoda,Kushaq,2021,3,36000.0,Automatic,first,Petrol,1490000
Hyundai,Creta,2022,2,44000.0,Automatic,first,Diesel,1690000
Hyundai,Elite i20,2016,8,82000.0,Manual,first,Diesel,625000
Honda,Amaze,2015,9,103000.0,Automatic,first,Hybrid/CNG,400000
Maruti Suzuki,A-Star,2011,13,67000.0,Manual,second,Petrol,235000
Maruti Suzuki,Alto-K10,2017,7,82000.0,Manual,first,Hybrid/CNG,350000
Maruti Suzuki,Estilo,2012,12,85000.0,Automatic,second,Hybrid/CNG,110000
Honda,Civic,2010,14,80000.0,Automatic,second,Hybrid/CNG,250000
Hyundai,Grand i10 Nios,2022,2,50000.0,Manual,first,Hybrid/CNG,639999
Mahindra,Thar,2022,2,13800.0,Manual,second,Diesel,1250000
Maruti Suzuki,Eeco,2013,11,30.0,Automatic,second,Hybrid/CNG,120000
Mahindra,Thar,2022,2,21700.0,Automatic,second,Diesel,1475000
Honda,WRV,2017,7,68000.0,Manual,first,Petrol,475000
Renault,KWID,2020,4,55000.0,Automatic,second,Hybrid/CNG,325000
Honda,City,2017,7,74000.0,Automatic,second,Petrol,765000
Maruti Suzuki,Wagon-R,2017,7,61200.0,Manual,first,Hybrid/CNG,385000
Maruti Suzuki,Eeco,2017,7,63000.0,Manual,first,Hybrid/CNG,440000
Maruti Suzuki,Ignis,2018,6,25000.0,Automatic,first,Petrol,425000
Hyundai,Verna,2014,10,60000.0,Manual,second,Hybrid/CNG,399000
Maruti Suzuki,Alto 800,2018,6,72000.0,Manual,first,Petrol,320000
Honda,City,2015,9,52000.0,Automatic,first,Petrol,599000
Maruti Suzuki,Baleno,2016,8,69000.0,Automatic,second,Hybrid/CNG,489999
Maruti Suzuki,Ertiga,2019,5,60000.0,Automatic,first,Petrol,950000
Maruti Suzuki,Baleno,2016,8,77500.0,Automatic,second,Hybrid/CNG,489999
Maruti Suzuki,XL6,2023,1,10000.0,Manual,first,Hybrid/CNG,1250000
Toyota,Camry,2016,8,100906.0,Automatic,first,Petrol,1575000
Renault,Triber,2022,2,54000.0,Automatic,first,Petrol,725000
Toyota,Glanza,2021,3,16500.0,Automatic,second,Petrol,840000
Maruti Suzuki,Wagon-R,2020,4,68000.0,Manual,second,Petrol,49999
BMW,X5 M,2016,8,78000.0,Automatic,second,Diesel,2349000
Maruti Suzuki,Ritz,2011,13,180000.0,Manual,first,Diesel,320000
Hyundai,Grand i10,2018,6,35933.0,Automatic,first,Petrol,560001
Maruti Suzuki,Wagon-R,2017,7,77000.0,Manual,first,Hybrid/CNG,420000
Maruti Suzuki,S-Presso,2023,1,20000.0,Automatic,first,Hybrid/CNG,600000
Mahindra,XUV 300,2022,2,14555.0,Automatic,first,Diesel,1095000
Maruti Suzuki,Celerio,2018,6,49000.0,Automatic,first,Petrol,505000
Mahindra,XUV 300,2022,2,69000.0,Manual,first,Diesel,1050000
Maruti Suzuki,Ertiga,2018,6,72000.0,Manual,second,Hybrid/CNG,690000
Toyota,Corolla Altis,2011,13,70000.0,Manual,second,Hybrid/CNG,240000
Maruti Suzuki,Ertiga,2021,3,67000.0,Manual,first,Hybrid/CNG,1080000
Toyota,Innova,2008,16,117815.0,Manual,first,Diesel,735000
Honda,Amaze,2017,7,81000.0,Manual,first,Hybrid/CNG,375000
Hyundai,Santro Xing,2009,15,65000.0,Manual,first,Petrol,210000
Toyota,Etios,2016,8,78000.0,Manual,second,Hybrid/CNG,399999
Maruti Suzuki,Alto-800,2019,5,86000.0,Manual,first,Hybrid/CNG,299000
Skoda,Rapid,2016,8,78000.0,Automatic,first,Diesel,650000
Toyota,Yaris,2019,5,34750.0,Automatic,first,Petrol,650000
Hyundai,i10,2007,17,79000.0,Manual,second,Hybrid/CNG,160000
Jeep,Compass,2019,5,52500.0,Automatic,second,Petrol,1300000
Hyundai,Eon,2013,11,65000.0,Manual,second,Petrol,225000
Maruti Suzuki,Baleno,2020,4,32000.0,Manual,first,Petrol,690000
Volkswagen,VentoTest,2016,8,115000.0,Automatic,second,Diesel,640000
BMW,3 Series GT,2016,8,64000.0,Automatic,first,Diesel,2149000
Toyota,Innova,2014,10,225000.0,Manual,second,Diesel,925000
Mercedes-Benz,E-Class,2015,9,70000.0,Automatic,second,Diesel,1450000
Maruti Suzuki,Swift,2007,17,65137.5,Automatic,second,Hybrid/CNG,118000
BMW,3 Series,2012,12,105000.0,Automatic,first,Diesel,990000
Maruti Suzuki,Vitara-Brezza,2018,6,68445.0,Manual,first,Diesel,590000
Hyundai,New Santro,2007,17,50000.0,Automatic,first,Hybrid/CNG,52999
Maruti Suzuki,Ertiga,2017,7,58680.0,Manual,second,Hybrid/CNG,675000
Honda,Amaze,2014,10,87000.0,Manual,second,Petrol,315000
Hyundai,Elite i20,2021,3,55000.0,Manual,first,Petrol,625000
Maruti Suzuki,Swift-Dzire,2013,11,113000.0,Manual,first,Hybrid/CNG,399000
Maruti Suzuki,Wagon-R-1-0,2021,3,38000.0,Manual,first,Hybrid/CNG,559000
Volkswagen,Polo,2012,12,81000.0,Manual,first,Petrol,350000
Maruti Suzuki,Ertiga,2021,3,53885.0,Automatic,first,Hybrid/CNG,1090000
Hyundai,Fluidic Verna,2013,11,68000.0,Automatic,second,Hybrid/CNG,355000
Maruti Suzuki,Swift,2011,13,54001.0,Manual,first,Hybrid/CNG,351000
Maruti Suzuki,Ertiga,2023,1,48000.0,Manual,first,Hybrid/CNG,1000000
Maruti Suzuki,Eeco,2012,12,150000.0,Automatic,second,Hybrid/CNG,200000
Jeep,Compass,2019,5,46000.0,Automatic,first,Petrol,1390000
Honda,City,2015,9,69000.0,Automatic,first,Hybrid/CNG,525000
Maruti Suzuki,Ciaz,2017,7,83000.0,Automatic,first,Hybrid/CNG,550000
Hyundai,Aura,2022,2,59000.0,Automatic,first,Hybrid/CNG,680000
Hyundai,Santro Xing,2008,16,63900.0,Manual,second,Petrol,135000
Maruti Suzuki,Swift,2015,9,76000.0,Manual,first,Hybrid/CNG,355000
Volkswagen,CrossPolo,2015,9,40000.0,Manual,second,Diesel,399000
Skoda,Rapid,2013,11,85000.0,Manual,second,Diesel,325000
Skoda,Slavia,2024,0,13000.0,Manual,first,Petrol,1200000
Honda,CRV,2016,8,110000.0,Automatic,first,Petrol,1325000
Maruti Suzuki,Baleno,2017,7,31853.0,Automatic,first,Hybrid/CNG,529000
Toyota,Etios,2011,13,162000.0,Manual,first,Petrol,250000
Maruti Suzuki,Wagon-R,2015,9,92600.0,Automatic,second,Hybrid/CNG,260000
BMW,3 Series,2014,10,55468.0,Automatic,first,Diesel,1545000
Mahindra,Thar,2021,3,65000.0,Automatic,second,Diesel,1295000
Tata,Tiago,2018,6,58526.0,Manual,first,Hybrid/CNG,339000
Nissan,Terrano,2017,7,84000.0,Automatic,second,Diesel,755000
Toyota,Innova,2013,11,135000.0,Manual,second,Diesel,694999
Maruti Suzuki,Omni,2014,10,52000.0,Manual,second,Petrol,165000
Skoda,Rapid,2016,8,40000.0,Manual,first,Petrol,449000
Maruti Suzuki,Eeco,2019,5,62400.0,Manual,first,Hybrid/CNG,470000
Toyota,Innova Crysta,2021,3,57000.0,Automatic,first,Diesel,2150000
Maruti Suzuki,Baleno,2018,6,78000.0,Manual,second,Hybrid/CNG,500000
Maruti Suzuki,Celerio,2014,10,42000.0,Manual,first,Petrol,385000
Maruti Suzuki,Celerio,2020,4,114000.0,Manual,second,Hybrid/CNG,410000
Maruti Suzuki,Celerio-X,2019,5,63205.0,Automatic,first,Hybrid/CNG,520000
Hyundai,i20,2011,13,74749.0,Manual,first,Petrol,149000
Maruti Suzuki,Eeco,2011,13,90000.0,Manual,second,Hybrid/CNG,211000
Maruti Suzuki,Eeco,2020,4,67000.0,Manual,first,Hybrid/CNG,425000
Hyundai,i10,2010,14,70000.0,Manual,second,Hybrid/CNG,260000
Maruti Suzuki,Ertiga,2019,5,35000.0,Automatic,second,Petrol,1200000
Tata,Tiago,2018,6,43000.0,Automatic,first,Hybrid/CNG,540000
MG,Hector,2020,4,40000.0,Manual,second,Diesel,1300000
Maruti Suzuki,Alto-K10,2013,11,90000.0,Manual,first,Petrol,95000
Hyundai,Creta,2022,2,75000.0,Manual,first,Diesel,1300000
Nissan,Micra,2012,12,110000.0,Manual,second,Diesel,239000
Mercedes-Benz,E-Class,2015,9,75000.0,Automatic,first,Diesel,1275000
MG,Hector,2023,1,10500.0,Automatic,first,Petrol,2121000
Toyota,Camry,2015,9,115000.0,Automatic,second,Hybrid/CNG,1251111
Chevrolet,Cruze,2014,10,62000.0,Automatic,first,Diesel,435000
Renault,KWID,2018,6,34000.0,Manual,first,Petrol,400000
Maruti Suzuki,Eeco,2022,2,12080.0,Automatic,first,Petrol,610000
Honda,City,2015,9,91386.0,Automatic,second,Petrol,587000
Mercedes-Benz,GL-Class,2015,9,71700.0,Automatic,second,Diesel,3200000
Mahindra,XUV500,2017,7,61000.0,Manual,first,Diesel,875000
Maruti Suzuki,Wagon-R-1-0,2021,3,42000.0,Manual,first,Hybrid/CNG,509900
Hyundai,Grand i10,2017,7,57000.0,Manual,first,Hybrid/CNG,385000
Ford,Figo,2012,12,85000.0,Manual,second,Diesel,155000
Maruti Suzuki,Swift,2023,1,5000.0,Automatic,first,Hybrid/CNG,750000
Ford,Ecosport,2018,6,49000.0,Manual,second,Petrol,689000
Toyota,Innova Crysta,2017,7,140000.0,Automatic,first,Diesel,2100000
Hyundai,Elantra,2018,6,14600.0,Automatic,second,Diesel,1049000
Renault,KWID,2019,5,65137.5,Automatic,second,Hybrid/CNG,310000
Tata,Indigo Cs,2011,13,57000.0,Manual,second,Petrol,180000
Hyundai,Grand i10,2017,7,60000.0,Manual,first,Hybrid/CNG,410000
Hyundai,EON,2015,9,29000.0,Manual,second,Petrol,237000
Honda,City,2008,16,800000.0,Automatic,second,Hybrid/CNG,150000
Mercedes-Benz,G Class,2019,5,59000.0,Automatic,first,Petrol,24900000
Hyundai,Fluidic Verna,2013,11,79000.0,Manual,second,Diesel,400000
Maruti Suzuki,Baleno,2018,6,70000.0,Automatic,second,Hybrid/CNG,450000
Honda,City,2015,9,725000.0,Automatic,second,Petrol,450000
Maruti Suzuki,Eeco,2021,3,60000.0,Automatic,first,Hybrid/CNG,450000
Hyundai,Santro Xing,2010,14,76000.0,Manual,second,Hybrid/CNG,80000
Hyundai,Grand i10,2018,6,40000.0,Automatic,first,Petrol,505000
Maruti Suzuki,Alto-K10,2017,7,52350.0,Automatic,first,Hybrid/CNG,299000
Maruti Suzuki,Swift-Dzire,2010,14,120000.0,Manual,second,Hybrid/CNG,200000
Toyota,Corolla Altis,2013,11,82000.0,Automatic,second,Hybrid/CNG,440000
Hyundai,Grand i10,2016,8,85000.0,Manual,second,Diesel,465000
Kia,Sonet,2021,3,34000.0,Automatic,first,Hybrid/CNG,899000
Honda,City,2013,11,75000.0,Manual,first,Petrol,395000
Honda,City ZX,2007,17,115000.0,Manual,second,Hybrid/CNG,113000
Mahindra,Xylo,2019,5,86270.0,Manual,first,Diesel,1025000
Hyundai,Xcent,2015,9,106000.0,Manual,first,Petrol,266000
Mercedes-Benz,E-Class,2010,14,81000.0,Automatic,first,Diesel,650000
Volkswagen,VentoTest,2012,12,29900.0,Manual,first,Diesel,549000
Hyundai,Creta,2020,4,95000.0,Manual,first,Diesel,1200000
Hyundai,Aura,2020,4,62370.0,Automatic,second,Hybrid/CNG,675000
Maruti Suzuki,Alto-800,2014,10,147000.0,Manual,second,Hybrid/CNG,275000
Maruti Suzuki,Wagon-R,2021,3,65000.0,Manual,first,Hybrid/CNG,525000
BMW,X1,2019,5,48000.0,Automatic,first,Diesel,2195000
Hyundai,Grand i10,2016,8,90000.0,Manual,first,Hybrid/CNG,375000
Tata,Harrier,2022,2,65550.0,Manual,first,Diesel,1400000
Toyota,Camry,2022,2,42000.0,Automatic,first,Petrol,3450000
Maruti Suzuki,maruti-suzuki-dzire,2021,3,88000.0,Automatic,first,Petrol,650000
Toyota,Corolla Altis,2012,12,51000.0,Automatic,second,Hybrid/CNG,675000
Honda,City,2015,9,38000.0,Automatic,first,Hybrid/CNG,650000
Maruti Suzuki,Eeco,2015,9,100000.0,Manual,second,Hybrid/CNG,365000
Hyundai,Creta,2021,3,14125.0,Manual,first,Petrol,1152000
Toyota,Corolla,2005,19,65000.0,Automatic,second,Hybrid/CNG,175000
Maruti Suzuki,Wagon R,2010,14,54000.0,Manual,second,Hybrid/CNG,195000
Honda,City,2014,10,680000.0,Automatic,second,Petrol,360000
Toyota,VELLFIRE,2022,2,17000.0,Automatic,first,Petrol,11800000
Tata,Harrier,2020,4,12000.0,Automatic,first,Diesel,1550000
Mini,Cooper Countryman,2022,2,25000.0,Automatic,first,Petrol,3975000
Tata,Indica V2,2016,8,177700.0,Manual,second,Diesel,135000
Honda,City,2013,11,96000.0,Automatic,second,Petrol,369000
Maruti Suzuki,Wagon-R-1-0,2022,2,25000.0,Manual,second,Hybrid/CNG,545000
BMW,X1,2022,2,26000.0,Automatic,first,Petrol,3990000
Hyundai,i10,2010,14,55000.0,Manual,second,Hybrid/CNG,110000
Tata,Nexon,2015,9,45000.0,Manual,first,Hybrid/CNG,475000
Maruti Suzuki,Ertiga,2020,4,80000.0,Automatic,first,Hybrid/CNG,680000
Hyundai,i10,2010,14,63000.0,Manual,second,Hybrid/CNG,186000
Maruti Suzuki,Celerio,2017,7,62000.0,Automatic,second,Petrol,382000
Volvo,S60,2016,8,51000.0,Automatic,second,Diesel,1800000
Mercedes-Benz,C-Class,2017,7,33000.0,Automatic,second,Petrol,5800000
Maruti Suzuki,Baleno,2017,7,69000.0,Automatic,first,Petrol,685000
Honda,City,2010,14,92000.0,Manual,first,Hybrid/CNG,125000
Hyundai,Xcent Prime,2018,6,180000.0,Manual,first,Hybrid/CNG,260000
Tata,Nexon,2021,3,24000.0,Manual,first,Petrol,780000
Mahindra,TUV,2015,9,8500.0,Manual,first,Diesel,350000
Renault,KWID,2020,4,71200.0,Automatic,first,Hybrid/CNG,400000
Tata,Safari,2009,15,132000.0,Manual,second,Diesel,150000
Hyundai,Grand i10,2019,5,31000.0,Automatic,first,Petrol,575000
Maruti Suzuki,Ciaz,2018,6,55000.0,Automatic,second,Hybrid/CNG,750000
Hyundai,Creta,2017,7,68000.0,Automatic,first,Petrol,790000
Maruti Suzuki,Vitara-Brezza,2019,5,86739.0,Manual,first,Diesel,775000
Maruti Suzuki,Ritz,2014,10,124000.0,Manual,second,Diesel,435000
Hyundai,Xcent,2015,9,76000.0,Manual,first,Diesel,425000
Honda,Amaze,2016,8,102458.0,Manual,second,Petrol,335000
Chevrolet,Beat,2010,14,77546.0,Manual,first,Petrol,174000
Kia,Seltos,2020,4,46000.0,Automatic,first,Diesel,1275000
Land Rover,Freelander 2,2015,9,180650.0,Automatic,second,Diesel,1250000
Maruti Suzuki,S-Presso,2021,3,82100.0,Manual,first,Hybrid/CNG,410000
Maruti Suzuki,Celerio,2022,2,10000.0,Automatic,first,Petrol,590000
Hyundai,Grand i10 Nios,2022,2,24512.0,Manual,first,Petrol,675000
BMW,X5,2017,7,89000.0,Automatic,second,Diesel,2490000
Maruti Suzuki,Baleno,2022,2,9800.0,Automatic,first,Petrol,790000
Mercedes-Benz,E-Class,2011,13,35000.0,Automatic,second,Petrol,650000
Maruti Suzuki,Swift,2019,5,58000.0,Manual,first,Petrol,615000
Hyundai,i10,2012,12,57765.0,Automatic,first,Petrol,345000
Kia,Seltos,2021,3,34500.0,Automatic,second,Diesel,1550000
Hyundai,i10,2010,14,75000.0,Manual,second,Hybrid/CNG,175000
Volkswagen,Polo,2019,5,125000.0,Manual,first,Diesel,815000
Volkswagen,VentoTest,2011,13,43000.0,Automatic,second,Petrol,360000
Audi,Q3,2015,9,71000.0,Automatic,first,Diesel,1525000
Maruti Suzuki,Swift-Dzire,2022,2,85000.0,Automatic,second,Hybrid/CNG,700000
Toyota,2.8 Legender 4X2,2023,1,19000.0,Automatic,first,Diesel,5200000
Maruti Suzuki,Alto-800,2019,5,45000.0,Manual,first,Petrol,380000
Maruti Suzuki,Wagon-R-Stingray,2014,10,50000.0,Automatic,second,Hybrid/CNG,300000
Nissan,Micra Active,2015,9,130000.0,Manual,first,Petrol,340000
Kia,Seltos,2023,1,23000.0,Automatic,first,Diesel,1845000
Tata,Safari,2021,3,45000.0,Manual,second,Diesel,1550000
Mahindra,Scorpio,2016,8,130000.0,Manual,second,Diesel,1085000
Maruti Suzuki,Celerio,2017,7,63395.0,Manual,first,Hybrid/CNG,420000
Porsche,Cayenne,2020,4,50000.0,Automatic,first,Hybrid/CNG,11900000
Maruti Suzuki,Omni,2019,5,55000.0,Automatic,first,Hybrid/CNG,260000
Honda,City,2017,7,92000.0,Automatic,second,Petrol,651000
Maruti Suzuki,Grand Vitara,2022,2,27000.0,Automatic,first,Hybrid/CNG,1495000
Audi,A6,2015,9,69977.0,Automatic,first,Diesel,899981
Maruti Suzuki,Alto-K10,2015,9,68000.0,Manual,first,Hybrid/CNG,285000
Maruti Suzuki,Dzire,2022,2,24950.0,Manual,first,Hybrid/CNG,820000
Maruti Suzuki,Swift,2009,15,66000.0,Manual,second,Petrol,200000
Mercedes-Benz,GL-Class,2010,14,125000.0,Automatic,second,Diesel,1600000
Maruti Suzuki,Wagon-R,2015,9,100000.0,Manual,second,Hybrid/CNG,240000
Mahindra,XUV500,2016,8,99000.0,Manual,first,Diesel,725000
Datsun,GO,2018,6,43000.0,Manual,first,Petrol,390000
Maruti Suzuki,Wagon R,2014,10,51000.0,Manual,first,Hybrid/CNG,280000
Audi,A4,2012,12,150000.0,Manual,first,Diesel,550000
Maruti Suzuki,Ertiga,2021,3,81800.0,Manual,first,Hybrid/CNG,975000
Maruti Suzuki,Ertiga,2014,10,71000.0,Automatic,second,Petrol,500000
Maruti Suzuki,Ertiga,2019,5,90000.0,Manual,second,Hybrid/CNG,750000
Maruti Suzuki,Celerio,2017,7,80000.0,Manual,first,Hybrid/CNG,400000
Maruti Suzuki,S-Presso,2020,4,31000.0,Automatic,first,Petrol,420000
Maruti Suzuki,Wagon-R-1-0,2006,18,110000.0,Manual,second,Hybrid/CNG,90000
Maruti Suzuki,XL6,2021,3,70000.0,Automatic,first,Hybrid/CNG,960000
Maruti Suzuki,Ertiga,2015,9,42045.0,Automatic,first,Hybrid/CNG,795000
Maruti Suzuki,Wagon-R,2012,12,80000.0,Automatic,second,Hybrid/CNG,190000
Maruti Suzuki,Swift-Dzire,2014,10,120000.0,Automatic,second,Diesel,483000
Chevrolet,Sail,2015,9,170000.0,Manual,first,Diesel,200000
Maruti Suzuki,Swift,2014,10,60000.0,Manual,first,Diesel,430000
Maruti Suzuki,Eeco,2022,2,11000.0,Automatic,first,Hybrid/CNG,650000
Hyundai,i10,2012,12,85000.0,Manual,second,Petrol,200000
Maruti Suzuki,Ertiga,2019,5,85000.0,Automatic,first,Petrol,845000
Skoda,Kodiaq,2018,6,90000.0,Automatic,first,Diesel,1990000
Hyundai,i10,2011,13,75000.0,Automatic,second,Petrol,245000
Maruti Suzuki,Wagon-R-1-0,2015,9,61000.0,Manual,second,Hybrid/CNG,325000
Maruti Suzuki,maruti-suzuki-brezza,2020,4,38000.0,Manual,first,Petrol,675000
Maruti Suzuki,Swift,2010,14,85000.0,Manual,second,Petrol,150000
Tata,Nexon,2018,6,88000.0,Manual,first,Diesel,760000
Maruti Suzuki,Swift Dzire,2018,6,103580.0,Manual,first,Diesel,610000
Hyundai,Santro Xing,2010,14,78000.0,Manual,first,Hybrid/CNG,121000
Maruti Suzuki,Swift-Dzire,2011,13,77500.0,Manual,second,Petrol,265000
Honda,City,2018,6,78000.0,Automatic,first,Petrol,710000
Maruti Suzuki,Ertiga,2023,1,31500.0,Manual,first,Hybrid/CNG,1120000
Audi,A6,2017,7,71555.0,Automatic,second,Diesel,1950000
Renault,KWID,2020,4,52000.0,Automatic,first,Hybrid/CNG,349000
Tata,Tigor,2023,1,30000.0,Manual,first,Hybrid/CNG,680000
Maruti Suzuki,Wagon-R,2019,5,49000.0,Manual,first,Hybrid/CNG,425000
Maruti Suzuki,Alto-800,2018,6,78000.0,Automatic,second,Hybrid/CNG,260000
Kia,Seltos,2022,2,31000.0,Automatic,first,Petrol,1675000
Hyundai,i10,2011,13,86000.0,Manual,second,Petrol,180000
Honda,BRV,2019,5,122000.0,Manual,first,Petrol,600000
Maruti Suzuki,Eeco,2017,7,84240.0,Automatic,second,Hybrid/CNG,295000
Maruti Suzuki,Dzire,2018,6,44574.0,Automatic,first,Petrol,675000
Ford,Endeavour,2017,7,90000.0,Automatic,first,Diesel,2100000
Hyundai,Creta,2023,1,6000.0,Automatic,first,Diesel,2011000
Skoda,Rapid,2015,9,104007.0,Automatic,second,Diesel,399000
Mahindra,Bolero,2021,3,41000.0,Manual,first,Diesel,851000
Maruti Suzuki,Baleno,2018,6,41000.0,Automatic,first,Petrol,745000
Mahindra,XUV 300,2022,2,15000.0,Manual,first,Diesel,995000
Hyundai,Eon,2012,12,40000.0,Manual,second,Petrol,190000
Volkswagen,Polo,2015,9,75000.0,Manual,second,Petrol,575000
Audi,Q7,2016,8,118000.0,Automatic,first,Diesel,2995000
Honda,City,2017,7,90000.0,Automatic,second,Hybrid/CNG,655000
Toyota,Innova,2009,15,110000.0,Manual,second,Diesel,325000
Maruti Suzuki,Omni,2003,21,64500.0,Manual,second,Petrol,125000
Skoda,Rapid,2016,8,80000.0,Automatic,first,Diesel,651000
Maruti Suzuki,Celerio,2018,6,74000.0,Automatic,first,Hybrid/CNG,450000
Maruti Suzuki,Baleno,2017,7,76483.0,Manual,second,Petrol,572000
Maruti Suzuki,Swift,2015,9,71000.0,Manual,first,Petrol,410000
Honda,City,2014,10,53000.0,Manual,first,Diesel,475000
Audi,Q3,2015,9,70000.0,Automatic,first,Diesel,890000
Hyundai,i20,2010,14,51000.0,Manual,second,Hybrid/CNG,325000
Maruti Suzuki,Baleno,2016,8,46000.0,Automatic,second,Petrol,525000
Mini,Cooper,2013,11,65000.0,Automatic,second,Diesel,1290000
Honda,City,2015,9,126000.0,Manual,second,Diesel,690000
Maruti Suzuki,Celerio,2017,7,160000.0,Automatic,first,Petrol,375000
Audi,Q7,2011,13,100000.0,Automatic,first,Diesel,1975000
Maruti Suzuki,Wagon-R-1-0,2021,3,45000.0,Manual,first,Hybrid/CNG,509999
Honda,City ZX,2008,16,119000.0,Automatic,second,Hybrid/CNG,147000
Maruti Suzuki,Wagon-R-Stingray,2021,3,34000.0,Automatic,first,Hybrid/CNG,565000
Maruti Suzuki,Swift-Dzire-Tour,2021,3,92000.0,Manual,first,Hybrid/CNG,525000
Hyundai,Grand i10,2016,8,120000.0,Manual,first,Petrol,399999
Mahindra,Scorpio,2015,9,61231.0,Manual,second,Diesel,795000
Hyundai,i10,2017,7,40000.0,Automatic,first,Petrol,280000
Toyota,Innova Crysta,2020,4,83000.0,Automatic,first,Petrol,1711000
Maruti Suzuki,Swift-Dzire-Tour,2020,4,66000.0,Automatic,second,Hybrid/CNG,150000
Maruti Suzuki,Wagon-R,2013,11,100250.0,Manual,second,Hybrid/CNG,265000
Maruti Suzuki,Swift,2023,1,15500.0,Manual,first,Hybrid/CNG,865000
Hyundai,Accent,2008,16,102000.0,Manual,first,Petrol,125000
Toyota,Urban Cruiser Hyryder,2023,1,12000.0,Automatic,first,Hybrid/CNG,1950000
Toyota,Camry,2014,10,190000.0,Automatic,first,Hybrid/CNG,950000
Hyundai,Eon,2017,7,190000.0,Automatic,first,Hybrid/CNG,225000
Maruti Suzuki,Baleno-RS,2017,7,65137.5,Manual,first,Petrol,470000
Hyundai,Venue,2023,1,28000.0,Automatic,first,Petrol,1250000
Hyundai,Grand i10,2013,11,67000.0,Manual,first,Hybrid/CNG,375000
Maruti Suzuki,Omni,2011,13,57000.0,Manual,second,Petrol,120000
Maruti Suzuki,maruti-suzuki-dzire,2014,10,78000.0,Manual,first,Hybrid/CNG,325000
Honda,City,2009,15,120000.0,Manual,second,Hybrid/CNG,205000
Maruti Suzuki,Ertiga,2021,3,76000.0,Automatic,first,Petrol,1075000
MG,Hector Plus,2024,0,2000.0,Manual,first,Diesel,2399999
Maruti Suzuki,Alto,2010,14,89000.0,Manual,second,Hybrid/CNG,169000
Mahindra,XUV500,2016,8,111521.0,Manual,first,Diesel,750000
Maruti Suzuki,Baleno,2017,7,14000.0,Automatic,first,Petrol,650000
Land Rover,Defender,2023,1,12000.0,Automatic,second,Petrol,12500000
Tata,Zest,2015,9,185389.0,Manual,second,Diesel,290000
Maruti Suzuki,Ciaz,2015,9,63000.0,Automatic,first,Diesel,395000
Maruti Suzuki,Vitara-Brezza,2020,4,43369.0,Automatic,first,Petrol,878790
Maruti Suzuki,Swift-Dzire,2016,8,78000.0,Manual,first,Hybrid/CNG,370000
Audi,Q7,2015,9,64000.0,Automatic,first,Diesel,2190000
Honda,Jazz,2016,8,86000.0,Manual,first,Diesel,460000
Maruti Suzuki,Eeco,2019,5,65137.5,Automatic,second,Hybrid/CNG,450000
Honda,Jazz,2013,11,68000.0,Manual,second,Petrol,225000
Mercedes-Benz,C-Class,2018,6,65000.0,Automatic,first,Diesel,2250000
Mercedes-Benz,CLA,2016,8,56000.0,Automatic,second,Diesel,2315000
Chevrolet,Sail U-VA,2010,14,85000.0,Automatic,second,Hybrid/CNG,50000
Hyundai,Venue,2019,5,100000.0,Manual,first,Diesel,865000
MG,Hector,2020,4,29000.0,Automatic,first,Petrol,1370000
Ford,Endeavour,2018,6,119000.0,Automatic,first,Diesel,2790000
Maruti Suzuki,Swift,2020,4,52000.0,Automatic,first,Petrol,625000
Ford,Ecosport,2017,7,55000.0,Automatic,second,Hybrid/CNG,625000
Maruti Suzuki,Wagon-R-1-0,2017,7,23119.0,Automatic,first,Hybrid/CNG,425000
Hyundai,i20,2018,6,42000.0,Manual,second,Petrol,500000
Maruti Suzuki,Swift,2021,3,34000.0,Automatic,first,Petrol,790000
Ford,Ecosport,2018,6,75000.0,Manual,second,Petrol,645000
Maruti Suzuki,Alto,2010,14,110000.0,Manual,first,Petrol,150000
Maruti Suzuki,Alto-K10,2011,13,103000.0,Automatic,second,Hybrid/CNG,88000
Hyundai,Aura,2022,2,59000.0,Automatic,second,Hybrid/CNG,680000
Audi,A4,2016,8,43715.0,Automatic,second,Diesel,1770000
Maruti Suzuki,Swift,2017,7,86542.0,Manual,first,Diesel,611000
Toyota,Fortuner,2018,6,105000.0,Automatic,second,Diesel,2585000
Maruti Suzuki,Wagon-R,2016,8,55000.0,Automatic,second,Petrol,425000
Mahindra,KUV 100,2016,8,100000.0,Manual,first,Petrol,400000
Maruti Suzuki,Ciaz,2017,7,70000.0,Automatic,first,Petrol,699999
Mercedes-Benz,GLA,2017,7,60000.0,Automatic,second,Diesel,1925000
Skoda,Rapid,2017,7,96000.0,Manual,second,Diesel,425000
Maruti Suzuki,Wagon-R-1-0,2014,10,81000.0,Manual,first,Hybrid/CNG,315000
Maruti Suzuki,Sx4,2011,13,98000.0,Manual,second,Diesel,235000
Nissan,PATROL,2011,13,90000.0,Manual,second,Hybrid/CNG,150000
Kia,Seltos,2021,3,48500.0,Automatic,first,Diesel,1725000
Maruti Suzuki,Swift,2022,2,15000.0,Automatic,first,Petrol,700000
Tata,Indigo Cs,2016,8,65137.5,Automatic,first,Hybrid/CNG,160000
Skoda,Rapid,2016,8,67000.0,Automatic,first,Diesel,721000
Hyundai,Aura,2023,1,70000.0,Automatic,first,Hybrid/CNG,220000
BMW,X1,2019,5,60000.0,Automatic,first,Diesel,2300000
Mahindra,Bolero,2021,3,88200.0,Manual,first,Diesel,820000
Maruti Suzuki,Wagon-R,2018,6,48000.0,Automatic,first,Petrol,448000
Toyota,Innova Hycross,2023,1,18500.0,Automatic,first,Hybrid/CNG,3585000
Honda,City,2014,10,84000.0,Manual,second,Petrol,455000
Toyota,Urban Cruiser Hyryder,2022,2,29000.0,Automatic,first,Hybrid/CNG,1750000
BMW,3 Series,2020,4,44500.0,Automatic,first,Diesel,3790000
Ford,Endeavour,2016,8,91000.0,Manual,second,Diesel,1890000
Tata,Punch ,2023,1,30000.0,Automatic,first,Diesel,350000
Hyundai,Grand i10,2013,11,105000.0,Manual,first,Petrol,315000
Mahindra,KUV 100,2017,7,54560.0,Manual,second,Diesel,355000
Mahindra,Bolero,2013,11,148000.0,Manual,second,Diesel,610000
Maruti Suzuki,Estilo,2007,17,97000.0,Manual,first,Petrol,139000
Hyundai,Verna,2007,17,51000.0,Manual,second,Petrol,225000
Honda,City ZX,2008,16,119000.0,Automatic,second,Hybrid/CNG,149000
Toyota,Innova,2020,4,32000.0,Automatic,first,Diesel,1700000
Ford,Ecosport,2016,8,69000.0,Manual,first,Diesel,501000
Land Rover,Range Rover Evoque,2014,10,58000.0,Automatic,second,Diesel,1790000
Honda,Civic,2007,17,120000.0,Automatic,second,Hybrid/CNG,145000
Hyundai,i10,2011,13,78600.0,Manual,second,Petrol,155000
Mercedes-Benz,GL-Class,2013,11,77000.0,Automatic,second,Diesel,2250000
Hyundai,Accent,2004,20,85000.0,Manual,second,Petrol,139000
Maruti Suzuki,Swift-Dzire,2020,4,10000.0,Automatic,first,Hybrid/CNG,620000
Hyundai,Grand i10 Nios,2022,2,58000.0,Manual,first,Petrol,600000
Mercedes-Benz,A Class,2014,10,85000.0,Automatic,second,Diesel,825000
Maruti Suzuki,Swift,2016,8,85000.0,Manual,second,Petrol,480000
BMW,X3,2014,10,136000.0,Automatic,second,Diesel,1600000
Honda,CRV,2014,10,87000.0,Automatic,second,Petrol,621000
Land Rover,Discovery Sport,2016,8,43000.0,Automatic,second,Petrol,2600000
BMW,5 Series,2019,5,47000.0,Automatic,second,Diesel,2500000
Maruti Suzuki,Wagon-R,2022,2,23000.0,Manual,first,Hybrid/CNG,599000
Maruti Suzuki,Alto-K10,2019,5,60000.0,Manual,second,Petrol,375000
Hyundai,Aura,2021,3,34300.0,Manual,first,Hybrid/CNG,705000
Hyundai,Creta,2019,5,71000.0,Manual,first,Diesel,875000
Kia,Seltos,2020,4,58000.0,Automatic,second,Petrol,1290000
Maruti Suzuki,Ertiga,2016,8,80000.0,Manual,second,Hybrid/CNG,689999
Mercedes-Benz,GL-Class,2013,11,94000.0,Automatic,second,Diesel,2100000
Maruti Suzuki,Baleno,2019,5,46000.0,Manual,second,Petrol,510000
Maruti Suzuki,Swift Dzire,2014,10,80000.0,Manual,second,Diesel,485000
Maruti Suzuki,maruti-suzuki-dzire,2014,10,82000.0,Manual,first,Diesel,365000
Hyundai,i10,2011,13,140000.0,Automatic,second,Hybrid/CNG,140000
Chevrolet,Optra Magnum,2011,13,72000.0,Manual,second,Hybrid/CNG,199000
Maruti Suzuki,XL6,2021,3,63900.0,Automatic,first,Petrol,999000
Skoda,Rapid,2015,9,51000.0,Manual,second,Petrol,350000
Toyota,Fortuner,2019,5,150000.0,Automatic,first,Diesel,2750000
Maruti Suzuki,Wagon-R,2013,11,78000.0,Manual,second,Hybrid/CNG,299999
Renault,KWID,2017,7,58097.0,Manual,first,Petrol,355000
Hyundai,Xcent Prime,2019,5,85000.0,Manual,second,Diesel,510000
Audi,Q3,2018,6,55100.0,Automatic,second,Diesel,1400000
Jeep,Wrangler,2023,1,10000.0,Automatic,first,Petrol,6400000
Datsun,GO,2016,8,100200.0,Automatic,second,Hybrid/CNG,160000
Maruti Suzuki,Eeco,2022,2,16000.0,Manual,first,Hybrid/CNG,620000
Maruti Suzuki,Wagon-R,2019,5,68000.0,Manual,second,Hybrid/CNG,475000
Maruti Suzuki,Ertiga,2015,9,65000.0,Automatic,second,Hybrid/CNG,560000
Hyundai,Grand i10,2017,7,31003.0,Automatic,second,Petrol,540000
Hyundai,Santro,2013,11,54000.0,Manual,second,Hybrid/CNG,280000
Maruti Suzuki,Wagon-R,2017,7,150000.0,Automatic,second,Hybrid/CNG,230000
Maruti Suzuki,Swift,2010,14,150000.0,Automatic,second,Hybrid/CNG,110000
Honda,City ZX,2007,17,68000.0,Manual,first,Petrol,149000
Maruti Suzuki,Sx4,2011,13,91000.0,Automatic,second,Hybrid/CNG,240000
Mercedes-Benz,S-Class,2023,1,22000.0,Automatic,first,Diesel,13800000
Maruti Suzuki,Sx4,2007,17,100000.0,Manual,second,Hybrid/CNG,98000
Maruti Suzuki,Wagon-R,2016,8,78000.0,Automatic,second,Hybrid/CNG,240000
Maruti Suzuki,Swift-Dzire,2015,9,61000.0,Manual,second,Diesel,499000
Maruti Suzuki,Baleno,2017,7,70000.0,Manual,first,Petrol,670000
Hyundai,Creta,2019,5,70500.0,Automatic,first,Diesel,1475000
Maruti Suzuki,Ritz,2015,9,66000.0,Manual,second,Petrol,350000
Hyundai,i10,2009,15,104000.0,Automatic,second,Hybrid/CNG,225000
Maruti Suzuki,Swift,2013,11,80000.0,Manual,first,Hybrid/CNG,390000
Mini,Cooper S,2023,1,4000.0,Automatic,first,Petrol,5500000
Mahindra,Scorpio,2015,9,89000.0,Manual,second,Diesel,1065000
Chevrolet,Beat,2012,12,81000.0,Manual,first,Diesel,153000
Maruti Suzuki,XL6,2023,1,19500.0,Automatic,first,Petrol,1375000
Honda,Jazz,2018,6,32000.0,Manual,second,Petrol,550000
Maruti Suzuki,Wagon-R-1-0,2020,4,56000.0,Manual,first,Hybrid/CNG,451000
Hyundai,Creta,2018,6,82000.0,Automatic,second,Diesel,1085000
Hyundai,Creta,2016,8,78000.0,Manual,second,Petrol,675000
Hyundai,i20,2019,5,46000.0,Automatic,second,Hybrid/CNG,725000
Volkswagen,VentoTest,2016,8,76000.0,Manual,second,Diesel,285000
Honda,City,2017,7,75000.0,Automatic,second,Petrol,765000
Kia,Carnival,2020,4,50000.0,Automatic,first,Diesel,3200000
MG,Hector,2020,4,46450.0,Automatic,first,Petrol,1550000
Tata,Tiago,2024,0,17282.0,Manual,first,Hybrid/CNG,675000
Maruti Suzuki,Swift,2024,0,18950.0,Automatic,first,Petrol,950000
Fiat,Punto,2015,9,89000.0,Manual,second,Diesel,415000
Hyundai,Grand i10 Nios,2023,1,7000.0,Manual,first,Petrol,825000
Maruti Suzuki,Celerio,2015,9,111000.0,Manual,first,Hybrid/CNG,350000
Maruti Suzuki,Swift,2011,13,190000.0,Manual,first,Diesel,365000
Tata,Zest,2014,10,131000.0,Automatic,first,Diesel,280000
BMW,X3,2013,11,123872.0,Manual,first,Diesel,1150000
Maruti Suzuki,Swift,2012,12,23200.0,Manual,second,Petrol,325000
Skoda,Superb,2016,8,99000.0,Automatic,first,Petrol,1185000
Toyota,Etios Liva,2013,11,83000.0,Manual,second,Diesel,395000
Skoda,Superb,2010,14,29309.0,Automatic,second,Petrol,250000
Maruti Suzuki,Baleno,2018,6,122289.0,Automatic,second,Petrol,574000
Skoda,Rapid,2021,3,19121.0,Automatic,first,Petrol,1095000
Datsun,RediGO,2015,9,18000.0,Manual,first,Petrol,189000
Maruti Suzuki,Ritz,2011,13,75000.0,Manual,first,Diesel,311000
BMW,X1,2020,4,30000.0,Automatic,first,Petrol,3325000
Honda,Jazz,2018,6,93000.0,Automatic,first,Hybrid/CNG,535000
Honda,City,2015,9,40000.0,Manual,second,Hybrid/CNG,485000
Mahindra,Xylo,2012,12,16400.0,Automatic,second,Diesel,131000
Skoda,Kushaq,2022,2,8000.0,Automatic,first,Petrol,1290000
Maruti Suzuki,Celerio,2021,3,32.0,Automatic,first,Hybrid/CNG,450000
Renault,Duster,2018,6,83000.0,Automatic,second,Diesel,920000
Tata,Tigor,2024,0,4300.0,Automatic,first,Hybrid/CNG,1050000
Toyota,Camry,2016,8,130000.0,Automatic,first,Hybrid/CNG,1275000
Honda,City,2018,6,44902.0,Automatic,second,Petrol,699000
Toyota,Corolla Altis,2017,7,103000.0,Automatic,first,Petrol,1049000
Hyundai,Grand i10,2014,10,75000.0,Manual,second,Petrol,385000
Maruti Suzuki,Sx4,2011,13,19000.0,Manual,first,Petrol,220000
Maruti Suzuki,XL6,2019,5,35000.0,Manual,second,Petrol,990000
Maruti Suzuki,Wagon-R,2011,13,101110.0,Automatic,second,Hybrid/CNG,120000
Tata,Harrier,2019,5,82000.0,Manual,first,Diesel,949000
Maruti Suzuki,Wagon R,2016,8,89000.0,Automatic,first,Petrol,460000
Toyota,Innova Crysta,2018,6,110000.0,Automatic,first,Diesel,1700000
Honda,City,2015,9,94000.0,Manual,first,Petrol,500000
Maruti Suzuki,maruti-suzuki-dzire,2021,3,68000.0,Manual,first,Hybrid/CNG,665000
Maruti Suzuki,Wagon-R,2012,12,137000.0,Automatic,second,Hybrid/CNG,270000
Tata,Indigo Ecs,2015,9,92000.0,Manual,second,Diesel,195000
Maruti Suzuki,Grand Vitara,2024,0,13400.0,Automatic,first,Hybrid/CNG,2045000
Volkswagen,Jetta,2014,10,58000.0,Automatic,second,Diesel,489000
Kia,Sonet,2020,4,50000.0,Manual,first,Petrol,740000
Honda,BRV,2016,8,55000.0,Automatic,second,Petrol,750000
Honda,WRV,2017,7,61000.0,Manual,first,Petrol,700000
Hyundai,Santro,2012,12,78000.0,Manual,first,Hybrid/CNG,160000
Tata,Tigor,2019,5,52600.0,Automatic,first,Hybrid/CNG,685000
Toyota,Innova,2014,10,125000.0,Manual,second,Diesel,750000
Renault,KWID,2017,7,55000.0,Automatic,first,Petrol,345000
Hyundai,i20 Active,2016,8,97400.0,Manual,second,Petrol,585000
Maruti Suzuki,Eeco,2021,3,52000.0,Manual,second,Petrol,395000
Maruti Suzuki,Swift-Dzire,2011,13,59000.0,Manual,second,Hybrid/CNG,245000
Hyundai,Aura,2020,4,41000.0,Manual,second,Hybrid/CNG,645001
Mahindra,Bolero,2017,7,70000.0,Manual,first,Diesel,699939
Hyundai,i20,2016,8,88700.0,Manual,second,Petrol,370000
Honda,CRV,2007,17,91000.0,Automatic,first,Hybrid/CNG,251000
Honda,Amaze,2021,3,3900.0,Manual,second,Petrol,660000
Mahindra,XUV500,2016,8,86000.0,Automatic,second,Diesel,770000
BMW,3 Series,2013,11,85000.0,Automatic,second,Diesel,1075000
Maruti Suzuki,Alto-800,2014,10,100080.0,Automatic,second,Hybrid/CNG,185000
Toyota,Innova Crysta,2017,7,60989.0,Manual,second,Diesel,1850000
Hyundai,Grand i10,2015,9,58000.0,Manual,second,Petrol,315000
Ford,Ecosport,2014,10,83000.0,Manual,second,Diesel,525000
Maruti Suzuki,Celerio,2020,4,65000.0,Manual,second,Hybrid/CNG,369000
Maruti Suzuki,Baleno,2021,3,29000.0,Manual,first,Petrol,690000
Maruti Suzuki,Jimny,2023,1,521.0,Manual,first,Petrol,1435000
Honda,City,2012,12,63000.0,Automatic,first,Hybrid/CNG,425000
Renault,Duster,2015,9,80000.0,Manual,second,Diesel,349991
Volkswagen,Jetta,2013,11,76000.0,Manual,first,Diesel,760000
Land Rover,Discovery Sport,2018,6,28847.0,Automatic,first,Diesel,4175000
Toyota,Innova Hycross,2024,0,0.0,Automatic,first,Petrol,1977000
Maruti Suzuki,Alto,2007,17,85000.0,Manual,second,Petrol,98000
Hyundai,Verna,2023,1,23000.0,Automatic,first,Petrol,1560000
Honda,City,2015,9,100000.0,Automatic,second,Hybrid/CNG,500000
Honda,Brio,2015,9,89000.0,Manual,second,Hybrid/CNG,240000
Maruti Suzuki,S-Presso,2023,1,13000.0,Manual,first,Hybrid/CNG,499000
Hyundai,Grand i10 Nios,2022,2,50000.0,Manual,first,Hybrid/CNG,639999
Maruti Suzuki,Swift-Dzire,2010,14,50000.0,Manual,second,Petrol,385000
Maruti Suzuki,Swift,2016,8,88000.0,Manual,first,Petrol,430000
Maruti Suzuki,A-Star,2013,11,73000.0,Automatic,second,Petrol,200000
Maruti Suzuki,Omni,2018,6,24000.0,Manual,first,Petrol,364000
Maruti Suzuki,Ciaz,2015,9,90590.0,Manual,first,Petrol,499000
Chevrolet,Sail,2013,11,82000.0,Manual,second,Petrol,160000
Hyundai,i10,2010,14,55000.0,Automatic,second,Hybrid/CNG,72000
Mahindra,Scorpio,2014,10,78525.0,Manual,first,Diesel,570000
Toyota,Innova Hycross,2023,1,19000.0,Automatic,first,Hybrid/CNG,2900000
Maruti Suzuki,Wagon-R,2016,8,150000.0,Automatic,first,Hybrid/CNG,180000
Maruti Suzuki,Ertiga,2021,3,29500.0,Manual,first,Hybrid/CNG,1180000
Maruti Suzuki,Alto-K10,2019,5,37000.0,Manual,second,Hybrid/CNG,345000
Hyundai,Fluidic Verna,2013,11,74000.0,Manual,second,Hybrid/CNG,435000
Hyundai,i20,2011,13,140000.0,Manual,first,Hybrid/CNG,259000
Audi,Q3,2018,6,55100.0,Automatic,second,Diesel,1400000
Hyundai,Eon,2012,12,91000.0,Manual,first,Petrol,220000
Maruti Suzuki,Eeco,2018,6,83200.0,Manual,second,Hybrid/CNG,325000
Force,Motors FM Gurkha,2024,0,7000.0,Manual,first,Diesel,1675000
Maruti Suzuki,Ritz,2013,11,60424.0,Manual,second,Hybrid/CNG,200000
Hyundai,Venue,2013,11,18000.0,Manual,first,Diesel,1390000
Hyundai,Creta,2020,4,45000.0,Automatic,second,Diesel,1850000
Ford,Figo Aspire,2016,8,89000.0,Manual,first,Diesel,385000
Toyota,Innova Crysta,2020,4,62000.0,Manual,first,Diesel,2645000
Maruti Suzuki,Wagon-R,2016,8,57000.0,Automatic,second,Hybrid/CNG,345000
Ford,Ecosport,2018,6,86000.0,Manual,second,Diesel,790000
Toyota,Glanza,2021,3,21000.0,Automatic,first,Petrol,850000
Maruti Suzuki,Ciaz,2014,10,158000.0,Manual,second,Diesel,480000
Hyundai,Accent,2012,12,139000.0,Manual,second,Petrol,131000
Maruti Suzuki,Ertiga,2016,8,99000.0,Manual,second,Hybrid/CNG,689000
MG,Hector Plus,2020,4,79000.0,Manual,first,Diesel,1540000
Ford,Endeavour,2019,5,76000.0,Automatic,first,Diesel,2650000
Mahindra,Bolero Neo Plus,2013,11,100003.0,Manual,second,Diesel,395000
BMW,X1,2017,7,38000.0,Automatic,first,Diesel,2550000
Maruti Suzuki,Swift-Dzire,2015,9,300.0,Automatic,second,Hybrid/CNG,315000
Honda,City,2011,13,52000.0,Automatic,second,Petrol,310000
Maruti Suzuki,Swift,2013,11,86000.0,Manual,second,Petrol,475000
Toyota,Innova Crysta,2020,4,70000.0,Automatic,first,Diesel,1650000
Mercedes-Benz,GLC Class,2017,7,71000.0,Automatic,first,Petrol,3690000
Maruti Suzuki,Alto-800,2023,1,11200.0,Manual,first,Petrol,410000
Maruti Suzuki,Ertiga,2016,8,63000.0,Manual,first,Hybrid/CNG,695000
Mahindra,Thar,2023,1,4400.0,Automatic,second,Petrol,1350000
Maruti Suzuki,Baleno,2018,6,110000.0,Manual,first,Diesel,590000
Renault,KWID,2017,7,30877.0,Automatic,second,Hybrid/CNG,265000
Toyota,Glanza,2023,1,24000.0,Automatic,first,Petrol,850000
Maruti Suzuki,Celerio,2016,8,70000.0,Automatic,second,Hybrid/CNG,380000
Renault,Triber,2022,2,18000.0,Manual,first,Hybrid/CNG,695000
Honda,Jazz,2016,8,60000.0,Automatic,second,Petrol,615000
BMW,X3,2012,12,80000.0,Automatic,second,Diesel,1025000
Hyundai,i20,2010,14,60000.0,Manual,first,Petrol,320000
Mercedes-Benz,GLC Class,2017,7,68000.0,Automatic,first,Petrol,3699000
Hyundai,Accent,2018,6,200000.0,Automatic,first,Hybrid/CNG,225000
Maruti Suzuki,800,1998,26,98000.0,Manual,second,Petrol,41000
Jeep,Wrangler,2022,2,15000.0,Automatic,first,Petrol,5800000
Maruti Suzuki,Baleno,2016,8,62000.0,Automatic,second,Petrol,582000
Volkswagen,Polo,2016,8,105000.0,Automatic,second,Petrol,650000
Maruti Suzuki,Baleno,2021,3,55000.0,Manual,first,Petrol,575000
Tata,Harrier,2020,4,73000.0,Manual,first,Diesel,1149000
Maruti Suzuki,Ertiga,2023,1,69000.0,Automatic,first,Hybrid/CNG,450000
Mahindra,Scorpio N,2023,1,28000.0,Automatic,first,Diesel,2450000
Maruti Suzuki,Ignis,2019,5,25000.0,Automatic,first,Petrol,432000
BMW,3 Series GT,2016,8,110000.0,Automatic,second,Diesel,2000000
Mercedes-Benz,GLA Class,2016,8,78000.0,Automatic,second,Petrol,1650000
Maruti Suzuki,S-Cross,2015,9,87000.0,Manual,first,Diesel,545000
Hyundai,Exter,2024,0,3500.0,Automatic,first,Hybrid/CNG,905000
Mahindra,Scorpio,2010,14,190000.0,Manual,second,Diesel,200000
Ford,Ecosport,2017,7,69713.0,Manual,second,Petrol,649000
BMW,X1,2017,7,55000.0,Automatic,first,Diesel,1500000
Maruti Suzuki,S-Cross,2018,6,32000.0,Manual,first,Diesel,675000
Maruti Suzuki,Celerio,2016,8,14123.0,Automatic,second,Hybrid/CNG,313131
Maruti Suzuki,Alto-800,2016,8,60000.0,Manual,first,Petrol,275000
Tata,Nano,2015,9,51500.0,Manual,second,Petrol,125000
Chevrolet,Beat,2017,7,75000.0,Manual,second,Diesel,175000
Maruti Suzuki,Eeco,2018,6,72000.0,Automatic,first,Hybrid/CNG,350000
Hyundai,Aura,2022,2,64000.0,Manual,first,Hybrid/CNG,690000
Maruti Suzuki,Ritz,2011,13,77000.0,Manual,second,Hybrid/CNG,160000
Maruti Suzuki,Wagon-R,2017,7,140000.0,Manual,first,Hybrid/CNG,200000
Honda,Civic,2008,16,10.0,Automatic,first,Hybrid/CNG,495000
Skoda,Rapid,2021,3,63000.0,Manual,first,Petrol,995000
Maruti Suzuki,Ritz,2010,14,41258.0,Manual,second,Petrol,139000
Honda,City,2004,20,130000.0,Automatic,second,Hybrid/CNG,140000
Hyundai,Santro Xing,2011,13,76000.0,Manual,second,Hybrid/CNG,135000
Maruti Suzuki,Wagon-R,2020,4,52300.0,Manual,first,Hybrid/CNG,445000
Maruti Suzuki,Vitara-Brezza,2019,5,48500.0,Automatic,first,Diesel,975000
Honda,Civic,2009,15,102000.0,Automatic,second,Hybrid/CNG,150000
Hyundai,Verna,2018,6,78000.0,Automatic,first,Hybrid/CNG,745000
Maruti Suzuki,Ertiga,2013,11,68000.0,Manual,second,Hybrid/CNG,565000
Hyundai,Santro Xing,2013,11,89288.0,Manual,first,Hybrid/CNG,160000
Toyota,Innova Hycross,2023,1,11000.0,Automatic,first,Hybrid/CNG,3975000
Renault,KWID,2016,8,69000.0,Manual,second,Hybrid/CNG,210000
Maruti Suzuki,Swift,2021,3,59000.0,Automatic,first,Hybrid/CNG,750000
Hyundai,Grand i10,2017,7,72000.0,Manual,first,Hybrid/CNG,490000
Mahindra,Thar,2023,1,18000.0,Automatic,first,Diesel,1325000
Maruti Suzuki,Alto,2012,12,76000.0,Manual,second,Petrol,225000
Jeep,Compass,2018,6,55000.0,Manual,second,Diesel,1080000
Ford,Ecosport,2015,9,112000.0,Manual,first,Diesel,485000
Hyundai,Grand i10,2015,9,64000.0,Manual,first,Hybrid/CNG,325000
Hyundai,Elite i20,2018,6,81000.0,Manual,first,Diesel,730000
Hyundai,Creta,2016,8,72300.0,Manual,first,Diesel,825000
Honda,Brio,2014,10,149000.0,Automatic,second,Petrol,550000
Toyota,Fortuner,2023,1,18500.0,Automatic,first,Diesel,4500000
Tata,Safari,2022,2,31000.0,Automatic,second,Diesel,1960000
Maruti Suzuki,Wagon-R,2019,5,48055.0,Manual,first,Petrol,535000
Maruti Suzuki,Celerio,2019,5,75000.0,Manual,first,Hybrid/CNG,460000
Hyundai,Grand i10 Nios,2021,3,87500.0,Manual,first,Hybrid/CNG,575000
Jaguar,XF,2013,11,65000.0,Automatic,first,Diesel,1491000
Mercedes-Benz,GLA,2016,8,36000.0,Automatic,second,Diesel,985000
Maruti Suzuki,Swift,2016,8,65000.0,Manual,first,Diesel,445000
Maruti Suzuki,Wagon-R,2017,7,57099.0,Automatic,first,Hybrid/CNG,465000
Tata,tata-punch,2021,3,46000.0,Manual,first,Petrol,725000
Toyota,Fortuner,2010,14,154000.0,Manual,second,Diesel,975000
Tata,Tigor,2023,1,18000.0,Manual,first,Hybrid/CNG,751000
Maruti Suzuki,Eeco,2015,9,114000.0,Automatic,first,Hybrid/CNG,195000
Volkswagen,Taigun,2023,1,8000.0,Automatic,first,Petrol,1440000
Maruti Suzuki,Swift,2008,16,92000.0,Manual,second,Diesel,280000
Hyundai,Santro Xing,2007,17,86750.0,Manual,second,Petrol,165000
Maruti Suzuki,Vitara-Brezza,2019,5,105919.0,Manual,first,Diesel,890000
Maruti Suzuki,Wagon-R,2018,6,74000.0,Automatic,second,Hybrid/CNG,430000
Maruti Suzuki,maruti-suzuki-dzire,2021,3,51000.0,Manual,first,Hybrid/CNG,565000
Ford,Ecosport,2017,7,152000.0,Manual,second,Diesel,600000
Volkswagen,Vento,2017,7,85000.0,Automatic,first,Petrol,595000
Maruti Suzuki,Swift-Dzire,2024,0,1234.0,Automatic,first,Hybrid/CNG,150000
Hyundai,Santro,2013,11,100000.0,Automatic,first,Hybrid/CNG,190000
Honda,Brio,2014,10,149500.0,Automatic,second,Petrol,450000
Renault,KWID,2016,8,51000.0,Automatic,second,Petrol,259999
Maruti Suzuki,Eeco,2016,8,75000.0,Automatic,second,Hybrid/CNG,300000
Mahindra,Xylo,2016,8,240000.0,Manual,second,Diesel,550000
Maruti Suzuki,Ciaz,2018,6,49000.0,Manual,second,Petrol,585000
Jeep,Compass,2018,6,39000.0,Manual,second,Diesel,1250000
Maruti Suzuki,Wagon-R,2017,7,25122.0,Manual,first,Petrol,415000
Kia,Sonet,2021,3,35000.0,Automatic,first,Hybrid/CNG,899000
Maruti Suzuki,Ciaz,2016,8,42000.0,Manual,second,Hybrid/CNG,625000
Tata,Manza,2010,14,2010.0,Manual,first,Hybrid/CNG,155000
Honda,Civic,2012,12,85380.0,Automatic,second,Hybrid/CNG,235000
Volkswagen,VentoTest,2016,8,65000.0,Manual,first,Diesel,490000
Honda,Accord,2013,11,89000.0,Automatic,second,Petrol,445000
Maruti Suzuki,Eeco,2024,0,1300.0,Automatic,first,Hybrid/CNG,750000
Lexus,ES,2023,1,6000.0,Automatic,first,Petrol,6950000
Maruti Suzuki,Celerio,2024,0,8000.0,Manual,first,Petrol,630000
Hyundai,Eon,2016,8,86000.0,Manual,second,Petrol,222000
Volkswagen,VentoTest,2015,9,53000.0,Manual,second,Diesel,550000
Maruti Suzuki,Ignis,2017,7,53402.0,Manual,second,Petrol,490000
Maruti Suzuki,Ertiga,2019,5,65000.0,Manual,first,Diesel,1300000
Honda,City ZX,2008,16,119000.0,Automatic,second,Hybrid/CNG,145800
Maruti Suzuki,Eeco,2018,6,57000.0,Manual,second,Hybrid/CNG,425000
Audi,Q3,2018,6,55100.0,Automatic,second,Diesel,1400000
Honda,City,2010,14,70000.0,Automatic,second,Hybrid/CNG,300000
Renault,Duster,2018,6,55156.0,Automatic,second,Petrol,625000
MG,Hector Plus,2021,3,37000.0,Automatic,second,Petrol,1695000
Honda,Amaze,2014,10,92000.0,Manual,first,Diesel,385000
Maruti Suzuki,Swift,2011,13,110000.0,Manual,second,Diesel,395000
Ford,Ecosport,2017,7,55000.0,Automatic,second,Hybrid/CNG,615000
Toyota,Fortuner,2017,7,52000.0,Automatic,first,Diesel,1800000
Hyundai,i20,2013,11,60000.0,Manual,second,Petrol,285000
Maruti Suzuki,Wagon-R,2012,12,87000.0,Manual,first,Hybrid/CNG,271000
Hyundai,Grand i10,2017,7,82000.0,Automatic,second,Hybrid/CNG,380000
Jaguar,F-Pace,2020,4,42000.0,Automatic,second,Petrol,4100000
Toyota,Innova Crysta,2019,5,210000.0,Manual,second,Diesel,1925000
Hyundai,Grand i10,2017,7,42568.0,Manual,first,Petrol,410000
Ford,Aspire,2016,8,89000.0,Manual,first,Diesel,375000
Hyundai,Creta,2016,8,89600.0,Automatic,second,Petrol,785000
Renault,KWID,2016,8,1.0,Manual,second,Petrol,199999
Hyundai,Creta,2017,7,96000.0,Manual,second,Diesel,1050000
Land Rover,Range Rover Sport,2016,8,100000.0,Automatic,second,Diesel,3999999
Maruti Suzuki,Sx4,2011,13,70680.0,Manual,second,Hybrid/CNG,175000
Maruti Suzuki,Sx4,2008,16,135000.0,Manual,second,Hybrid/CNG,125000
Hyundai,i10,2010,14,82000.0,Manual,second,Petrol,210000
Skoda,Rapid,2012,12,76500.0,Manual,second,Diesel,435000
Maruti Suzuki,Alto-800,2012,12,71000.0,Manual,first,Hybrid/CNG,190000
Mahindra,Scorpio-N,2024,0,28000.0,Automatic,first,Diesel,2025000
Hyundai,Grand i10,2013,11,61000.0,Manual,first,Petrol,350000
Maruti Suzuki,Wagon-R,2015,9,58406.0,Manual,second,Hybrid/CNG,315000
Maruti Suzuki,800,1994,30,70120.0,Automatic,second,Petrol,35000
Maruti Suzuki,Ertiga,2017,7,74000.0,Manual,first,Hybrid/CNG,675000
Hyundai,Venue,2019,5,25000.0,Automatic,first,Diesel,799999
Maruti Suzuki,S-Presso,2023,1,8500.0,Manual,second,Petrol,425000
Mahindra,Scorpio N,2011,13,48529.0,Manual,second,Diesel,360000
Maruti Suzuki,Wagon-R,2016,8,125000.0,Automatic,first,Hybrid/CNG,315000
Mahindra,TUV,2016,8,60000.0,Automatic,second,Diesel,450000
Hyundai,i10,2010,14,57000.0,Manual,second,Petrol,225000
Tata,Harrier,2019,5,78000.0,Manual,first,Diesel,1025000
Volkswagen,Polo,2021,3,35000.0,Automatic,second,Petrol,1190000
Hyundai,Grand i10,2014,10,63000.0,Manual,second,Petrol,350000
Honda,Amaze,2018,6,52000.0,Automatic,first,Petrol,649999
Nissan,Magnite,2021,3,35000.0,Manual,first,Petrol,510000
Ford,Figo,2014,10,75000.0,Manual,first,Petrol,320000
Maruti Suzuki,Ertiga,2016,8,65000.0,Manual,second,Hybrid/CNG,689000
Chevrolet,Beat,2015,9,133000.0,Manual,second,Hybrid/CNG,120000
Maruti Suzuki,Alto,2009,15,36000.0,Manual,second,Petrol,159000
Mahindra,Scorpio,2022,2,75243.0,Manual,first,Diesel,1495000
Honda,WR-V,2021,3,69000.0,Manual,first,Diesel,990000
Jaguar,XF,2014,10,12500.0,Automatic,second,Diesel,1690000
Maruti Suzuki,Alto-800,2017,7,84000.0,Automatic,second,Petrol,245000
Maruti Suzuki,Wagon-R,2010,14,65137.5,Automatic,first,Hybrid/CNG,95000
Lexus,ES,2022,2,38000.0,Automatic,second,Hybrid/CNG,6600000
Toyota,Innova Crysta,2016,8,180000.0,Automatic,second,Diesel,1828000
Maruti Suzuki,Ertiga,2018,6,58000.0,Manual,first,Hybrid/CNG,801000
Hyundai,Santro Xing,2015,9,30.0,Automatic,second,Hybrid/CNG,195000
Maruti Suzuki,Invicto,2023,1,25000.0,Automatic,first,Hybrid/CNG,2550000
BMW,X7,2023,1,4000.0,Automatic,first,Diesel,13000000
Ford,Figo,2011,13,89000.0,Manual,second,Diesel,199999
Renault,Triber,2022,2,81525.0,Manual,first,Petrol,445000
Honda,Civic,2010,14,85000.0,Automatic,second,Hybrid/CNG,160000
Toyota,Innova,2012,12,190000.0,Automatic,second,Diesel,650000
Maruti Suzuki,Baleno-RS,2019,5,135000.0,Manual,second,Diesel,645000
Maruti Suzuki,Celerio,2016,8,36000.0,Automatic,first,Petrol,475000
BMW,3 Series GT,2016,8,55000.0,Automatic,second,Diesel,1490000
Hyundai,Verna,2014,10,42000.0,Automatic,second,Petrol,440000
Mahindra,XUV 300,2020,4,109300.0,Manual,first,Diesel,950000
Honda,Civic,2008,16,98000.0,Automatic,second,Hybrid/CNG,99999
Hyundai,Elite i20,2014,10,73000.0,Manual,second,Petrol,475000
Audi,Q3,2015,9,95000.0,Automatic,first,Diesel,999999
Honda,Brio,2016,8,65000.0,Manual,second,Hybrid/CNG,285000
Maruti Suzuki,XL6,2019,5,40000.0,Automatic,first,Petrol,975000
Maruti Suzuki,Wagon-R,2022,2,11000.0,Manual,first,Hybrid/CNG,590000
Mahindra,XUV700,2022,2,36000.0,Automatic,second,Diesel,2275111
Honda,City,2012,12,82000.0,Manual,second,Hybrid/CNG,310000
Maruti Suzuki,Wagon-R-1-0,2014,10,36038.0,Manual,second,Petrol,300763
Maruti Suzuki,Swift,2013,11,140000.0,Manual,second,Diesel,278000
Maruti Suzuki,Swift,2019,5,5500.0,Automatic,first,Hybrid/CNG,600000
Mahindra,XUV500,2016,8,112000.0,Automatic,first,Diesel,935000
Maruti Suzuki,Alto-800,2016,8,25.0,Automatic,second,Petrol,230000
Skoda,Rapid,2012,12,114000.0,Manual,first,Diesel,350000
Kia,Seltos,2020,4,50000.0,Manual,first,Diesel,1073000
Toyota,Innova Crysta,2017,7,55000.0,Automatic,first,Diesel,2050000
Maruti Suzuki,Swift-Dzire,2019,5,90000.0,Manual,second,Diesel,590000
Audi,A4,2013,11,79000.0,Automatic,second,Diesel,1490000
Toyota,Fortuner,2019,5,95000.0,Automatic,first,Diesel,2975000
Maruti Suzuki,Swift-Dzire,2015,9,115000.0,Manual,second,Diesel,385000
Mahindra,KUV 100,2017,7,75000.0,Manual,first,Diesel,435000
Maruti Suzuki,Wagon-R,2010,14,86000.0,Manual,first,Hybrid/CNG,207000
Tata,Altroz,2023,1,26500.0,Automatic,second,Petrol,745000
BMW,3 Series,2011,13,214000.0,Automatic,first,Diesel,400000
Maruti Suzuki,Wagon-R,2014,10,52000.0,Manual,second,Petrol,290000
Maruti Suzuki,Ertiga,2020,4,63500.0,Manual,first,Hybrid/CNG,1000000
Tata,Tiago,2022,2,62000.0,Automatic,first,Hybrid/CNG,700000
Maruti Suzuki,Wagon R,2015,9,60000.0,Manual,second,Hybrid/CNG,360000
Maruti Suzuki,Swift-Dzire,2014,10,168000.0,Manual,second,Diesel,370000
Maruti Suzuki,Wagon-R,2017,7,78000.0,Manual,first,Hybrid/CNG,280000
Toyota,Innova Hycross,2024,0,3000.0,Automatic,first,Petrol,2500000
Maruti Suzuki,Alto-800,2013,11,94000.0,Manual,second,Hybrid/CNG,275000
Toyota,Etios,2018,6,145000.0,Manual,second,Diesel,565000
Tata,Tiago,2020,4,60000.0,Manual,second,Petrol,525000
Volkswagen,Vento,2013,11,72000.0,Manual,second,Diesel,440000
Maruti Suzuki,Wagon-R,2018,6,62217.0,Automatic,second,Hybrid/CNG,421999
Hyundai,Elite i20,2015,9,28240.0,Manual,first,Petrol,585000
Tata,Altroz,2022,2,45000.0,Manual,first,Diesel,775000
Mercedes-Benz,C-Class,2016,8,64998.0,Automatic,second,Diesel,1600000
Maruti Suzuki,Baleno,2017,7,57000.0,Manual,first,Diesel,649000
Maruti Suzuki,Swift,2013,11,68000.0,Manual,first,Petrol,395000
Maruti Suzuki,Celerio,2019,5,66000.0,Automatic,first,Hybrid/CNG,465000
Maruti Suzuki,Wagon R,2018,6,72000.0,Manual,first,Hybrid/CNG,415000
Kia,Seltos,2021,3,37900.0,Automatic,first,Diesel,1545000
Maruti Suzuki,Wagon R,2016,8,70000.0,Manual,second,Petrol,440000
Mercedes-Benz,C-Class,2020,4,51000.0,Automatic,first,Petrol,3195000
Hyundai,Creta,2019,5,56000.0,Manual,first,Petrol,985000
Maruti Suzuki,Ertiga,2017,7,72000.0,Manual,first,Hybrid/CNG,750000
Maruti Suzuki,Dzire,2015,9,62000.0,Manual,second,Hybrid/CNG,400000
Maruti Suzuki,Ertiga,2021,3,82000.0,Manual,first,Hybrid/CNG,975000
Maruti Suzuki,Swift,2010,14,620287.0,Automatic,first,Hybrid/CNG,86000
Honda,City Hybrid eHEV,2022,2,14000.0,Automatic,first,Hybrid/CNG,900000
Kia,Seltos,2020,4,97000.0,Automatic,first,Diesel,1450000
Renault,Duster,2018,6,21378.0,Automatic,second,Petrol,756000
Maruti Suzuki,Swift,2015,9,40000.0,Automatic,second,Hybrid/CNG,350000
Hyundai,Grand i10,2018,6,48000.0,Manual,first,Hybrid/CNG,460000
Toyota,Fortuner,2024,0,9000.0,Automatic,first,Diesel,4150000
Hyundai,Grand i10 Nios,2019,5,35485.0,Manual,second,Petrol,565000
Honda,Brio,2014,10,47000.0,Manual,second,Petrol,160000
Maruti Suzuki,Swift-Dzire,2018,6,78000.0,Manual,second,Hybrid/CNG,379000
Toyota,Innova,2013,11,126870.0,Automatic,first,Diesel,735000
Honda,CRV,2013,11,89000.0,Automatic,second,Hybrid/CNG,599000
Maruti Suzuki,Swift,2020,4,98000.0,Manual,first,Petrol,600000
Maruti Suzuki,Baleno,2023,1,15000.0,Manual,first,Petrol,785000
Maruti Suzuki,Wagon-R,2019,5,63000.0,Manual,second,Hybrid/CNG,475000
Mercedes-Benz,GLC Class,2021,3,31000.0,Automatic,first,Petrol,5499000
Ford,Endeavour,2021,3,78000.0,Automatic,first,Diesel,3250000
Kia,Seltos,2020,4,59000.0,Manual,first,Petrol,1045000
Maruti Suzuki,Swift,2010,14,23000.0,Manual,first,Petrol,345000
Tata,Safari,2011,13,85000.0,Manual,first,Diesel,260000
BMW,Z4,2010,14,25647.0,Automatic,second,Petrol,2700000
Mahindra,Scorpio,2021,3,54128.0,Manual,first,Diesel,1735000
Ford,Endeavour,2021,3,38000.0,Automatic,first,Diesel,1500000
Tata,Punch ,2024,0,40000.0,Manual,first,Hybrid/CNG,800000
BMW,3 Series,2020,4,17500.0,Automatic,first,Petrol,4800000
Toyota,Fortuner,2021,3,38351.0,Manual,first,Diesel,3500000
Toyota,Innova,2012,12,98695.0,Manual,first,Diesel,480000
Honda,City,2016,8,62500.0,Automatic,second,Hybrid/CNG,550000
Toyota,Innova,2014,10,270000.0,Manual,second,Diesel,940000
Porsche,Macan,2024,0,1600.0,Automatic,first,Petrol,9500000
BMW,X5,2017,7,58500.0,Automatic,second,Diesel,4050000
Honda,Jazz,2010,14,60000.0,Manual,second,Petrol,250000
Honda,City,2015,9,65000.0,Automatic,first,Hybrid/CNG,560000
Honda,City,2016,8,47000.0,Automatic,second,Hybrid/CNG,611000
Maruti Suzuki,Wagon-R,2016,8,4286.0,Manual,second,Hybrid/CNG,330000
Hyundai,Grand i10,2014,10,69000.0,Manual,second,Hybrid/CNG,365000
Honda,Jazz,2022,2,37000.0,Automatic,first,Hybrid/CNG,685000
Volkswagen,VentoTest,2011,13,48000.0,Automatic,first,Hybrid/CNG,265000
Volkswagen,Jetta,2011,13,79000.0,Manual,first,Diesel,380000
Mercedes-Benz,E-Class,2021,3,19000.0,Automatic,first,Diesel,7100000
Nissan,PATROL,2018,6,54000.0,Manual,second,Hybrid/CNG,190000
Maruti Suzuki,Wagon-R,2011,13,72000.0,Automatic,second,Hybrid/CNG,135500
Skoda,Slavia,2024,0,5000.0,Automatic,first,Petrol,1569000
Honda,WRV,2017,7,110000.0,Manual,second,Diesel,570000
Honda,Jazz,2016,8,80000.0,Automatic,second,Petrol,525000
Maruti Suzuki,Wagon-R-1-0,2016,8,67010.0,Manual,second,Hybrid/CNG,335000
Maruti Suzuki,S-Cross,2017,7,134000.0,Manual,second,Diesel,775000
Hyundai,Santro Xing,2012,12,85000.0,Manual,first,Hybrid/CNG,145000
Maruti Suzuki,Swift-Dzire,2021,3,37000.0,Manual,second,Petrol,670000
Hyundai,Accent,2014,10,28.0,Automatic,first,Hybrid/CNG,150000
Maruti Suzuki,Alto-K10,2014,10,48000.0,Manual,second,Petrol,225000
Ford,Endeavour,2021,3,68800.0,Automatic,first,Diesel,3640000
Mahindra,Thar,2018,6,9000.0,Manual,first,Diesel,1075000
Honda,City,2015,9,71000.0,Automatic,second,Petrol,465000
Maruti Suzuki,Vitara-Brezza,2024,0,996.0,Manual,first,Hybrid/CNG,1060000
Honda,CRV,2007,17,97000.0,Automatic,second,Hybrid/CNG,250000
Skoda,Kodiaq,2018,6,90000.0,Automatic,first,Diesel,1850000
Maruti Suzuki,Ertiga,2021,3,66000.0,Manual,second,Hybrid/CNG,365000
Hyundai,Santro,2012,12,111.0,Automatic,first,Hybrid/CNG,130000
Tata,Zest,2020,4,33500.0,Automatic,first,Hybrid/CNG,325000
Mahindra,Bolero,2024,0,14000.0,Manual,first,Petrol,1075000
Toyota,Innova Crysta,2019,5,195698.0,Manual,first,Diesel,1999999
Maruti Suzuki,Wagon-R,2009,15,61000.0,Manual,second,Petrol,120000
Audi,A4,2022,2,28000.0,Automatic,first,Petrol,4200000
BMW,7 Series,2015,9,78000.0,Automatic,second,Diesel,1899999
Maruti Suzuki,Brezza,2020,4,49000.0,Manual,first,Petrol,690000
Tata,Nexon,2021,3,54000.0,Manual,first,Diesel,775000
Maruti Suzuki,Celerio,2017,7,37000.0,Automatic,first,Petrol,500000
Mahindra,XUV500,2016,8,56000.0,Manual,second,Diesel,845000
Mahindra,Thar,2023,1,14500.0,Automatic,first,Diesel,1735000
Maruti Suzuki,Ciaz,2018,6,51000.0,Automatic,first,Hybrid/CNG,599999
Hyundai,i20,2012,12,95000.0,Manual,second,Hybrid/CNG,225000
Maruti Suzuki,Ertiga,2017,7,107000.0,Manual,first,Hybrid/CNG,750000
Skoda,Kushaq,2022,2,16000.0,Automatic,second,Petrol,1675000
Hyundai,Santro Xing,2013,11,75000.0,Automatic,second,Hybrid/CNG,170000
Hyundai,Grand i10,2012,12,96000.0,Automatic,first,Hybrid/CNG,145000
Maruti Suzuki,Ertiga,2022,2,100000.0,Manual,first,Hybrid/CNG,930000
Toyota,2.8 Legender 4X2,2021,3,83000.0,Automatic,first,Diesel,3895000
Maruti Suzuki,Baleno,2022,2,18000.0,Manual,second,Petrol,595000
Maruti Suzuki,Ignis,2017,7,81890.0,Manual,first,Petrol,435000
Toyota,Innova Crysta,2020,4,155000.0,Manual,first,Diesel,2400000
Maruti Suzuki,Wagon-R,2022,2,38000.0,Manual,first,Hybrid/CNG,600000
Maruti Suzuki,Alto,2010,14,80000.0,Manual,first,Petrol,145000
Maruti Suzuki,Celerio,2015,9,44000.0,Automatic,first,Petrol,440000
Honda,City,2010,14,98000.0,Automatic,second,Hybrid/CNG,320000
Mercedes-Benz,C-Class,2019,5,39000.0,Automatic,first,Diesel,4350000
BMW,5 Series,2012,12,65000.0,Automatic,second,Diesel,1200000
Maruti Suzuki,Vitara-Brezza,2018,6,61000.0,Manual,second,Diesel,645000
Hyundai,i20,2014,10,113000.0,Manual,first,Diesel,350000
Maruti Suzuki,Alto-800,2021,3,81000.0,Manual,first,Hybrid/CNG,390000
Hyundai,Tucson,2018,6,135000.0,Automatic,second,Diesel,1180000
Chevrolet,Spark,2013,11,50000.0,Manual,second,Hybrid/CNG,135000
Kia,Seltos,2022,2,22000.0,Automatic,first,Petrol,1550000
Maruti Suzuki,Alto-K10,2018,6,34000.0,Automatic,second,Petrol,290000
Maruti Suzuki,Omni,2007,17,60000.0,Manual,second,Hybrid/CNG,160000
Toyota,Innova Crysta,2016,8,66000.0,Manual,first,Diesel,1345000
Maruti Suzuki,Wagon-R,2016,8,72000.0,Manual,first,Petrol,280000
Toyota,VELLFIRE,2021,3,30000.0,Automatic,first,Petrol,9500000
Ford,Ecosport,2015,9,89000.0,Automatic,second,Hybrid/CNG,599000
Ford,Ecosport,2017,7,51421.0,Manual,first,Diesel,645000
Hyundai,Verna,2013,11,100000.0,Manual,second,Diesel,400000
Maruti Suzuki,Swift,2016,8,63653.0,Manual,second,Diesel,585000
Toyota,Camry,2014,10,155000.0,Automatic,second,Hybrid/CNG,775000
Maruti Suzuki,Ertiga,2016,8,25.0,Automatic,second,Hybrid/CNG,520000
Maruti Suzuki,Wagon-R-1-0,2012,12,65000.0,Manual,second,Petrol,177600
Mitsubishi,Pajero Sport,2015,9,80000.0,Automatic,first,Diesel,935000
Volkswagen,Polo,2018,6,65000.0,Automatic,first,Petrol,875000
Kia,Sonet,2021,3,30000.0,Automatic,first,Diesel,1190000
Maruti Suzuki,Celerio,2020,4,40000.0,Automatic,second,Hybrid/CNG,490000
Hyundai,Xcent,2016,8,44000.0,Automatic,first,Petrol,441000
Jaguar,F-Pace,2018,6,76000.0,Automatic,second,Diesel,3499999
Maruti Suzuki,Ciaz,2017,7,53600.0,Manual,second,Diesel,590000
Hyundai,Creta,2018,6,80000.0,Automatic,second,Diesel,1300000
Maruti Suzuki,Wagon-R,2016,8,92000.0,Manual,first,Hybrid/CNG,315000
Hyundai,Grand i10 Nios,2021,3,58241.0,Manual,first,Hybrid/CNG,585000
Hyundai,Elantra,2017,7,86000.0,Automatic,second,Hybrid/CNG,899000
Honda,City ZX,2005,19,105000.0,Manual,second,Petrol,135000
Toyota,Corolla Altis,2016,8,86000.0,Automatic,first,Hybrid/CNG,695000
Hyundai,i20,2017,7,49600.0,Manual,second,Hybrid/CNG,565000
Maruti Suzuki,Swift-Dzire,2014,10,70123.0,Manual,first,Diesel,490000
Tata,Nexon,2018,6,75000.0,Automatic,second,Diesel,585000
Maruti Suzuki,Swift,2021,3,72782.0,Manual,first,Petrol,630000
Maruti Suzuki,Wagon-R,2015,9,72000.0,Manual,second,Hybrid/CNG,265000
Honda,Amaze,2021,3,57000.0,Manual,second,Petrol,585000
Hyundai,New Elantra,2014,10,86000.0,Manual,second,Diesel,550000
Maruti Suzuki,Wagon-R,2019,5,56000.0,Manual,first,Hybrid/CNG,425000
Ford,Ecosport,2021,3,35000.0,Automatic,first,Petrol,1025000
Volkswagen,Tiguan,2017,7,105000.0,Automatic,first,Diesel,1900000
Toyota,Innova,2013,11,250000.0,Manual,second,Diesel,9500000
Maruti Suzuki,Ertiga,2019,5,94000.0,Manual,first,Hybrid/CNG,865000
Mahindra,XUV700,2021,3,52000.0,Manual,first,Petrol,1925000
Maruti Suzuki,Celerio,2014,10,66000.0,Manual,first,Petrol,288888
Maruti Suzuki,Estilo,2009,15,99000.0,Manual,second,Hybrid/CNG,130000
Hyundai,Creta,2016,8,56000.0,Manual,first,Diesel,710000
Volkswagen,VentoTest,2015,9,74000.0,Automatic,first,Diesel,535000
Hyundai,Grand i10,2016,8,26000.0,Automatic,second,Petrol,400000
Hyundai,Santro Xing,2013,11,90000.0,Manual,second,Hybrid/CNG,185000
Maruti Suzuki,Alto-800,2017,7,83000.0,Manual,first,Hybrid/CNG,330000
Maruti Suzuki,Celerio,2015,9,90000.0,Automatic,first,Petrol,358000
Maruti Suzuki,Swift,2022,2,40000.0,Manual,first,Hybrid/CNG,660000
Lexus,ES,2019,5,88000.0,Automatic,second,Hybrid/CNG,4650000
Honda,Civic,2010,14,143000.0,Automatic,second,Hybrid/CNG,399999
Renault,KWID,2016,8,61600.0,Automatic,second,Petrol,240000
Mahindra,Marazzo,2018,6,95000.0,Manual,second,Diesel,550000
Mercedes-Benz,C-Class,2020,4,24000.0,Automatic,second,Diesel,4050000
Maruti Suzuki,Swift-Dzire,2013,11,70000.0,Manual,first,Hybrid/CNG,425000
Volkswagen,Virtus,2023,1,11021.0,Manual,first,Petrol,1220000
Maruti Suzuki,Wagon-R,2016,8,80000.0,Manual,second,Hybrid/CNG,225000
Toyota,Innova Hycross,2023,1,8500.0,Automatic,first,Hybrid/CNG,3595000
Volkswagen,VentoTest,2016,8,90000.0,Automatic,first,Diesel,750000
BMW,X3,2012,12,79000.0,Automatic,second,Diesel,2050000
Hyundai,Grand i10,2016,8,66610.0,Automatic,second,Hybrid/CNG,285000
Maruti Suzuki,Swift,2011,13,79000.0,Manual,second,Diesel,235000
Maruti Suzuki,Sx4,2011,13,117000.0,Manual,first,Diesel,250000
Datsun,RediGO,2018,6,60000.0,Manual,first,Petrol,300000
Maruti Suzuki,Wagon-R,2013,11,100000.0,Automatic,second,Hybrid/CNG,200000
Renault,Duster,2018,6,71000.0,Manual,first,Diesel,840000
Honda,Jazz,2015,9,95000.0,Automatic,first,Hybrid/CNG,450000
Honda,Brio,2014,10,21000.0,Automatic,first,Hybrid/CNG,242000
Mahindra,XUV500,2015,9,80000.0,Manual,first,Diesel,490000
Hyundai,Eon,2015,9,58124.0,Manual,second,Petrol,250000
Tata,Nexon,2019,5,82000.0,Manual,second,Diesel,625000
Jaguar,XF,2016,8,100000.0,Automatic,second,Diesel,1490000
Mahindra,Scorpio,2023,1,16900.0,Manual,first,Diesel,1750000
Maruti Suzuki,Swift-Dzire,2023,1,45000.0,Automatic,first,Hybrid/CNG,725000
Mini,Cooper Convertible,2013,11,23000.0,Automatic,second,Petrol,1975000
Hyundai,Alcazar,2021,3,32000.0,Automatic,first,Petrol,900000
Maruti Suzuki,Wagon-R,2020,4,82000.0,Automatic,first,Hybrid/CNG,560000
Volkswagen,VentoTest,2016,8,67000.0,Manual,second,Petrol,451000
BMW,X3,2022,2,37500.0,Automatic,first,Petrol,5300000
Toyota,Fortuner,2015,9,40000.0,Automatic,second,Diesel,1375000
Volvo,S60,2012,12,84000.0,Automatic,first,Diesel,760000
Tata,Nano,2017,7,34000.0,Automatic,second,Petrol,230000
Renault,Duster,2013,11,89000.0,Manual,second,Diesel,525000
Maruti Suzuki,800,2005,19,28000.0,Manual,second,Petrol,58000
Maruti Suzuki,Ertiga,2017,7,72000.0,Manual,second,Hybrid/CNG,750000
Maruti Suzuki,Eeco,2014,10,58000.0,Manual,first,Hybrid/CNG,360000
Volkswagen,Polo,2013,11,87500.0,Manual,second,Petrol,300000
Hyundai,Aura,2020,4,70000.0,Manual,first,Hybrid/CNG,625000
Maruti Suzuki,Swift-Dzire,2018,6,100000.0,Manual,second,Diesel,575000
Toyota,VELLFIRE,2023,1,10000.0,Automatic,first,Petrol,11200000
Maruti Suzuki,Wagon-R-1-0,2018,6,78000.0,Automatic,first,Hybrid/CNG,349999
Maruti Suzuki,Swift Dzire,2014,10,25000.0,Manual,first,Diesel,591000
Hyundai,Verna,2014,10,137000.0,Manual,second,Diesel,560000
Maruti Suzuki,Ertiga,2017,7,72300.0,Manual,first,Hybrid/CNG,749000
Tata,Nexon,2019,5,122087.0,Manual,first,Diesel,625000
Audi,Q3,2016,8,40000.0,Automatic,second,Diesel,2590000
Hyundai,i20 Active,2016,8,65000.0,Manual,second,Petrol,400000
Maruti Suzuki,Estilo,2008,16,54000.0,Manual,first,Hybrid/CNG,98500
Volkswagen,Vento,2018,6,46000.0,Manual,second,Petrol,650000
Volkswagen,Polo,2019,5,980002.0,Manual,first,Petrol,675000
Hyundai,Santro,2022,2,28000.0,Manual,first,Hybrid/CNG,590000
Hyundai,Creta,2015,9,82000.0,Automatic,second,Diesel,551000
Honda,BRV,2016,8,129000.0,Manual,second,Diesel,595000
Hyundai,Verna,2016,8,80000.0,Automatic,second,Diesel,621000
Maruti Suzuki,Celerio,2016,8,49000.0,Automatic,first,Petrol,425000
Maruti Suzuki,Ertiga,2023,1,41000.0,Manual,first,Hybrid/CNG,1135000
Mahindra,Rexton,2015,9,57000.0,Automatic,second,Diesel,799000
Hyundai,i20,2014,10,87000.0,Manual,second,Hybrid/CNG,230000
Maruti Suzuki,Baleno,2017,7,80000.0,Automatic,second,Petrol,650000
Honda,City ZX,2007,17,85019.0,Manual,second,Hybrid/CNG,160000
Hyundai,Elite i20,2019,5,59000.0,Manual,first,Petrol,599000
Hyundai,Venue,2023,1,69000.0,Manual,first,Diesel,975000
Maruti Suzuki,Celerio,2016,8,55500.0,Automatic,first,Hybrid/CNG,321000
Mercedes-Benz,C-Class,2012,12,75770.0,Automatic,second,Diesel,625000
Honda,City,2018,6,38000.0,Automatic,second,Hybrid/CNG,715000
Chevrolet,Beat,2010,14,60000.0,Manual,second,Petrol,105000
Hyundai,Aura,2023,1,1234.0,Manual,first,Hybrid/CNG,190000
Ford,Endeavour,2020,4,122000.0,Automatic,first,Diesel,2799999
Hyundai,i10,2014,10,76000.0,Manual,first,Petrol,290000
Hyundai,i10,2013,11,63000.0,Manual,first,Petrol,279000
Honda,Brio,2014,10,59000.0,Manual,first,Petrol,375000
Maruti Suzuki,Estilo,2012,12,55000.0,Manual,second,Hybrid/CNG,211000
BMW,7 Series,2017,7,26000.0,Automatic,second,Diesel,4450000
Hyundai,i10,2013,11,65891.0,Automatic,first,Petrol,320000
Hyundai,Eon,2012,12,55000.0,Manual,second,Hybrid/CNG,220000
Toyota,Innova Hycross,2023,1,5100.0,Automatic,first,Hybrid/CNG,3599000
Hyundai,i20,2013,11,120000.0,Automatic,second,Diesel,250000
Maruti Suzuki,Ciaz,2018,6,72000.0,Manual,first,Diesel,875000
Honda,Amaze,2018,6,68000.0,Automatic,first,Hybrid/CNG,635000
Datsun,Redi Go,2019,5,112000.0,Manual,first,Petrol,285000
Hyundai,i10,2011,13,90000.0,Manual,first,Hybrid/CNG,200000
Maruti Suzuki,Eeco,2021,3,55110.0,Automatic,first,Hybrid/CNG,450000
Honda,Amaze,2017,7,65000.0,Manual,second,Hybrid/CNG,399000
Hyundai,Aura,2022,2,65137.5,Automatic,first,Hybrid/CNG,780000
Chevrolet,Spark,2011,13,72000.0,Manual,second,Hybrid/CNG,75000
Maruti Suzuki,Wagon-R,2021,3,53000.0,Automatic,first,Hybrid/CNG,510000
Maruti Suzuki,Baleno,2018,6,33000.0,Automatic,second,Petrol,599000
Maruti Suzuki,Celerio,2015,9,34000.0,Automatic,second,Hybrid/CNG,325000
Hyundai,Grand i10,2016,8,65000.0,Manual,first,Hybrid/CNG,415000
Mahindra,XUV500,2017,7,61000.0,Automatic,first,Diesel,1085000
Volkswagen,Ameo,2017,7,83000.0,Automatic,first,Diesel,50000
Maruti Suzuki,Omni,2016,8,80000.0,Automatic,second,Hybrid/CNG,155000
Maruti Suzuki,Swift-Dzire,2022,2,15419.0,Manual,first,Hybrid/CNG,845000
Hyundai,Grand i10,2014,10,68538.0,Manual,first,Petrol,335000
Mini,Cooper S,2013,11,48000.0,Automatic,second,Petrol,1700000
Honda,Civic,2011,13,61000.0,Automatic,first,Hybrid/CNG,300000
Tata,Safari Storme,2013,11,125000.0,Manual,second,Diesel,425000
Mahindra,Thar,2023,1,15000.0,Automatic,first,Petrol,1450000
Maruti Suzuki,Ertiga,2018,6,57200.0,Manual,first,Hybrid/CNG,799000
Toyota,Innova Crysta,2021,3,75000.0,Automatic,first,Diesel,2600000
Mahindra,Xylo,2018,6,50412.0,Manual,first,Diesel,740000
Maruti Suzuki,Swift-Dzire,2001,23,25.0,Automatic,second,Diesel,110000
Toyota,Etios,2019,5,51234.0,Manual,first,Diesel,850000
Maruti Suzuki,Wagon R 1.0,2016,8,75000.0,Manual,first,Hybrid/CNG,325000
Volkswagen,Polo,2013,11,120000.0,Manual,first,Diesel,410000
Maruti Suzuki,Ciaz,2015,9,54000.0,Manual,first,Diesel,365000
Lexus,RX,2018,6,130000.0,Automatic,first,Hybrid/CNG,5100000
Hyundai,Creta,2019,5,59980.0,Automatic,first,Petrol,1140000
BMW,X1,2012,12,73000.0,Automatic,second,Diesel,725000
Mercedes-Benz,C-Class,2010,14,40000.0,Automatic,second,Petrol,599999
Mercedes-Benz,GLS,2017,7,70000.0,Automatic,first,Petrol,5300000
Volkswagen,Polo,2022,2,29800.0,Automatic,second,Petrol,975000
Maruti Suzuki,Brezza,2023,1,65137.5,Automatic,first,Hybrid/CNG,150000
Tata,Nexon,2019,5,52000.0,Automatic,first,Hybrid/CNG,515000
Toyota,Innova Hycross,2023,1,25000.0,Automatic,first,Hybrid/CNG,3460000
Maruti Suzuki,Alto-800,2020,4,150000.0,Automatic,first,Hybrid/CNG,260000
Hyundai,i20,2011,13,60000.0,Manual,second,Petrol,173000
Hyundai,i20,2018,6,69000.0,Manual,first,Diesel,725000
Mahindra,Marazzo,2018,6,90000.0,Manual,second,Diesel,550000
Hyundai,Santro Xing,2008,16,60000.0,Manual,second,Petrol,210000
Hyundai,i20 Active,2015,9,84329.0,Manual,second,Diesel,665000
Maruti Suzuki,Wagon-R,2022,2,59000.0,Manual,first,Hybrid/CNG,598000
Mercedes-Benz,CLA,2017,7,38000.0,Automatic,first,Diesel,1800000
Mercedes-Benz,E-Class,2015,9,70000.0,Automatic,second,Diesel,2275000
Mercedes-Benz,A Class,2014,10,35000.0,Automatic,second,Diesel,799000
Maruti Suzuki,Wagon-R-1-0,2014,10,72000.0,Automatic,second,Hybrid/CNG,260000
Maruti Suzuki,Ertiga,2016,8,92200.0,Manual,second,Hybrid/CNG,745000
BMW,5 Series,2014,10,68000.0,Automatic,second,Diesel,1550000
Ford,Figo,2016,8,70000.0,Manual,second,Hybrid/CNG,350000
Toyota,Innova Crysta,2021,3,35000.0,Automatic,second,Diesel,3100000
Honda,City,2015,9,65000.0,Automatic,second,Hybrid/CNG,479000
Honda,Amaze,2019,5,50000.0,Manual,first,Hybrid/CNG,535000
Hyundai,Grand i10 Nios,2020,4,61000.0,Manual,first,Hybrid/CNG,599000
Hyundai,Verna,2019,5,47000.0,Automatic,second,Hybrid/CNG,795000
Mahindra,Thar,2024,0,150.0,Automatic,first,Hybrid/CNG,234567
Ford,Endeavour,2018,6,90000.0,Automatic,first,Diesel,1900000
Land Rover,Range Rover Sport,2018,6,85000.0,Automatic,first,Diesel,5800000
Toyota,Etios,2013,11,87000.0,Manual,first,Petrol,325000
Toyota,Innova,2013,11,132000.0,Manual,second,Diesel,694999
Skoda,Laura,2010,14,157851.0,Automatic,first,Diesel,385000
Ford,Ecosport,2017,7,30000.0,Automatic,second,Petrol,740000
Maruti Suzuki,Swift-Dzire,2013,11,245000.0,Manual,second,Diesel,240000
Maruti Suzuki,Celerio,2016,8,57250.0,Manual,first,Hybrid/CNG,368000
Renault,KWID,2018,6,35000.0,Automatic,first,Petrol,380000
Maruti Suzuki,Eeco,2019,5,33000.0,Manual,first,Hybrid/CNG,485000
Maruti Suzuki,Ertiga,2020,4,80000.0,Manual,first,Hybrid/CNG,979999
Hyundai,Grand i10,2014,10,46052.0,Automatic,second,Petrol,365000
Maruti Suzuki,Ertiga,2022,2,29000.0,Automatic,first,Hybrid/CNG,1050000
Nissan,Micra,2016,8,46000.0,Automatic,first,Petrol,465000
Maruti Suzuki,Wagon-R,2009,15,75000.0,Manual,second,Petrol,95000
Maruti Suzuki,Swift,2017,7,108000.0,Manual,second,Diesel,525000
Maruti Suzuki,Ertiga,2013,11,75667.0,Manual,first,Hybrid/CNG,360000
Mahindra,Scorpio-N,2022,2,20545.0,Manual,second,Diesel,2150000
BMW,3 Series GT,2017,7,112000.0,Automatic,second,Diesel,2200000
Hyundai,Grand i10,2019,5,55000.0,Automatic,first,Hybrid/CNG,500000
Hyundai,Grand i10 Nios,2023,1,13863.0,Manual,first,Hybrid/CNG,697000
Honda,City,2017,7,68000.0,Automatic,first,Hybrid/CNG,745000
Honda,City,2017,7,35000.0,Manual,second,Petrol,695000
Maruti Suzuki,Swift,2024,0,2000.0,Automatic,first,Hybrid/CNG,900000
Renault,KWID,2018,6,28000.0,Manual,first,Petrol,295000
Maruti Suzuki,Swift,2020,4,82000.0,Automatic,first,Hybrid/CNG,551000
Honda,City,2018,6,58000.0,Automatic,second,Petrol,750000
Volkswagen,VentoTest,2016,8,24000.0,Automatic,first,Petrol,525000
Tata,Tiago,2018,6,43220.0,Automatic,first,Petrol,480000
Hyundai,Grand i10,2016,8,59817.0,Manual,first,Hybrid/CNG,325000
Hyundai,i20,2017,7,56000.0,Manual,second,Petrol,510000
Maruti Suzuki,Ertiga,2017,7,52000.0,Manual,second,Hybrid/CNG,690000
Hyundai,New Santro,2019,5,55000.0,Manual,first,Hybrid/CNG,490000
Tata,Hexa,2017,7,76250.0,Automatic,second,Diesel,675000
Hyundai,i10,2013,11,68000.0,Manual,first,Hybrid/CNG,245000
Toyota,Corolla Altis,2015,9,100000.0,Automatic,first,Hybrid/CNG,625000
Maruti Suzuki,Omni,2010,14,2000.0,Automatic,second,Hybrid/CNG,120000
Maruti Suzuki,Swift-Dzire,2016,8,139546.0,Manual,second,Diesel,350000
Volvo,S90,2017,7,92000.0,Automatic,second,Diesel,2450000
Mercedes-Benz,C-Class,2023,1,16600.0,Automatic,first,Diesel,5500000
Mahindra,Thar,2021,3,60000.0,Manual,first,Diesel,1350000
Honda,City,2012,12,71000.0,Manual,second,Petrol,365000
Ford,Endeavour,2020,4,88000.0,Automatic,second,Diesel,2599000
Honda,Amaze,2015,9,69000.0,Manual,second,Hybrid/CNG,340000
Tata,Sumo,1996,28,110000.0,Manual,second,Diesel,150000
Hyundai,i10,2013,11,51500.0,Automatic,first,Petrol,244999
Maruti Suzuki,Swift,2008,16,100000.0,Manual,second,Petrol,190000
Datsun,GO,2014,10,225000.0,Manual,second,Petrol,225000
Maruti Suzuki,Wagon-R-1-0,2014,10,81616.0,Manual,second,Hybrid/CNG,274710
Maruti Suzuki,S-Cross,2018,6,69000.0,Manual,first,Diesel,815000
Hyundai,i20,2010,14,64000.0,Manual,second,Hybrid/CNG,139000
Honda,Brio,2015,9,50000.0,Automatic,first,Petrol,460000
Honda,City,2015,9,73000.0,Automatic,second,Hybrid/CNG,549000
Renault,Duster,2014,10,110000.0,Manual,second,Diesel,465000
Hyundai,Creta,2020,4,120488.0,Manual,first,Petrol,865000
Maruti Suzuki,Ertiga,2021,3,73300.0,Manual,first,Hybrid/CNG,1030000
Maruti Suzuki,Ignis,2019,5,29770.0,Automatic,second,Petrol,525000
Maruti Suzuki,Eeco,2022,2,130000.0,Automatic,first,Hybrid/CNG,115000
Honda,City,2014,10,65000.0,Automatic,second,Petrol,520000
Honda,Amaze,2021,3,58000.0,Automatic,first,Petrol,680000
BMW,X1,2013,11,92048.0,Automatic,first,Diesel,1100000
Honda,BRV,2017,7,24000.0,Automatic,second,Petrol,745000
Hyundai,i20,2016,8,79000.0,Manual,second,Diesel,425000
Maruti Suzuki,Swift-Dzire,2015,9,103000.0,Manual,second,Diesel,560000
Maruti Suzuki,Vitara-Brezza,2021,3,25000.0,Manual,first,Petrol,760000
Volkswagen,Virtus,2023,1,20000.0,Automatic,second,Petrol,1650000
BMW,3 Series GT,2014,10,89000.0,Automatic,first,Diesel,1200000
Hyundai,Elantra,2014,10,82000.0,Automatic,second,Hybrid/CNG,490000
Hyundai,Xcent,2016,8,80000.0,Automatic,second,Petrol,365000
Maruti Suzuki,Ertiga,2015,9,83500.0,Manual,first,Hybrid/CNG,725000
Maruti Suzuki,Celerio,2020,4,62000.0,Manual,first,Petrol,525000
Skoda,Rapid,2015,9,82000.0,Automatic,first,Diesel,460000
Hyundai,Verna,2017,7,68000.0,Manual,second,Diesel,750000
Hyundai,Accent,2011,13,95000.0,Manual,second,Hybrid/CNG,115000
Jaguar,XE,2020,4,65000.0,Automatic,second,Petrol,3300000
Mahindra,Quanto,2013,11,50308.0,Manual,first,Diesel,295000
Honda,Amaze,2019,5,57791.0,Manual,first,Diesel,730000
Honda,WRV,2018,6,58960.0,Manual,first,Diesel,750000
Jeep,Compass,2017,7,74500.0,Manual,first,Diesel,850000
Volkswagen,Polo,2021,3,43000.0,Automatic,second,Petrol,1170000
Maruti Suzuki,Eeco,2019,5,62000.0,Manual,first,Hybrid/CNG,576000
Maruti Suzuki,Alto,2011,13,96000.0,Manual,second,Petrol,135000
Hyundai,New Santro,2019,5,71000.0,Manual,first,Hybrid/CNG,390000
Maruti Suzuki,Eeco,2023,1,11293.0,Manual,first,Petrol,575000
Hyundai,i10,2011,13,40000.0,Automatic,second,Petrol,250000
Toyota,Fortuner,2014,10,127000.0,Manual,second,Diesel,1630000
Volvo,S60,2012,12,45500.0,Automatic,second,Diesel,1500000
Mahindra,XUV500,2016,8,118000.0,Manual,first,Diesel,725000
Mercedes-Benz,E-Class,2011,13,75000.0,Automatic,second,Diesel,1490000
Honda,Jazz,2017,7,63000.0,Automatic,first,Petrol,645000
Hyundai,Creta Facelift,2021,3,39000.0,Manual,first,Diesel,1199000
Maruti Suzuki,Celerio,2017,7,65000.0,Manual,second,Petrol,375000
Mahindra,XUV500,2012,12,115000.0,Manual,second,Diesel,425000
Toyota,Etios,2018,6,165256.0,Manual,second,Diesel,565000
Hyundai,Creta,2021,3,27531.0,Manual,first,Petrol,1295000
Maruti Suzuki,Swift-Dzire,2022,2,105000.0,Manual,first,Hybrid/CNG,825000
Toyota,Fortuner,2017,7,115000.0,Automatic,first,Diesel,2795000
Hyundai,Grand i10,2015,9,68000.0,Manual,second,Hybrid/CNG,375000
Maruti Suzuki,Ciaz,2015,9,61000.0,Automatic,second,Hybrid/CNG,530000
Honda,Amaze,2019,5,37100.0,Automatic,second,Hybrid/CNG,620000
Maruti Suzuki,Ignis,2019,5,31000.0,Manual,first,Petrol,500000
Maruti Suzuki,Wagon-R,2003,21,85000.0,Manual,second,Hybrid/CNG,95000
Toyota,Corolla Altis,2015,9,100000.0,Manual,second,Diesel,650000
Mitsubishi,Outlander,2010,14,80000.0,Automatic,second,Petrol,325000
Hyundai,Santro Xing,2009,15,90000.0,Manual,second,Petrol,165000
Mahindra,Thar,2021,3,65000.0,Automatic,second,Diesel,1315000
Lexus,NX,2019,5,79000.0,Automatic,first,Hybrid/CNG,5600000
Maruti Suzuki,Ertiga,2017,7,68558.0,Manual,first,Hybrid/CNG,675000
Datsun,GO,2020,4,54000.0,Manual,second,Hybrid/CNG,199999
Maruti Suzuki,Eeco,2018,6,98130.0,Automatic,second,Hybrid/CNG,390000
Maruti Suzuki,Alto-800,2006,18,85000.0,Manual,second,Petrol,85000
Maruti Suzuki,Alto-800,2013,11,35000.0,Manual,second,Petrol,230000
Hyundai,Eon,2014,10,54000.0,Manual,second,Petrol,195000
Maruti Suzuki,Stingray,2014,10,65000.0,Automatic,second,Hybrid/CNG,330000
Tata,Safari,2022,2,46000.0,Automatic,first,Diesel,1660000
Mercedes-Benz,GLS,2021,3,25000.0,Automatic,second,Diesel,10750000
Mercedes-Benz,S-Class,2014,10,190000.0,Automatic,second,Diesel,2425000
Toyota,Innova Crysta,2018,6,250000.0,Automatic,first,Diesel,1799999
Maruti Suzuki,Alto-800,2018,6,310000.0,Automatic,first,Hybrid/CNG,310000
Maruti Suzuki,Swift,2010,14,90000.0,Manual,second,Hybrid/CNG,160000
Toyota,Innova,2011,13,236000.0,Manual,second,Diesel,995000
Toyota,Camry,2015,9,53350.0,Automatic,second,Petrol,1190000
Maruti Suzuki,Swift,2017,7,69053.0,Manual,second,Petrol,600000
Tata,Bolt,2016,8,140990.0,Automatic,second,Diesel,350000
Hyundai,Creta,2020,4,67000.0,Manual,first,Diesel,825000
Tata,Tiago,2020,4,5589.0,Automatic,first,Petrol,725000
Volkswagen,Jetta,2012,12,85000.0,Automatic,first,Diesel,500000
Audi,Q7,2018,6,40000.0,Automatic,first,Diesel,5000000
Ford,Fiesta,2012,12,83000.0,Automatic,second,Petrol,239000
Maruti Suzuki,Omni,2014,10,150000.0,Automatic,first,Hybrid/CNG,130000
Toyota,Innova,2010,14,225000.0,Manual,first,Diesel,450000
Nissan,Sunny,2012,12,68000.0,Manual,second,Petrol,225000
Kia,Sonet,2020,4,79000.0,Automatic,first,Diesel,1080000
Volvo,S90,2020,4,36000.0,Automatic,first,Diesel,4200000
Hyundai,Xcent,2014,10,89084.0,Manual,first,Petrol,249000
Land Rover,Range Rover Evoque,2016,8,38000.0,Automatic,first,Diesel,2650000
Hyundai,Grand i10,2016,8,90000.0,Manual,first,Hybrid/CNG,395000
Hyundai,Alcazar,2021,3,35000.0,Automatic,first,Diesel,1850000
Honda,Amaze,2015,9,75000.0,Manual,second,Diesel,375000
Mahindra,XUV 300,2020,4,48155.0,Manual,first,Diesel,880000
Maruti Suzuki,Ignis,2018,6,44500.0,Automatic,second,Petrol,490000
Hyundai,Xcent Prime,2016,8,20.0,Manual,first,Hybrid/CNG,150000
Ford,Figo,2017,7,121600.0,Manual,second,Diesel,319000
Hyundai,i10,2011,13,82000.0,Manual,second,Hybrid/CNG,135000
Audi,Q7,2016,8,99000.0,Automatic,first,Diesel,3050000
Mahindra,XUV500,2017,7,119000.0,Manual,second,Diesel,900000
Hyundai,Aura,2024,0,1234.0,Manual,first,Hybrid/CNG,190000
Toyota,Innova Hycross,2023,1,30000.0,Automatic,second,Petrol,2750000
Maruti Suzuki,Ritz,2012,12,125000.0,Manual,first,Diesel,275000
Toyota,Corolla Altis,2015,9,68000.0,Automatic,second,Hybrid/CNG,699000
Toyota,Corolla Altis,2016,8,67000.0,Automatic,second,Petrol,790000
Honda,Brio,2015,9,55000.0,Automatic,second,Hybrid/CNG,300000
Mercedes-Benz,E-Class,2014,10,51000.0,Automatic,second,Diesel,1599000
Volkswagen,Vento,2013,11,67000.0,Manual,second,Diesel,425000
Maruti Suzuki,Eeco,2022,2,85000.0,Manual,first,Hybrid/CNG,625000
Honda,Amaze,2022,2,26500.0,Automatic,first,Hybrid/CNG,825000
Skoda,Rapid,2012,12,137000.0,Automatic,second,Hybrid/CNG,340000
Maruti Suzuki,Swift,2010,14,42583.0,Manual,second,Diesel,300000
Honda,Civic,2010,14,85000.0,Automatic,second,Hybrid/CNG,200000
Renault,Duster,2019,5,71000.0,Automatic,first,Diesel,599000
Maruti Suzuki,Alto,2010,14,141000.0,Automatic,second,Petrol,79999
Maruti Suzuki,Ertiga,2022,2,90000.0,Automatic,first,Hybrid/CNG,900000
Maruti Suzuki,Swift,2016,8,78000.0,Manual,second,Diesel,535000
Tata,Tiago,2022,2,17200.0,Manual,first,Petrol,520000
Maruti Suzuki,Celerio,2017,7,78000.0,Automatic,first,Petrol,425000
Maruti Suzuki,Swift,2006,18,66711.0,Manual,second,Petrol,145000
Hyundai,Santro Xing,2011,13,73000.0,Manual,second,Hybrid/CNG,110000
Nissan,Teana,2010,14,69500.0,Automatic,second,Petrol,649000
Honda,Amaze,2018,6,62000.0,Manual,second,Petrol,665000
Volkswagen,Polo,2016,8,65000.0,Automatic,second,Diesel,380000
Volkswagen,Vento,2017,7,63000.0,Manual,second,Diesel,770000
Land Rover,Discovery Sport,2017,7,78000.0,Automatic,second,Diesel,2250000
Maruti Suzuki,Wagon-R,2017,7,170000.0,Automatic,first,Hybrid/CNG,240000
Volkswagen,CrossPolo,2014,10,104000.0,Manual,second,Diesel,449000
Maruti Suzuki,Alto-800,2016,8,86000.0,Manual,first,Hybrid/CNG,311000
Skoda,Superb,2018,6,65000.0,Automatic,first,Petrol,1550000
Maruti Suzuki,Wagon R,2022,2,9000.0,Automatic,first,Petrol,650000
Ford,Endeavour,2016,8,100000.0,Automatic,second,Diesel,2750000
Toyota,Innova Hycross,2023,1,13000.0,Automatic,first,Hybrid/CNG,3600000
Toyota,Fortuner,2020,4,40700.0,Automatic,first,Diesel,3975000
Volkswagen,VentoTest,2014,10,72900.0,Automatic,second,Diesel,511000
Maruti Suzuki,Wagon-R-1-0,2014,10,75000.0,Automatic,second,Hybrid/CNG,195000
Hyundai,Accent,2012,12,78000.0,Manual,second,Hybrid/CNG,195000
Audi,A6,2015,9,75000.0,Automatic,second,Diesel,814999
Maruti Suzuki,Wagon R,2021,3,42000.0,Manual,first,Hybrid/CNG,635000
Maruti Suzuki,Eeco,2015,9,73000.0,Automatic,first,Hybrid/CNG,250000
Renault,KWID,2017,7,49600.0,Manual,second,Petrol,299900
Ford,Figo,2014,10,36000.0,Automatic,first,Diesel,300000
Maruti Suzuki,Baleno,2019,5,47000.0,Manual,first,Petrol,520000
Toyota,Innova Crysta,2018,6,115000.0,Manual,first,Diesel,1970000
Maruti Suzuki,Celerio,2016,8,65000.0,Automatic,second,Hybrid/CNG,365000
Hyundai,Verna,2010,14,150000.0,Manual,second,Petrol,275000
Hyundai,Venue,2020,4,67000.0,Manual,first,Hybrid/CNG,725000
Renault,KWID,2018,6,48000.0,Automatic,second,Hybrid/CNG,295000
Mahindra,XUV500,2020,4,85000.0,Manual,first,Diesel,1025000
Mahindra,XUV700,2024,0,13000.0,Automatic,first,Diesel,1985000
Maruti Suzuki,Wagon-R,2017,7,58000.0,Automatic,first,Hybrid/CNG,345000
Maruti Suzuki,Eeco,2019,5,80000.0,Automatic,first,Hybrid/CNG,535000
Mahindra,XUV500,2015,9,85000.0,Manual,first,Diesel,745000
Volkswagen,Taigun,2024,0,1933.0,Automatic,first,Petrol,1965000
Hyundai,Eon,2013,11,65000.0,Manual,second,Petrol,225000
Audi,A6,2016,8,63000.0,Automatic,second,Diesel,1799999
Mercedes-Benz,GLA Class,2015,9,53000.0,Automatic,second,Diesel,1695000
Honda,City Hybrid eHEV,2022,2,9000.0,Automatic,first,Hybrid/CNG,1750000
Mahindra,XUV500,2018,6,43900.0,Manual,first,Diesel,1290000
Hyundai,Grand i10,2014,10,78000.0,Automatic,first,Petrol,425000
Honda,Amaze,2017,7,250000.0,Automatic,first,Hybrid/CNG,190000
Jeep,Compass,2017,7,71000.0,Manual,first,Diesel,1099000
Maruti Suzuki,Wagon-R-1-0,2018,6,76000.0,Automatic,second,Hybrid/CNG,330000
MG,Hector Plus,2020,4,81600.0,Automatic,second,Petrol,1021000
Ford,Endeavour,2018,6,64999.0,Automatic,first,Diesel,2899999
Mahindra,Scorpio Classic,2007,17,175000.0,Manual,second,Diesel,240000
Maruti Suzuki,Wagon-R,2013,11,89000.0,Manual,first,Hybrid/CNG,290000
Audi,Q3,2017,7,65000.0,Automatic,first,Diesel,1689000
Maruti Suzuki,Wagon-R,2017,7,78200.0,Automatic,first,Hybrid/CNG,290000
Maruti Suzuki,Baleno,2018,6,29500.0,Automatic,first,Petrol,695000
Maruti Suzuki,maruti-suzuki-brezza,2023,1,20000.0,Manual,first,Hybrid/CNG,1270000
Honda,City ZX,2007,17,85000.0,Manual,second,Petrol,170000
Tata,Indica Vista,2012,12,100000.0,Automatic,second,Diesel,160000
Maruti Suzuki,Ignis,2018,6,40000.0,Automatic,first,Hybrid/CNG,500000
Tata,Nexon,2019,5,50000.0,Automatic,first,Hybrid/CNG,625000
Ford,Ecosport,2016,8,44000.0,Automatic,second,Hybrid/CNG,455000
Hyundai,Aura,2024,0,10000.0,Automatic,first,Hybrid/CNG,240000
Maruti Suzuki,Celerio,2020,4,42000.0,Manual,second,Petrol,480000
Toyota,Etios,2013,11,65137.5,Automatic,second,Petrol,320000
Hyundai,Xcent Prime,2014,10,60000.0,Manual,second,Petrol,280000
Honda,Accord,2013,11,85000.0,Automatic,second,Hybrid/CNG,475000
Maruti Suzuki,Ertiga,2020,4,40000.0,Automatic,second,Hybrid/CNG,1000000
Maruti Suzuki,Grand Vitara,2022,2,28850.0,Manual,first,Petrol,1630000
Hyundai,Venue,2019,5,82000.0,Manual,second,Diesel,795000
Audi,Q3,2016,8,45000.0,Automatic,first,Diesel,2150000
Land Rover,Discovery Sport,2020,4,53500.0,Automatic,second,Diesel,4975000
Mahindra,XUV500,2017,7,45000.0,Automatic,first,Diesel,1125000
Tata,Indica,2011,13,105000.0,Manual,second,Diesel,135000
Land Rover,Range Rover Sport,2020,4,30000.0,Automatic,first,Petrol,14500000
Toyota,Camry,2017,7,80000.0,Automatic,second,Hybrid/CNG,1399000
Hyundai,Eon,2015,9,80000.0,Manual,first,Hybrid/CNG,249000
Hyundai,Xcent,2014,10,90000.0,Manual,second,Diesel,410000
Honda,City ZX,2015,9,109000.0,Manual,second,Hybrid/CNG,475000
Hyundai,Creta,2022,2,71000.0,Manual,first,Diesel,1545000
Maruti Suzuki,Ertiga,2020,4,24.0,Automatic,first,Hybrid/CNG,1020000
Maruti Suzuki,Wagon-R,2016,8,43000.0,Manual,second,Hybrid/CNG,350000
Maruti Suzuki,Ertiga,2020,4,96000.0,Manual,first,Hybrid/CNG,1035000
Maruti Suzuki,Baleno,2018,6,66000.0,Automatic,second,Hybrid/CNG,545000
Hyundai,Fluidic Verna,2011,13,98500.0,Manual,second,Diesel,319000
Ford,Fiesta,2009,15,86861.0,Manual,second,Hybrid/CNG,148000
Maruti Suzuki,Swift-Dzire,2019,5,116500.0,Automatic,first,Hybrid/CNG,460000
Skoda,Rapid,2014,10,59779.0,Automatic,second,Petrol,425000
MG,Hector,2021,3,43000.0,Automatic,first,Petrol,1595000
Kia,Sonet,2021,3,50000.0,Automatic,first,Diesel,1360000
Toyota,Fortuner,2014,10,89000.0,Automatic,first,Diesel,1300000
Toyota,Innova,2013,11,114918.0,Manual,first,Diesel,775000
Mahindra,Scorpio,2015,9,83455.0,Manual,second,Diesel,890000
Maruti Suzuki,Grand Vitara,2018,6,110000.0,Manual,first,Diesel,925000
Opel,Corsa,2002,22,45000.0,Manual,second,Petrol,190000
Maruti Suzuki,Omni,2014,10,200000.0,Automatic,first,Hybrid/CNG,110000
Maruti Suzuki,Zen-Estilo,2006,18,130000.0,Manual,second,Petrol,90000
Audi,A3,2019,5,59000.0,Automatic,second,Diesel,2200000
Maruti Suzuki,Eeco,2017,7,100000.0,Automatic,second,Hybrid/CNG,340000
Mahindra,Bolero,2017,7,129000.0,Manual,first,Diesel,720000
Maruti Suzuki,Ciaz,2015,9,88000.0,Manual,second,Petrol,575000
Maruti Suzuki,Wagon R 1.0,2019,5,52000.0,Manual,first,Hybrid/CNG,490000
Hyundai,Creta,2018,6,91000.0,Manual,first,Diesel,1080000
Honda,Jazz,2016,8,62091.0,Automatic,second,Petrol,599000
Maruti Suzuki,New-gen Swift,2019,5,78000.0,Automatic,first,Petrol,490000
Hyundai,Grand i10,2011,13,135000.0,Automatic,first,Hybrid/CNG,150000
Ford,Endeavour,2018,6,62000.0,Automatic,first,Diesel,3450000
Maruti Suzuki,Vitara-Brezza,2016,8,84000.0,Manual,first,Diesel,625001
Hyundai,Venue,2019,5,128122.0,Manual,first,Diesel,750000
Nissan,Micra,2016,8,54000.0,Automatic,second,Petrol,490000
Maruti Suzuki,Wagon-R,2014,10,84920.0,Automatic,second,Hybrid/CNG,260000
Kia,Seltos,2021,3,40000.0,Automatic,first,Petrol,1550000
Maruti Suzuki,Wagon-R,2010,14,75000.0,Manual,first,Hybrid/CNG,190000
Toyota,Land Cruiser,2019,5,40000.0,Automatic,first,Diesel,16500000
Maruti Suzuki,Swift-Dzire,2013,11,65137.5,Manual,second,Diesel,245000
Audi,Q3,2014,10,110000.0,Automatic,second,Diesel,1650000
Maruti Suzuki,Celerio,2017,7,80000.0,Manual,first,Hybrid/CNG,390000
Maruti Suzuki,Omni,2009,15,65000.0,Manual,second,Hybrid/CNG,60000
Mahindra,XUV500,2017,7,94054.0,Automatic,first,Diesel,1131000
Hyundai,i10,2011,13,100000.0,Manual,second,Petrol,230000
Volkswagen,Polo,2014,10,82000.0,Manual,second,Petrol,300000
Honda,Amaze,2019,5,61000.0,Manual,second,Hybrid/CNG,530000
Kia,Seltos,2020,4,44197.0,Automatic,first,Diesel,1645000
Honda,Amaze,2014,10,84999.0,Manual,second,Hybrid/CNG,278000
Maruti Suzuki,Swift,2023,1,39000.0,Manual,first,Hybrid/CNG,675000
Honda,City,2012,12,60000.0,Automatic,second,Hybrid/CNG,321999
Hyundai,i10,2009,15,80000.0,Manual,first,Hybrid/CNG,165000
Mahindra,Bolero,2020,4,53000.0,Manual,first,Diesel,700000
Mahindra,XUV500,2018,6,61000.0,Manual,first,Diesel,945000
Mini,Cooper S,2019,5,17000.0,Automatic,second,Petrol,4599999
Maruti Suzuki,S-Presso,2020,4,54000.0,Manual,first,Petrol,430000
Tata,Indica,2008,16,24000.0,Manual,first,Petrol,130000
Honda,Jazz,2016,8,62000.0,Automatic,second,Petrol,400000
Ford,Fiesta,2010,14,93000.0,Manual,second,Diesel,175000
Hyundai,Xcent,2018,6,51000.0,Manual,first,Hybrid/CNG,476000
Maruti Suzuki,Swift,2019,5,57000.0,Automatic,first,Petrol,595000
Maruti Suzuki,Wagon-R-1-0,2019,5,75000.0,Manual,first,Hybrid/CNG,515000
Mercedes-Benz,E-Class,2018,6,75000.0,Automatic,first,Diesel,2995000
Hyundai,New Santro,2021,3,48000.0,Manual,first,Hybrid/CNG,550000
Mahindra,Thar,2022,2,26000.0,Automatic,first,Diesel,1790000
Maruti Suzuki,Swift,2016,8,65000.0,Manual,first,Hybrid/CNG,399000
Maruti Suzuki,Vitara-Brezza,2018,6,32000.0,Manual,first,Diesel,675000
MG,Hector,2021,3,9000.0,Automatic,first,Petrol,1721000
Mercedes-Benz,S-Class,2001,23,95000.0,Automatic,second,Petrol,399000
Hyundai,i10,2011,13,67000.0,Manual,first,Petrol,210000
Toyota,Innova,2010,14,187000.0,Manual,second,Diesel,540000
Audi,A8 L,2015,9,59000.0,Automatic,first,Diesel,2350000
Maruti Suzuki,Wagon-R,2016,8,100000.0,Automatic,second,Hybrid/CNG,240000
Toyota,Innova,2013,11,250000.0,Manual,second,Diesel,799999
Maruti Suzuki,Swift-Dzire,2014,10,71500.0,Manual,second,Diesel,499000
Ford,Free Style,2019,5,51000.0,Manual,first,Diesel,395000
Tata,Tigor,2017,7,48000.0,Manual,first,Hybrid/CNG,445000
Honda,Jazz,2018,6,85000.0,Automatic,first,Hybrid/CNG,575000
Renault,KWID,2017,7,30000.0,Automatic,second,Petrol,375000
Maruti Suzuki,Grand Vitara,2023,1,14000.0,Automatic,first,Hybrid/CNG,2225000
Maruti Suzuki,XL6,2024,0,11000.0,Automatic,first,Hybrid/CNG,1324999
Audi,A6,2015,9,93000.0,Automatic,first,Diesel,1090000
Hyundai,Grand i10 Nios,2019,5,59284.0,Automatic,second,Petrol,533000
Maruti Suzuki,Wagon-R-Stingray,2017,7,55000.0,Manual,first,Hybrid/CNG,350000
Skoda,Superb,2017,7,85000.0,Automatic,first,Petrol,1675000
Hyundai,i10,2010,14,62000.0,Automatic,second,Hybrid/CNG,255000
Hyundai,Creta,2021,3,56000.0,Manual,second,Diesel,1590000
Renault,KWID,2018,6,70000.0,Automatic,second,Petrol,325000
Honda,Jazz,2016,8,36000.0,Automatic,second,Petrol,625000
Honda,City,2015,9,68000.0,Automatic,second,Hybrid/CNG,575000
Hyundai,Venue,2022,2,45000.0,Manual,first,Petrol,760000
Audi,Q3,2013,11,175000.0,Automatic,first,Diesel,1375000
Maruti Suzuki,Swift-Dzire,2017,7,115000.0,Manual,second,Hybrid/CNG,330000
Skoda,Slavia,2022,2,48000.0,Manual,first,Petrol,1350000
Hyundai,i20,2022,2,45000.0,Manual,first,Petrol,725000
Toyota,Corolla Altis,2014,10,190000.0,Manual,first,Diesel,945000
Toyota,Urban Cruiser Hyryder,2022,2,28000.0,Automatic,first,Hybrid/CNG,2095000
Maruti Suzuki,Eeco,2014,10,79000.0,Manual,second,Hybrid/CNG,285000
Toyota,Innova Crysta,2019,5,27000.0,Automatic,first,Petrol,1899000
Tata,Harrier,2022,2,14000.0,Automatic,first,Diesel,1780000
Maruti Suzuki,Ignis,2022,2,39000.0,Automatic,first,Petrol,675000
Toyota,Corolla Altis,2010,14,85000.0,Manual,second,Hybrid/CNG,235000
Maruti Suzuki,Swift-Dzire,2010,14,85000.0,Manual,second,Petrol,175000
Tata,Zest,2015,9,140000.0,Manual,second,Diesel,250000
Renault,Scala,2012,12,50000.0,Manual,second,Hybrid/CNG,229000
Hyundai,Grand i10 Nios,2021,3,88000.0,Manual,first,Hybrid/CNG,575000
BMW,X1,2017,7,57000.0,Automatic,second,Diesel,1799999
Tata,Hexa,2020,4,85000.0,Manual,first,Diesel,625000
Honda,City ZX,2010,14,90000.0,Automatic,second,Hybrid/CNG,270000
Toyota,Innova,2014,10,96760.0,Manual,second,Diesel,975000
Maruti Suzuki,Wagon-R,2013,11,64000.0,Manual,first,Hybrid/CNG,190000
Tata,Tiago,2017,7,52000.0,Automatic,second,Petrol,400000
Toyota,Innova Crysta,2018,6,151000.0,Automatic,first,Diesel,1650000
Maruti Suzuki,Swift,2018,6,68364.0,Manual,first,Petrol,685000
Maruti Suzuki,Eeco,2021,3,75000.0,Manual,first,Hybrid/CNG,515000
Kia,Sonet,2022,2,27000.0,Manual,first,Diesel,1175000
Maruti Suzuki,Wagon-R,2018,6,80000.0,Automatic,second,Hybrid/CNG,351000
Hyundai,Creta,2021,3,32000.0,Manual,first,Diesel,975000
Hyundai,Santro Xing,2009,15,86000.0,Manual,second,Hybrid/CNG,125000
Maruti Suzuki,Wagon-R,2015,9,62000.0,Manual,second,Hybrid/CNG,125000
Hyundai,Xcent,2014,10,72000.0,Automatic,second,Hybrid/CNG,445000
Maruti Suzuki,Baleno,2016,8,31000.0,Automatic,second,Petrol,4999000
Ford,Ecosport,2013,11,119000.0,Manual,second,Diesel,450000
Toyota,Fortuner,2012,12,168554.0,Manual,second,Diesel,985000
Maruti Suzuki,Swift-Dzire,2009,15,98000.0,Manual,second,Diesel,245000
Mercedes-Benz,GLA,2016,8,50000.0,Automatic,second,Petrol,1585000
Maruti Suzuki,800,2009,15,97000.0,Automatic,second,Diesel,120000
Maruti Suzuki,Baleno,2016,8,60837.0,Manual,first,Petrol,467000
Maruti Suzuki,Celerio,2014,10,60000.0,Automatic,first,Petrol,290000
Honda,WRV,2017,7,41000.0,Manual,first,Diesel,775000
Tata,Nano,2014,10,74000.0,Manual,first,Hybrid/CNG,140000
Maruti Suzuki,Ertiga,2018,6,76000.0,Manual,second,Hybrid/CNG,695000
Land Rover,Range Rover,2019,5,110000.0,Automatic,second,Diesel,14000000
Toyota,Innova,2013,11,130000.0,Manual,first,Diesel,700000
Maruti Suzuki,Sx4,2010,14,123000.0,Manual,second,Petrol,210000
Hyundai,Verna,2020,4,49500.0,Automatic,first,Petrol,1099000
Renault,Triber,2021,3,58000.0,Automatic,second,Petrol,475000
Hyundai,EON,2015,9,3586.0,Manual,first,Petrol,160000
Mahindra,Marazzo,2019,5,40000.0,Automatic,first,Diesel,850000
Ford,Endeavour,2016,8,99000.0,Automatic,second,Diesel,1650000
Nissan,Sunny,2011,13,52000.0,Manual,first,Petrol,199000
Toyota,Fortuner,2018,6,90000.0,Automatic,second,Diesel,3485000
Maruti Suzuki,Wagon-R-1-0,2021,3,28000.0,Manual,first,Hybrid/CNG,485000
Ford,Endeavour,2021,3,45000.0,Automatic,first,Diesel,3583000
Fiat,Linea,2010,14,112000.0,Manual,second,Diesel,290000
Hyundai,i20,2011,13,64000.0,Manual,second,Hybrid/CNG,255000
Volkswagen,Tiguan,2018,6,74656.0,Automatic,first,Diesel,1850000
Hyundai,Creta,2016,8,75000.0,Manual,second,Diesel,985000
Maruti Suzuki,Swift-Dzire,2016,8,61000.0,Manual,second,Diesel,565000
Maruti Suzuki,Alto-800,2017,7,72000.0,Manual,second,Petrol,260000
Maruti Suzuki,Gypsy,2014,10,120000.0,Manual,second,Petrol,420000
Maruti Suzuki,Wagon-R,2020,4,73500.0,Manual,first,Hybrid/CNG,550000
Toyota,Etios,2015,9,203000.0,Manual,second,Diesel,450000
Maruti Suzuki,Alto-800,2022,2,140000.0,Automatic,first,Hybrid/CNG,400000
Toyota,Corolla Altis,2009,15,84000.0,Manual,second,Hybrid/CNG,145000
Hyundai,Venue,2022,2,39000.0,Manual,second,Petrol,955000
Hyundai,Creta,2016,8,78000.0,Manual,second,Diesel,825000
Maruti Suzuki,Ertiga,2021,3,64000.0,Automatic,first,Hybrid/CNG,950000
Hyundai,Verna,2018,6,48000.0,Automatic,second,Petrol,899999
Maruti Suzuki,Wagon-R,2020,4,40000.0,Manual,second,Hybrid/CNG,525000
Audi,A6,2016,8,63000.0,Automatic,second,Petrol,1735000
Hyundai,Aura,2023,1,40000.0,Manual,first,Hybrid/CNG,730000
Honda,City,2009,15,73000.0,Automatic,second,Hybrid/CNG,290000
Toyota,Innova,2014,10,50999.0,Manual,second,Diesel,1350000
Maruti Suzuki,Baleno,2017,7,66500.0,Manual,first,Petrol,665000
Hyundai,Verna,2018,6,63000.0,Manual,first,Diesel,870000
BMW,5 Series,2022,2,17000.0,Automatic,first,Diesel,6250000
Maruti Suzuki,Baleno,2020,4,17500.0,Automatic,first,Petrol,595000
Hyundai,Santro Xing,2009,15,102000.0,Manual,second,Hybrid/CNG,159000
Mercedes-Benz,C-Class,2016,8,53000.0,Automatic,first,Diesel,3800000
Hyundai,i20,2016,8,37200.0,Manual,second,Petrol,590000
Maruti Suzuki,Alto-800,2012,12,85000.0,Manual,second,Hybrid/CNG,100000
Maruti Suzuki,Sx4,2011,13,68538.0,Manual,second,Hybrid/CNG,175000
Maruti Suzuki,Celerio,2017,7,710000.0,Automatic,first,Petrol,425000
Maruti Suzuki,Ertiga,2021,3,110000.0,Manual,first,Hybrid/CNG,1051000
Hyundai,Grand i10 Nios,2021,3,40000.0,Automatic,first,Petrol,625000
Kia,Sonet,2022,2,69726.0,Manual,first,Diesel,1050000
Maruti Suzuki,S-Presso,2020,4,52000.0,Automatic,first,Petrol,490000
Kia,Carnival,2022,2,39000.0,Automatic,first,Diesel,3100000
Maruti Suzuki,XL6,2019,5,71000.0,Automatic,first,Petrol,925000
Maruti Suzuki,Ritz,2010,14,74000.0,Manual,first,Hybrid/CNG,145000
Maruti Suzuki,Eeco,2018,6,0.0,Manual,second,Hybrid/CNG,350000
Maruti Suzuki,Eeco,2014,10,720000.0,Manual,first,Hybrid/CNG,350000
Maruti Suzuki,Wagon-R,2021,3,113707.0,Manual,first,Petrol,485000
Maruti Suzuki,Ritz,2016,8,66000.0,Manual,first,Diesel,290000
Maruti Suzuki,Wagon-R,2010,14,58888.0,Manual,second,Hybrid/CNG,199000
Hyundai,Creta,2018,6,50480.0,Automatic,first,Diesel,1250001
Maruti Suzuki,Swift,2012,12,77000.0,Manual,first,Diesel,299000
Audi,A4,2015,9,76000.0,Automatic,second,Petrol,1450000
Maruti Suzuki,Zen-Estilo,1998,26,65137.5,Manual,second,Petrol,27000
Renault,Duster,2015,9,138624.0,Manual,first,Diesel,420000
Hyundai,Fluidic Verna,2014,10,43000.0,Manual,second,Petrol,550000
Honda,Amaze,2015,9,82000.0,Manual,second,Hybrid/CNG,299000
Mahindra,Verito,2011,13,220000.0,Manual,second,Diesel,235000
Maruti Suzuki,Wagon-R,2022,2,16000.0,Manual,first,Hybrid/CNG,560000
Mahindra,XUV500,2012,12,73000.0,Manual,second,Diesel,365000
Toyota,Urban Cruiser Hyryder,2022,2,38000.0,Automatic,first,Hybrid/CNG,1550000
Maruti Suzuki,Baleno,2023,1,27164.0,Automatic,first,Hybrid/CNG,905000
Honda,City,2011,13,174988.0,Automatic,second,Hybrid/CNG,199500
Ford,Ecosport,2013,11,65000.0,Manual,second,Diesel,400000
Hyundai,Verna,2013,11,90000.0,Manual,second,Diesel,529000
Tata,Indica V2,2003,21,80000.0,Manual,second,Diesel,49000
Tata,Safari,2012,12,79800.0,Manual,second,Diesel,285000
Tata,Hexa,2017,7,99000.0,Automatic,first,Diesel,999000
Maruti Suzuki,Ertiga,2016,8,74000.0,Automatic,first,Hybrid/CNG,689000
Jaguar,XF,2011,13,98000.0,Automatic,first,Diesel,1250000
Maruti Suzuki,Vitara-Brezza,2016,8,128000.0,Manual,first,Diesel,765000
Toyota,Corolla Altis,2015,9,68000.0,Automatic,second,Hybrid/CNG,777777
Maruti Suzuki,Alto,2013,11,72000.0,Manual,second,Hybrid/CNG,160000
BMW,X5,2018,6,55000.0,Automatic,first,Diesel,4400000
Maruti Suzuki,Omni,2005,19,91000.0,Manual,second,Petrol,130000
Ford,Endeavour,2017,7,200000.0,Automatic,first,Diesel,1990000
Honda,CRV,2014,10,65000.0,Automatic,first,Petrol,750000
Maruti Suzuki,Celerio,2015,9,52000.0,Automatic,second,Hybrid/CNG,330000
Maruti Suzuki,Celerio,2016,8,34000.0,Automatic,second,Petrol,399999
Maruti Suzuki,Alto,2012,12,90000.0,Manual,second,Hybrid/CNG,85000
BMW,6 Series GT,2019,5,85000.0,Automatic,first,Petrol,3400000
Skoda,Rapid,2019,5,77873.0,Manual,first,Petrol,640000
Mahindra,Thar,2022,2,98000.0,Automatic,first,Diesel,1600000
Toyota,Camry,2016,8,65000.0,Automatic,first,Hybrid/CNG,1650000
Hyundai,i20,2019,5,48000.0,Manual,first,Hybrid/CNG,660000
Ford,Figo Aspire,2016,8,45000.0,Manual,second,Petrol,345000
Maruti Suzuki,Ertiga,2020,4,780000.0,Automatic,first,Hybrid/CNG,949999
Maruti Suzuki,Eeco,2019,5,88000.0,Automatic,first,Hybrid/CNG,455000
Maruti Suzuki,Swift-Dzire,2015,9,81000.0,Manual,second,Hybrid/CNG,525000
Honda,Jazz,2016,8,66000.0,Automatic,second,Petrol,490000
Maruti Suzuki,Ritz,2014,10,145999.0,Manual,first,Diesel,375000
Toyota,Innova Crysta,2018,6,188000.0,Manual,first,Diesel,1500000
Maruti Suzuki,Swift-Dzire,2018,6,210000.0,Manual,second,Diesel,500000
Ford,Fiesta,2011,13,175000.0,Manual,second,Diesel,250000
Maruti Suzuki,Ciaz,2016,8,62982.0,Manual,second,Petrol,625000
Hyundai,Grand i10 Nios,2021,3,19500.0,Manual,second,Petrol,575000
Hyundai,Grand i10 Nios,2020,4,47523.0,Manual,first,Petrol,495000
Maruti Suzuki,Swift-Dzire,2018,6,130000.0,Manual,first,Petrol,600000
Tata,Indigo Cs,2010,14,164000.0,Manual,second,Diesel,125000
Hyundai,New Santro,2006,18,20.0,Automatic,second,Hybrid/CNG,90000
Maruti Suzuki,Swift,2015,9,74000.0,Manual,second,Petrol,390000
Maruti Suzuki,Wagon-R,2022,2,63000.0,Manual,first,Hybrid/CNG,590000
Jeep,Wrangler,2022,2,15000.0,Automatic,first,Petrol,7000000
Maruti Suzuki,800,2009,15,40.0,Automatic,first,Petrol,62000
Toyota,Innova Crysta,2019,5,55000.0,Automatic,first,Diesel,2230000
Hyundai,Grand i10,2017,7,82000.0,Automatic,first,Hybrid/CNG,475000
Honda,City,2016,8,52000.0,Manual,first,Petrol,499000
Maruti Suzuki,Wagon R,2017,7,52000.0,Manual,first,Hybrid/CNG,350000
Mercedes-Benz,GLE Class,2020,4,19000.0,Automatic,first,Diesel,8050000
Maruti Suzuki,Wagon-R,2022,2,22000.0,Automatic,first,Petrol,600000
Volvo,XC60,2023,1,9700.0,Automatic,first,Petrol,6000000
Hyundai,Verna,2016,8,55000.0,Automatic,second,Petrol,280000
BMW,7 Series,2017,7,58900.0,Automatic,second,Diesel,4850000
Kia,Seltos,2022,2,48000.0,Manual,second,Diesel,1190000
Mahindra,Scorpio,2022,2,69120.0,Manual,first,Diesel,1595000
Hyundai,Verna,2019,5,29000.0,Automatic,second,Petrol,1000000
Renault,KWID,2022,2,17000.0,Manual,first,Petrol,400000
Volkswagen,VentoTest,2012,12,68000.0,Manual,second,Diesel,390000
Mercedes-Benz,GLA,2022,2,25700.0,Automatic,first,Diesel,4700000
Maruti Suzuki,Ertiga,2024,0,28.0,Automatic,first,Hybrid/CNG,1320000
Tata,Nexon,2019,5,70000.0,Manual,first,Diesel,575000
Maruti Suzuki,Ritz,2010,14,75000.0,Manual,second,Petrol,240000
Hyundai,Grand i10,2019,5,54252.0,Automatic,first,Petrol,525000
Toyota,Corolla Altis,2014,10,78000.0,Automatic,second,Hybrid/CNG,575000
Hyundai,Santa Fe,2015,9,95000.0,Automatic,second,Diesel,850000
Tata,Nano Genx,2015,9,26000.0,Automatic,first,Petrol,250000
Mercedes-Benz,C-Class,2011,13,60000.0,Automatic,first,Petrol,1150000
Ford,Ecosport,2014,10,110000.0,Manual,second,Petrol,350000
Maruti Suzuki,Ciaz,2018,6,50000.0,Automatic,first,Hybrid/CNG,599000
Hyundai,i20,2010,14,82487.0,Automatic,second,Petrol,279999
Maruti Suzuki,Ciaz,2018,6,35000.0,Automatic,first,Hybrid/CNG,945000
Maruti Suzuki,Swift-Dzire,2017,7,85000.0,Automatic,second,Diesel,560000
Honda,City,2010,14,96000.0,Automatic,second,Hybrid/CNG,299000
Maruti Suzuki,Wagon-R,2019,5,44000.0,Automatic,first,Hybrid/CNG,430000
Volkswagen,Polo,2014,10,90000.0,Manual,second,Petrol,398888
Maruti Suzuki,Omni,2010,14,100000.0,Manual,second,Hybrid/CNG,110000
Maruti Suzuki,Ertiga,2015,9,75000.0,Manual,second,Hybrid/CNG,650000
Renault,KWID,2018,6,60000.0,Automatic,first,Petrol,405000
Mahindra,Scorpio,2021,3,59642.0,Manual,first,Diesel,1170000
Renault,Duster,2018,6,100000.0,Manual,first,Diesel,835000
Hyundai,Verna,2019,5,72000.0,Manual,second,Diesel,777000
Toyota,Innova Crysta,2017,7,110000.0,Automatic,second,Diesel,1563000
Maruti Suzuki,Baleno,2016,8,68000.0,Automatic,second,Hybrid/CNG,489999
Tata,Altroz,2020,4,26000.0,Manual,first,Petrol,759000
Hyundai,Grand i10,2018,6,75000.0,Manual,second,Hybrid/CNG,399000
Maruti Suzuki,Alto,2010,14,76000.0,Manual,second,Petrol,208000
BMW,X1,2020,4,45000.0,Automatic,first,Petrol,3700000
Hyundai,Creta,2018,6,76500.0,Manual,first,Diesel,800000
Porsche,Cayenne,2011,13,56000.0,Automatic,second,Diesel,1320000
Mahindra,XUV 300,2022,2,12000.0,Manual,first,Petrol,949000
Maruti Suzuki,Wagon R,2020,4,36230.0,Automatic,first,Petrol,625000
Toyota,Innova Hycross,2022,2,35000.0,Automatic,first,Petrol,2200000
Mahindra,Xylo,2013,11,10.0,Manual,second,Diesel,198000
Maruti Suzuki,Celerio,2018,6,73000.0,Automatic,first,Petrol,475000
Hyundai,Santro Xing,2012,12,97000.0,Manual,second,Petrol,150000
Toyota,Fortuner,2017,7,63000.0,Automatic,second,Diesel,3300000
Honda,Brio,2012,12,90000.0,Manual,first,Petrol,290000
Toyota,Land Cruiser,2009,15,120000.0,Automatic,second,Diesel,4200000
Hyundai,Creta,2017,7,45000.0,Automatic,first,Petrol,869000
Honda,City,2017,7,29000.0,Automatic,second,Petrol,775000
Maruti Suzuki,Swift,2019,5,30000.0,Manual,first,Petrol,610000
Renault,Triber,2024,0,12000.0,Manual,first,Petrol,625000
Maruti Suzuki,Ciaz,2016,8,83000.0,Manual,second,Hybrid/CNG,450000
Mahindra,Thar,2022,2,7500.0,Automatic,first,Petrol,1250000
Hyundai,Creta,2016,8,84000.0,Automatic,first,Diesel,725000
Honda,City,2012,12,74000.0,Automatic,second,Hybrid/CNG,310000
Maruti Suzuki,Sx4,2012,12,67000.0,Manual,second,Hybrid/CNG,290000
Maruti Suzuki,Swift,2019,5,71000.0,Automatic,first,Petrol,649000
Chevrolet,Spark,2011,13,68892.0,Manual,first,Petrol,92000
Maruti Suzuki,Ertiga,2022,2,14000.0,Manual,first,Hybrid/CNG,1109000
Tata,Indica V2,2015,9,96000.0,Manual,second,Diesel,149000
Maruti Suzuki,Omni,2016,8,36000.0,Manual,first,Hybrid/CNG,275000
Maruti Suzuki,S-Presso,2019,5,55000.0,Automatic,first,Hybrid/CNG,395000
BMW,5 Series,2020,4,65000.0,Automatic,second,Diesel,4800000
Honda,City,2014,10,86000.0,Automatic,second,Hybrid/CNG,469000
Toyota,Innova Crysta,2020,4,55000.0,Automatic,first,Diesel,2600000
Maruti Suzuki,Fronx ,2024,0,8000.0,Manual,first,Petrol,100000
Maruti Suzuki,Wagon-R,2015,9,80000.0,Automatic,first,Hybrid/CNG,280000
Volkswagen,VentoTest,2017,7,78000.0,Automatic,second,Petrol,565000
Skoda,Fabia,2012,12,67000.0,Manual,first,Diesel,150000
BMW,3 Series,2014,10,48000.0,Automatic,first,Diesel,1425000
Hyundai,Creta,2018,6,110000.0,Manual,first,Diesel,1125000
Toyota,Fortuner,2013,11,110000.0,Manual,second,Diesel,1353000
Maruti Suzuki,Baleno,2016,8,90000.0,Manual,second,Diesel,540000
Maruti Suzuki,Wagon-R-1-0,2011,13,72000.0,Manual,second,Hybrid/CNG,140000
Ford,Endeavour,2016,8,56000.0,Automatic,second,Diesel,2250000
Hyundai,Grand i10 Nios,2020,4,46000.0,Automatic,first,Hybrid/CNG,590000
Maruti Suzuki,Swift-Dzire,2013,11,102000.0,Manual,second,Petrol,360000
Hyundai,Grand i10,2018,6,57000.0,Manual,second,Hybrid/CNG,399999
Maruti Suzuki,Wagon-R-1-0,2011,13,78000.0,Manual,first,Hybrid/CNG,221000
Hyundai,i20,2011,13,80000.0,Automatic,second,Hybrid/CNG,220000
Hyundai,i10,2013,11,85200.0,Automatic,second,Hybrid/CNG,321000
Toyota,Camry,2014,10,122000.0,Automatic,second,Petrol,899000
Tata,Punch ,2022,2,7900.0,Automatic,second,Petrol,890000
Honda,Amaze,2019,5,72000.0,Manual,first,Hybrid/CNG,451000
Maruti Suzuki,Baleno,2018,6,108000.0,Manual,second,Diesel,550000
Maruti Suzuki,800,1986,38,68000.0,Manual,second,Petrol,120000
Toyota,Urban Cruiser Hyryder,2022,2,36240.0,Manual,first,Petrol,1550000
Hyundai,Accent Hatchback,2005,19,150000.0,Manual,first,Petrol,95000
Renault,Triber,2019,5,39892.0,Manual,first,Petrol,560000
Mahindra,Xylo,2016,8,220000.0,Manual,second,Diesel,465000
Tata,Nexon,2020,4,105800.0,Automatic,first,Petrol,675000
Maruti Suzuki,Eeco,2017,7,85000.0,Automatic,second,Hybrid/CNG,460000
Maruti Suzuki,Swift-Dzire,2024,0,15000.0,Manual,first,Hybrid/CNG,280000
Honda,City,2016,8,64000.0,Manual,first,Hybrid/CNG,585000
Maruti Suzuki,Baleno,2020,4,37000.0,Manual,first,Petrol,665000
Honda,City,2021,3,20000.0,Automatic,second,Petrol,1325000
Volkswagen,VentoTest,2011,13,67000.0,Automatic,second,Hybrid/CNG,450000
Toyota,Etios Liva,2019,5,112500.0,Manual,second,Diesel,850000
Hyundai,Aura,2020,4,94000.0,Automatic,second,Diesel,750000
Maruti Suzuki,Baleno,2016,8,72000.0,Automatic,second,Petrol,545000
Mercedes-Benz,C-Class,2003,21,87000.0,Automatic,second,Petrol,265000
Maruti Suzuki,Omni,2019,5,1.0,Manual,second,Diesel,365000
Audi,A4,2013,11,25000.0,Manual,first,Diesel,950000
Honda,City,2010,14,189000.0,Manual,first,Hybrid/CNG,300000
Renault,KWID,2016,8,38000.0,Manual,second,Petrol,235000
Hyundai,Verna,2017,7,63000.0,Manual,second,Hybrid/CNG,515000
Tata,Manza,2012,12,75000.0,Manual,second,Hybrid/CNG,145000
Maruti Suzuki,Invicto,2023,1,6100.0,Automatic,second,Hybrid/CNG,2800000
Maruti Suzuki,Ertiga,2021,3,64000.0,Manual,first,Hybrid/CNG,899000
Honda,CRV,2008,16,95000.0,Automatic,second,Hybrid/CNG,250000
Maruti Suzuki,Wagon-R-1-0,2018,6,150000.0,Automatic,first,Hybrid/CNG,220000
Renault,Lodgy,2016,8,86000.0,Manual,first,Diesel,375001
Hyundai,Verna,2012,12,120000.0,Automatic,second,Diesel,450000
Hyundai,EON,2012,12,48449.0,Manual,second,Petrol,210000
Mercedes-Benz,SL-Class,2024,0,1400.0,Automatic,first,Petrol,24500000
Maruti Suzuki,Wagon-R,2014,10,123000.0,Manual,second,Petrol,350000
Hyundai,i20,2012,12,74000.0,Manual,first,Diesel,295000
Skoda,Slavia,2022,2,84000.0,Automatic,first,Petrol,1030000
Toyota,Fortuner,2015,9,95000.0,Manual,second,Diesel,1145000
Hyundai,Elite i20,2020,4,64259.0,Manual,second,Hybrid/CNG,636000
Maruti Suzuki,Celerio,2019,5,85000.0,Manual,second,Hybrid/CNG,449000
Honda,Amaze,2018,6,68000.0,Automatic,first,Hybrid/CNG,550000
Maruti Suzuki,Ertiga,2016,8,90000.0,Manual,second,Hybrid/CNG,689000
Maruti Suzuki,Alto-800,2019,5,17405.0,Manual,first,Petrol,325000
Maruti Suzuki,Baleno,2019,5,75000.0,Automatic,second,Petrol,650000
Ford,Ecosport,2021,3,42850.0,Manual,first,Diesel,900000
Toyota,Fortuner,2018,6,50200.0,Automatic,second,Diesel,2400000
Audi,A4,2012,12,68000.0,Automatic,second,Diesel,750000
Kia,Seltos,2022,2,39000.0,Automatic,first,Diesel,1825000
Maruti Suzuki,Wagon-R,2017,7,58670.0,Manual,first,Petrol,365000
Maruti Suzuki,Ciaz,2019,5,43000.0,Automatic,second,Hybrid/CNG,520000
Tata,Vista Tech,2011,13,138000.0,Manual,first,Diesel,222200
Maruti Suzuki,Wagon-R,2016,8,62000.0,Automatic,second,Petrol,365000
Maruti Suzuki,Wagon-R-1-0,2009,15,72000.0,Manual,second,Hybrid/CNG,115000
Hyundai,Grand i10,2017,7,39510.0,Automatic,second,Petrol,425100
Maruti Suzuki,Wagon-R,2016,8,42000.0,Automatic,first,Petrol,311000
Hyundai,EON,2016,8,45000.0,Manual,first,Hybrid/CNG,275000
Honda,Amaze,2015,9,50000.0,Manual,first,Petrol,249991
Maruti Suzuki,Ertiga,2019,5,59000.0,Automatic,first,Hybrid/CNG,1150000
Toyota,Innova Crysta,2022,2,55000.0,Automatic,first,Diesel,2050000
Honda,Amaze,2017,7,85500.0,Manual,second,Hybrid/CNG,295000
Toyota,Fortuner,2018,6,38000.0,Automatic,first,Diesel,2975000
Maruti Suzuki,Eeco,2021,3,47000.0,Automatic,first,Hybrid/CNG,505000
Chevrolet,Beat,2015,9,61000.0,Manual,second,Diesel,184000
Maruti Suzuki,Ignis,2017,7,48125.0,Manual,first,Petrol,435000
Honda,Amaze,2021,3,119000.0,Automatic,first,Diesel,900000
Maruti Suzuki,Brezza,2017,7,56000.0,Manual,second,Diesel,620000
Toyota,Innova Crysta,2018,6,99500.0,Automatic,second,Diesel,1949000
Hyundai,Tucson,2017,7,55000.0,Automatic,first,Diesel,1190000
Chevrolet,Captiva,2012,12,175300.0,Automatic,second,Diesel,395000
MG,Hector,2020,4,96000.0,Manual,first,Diesel,1275000
Hyundai,i20,2018,6,43000.0,Manual,first,Petrol,595000
Honda,City,2015,9,90200.0,Automatic,second,Hybrid/CNG,475000
Hyundai,Xcent Prime,2018,6,130000.0,Manual,second,Hybrid/CNG,195000
Maruti Suzuki,Ertiga,2021,3,64035.0,Manual,first,Hybrid/CNG,975000
Hyundai,Verna,2007,17,79000.0,Manual,second,Hybrid/CNG,190000
Hyundai,Creta,2018,6,54000.0,Automatic,second,Diesel,899000
Maruti Suzuki,Wagon R,2011,13,68000.0,Manual,second,Hybrid/CNG,190000
Tata,Hexa,2017,7,77652.0,Automatic,second,Diesel,725000
Honda,Amaze,2022,2,25000.0,Automatic,first,Petrol,805000
BMW,3 Series,2014,10,50000.0,Automatic,first,Diesel,1425000
Datsun,GO Plus,2017,7,50000.0,Automatic,first,Hybrid/CNG,330000
Hyundai,i10,2011,13,75000.0,Automatic,second,Hybrid/CNG,325000
MG,Hector Plus,2023,1,10300.0,Automatic,second,Petrol,2125000
Hyundai,i10,2009,15,115000.0,Automatic,second,Hybrid/CNG,170000
Hyundai,Grand i10,2017,7,45000.0,Manual,first,Hybrid/CNG,375000
Honda,Jazz,2019,5,62000.0,Automatic,first,Petrol,650000
Hyundai,Creta,2019,5,110000.0,Automatic,first,Diesel,1290000
Maruti Suzuki,Wagon-R,2014,10,56000.0,Automatic,second,Hybrid/CNG,260000
Ford,Endeavour,2020,4,85000.0,Automatic,first,Diesel,2985000
Skoda,Kushaq,2022,2,24000.0,Manual,first,Petrol,1250000
Toyota,Innova Crysta,2021,3,90000.0,Automatic,first,Diesel,1975000
Volvo,S90,2018,6,76000.0,Automatic,first,Diesel,2750000
Toyota,Fortuner,2015,9,84000.0,Automatic,first,Diesel,1175000
Maruti Suzuki,Eeco,2020,4,36000.0,Automatic,first,Hybrid/CNG,475000
Maruti Suzuki,Swift-Dzire,2016,8,108000.0,Manual,first,Diesel,565000
Hyundai,Eon,2017,7,24200.0,Automatic,second,Hybrid/CNG,300000
Audi,A3 Cabriolet,2016,8,37909.0,Automatic,second,Petrol,2899999
Hyundai,i20,2012,12,65606.0,Manual,second,Hybrid/CNG,211000
Ashok,Leyland Stile,2024,0,0.0,Automatic,first,Hybrid/CNG,32000
Mahindra,XUV500,2014,10,70000.0,Manual,first,Diesel,799000
Hyundai,i10,2009,15,55000.0,Automatic,second,Petrol,225000
Renault,Duster,2016,8,72000.0,Automatic,second,Diesel,400000
Audi,A6,2022,2,50000.0,Automatic,second,Petrol,4500000
Maruti Suzuki,Wagon-R,2023,1,85000.0,Automatic,first,Hybrid/CNG,210000
Maruti Suzuki,Swift,2022,2,40000.0,Automatic,first,Petrol,765000
Volkswagen,Polo,2017,7,70677.0,Manual,first,Petrol,549000
Maruti Suzuki,Ciaz,2014,10,63079.0,Manual,first,Petrol,261000
Honda,City ZX,2005,19,105000.0,Manual,second,Petrol,130000
Maruti Suzuki,Swift-Dzire,2021,3,56000.0,Manual,first,Petrol,625000
Maruti Suzuki,Estilo,2009,15,72000.0,Manual,second,Petrol,159000
Jeep,Wrangler,2023,1,7000.0,Automatic,first,Petrol,6090000
Mercedes-Benz,CLA,2019,5,42000.0,Automatic,first,Petrol,2800000
BMW,X5,2016,8,71000.0,Automatic,second,Diesel,3000000
Volkswagen,Jetta,2012,12,175000.0,Manual,second,Diesel,400000
Hyundai,Tucson,2017,7,85000.0,Automatic,second,Diesel,999999
Maruti Suzuki,Wagon R,2013,11,80000.0,Manual,second,Hybrid/CNG,235000
Hyundai,Grand i10 Nios,2021,3,30941.0,Manual,second,Hybrid/CNG,625000
Maruti Suzuki,Wagon-R,2016,8,55962.0,Manual,second,Hybrid/CNG,215500
Maruti Suzuki,Alto-800,2017,7,78000.0,Automatic,first,Hybrid/CNG,290000
Mahindra,Thar,2022,2,14000.0,Automatic,second,Hybrid/CNG,1600000
Toyota,Innova,2012,12,98000.0,Manual,second,Diesel,850000
Toyota,Fortuner,2015,9,155000.0,Automatic,second,Diesel,1275000
Kia,Seltos,2022,2,17000.0,Automatic,first,Petrol,1575000
Kia,Sonet,2021,3,17451.0,Automatic,first,Petrol,1265000
Maruti Suzuki,S-Presso,2022,2,12000.0,Automatic,first,Petrol,520000
Toyota,Urban Cruiser Hyryder,2023,1,18246.0,Automatic,first,Hybrid/CNG,1950000
Datsun,Redi Go,2016,8,53000.0,Manual,second,Hybrid/CNG,290000
Hyundai,i20,2014,10,68000.0,Manual,second,Hybrid/CNG,385000
Toyota,Innova,2016,8,215000.0,Manual,second,Diesel,1245000
Hyundai,Creta,2017,7,54000.0,Automatic,first,Diesel,1250000
Honda,Amaze,2013,11,85000.0,Manual,second,Diesel,299000
Hyundai,Xcent,2018,6,134286.0,Manual,second,Diesel,365000
Toyota,Etios,2018,6,87600.0,Manual,second,Diesel,455000
Tata,Nexon,2021,3,26000.0,Automatic,first,Hybrid/CNG,895000
Honda,City,2015,9,138753.0,Manual,second,Diesel,330000
Maruti Suzuki,S-Cross1,2018,6,167000.0,Manual,second,Diesel,715999
Hyundai,i20,2018,6,77665.0,Manual,first,Petrol,599000
Maruti Suzuki,Ciaz,2019,5,53000.0,Automatic,first,Hybrid/CNG,825000
Honda,Amaze,2015,9,83000.0,Manual,second,Hybrid/CNG,325000
Mercedes-Benz,A-Class Limousine,2023,1,6700.0,Automatic,first,Petrol,3825000
Chevrolet,Beat,2012,12,82098.0,Manual,second,Diesel,165000
BMW,5 Series,2018,6,37000.0,Automatic,first,Diesel,4800000
Hyundai,i10,2010,14,42000.0,Manual,first,Petrol,172000
Maruti Suzuki,Wagon-R,2012,12,65000.0,Manual,first,Hybrid/CNG,285000
Honda,Amaze,2015,9,82000.0,Automatic,first,Petrol,390000
Mahindra,XUV500,2015,9,75000.0,Manual,first,Diesel,545000
Maruti Suzuki,Celerio,2018,6,75698.0,Manual,second,Petrol,430000
Toyota,Innova,2014,10,324900.0,Manual,first,Diesel,829999
Land Rover,Discovery Sport,2018,6,93000.0,Automatic,second,Diesel,2750000
Toyota,Fortuner,2017,7,95000.0,Automatic,second,Diesel,2625000
Maruti Suzuki,Swift,2012,12,75211.0,Manual,second,Petrol,325000
Maruti Suzuki,Wagon-R,2012,12,120000.0,Automatic,second,Hybrid/CNG,155000
Maruti Suzuki,Wagon-R,2021,3,60000.0,Manual,second,Hybrid/CNG,570000
Maruti Suzuki,Eeco,2018,6,82000.0,Automatic,second,Hybrid/CNG,350000
Jeep,Compass,2018,6,40000.0,Automatic,second,Petrol,1150000
Hyundai,i20,2018,6,88250.0,Manual,first,Diesel,825000
Hyundai,i10,2016,8,74156.0,Manual,second,Hybrid/CNG,295000
Toyota,Etios Liva,2011,13,90000.0,Manual,second,Hybrid/CNG,295000
Volkswagen,Beetle,2009,15,38000.0,Automatic,second,Petrol,2800000
Maruti Suzuki,Ignis,2022,2,38000.0,Manual,first,Petrol,490000
Hyundai,i20,2023,1,4431.0,Manual,first,Petrol,1090000
Maruti Suzuki,Wagon-R-1-0,2017,7,85000.0,Manual,second,Hybrid/CNG,340000
Ford,Fiesta,2006,18,80000.0,Manual,second,Hybrid/CNG,110000
Hyundai,Creta,2015,9,74000.0,Manual,second,Diesel,649000
Toyota,Innova Crysta,2021,3,7500.0,Automatic,first,Diesel,3310000
Toyota,Innova,2012,12,65000.0,Manual,second,Diesel,680000
Maruti Suzuki,Swift-Dzire,2015,9,1000.0,Automatic,first,Hybrid/CNG,150000
Isuzu,D-Max V-Cross,2020,4,66658.0,Manual,first,Diesel,1695000
Maruti Suzuki,Wagon R,2009,15,72000.0,Manual,second,Petrol,129999
Toyota,Corolla Altis,2011,13,75000.0,Automatic,first,Hybrid/CNG,250000
Mahindra,KUV 100,2016,8,70000.0,Manual,first,Petrol,269000
Hyundai,i10,2010,14,86000.0,Automatic,second,Hybrid/CNG,180000
Maruti Suzuki,Swift,2022,2,23000.0,Manual,first,Petrol,698000
Nissan,Kicks,2019,5,54000.0,Manual,first,Petrol,645000
Toyota,Corolla Altis,2014,10,68000.0,Automatic,first,Hybrid/CNG,585000
Honda,Jazz,2019,5,6585.0,Manual,first,Petrol,300000
Hyundai,Aura,2024,0,3500.0,Manual,first,Hybrid/CNG,700000
Renault,KWID,2018,6,53000.0,Automatic,second,Hybrid/CNG,375000
Skoda,Rapid,2015,9,72000.0,Automatic,second,Diesel,474000
Maruti Suzuki,Alto-800,2010,14,87000.0,Manual,second,Hybrid/CNG,95000
Maruti Suzuki,Swift-Dzire,2012,12,156300.0,Manual,second,Petrol,300000
Mercedes-Benz,C-Class,2021,3,6000.0,Automatic,first,Diesel,4650000
Hyundai,Venue,2020,4,18000.0,Automatic,first,Petrol,950000
Maruti Suzuki,Sx4,2011,13,90000.0,Automatic,second,Hybrid/CNG,240000
Honda,City,2015,9,61000.0,Automatic,first,Hybrid/CNG,530000
Mercedes-Benz,AMG C 43,2016,8,35000.0,Automatic,second,Petrol,4850000
Maruti Suzuki,Swift,2013,11,150000.0,Manual,second,Petrol,320000
Kia,Seltos,2020,4,50000.0,Automatic,first,Diesel,1350000
BMW,X6,2015,9,49000.0,Automatic,second,Petrol,6800000
Maruti Suzuki,Wagon-R,2021,3,65000.0,Manual,first,Hybrid/CNG,450000
Bentley,Flying Spur,2017,7,22000.0,Automatic,first,Petrol,18500000
Maruti Suzuki,Eeco,2020,4,75000.0,Manual,second,Hybrid/CNG,411000
Maruti Suzuki,Wagon-R-1-0,2017,7,63000.0,Manual,first,Hybrid/CNG,345000
Volkswagen,Taigun,2021,3,19000.0,Automatic,second,Petrol,1180000
Toyota,Corolla Altis,2013,11,28001.0,Manual,first,Diesel,575000
Maruti Suzuki,Celerio,2014,10,77000.0,Automatic,first,Petrol,260000
Mahindra,Jeep,1994,30,0.0,Manual,second,Diesel,295000
Audi,Q3,2014,10,84000.0,Automatic,second,Diesel,850000
Maruti Suzuki,Celerio,2018,6,70000.0,Manual,second,Hybrid/CNG,395000
Honda,City,2019,5,32500.0,Manual,second,Hybrid/CNG,725000
Maruti Suzuki,Wagon-R-1-0,2012,12,67000.0,Manual,second,Hybrid/CNG,240000
Chevrolet,Tavera,2015,9,120000.0,Manual,second,Diesel,560000
Mahindra,Alturas G4,2019,5,60000.0,Automatic,first,Diesel,1900000
Honda,Brio,2016,8,64000.0,Manual,second,Hybrid/CNG,285000
Maruti Suzuki,Eeco,2015,9,64000.0,Manual,first,Hybrid/CNG,435000
Hyundai,Santro Xing,2009,15,128000.0,Automatic,first,Hybrid/CNG,60000
Maruti Suzuki,Wagon-R,2020,4,6000.0,Manual,first,Petrol,550000
Maruti Suzuki,Baleno,2017,7,58000.0,Manual,first,Diesel,651000
Hyundai,Creta,2021,3,63000.0,Automatic,first,Diesel,1550000
Maruti Suzuki,Omni,2013,11,72000.0,Manual,second,Hybrid/CNG,235000
Renault,Duster,2014,10,128000.0,Manual,second,Diesel,378000
Toyota,Innova,2015,9,145500.0,Manual,first,Diesel,1240000
Renault,KWID,2019,5,90000.0,Manual,second,Petrol,325000
Volvo,XC 90,2019,5,40000.0,Automatic,first,Diesel,6900000
Tata,Tiago,2018,6,56000.0,Manual,first,Petrol,260000
Mahindra,TUV,2016,8,78000.0,Automatic,second,Diesel,585000
Mercedes-Benz,C Class,2011,13,96500.0,Automatic,second,Diesel,580000
Renault,Duster,2013,11,87000.0,Manual,second,Diesel,435000
Maruti Suzuki,Baleno,2015,9,87000.0,Manual,second,Diesel,550000
Maruti Suzuki,Celerio,2014,10,51000.0,Manual,second,Petrol,370000
Hyundai,Creta,2018,6,120000.0,Manual,first,Hybrid/CNG,726000
Hyundai,i10,2013,11,64000.0,Automatic,second,Petrol,329000
BMW,3 Series,2010,14,150000.0,Automatic,second,Diesel,650000
Maruti Suzuki,Alto-K10,2008,16,82000.0,Automatic,second,Petrol,180000
Tata,Nexon,2021,3,67000.0,Manual,first,Diesel,890000
Maruti Suzuki,Omni,2018,6,50000.0,Automatic,first,Hybrid/CNG,250000
Renault,KWID,2017,7,71000.0,Manual,first,Petrol,245000
Toyota,Etios,2014,10,95000.0,Manual,first,Diesel,695000
Maruti Suzuki,Wagon-R,2015,9,85000.0,Manual,first,Petrol,450000
Hyundai,i10,2013,11,102091.0,Automatic,second,Hybrid/CNG,300000
Hyundai,Verna,2014,10,76000.0,Automatic,second,Diesel,465000
Tata,Tiago,2022,2,19300.0,Manual,first,Hybrid/CNG,684000
Maruti Suzuki,Wagon-R-1-0,2010,14,63000.0,Manual,first,Petrol,210000
Maruti Suzuki,Vitara-Brezza,2019,5,89500.0,Automatic,second,Diesel,669300
Toyota,Corolla Altis,2015,9,98000.0,Manual,first,Petrol,498888
Honda,City,2009,15,68000.0,Automatic,first,Hybrid/CNG,315000
Maruti Suzuki,SX4,2010,14,21000.0,Manual,second,Hybrid/CNG,199000
Mahindra,Bolero Power Plus,2017,7,129000.0,Manual,first,Diesel,725000
Chevrolet,Cruze,2011,13,53000.0,Automatic,second,Diesel,295000
Maruti Suzuki,Zen-Estilo,2011,13,45000.0,Manual,second,Hybrid/CNG,120000
MG,Hector,2020,4,90000.0,Manual,first,Diesel,1375000
Skoda,Fabia,2010,14,45000.0,Manual,second,Petrol,165000
Nissan,Micra,2020,4,16330.0,Automatic,first,Petrol,575000
Hyundai,Eon,2015,9,81000.0,Manual,second,Petrol,210000
Volkswagen,Polo,2015,9,50000.0,Manual,second,Diesel,650000
Kia,Carnival,2021,3,25000.0,Automatic,second,Diesel,2395000
Mercedes-Benz,S-Class,2013,11,85000.0,Automatic,second,Diesel,1150000
Tata,Indica V2,2009,15,31000.0,Automatic,second,Diesel,105000
Mahindra,XUV500,2014,10,180000.0,Manual,first,Diesel,850000
Maruti Suzuki,Swift,2007,17,135767.0,Manual,first,Petrol,150000
Maruti Suzuki,Ertiga,2022,2,38000.0,Manual,first,Hybrid/CNG,1100000
Mercedes-Benz,GLS,2023,1,25000.0,Automatic,first,Diesel,12500000
Maruti Suzuki,Vitara-Brezza,2018,6,78000.0,Manual,first,Diesel,750000
Chevrolet,Spark,2011,13,90450.0,Automatic,second,Hybrid/CNG,85000
Ford,Figo Aspire,2017,7,56500.0,Manual,second,Diesel,488000
Maruti Suzuki,Eeco,2015,9,182000.0,Automatic,first,Hybrid/CNG,330000
Mahindra,KUV 100,2017,7,66000.0,Automatic,second,Hybrid/CNG,270000
Maruti Suzuki,Eeco,2020,4,93000.0,Manual,first,Hybrid/CNG,575000
Toyota,Innova Crysta,2019,5,53000.0,Manual,first,Diesel,1650000
Maruti Suzuki,Eeco,2018,6,59000.0,Manual,first,Hybrid/CNG,390000
Renault,KWID,2015,9,53000.0,Manual,second,Hybrid/CNG,210000
Hyundai,i10,2013,11,53416.0,Manual,second,Petrol,285000
Toyota,Urban Cruiser Hyryder,2024,0,1900.0,Automatic,first,Hybrid/CNG,2125000
Honda,City,2009,15,77000.0,Automatic,second,Hybrid/CNG,290000
Hyundai,Grand i10,2017,7,49000.0,Manual,first,Hybrid/CNG,391000
Skoda,Superb,2014,10,96000.0,Automatic,first,Diesel,850000
Volvo,XC40,2018,6,226350.0,Automatic,first,Diesel,2475000
Chevrolet,Beat,2013,11,21000.0,Manual,first,Petrol,195000
Honda,BRV,2018,6,82502.0,Manual,first,Petrol,700000
Mahindra,KUV 100,2018,6,67000.0,Manual,first,Hybrid/CNG,388888
Ford,Ecosport,2017,7,105000.0,Manual,second,Diesel,649000
Maruti Suzuki,Alto-800,2011,13,40000.0,Manual,second,Petrol,211000
Hyundai,Eon,2015,9,58122.0,Manual,second,Petrol,280000
Skoda,Octavia,2022,2,23000.0,Automatic,second,Petrol,2290000
Honda,City,2016,8,71000.0,Automatic,first,Petrol,675000
Maruti Suzuki,Wagon-R,2018,6,51000.0,Manual,second,Hybrid/CNG,395000
Maruti Suzuki,Swift Dzire,2017,7,69000.0,Manual,first,Diesel,685000
Jeep,Compass,2018,6,46300.0,Manual,second,Diesel,990000
Maruti Suzuki,Swift-Dzire,2017,7,38000.0,Manual,first,Petrol,530000
Honda,City ZX,2008,16,119000.0,Automatic,second,Hybrid/CNG,145800
Mercedes-Benz,GLE,2017,7,57000.0,Automatic,second,Diesel,3050000
Mahindra,Alturas G4,2020,4,50000.0,Automatic,second,Diesel,1560000
Mahindra,XUV500,2017,7,118000.0,Automatic,second,Diesel,699000
Kia,Sonet,2022,2,23000.0,Automatic,first,Petrol,1150000
Volkswagen,Polo,2013,11,113000.0,Manual,first,Diesel,299000
Honda,City,2019,5,43000.0,Manual,second,Hybrid/CNG,750000
Hyundai,Santro,2003,21,65804.0,Manual,second,Hybrid/CNG,50000
Hyundai,Accent,2010,14,77000.0,Manual,second,Hybrid/CNG,145000
Audi,A6,2019,5,60000.0,Automatic,second,Diesel,2350000
Toyota,Innova,2013,11,132000.0,Manual,second,Diesel,693999
Maruti Suzuki,Alto,2011,13,81000.0,Manual,second,Hybrid/CNG,165000
Hyundai,Santro,2006,18,50000.0,Manual,second,Petrol,75000
Volkswagen,Polo,2016,8,144.0,Manual,second,Diesel,565000
Tata,Nexon,2019,5,55000.0,Manual,second,Hybrid/CNG,480000
Maruti Suzuki,Wagon-R-1-0,2021,3,90000.0,Manual,first,Hybrid/CNG,565000
Mercedes-Benz,GLE,2019,5,30000.0,Automatic,first,Diesel,4900000
Chevrolet,Cruze,2012,12,950000.0,Automatic,second,Diesel,350000
Toyota,Innova Crysta,2017,7,68000.0,Automatic,second,Diesel,1260000
Skoda,Fabia,2012,12,80000.0,Manual,first,Diesel,325000
BMW,3 Series,2012,12,35000.0,Automatic,second,Diesel,1250000
Mahindra,Scorpio,2015,9,81000.0,Manual,first,Diesel,650000
Audi,A4,2015,9,72000.0,Automatic,second,Diesel,1221000
Hyundai,i20,2016,8,55000.0,Manual,first,Hybrid/CNG,450000
Hyundai,Verna,2017,7,130000.0,Automatic,second,Diesel,799000
Maruti Suzuki,Alto-K10,2011,13,95500.0,Manual,second,Petrol,190000
Maruti Suzuki,Ertiga,2019,5,54000.0,Manual,first,Hybrid/CNG,971000
Honda,Accord,2013,11,67100.0,Automatic,second,Petrol,511000
Honda,City,2014,10,116000.0,Manual,second,Diesel,650000
Maruti Suzuki,Celerio-X,2020,4,142000.0,Automatic,second,Hybrid/CNG,320000
Renault,Lodgy,2016,8,150000.0,Manual,second,Diesel,450000
Maruti Suzuki,Vitara-Brezza,2016,8,88000.0,Manual,second,Diesel,665000
Tata,Harrier,2022,2,33000.0,Manual,first,Diesel,1450000
BMW,7 Series,2010,14,86000.0,Automatic,second,Diesel,1025000
Maruti Suzuki,Wagon-R,2022,2,30500.0,Manual,first,Hybrid/CNG,580000
Hyundai,Santro Xing,2012,12,65165.0,Manual,second,Hybrid/CNG,155000
Maruti Suzuki,Ertiga,2014,10,97694.0,Manual,second,Hybrid/CNG,665000
Toyota,Land Cruiser,1999,25,30000.0,Automatic,first,Petrol,2100000
Hyundai,Aura,2021,3,40000.0,Manual,first,Petrol,700000
Hyundai,i20,2014,10,80000.0,Automatic,second,Petrol,355000
MG,Hector,2019,5,46000.0,Automatic,first,Hybrid/CNG,1250000
Honda,City ZX,2008,16,119000.0,Automatic,second,Hybrid/CNG,145000
Tata,Zest,2014,10,85000.0,Automatic,second,Petrol,250000
Honda,City,2019,5,49500.0,Manual,first,Diesel,899000
Maruti Suzuki,Fronx ,2024,0,8254.0,Manual,first,Petrol,825000
BMW,3 Series,2012,12,135000.0,Automatic,first,Diesel,750000
Ssangyong,Rexton,2013,11,120000.0,Automatic,second,Diesel,240000
Hyundai,Grand i10,2018,6,53300.0,Automatic,second,Hybrid/CNG,525111
Mahindra,Scorpio Classic,2016,8,55000.0,Manual,second,Diesel,720000
Honda,Jazz,2010,14,65000.0,Automatic,first,Hybrid/CNG,180000
Hyundai,Eon,2016,8,56000.0,Manual,second,Petrol,240000
Mahindra,Rexton,2013,11,105000.0,Automatic,second,Diesel,461000
Maruti Suzuki,Wagon-R,2012,12,134000.0,Manual,first,Petrol,320000
Toyota,Camry,2024,0,6500.0,Automatic,first,Hybrid/CNG,4050000
Maruti Suzuki,Swift-Dzire,2018,6,90000.0,Manual,second,Hybrid/CNG,621000
Maruti Suzuki,Wagon-R-1-0,2017,7,42000.0,Automatic,first,Hybrid/CNG,385000
Hyundai,i10,2016,8,44103.0,Automatic,second,Petrol,465000
Maruti Suzuki,Eeco,2011,13,69000.0,Manual,first,Petrol,245000
Hyundai,Xcent,2016,8,123913.0,Manual,second,Hybrid/CNG,333333
Maruti Suzuki,Swift-Dzire,2009,15,58000.0,Automatic,second,Hybrid/CNG,200000
Maruti Suzuki,Wagon-R,2014,10,35188.0,Manual,first,Hybrid/CNG,365000
Honda,Jazz,2021,3,34000.0,Automatic,first,Petrol,790000
Hyundai,New i20,2022,2,12214.0,Automatic,first,Petrol,953000
Maruti Suzuki,Wagon-R,2010,14,36836.0,Automatic,first,Petrol,240000
Honda,City,2017,7,54000.0,Automatic,second,Petrol,715000
Maruti Suzuki,Swift,2014,10,89000.0,Manual,second,Diesel,510000
Honda,City,2015,9,77000.0,Automatic,second,Petrol,595000
Mahindra,Xylo,2015,9,267000.0,Manual,second,Diesel,310000
Maruti Suzuki,Wagon-R,2019,5,42000.0,Automatic,first,Hybrid/CNG,415000
Maruti Suzuki,S-Presso,2020,4,28000.0,Manual,first,Petrol,445000
Maruti Suzuki,Swift,2014,10,85000.0,Manual,first,Diesel,365000
Mitsubishi,Outlander,2011,13,130000.0,Automatic,second,Petrol,250000
Tata,Curvv,2019,5,22000.0,Automatic,second,Petrol,7200000
Hyundai,i10,2014,10,80000.0,Automatic,second,Petrol,350000
Maruti Suzuki,Swift-Dzire,2017,7,75000.0,Manual,second,Petrol,450000
Toyota,Corolla Altis,2013,11,76000.0,Automatic,first,Hybrid/CNG,450000
Toyota,Estima,2012,12,45000.0,Automatic,first,Petrol,2300000
Renault,KWID,2017,7,39000.0,Automatic,first,Petrol,270000
Mahindra,XUV500,2014,10,110000.0,Manual,first,Diesel,875000
Hyundai,i10,2009,15,66000.0,Automatic,second,Petrol,275000
Maruti Suzuki,Celerio,2017,7,59968.0,Manual,first,Petrol,385000
Audi,Q7,2020,4,44000.0,Automatic,first,Diesel,7174999
Maruti Suzuki,Eeco,2018,6,51000.0,Automatic,first,Hybrid/CNG,365000
Hyundai,i20,2019,5,47000.0,Manual,first,Hybrid/CNG,575000
Toyota,Innova Crysta,2021,3,24000.0,Automatic,first,Diesel,3150000
Maruti Suzuki,1000,2023,1,20000.0,Automatic,first,Hybrid/CNG,400000
Honda,City,2017,7,71000.0,Automatic,first,Hybrid/CNG,725000
Opel,Corsa,2004,20,70000.0,Manual,second,Petrol,68000
Hyundai,i10,2008,16,105000.0,Manual,second,Petrol,249000
Volkswagen,Virtus,2022,2,40000.0,Manual,second,Petrol,1199900
Ford,Ikon,2009,15,95000.0,Manual,second,Diesel,150000
Mercedes-Benz,C-Class,2014,10,64000.0,Automatic,second,Diesel,1474000
Toyota,Innova Crysta,2018,6,85000.0,Automatic,first,Diesel,1690000
Maruti Suzuki,Ciaz,2016,8,58000.0,Manual,first,Hybrid/CNG,575000
Hyundai,Verna,2023,1,24600.0,Automatic,first,Petrol,1599000
Hyundai,i20,2012,12,95000.0,Manual,second,Petrol,351000
MG,Gloster,2022,2,52000.0,Automatic,second,Diesel,3800000
Skoda,Slavia,2022,2,20000.0,Automatic,first,Petrol,1100000
Hyundai,Verna,2018,6,52536.0,Automatic,second,Hybrid/CNG,780000
Honda,BRV,2016,8,38000.0,Automatic,second,Petrol,750000
Honda,Amaze,2019,5,52400.0,Manual,second,Petrol,540000
Toyota,Innova Crysta,2020,4,22000.0,Manual,second,Diesel,2300000
BMW,3 Series,2013,11,58000.0,Automatic,second,Diesel,2399000
Volkswagen,VentoTest,2012,12,100000.0,Manual,second,Diesel,375000
Hyundai,Elite i20,2017,7,26000.0,Manual,first,Petrol,585000
Maruti Suzuki,Ertiga,2020,4,185000.0,Manual,first,Hybrid/CNG,720000
Lexus,NX,2018,6,71767.0,Automatic,first,Hybrid/CNG,3275000
Volkswagen,Polo,2018,6,82886.0,Automatic,first,Diesel,785000
Maruti Suzuki,Baleno,2017,7,90000.0,Manual,first,Diesel,650000
Tata,Tiago,2024,0,3500.0,Automatic,first,Hybrid/CNG,820000
Maruti Suzuki,Ertiga,2012,12,98580.0,Manual,first,Diesel,260000
Honda,Amaze,2018,6,52000.0,Automatic,second,Hybrid/CNG,590000
Honda,Amaze,2020,4,64000.0,Automatic,second,Hybrid/CNG,550000
Maruti Suzuki,Baleno,2017,7,31235.0,Automatic,first,Hybrid/CNG,555000
Maruti Suzuki,Alto-800,2013,11,82743.0,Manual,first,Petrol,215000
Honda,City ZX,2015,9,83000.0,Automatic,second,Petrol,560000
Maruti Suzuki,Celerio,2014,10,17000.0,Automatic,second,Petrol,345000
BMW,5 Series Gt,2010,14,80000.0,Automatic,second,Diesel,933000
Maruti Suzuki,Ritz,2016,8,135000.0,Manual,second,Diesel,299000
Honda,City Hybrid eHEV,2022,2,32000.0,Automatic,first,Hybrid/CNG,1825000
Maruti Suzuki,Alto K10,2018,6,11000.0,Automatic,second,Petrol,378000
Maruti Suzuki,Baleno,2017,7,53000.0,Manual,first,Hybrid/CNG,595000
Kia,Seltos,2021,3,89000.0,Automatic,first,Diesel,1665000
Maruti Suzuki,Wagon-R,2015,9,75000.0,Manual,second,Hybrid/CNG,299999
Hyundai,Creta,2020,4,74000.0,Automatic,first,Diesel,1499999
Maruti Suzuki,Alto-800,2022,2,3350.0,Manual,second,Petrol,390000
Tata,Nexon,2018,6,80000.0,Automatic,second,Diesel,760000
Toyota,Etios,2018,6,90000.0,Manual,first,Diesel,830000
Maruti Suzuki,Celerio,2017,7,43000.0,Manual,first,Hybrid/CNG,375000
Kia,Seltos,2021,3,16.0,Manual,first,Petrol,800000
Maruti Suzuki,Eeco,2015,9,65137.5,Automatic,second,Hybrid/CNG,260000
Hyundai,Creta,2018,6,87695.0,Manual,first,Diesel,799999
Maruti Suzuki,Celerio X,2019,5,59000.0,Manual,first,Hybrid/CNG,475000
Hyundai,Grand i10,2018,6,21000.0,Automatic,first,Petrol,465000
Mahindra,Alturas G4,2019,5,30700.0,Automatic,first,Diesel,2390000
Hyundai,i20 Active,2017,7,69000.0,Manual,first,Petrol,470000
Maruti Suzuki,Alto,2010,14,100000.0,Manual,second,Petrol,225000
Maruti Suzuki,Swift,2016,8,117592.0,Manual,first,Petrol,550000
Mahindra,Bolero,2016,8,112000.0,Manual,first,Diesel,760000
Nissan,Sunny,2013,11,111519.0,Manual,second,Diesel,185000
Maruti Suzuki,Wagon-R,2022,2,42000.0,Manual,first,Hybrid/CNG,575000
Hyundai,Creta,2021,3,83000.0,Manual,first,Diesel,1290000
Maruti Suzuki,Ignis,2019,5,82123.0,Automatic,first,Hybrid/CNG,455000
Volkswagen,Ameo,2018,6,106901.0,Automatic,first,Diesel,725000
Maruti Suzuki,Alto-K10,2015,9,68000.0,Manual,second,Hybrid/CNG,275000
Maruti Suzuki,Celerio,2018,6,25193.0,Manual,first,Petrol,370000
Maruti Suzuki,Celerio,2015,9,61479.0,Automatic,first,Petrol,365000
Hyundai,Grand i10,2015,9,69000.0,Manual,second,Petrol,440000
Tata,Nexon,2021,3,31000.0,Manual,second,Hybrid/CNG,650000
Nissan,Terrano,2014,10,150000.0,Manual,second,Diesel,570000
Hyundai,i20,2011,13,82000.0,Manual,first,Petrol,240000
Hyundai,i20,2016,8,80000.0,Manual,first,Petrol,505000
Mahindra,Marazzo,2018,6,95000.0,Manual,first,Diesel,875000
BMW,X3,2012,12,100000.0,Automatic,second,Diesel,950000
Mahindra,Xylo,2013,11,16.0,Manual,first,Diesel,250000
Fiat,Avventura,2016,8,63000.0,Manual,second,Diesel,410000
Maruti Suzuki,Wagon-R-1-0,2024,0,10000.0,Automatic,first,Hybrid/CNG,830000
Renault,KWID,2017,7,100000.0,Manual,first,Petrol,200000
Hyundai,Eon,2011,13,33000.0,Manual,second,Petrol,220000
Maruti Suzuki,Ignis,2017,7,53000.0,Automatic,first,Petrol,550000
Nissan,Terrano,2013,11,99000.0,Manual,second,Diesel,420000
Maruti Suzuki,Wagon-R,2015,9,65137.5,Manual,second,Hybrid/CNG,215000
Maruti Suzuki,Swift-Dzire,2011,13,190000.0,Manual,second,Hybrid/CNG,145000
Toyota,Camry,2019,5,16000.0,Automatic,first,Hybrid/CNG,3550000
Maruti Suzuki,Celerio,2016,8,90000.0,Automatic,first,Hybrid/CNG,360000
Maruti Suzuki,Baleno,2017,7,33555.0,Automatic,first,Hybrid/CNG,499555
Hyundai,Elite i20,2019,5,70000.0,Manual,second,Diesel,730000
Maruti Suzuki,Swift-Dzire,2009,15,43256.0,Manual,second,Petrol,290000
Maruti Suzuki,Ertiga,2022,2,53000.0,Manual,first,Hybrid/CNG,1121000
Maruti Suzuki,Swift,2010,14,99000.0,Manual,second,Diesel,285000
Land Rover,Range Rover Evoque,2021,3,31527.0,Automatic,second,Diesel,5600000
BMW,3 Series GT,2014,10,68000.0,Automatic,second,Diesel,1549000
Toyota,Fortuner,2014,10,175000.0,Automatic,second,Diesel,1225000
Maruti Suzuki,Alto,2008,16,89000.0,Automatic,first,Hybrid/CNG,120000
Honda,Amaze,2018,6,29295.0,Automatic,second,Petrol,530000
Honda,City,2015,9,63007.0,Manual,first,Petrol,650000
Maruti Suzuki,Celerio,2014,10,61000.0,Automatic,first,Petrol,380000
Mercedes-Benz,GLS,2018,6,45000.0,Automatic,second,Diesel,6999999
Maruti Suzuki,Celerio,2018,6,89124.0,Automatic,second,Petrol,485000
Hyundai,i10,2012,12,76000.0,Manual,second,Hybrid/CNG,190000
Hyundai,Santro Xing,2012,12,83000.0,Manual,second,Petrol,149000
Hyundai,i20,2014,10,73000.0,Manual,second,Petrol,530000
Maruti Suzuki,Wagon-R,2016,8,91000.0,Manual,second,Hybrid/CNG,421000
Toyota,Corolla Altis,2017,7,46868.0,Automatic,second,Petrol,724999
Mahindra,Scorpio,2017,7,71000.0,Manual,second,Diesel,870000
Maruti Suzuki,Swift,2018,6,62000.0,Automatic,second,Petrol,615000
Hyundai,i10,2009,15,28.0,Automatic,second,Hybrid/CNG,105000
Mercedes-Benz,E-Class,2014,10,80000.0,Automatic,second,Diesel,1395000
Maruti Suzuki,Wagon-R,2014,10,92000.0,Manual,first,Hybrid/CNG,295000
Maruti Suzuki,Wagon-R,2014,10,79000.0,Manual,second,Hybrid/CNG,325000
Mitsubishi,Pajero Sport,2015,9,80000.0,Automatic,second,Diesel,1340000
Toyota,Fortuner,2022,2,34000.0,Automatic,first,Diesel,4400000
Mahindra,Scorpio,2020,4,153058.0,Manual,first,Diesel,995000
Tata,Nexon,2020,4,69000.0,Manual,first,Hybrid/CNG,675000
Hyundai,Verna,2019,5,44500.0,Automatic,second,Hybrid/CNG,820000
Jaguar,Others,2014,10,74000.0,Automatic,first,Diesel,2250000
Volkswagen,Polo,2019,5,40000.0,Manual,first,Petrol,765000
Toyota,Innova,2015,9,111000.0,Manual,second,Diesel,750000
Renault,Triber,2021,3,70000.0,Manual,first,Petrol,615000
Chevrolet,Cruze,2017,7,64000.0,Automatic,second,Diesel,585000
Honda,Amaze,2019,5,42000.0,Manual,second,Hybrid/CNG,555000
Maruti Suzuki,Celerio,2015,9,60000.0,Automatic,second,Hybrid/CNG,325000
Honda,Jazz,2021,3,31000.0,Automatic,second,Petrol,840000
Tata,Tiago,2023,1,27000.0,Automatic,first,Hybrid/CNG,670000
Maruti Suzuki,Ertiga,2020,4,120000.0,Manual,second,Hybrid/CNG,875000
Tata,Harrier,2021,3,47000.0,Automatic,first,Diesel,1175000
Hyundai,i20,2011,13,30.0,Automatic,first,Hybrid/CNG,195000
Honda,Mobilio,2014,10,90000.0,Manual,second,Diesel,515000
Hyundai,Grand i10 Nios,2021,3,55000.0,Manual,first,Hybrid/CNG,621000
Mercedes-Benz,GLA Class,2015,9,72000.0,Automatic,first,Diesel,1651000
Hyundai,i10,2009,15,50000.0,Automatic,first,Hybrid/CNG,35000
Maruti Suzuki,Omni,2011,13,20.0,Automatic,second,Petrol,150000
Renault,Triber,2021,3,40000.0,Automatic,first,Petrol,625000
Toyota,Innova Crysta,2018,6,133000.0,Automatic,first,Diesel,1650000
Maruti Suzuki,Wagon-R,2020,4,80000.0,Automatic,first,Hybrid/CNG,560000
Hyundai,Grand i10,2014,10,70000.0,Automatic,first,Petrol,390000
Ford,Endeavour,2019,5,63988.0,Automatic,first,Diesel,3100000
Volkswagen,Vento,2013,11,52000.0,Automatic,first,Petrol,440000
Audi,A6,2017,7,43000.0,Automatic,second,Diesel,2950000
Hyundai,Verna,2016,8,65000.0,Automatic,first,Petrol,695000
Toyota,Corolla,2007,17,80000.0,Automatic,first,Hybrid/CNG,165000
Maruti Suzuki,Alto-800,2013,11,80000.0,Manual,first,Hybrid/CNG,245000
Tata,Nano,2016,8,80000.0,Manual,second,Petrol,125000
Mercedes-Benz,GLA,2019,5,33500.0,Automatic,first,Diesel,1850000
Honda,City,2010,14,96000.0,Automatic,second,Hybrid/CNG,275000
Maruti Suzuki,Swift-Dzire,2012,12,74000.0,Manual,first,Petrol,320000
Hyundai,Elite i20,2014,10,107000.0,Manual,second,Diesel,400000
Ssangyong,Rexton,2013,11,85000.0,Automatic,second,Diesel,575000
Maruti Suzuki,Vitara-Brezza,2019,5,98250.0,Manual,second,Diesel,550000
Honda,Amaze,2021,3,69052.0,Manual,second,Petrol,577000
Renault,Triber,2020,4,69000.0,Manual,second,Hybrid/CNG,475000
Maruti Suzuki,Alto-K10,2018,6,70150.0,Automatic,second,Hybrid/CNG,281111
Hyundai,Creta,2023,1,21000.0,Automatic,first,Petrol,1699999
Toyota,Fortuner,2010,14,140000.0,Manual,second,Diesel,773000
Tata,Tiago,2022,2,65000.0,Automatic,first,Hybrid/CNG,498000
Maruti Suzuki,Omni,2010,14,80000.0,Manual,second,Hybrid/CNG,125000
Maruti Suzuki,Eeco,2020,4,62000.0,Manual,first,Hybrid/CNG,410000
Maruti Suzuki,Swift,2011,13,90401.0,Manual,second,Petrol,330000
Kia,Sonet,2023,1,20600.0,Manual,first,Diesel,1250000
Mahindra,Scorpio,2017,7,60000.0,Manual,first,Diesel,885000
Maruti Suzuki,Alto,2012,12,128835.0,Manual,first,Petrol,155000
Honda,WRV,2018,6,83000.0,Manual,first,Petrol,670000
Maruti Suzuki,Wagon-R,2018,6,0.0,Automatic,first,Hybrid/CNG,449999
Volkswagen,Polo,2016,8,152000.0,Manual,second,Diesel,499999
Hyundai,i20,2011,13,100000.0,Manual,second,Diesel,295000
Hyundai,i10,2011,13,56000.0,Manual,first,Petrol,175000
Hyundai,Xcent,2016,8,59000.0,Automatic,second,Petrol,279000
Toyota,Innova,2015,9,295000.0,Manual,first,Diesel,1330000
Volkswagen,Tiguan,2017,7,68000.0,Automatic,first,Diesel,1499999
Fiat,Grand Punto,2012,12,90000.0,Manual,second,Petrol,135000
Mahindra,Scorpio,2017,7,78197.0,Manual,first,Diesel,950000
Toyota,Corolla Altis,2009,15,75000.0,Automatic,second,Hybrid/CNG,450000
Chevrolet,Cruze,2010,14,75000.0,Manual,second,Diesel,290000
Mahindra,Bolero Neo,2021,3,65000.0,Manual,second,Diesel,875000
Tata,Indica Vista,2011,13,48000.0,Manual,second,Diesel,95000
Hyundai,Grand i10,2017,7,53000.0,Manual,second,Hybrid/CNG,450000
Hyundai,i20,2023,1,22000.0,Manual,first,Petrol,775000
Volvo,XC 90,2017,7,98000.0,Automatic,second,Diesel,3000000
Jeep,Wrangler,2022,2,39000.0,Automatic,first,Petrol,5800000
Maruti Suzuki,Ertiga,2022,2,80000.0,Automatic,second,Hybrid/CNG,1125000
Mahindra,Thar,2020,4,76108.0,Automatic,first,Diesel,1345000
Hyundai,Aura,2021,3,89500.0,Automatic,second,Hybrid/CNG,551521
Maruti Suzuki,S-Cross1,2018,6,90000.0,Manual,first,Diesel,525000
BMW,X5,2020,4,60000.0,Automatic,first,Diesel,6891000
Maruti Suzuki,Wagon-R,2014,10,106000.0,Manual,second,Hybrid/CNG,280000
Hyundai,Verna,2018,6,70000.0,Automatic,first,Diesel,949999
Mahindra,Scorpio,2018,6,90000.0,Manual,first,Diesel,1299000
Mahindra,Thar,2022,2,7000.0,Automatic,first,Diesel,1620000
Hyundai,Grand i10,2018,6,10000.0,Manual,second,Petrol,421000
Maruti Suzuki,Alto-800,2016,8,86000.0,Manual,first,Hybrid/CNG,230000
Hyundai,i10,2011,13,65000.0,Manual,first,Hybrid/CNG,240000
Maruti Suzuki,Baleno,2021,3,22000.0,Manual,first,Petrol,660000
Volkswagen,Ameo,2018,6,85400.0,Automatic,first,Diesel,470000
Tata,Tiago,2017,7,82010.0,Manual,second,Hybrid/CNG,370000
Jeep,Compass,2019,5,59000.0,Automatic,second,Petrol,1350000
Maruti Suzuki,Ertiga,2014,10,75666.0,Manual,second,Hybrid/CNG,590000
Maruti Suzuki,Wagon-R,2020,4,63000.0,Manual,second,Hybrid/CNG,475000
Mahindra,KUV 100,2016,8,107000.0,Manual,first,Diesel,420000
Maruti Suzuki,Eeco,2021,3,37000.0,Automatic,first,Hybrid/CNG,430000
Maruti Suzuki,Ertiga,2022,2,88392.0,Manual,second,Hybrid/CNG,920000
Maruti Suzuki,Swift,2018,6,91000.0,Automatic,first,Diesel,660000
Maruti Suzuki,Celerio,2015,9,114000.0,Automatic,second,Petrol,375000
Mercedes-Benz,C-Class,2011,13,68000.0,Automatic,second,Petrol,900000
Maruti Suzuki,Wagon-R-1-0,2012,12,84000.0,Manual,first,Hybrid/CNG,270000
Toyota,Fortuner,2014,10,90220.0,Automatic,first,Diesel,1099999
Audi,A4,2012,12,1.0,Automatic,second,Diesel,1075000
Maruti Suzuki,Alto,2011,13,106000.0,Automatic,first,Hybrid/CNG,160000
Volkswagen,Jetta,2013,11,65137.5,Manual,second,Diesel,310000
Mercedes-Benz,E-Class,2013,11,68000.0,Automatic,second,Petrol,1275000
Volkswagen,Polo,2015,9,40200.0,Manual,first,Petrol,499000
Hyundai,Creta,2016,8,90500.0,Automatic,first,Diesel,799999
Maruti Suzuki,Swift,2008,16,86000.0,Manual,second,Hybrid/CNG,145000
Maruti Suzuki,Baleno,2018,6,67000.0,Automatic,second,Petrol,525000
Maruti Suzuki,Ciaz,2016,8,67000.0,Manual,first,Petrol,449000
Ford,Ecosport,2019,5,40860.0,Automatic,first,Hybrid/CNG,775000
Volkswagen,VentoTest,2012,12,90000.0,Manual,first,Petrol,290000
Maruti Suzuki,Eeco,2019,5,81520.0,Automatic,first,Hybrid/CNG,360000
Hyundai,Verna,2019,5,52000.0,Manual,second,Hybrid/CNG,695000
Hyundai,i20,2013,11,68000.0,Manual,second,Hybrid/CNG,379000
Mercedes-Benz,C-Class,2016,8,43000.0,Automatic,first,Petrol,2900000
Honda,City,2012,12,60000.0,Automatic,second,Hybrid/CNG,321000
Maruti Suzuki,Swift,2023,1,30000.0,Manual,first,Hybrid/CNG,765000
Volkswagen,VentoTest,2013,11,65000.0,Automatic,first,Petrol,349000
Maruti Suzuki,Ciaz,2017,7,93000.0,Manual,second,Diesel,600000
Tata,Zest,2018,6,190000.0,Manual,first,Diesel,250000
Mercedes-Benz,S-Class,2008,16,70000.0,Automatic,second,Diesel,1000000
Maruti Suzuki,Eeco,2023,1,35000.0,Automatic,second,Hybrid/CNG,510000
Maruti Suzuki,Wagon-R-1-0,2017,7,84127.0,Manual,first,Petrol,375000
Honda,City,2019,5,37000.0,Automatic,second,Petrol,935000
Renault,Duster,2017,7,58000.0,Manual,first,Diesel,555000
Tata,Tigor,2020,4,61000.0,Automatic,first,Hybrid/CNG,561000
Maruti Suzuki,Wagon-R-1-0,2013,11,70000.0,Manual,second,Petrol,220000
Maruti Suzuki,800,2002,22,51000.0,Manual,first,Petrol,78000
Mahindra,Jeep,1997,27,225897.0,Manual,second,Diesel,190000
Nissan,Magnite,2022,2,17000.0,Manual,first,Petrol,745000
Maruti Suzuki,Celerio,2015,9,72000.0,Automatic,second,Petrol,367000
Tata,Indica V2,2010,14,82000.0,Manual,first,Diesel,135000
Hyundai,Grand i10 Nios,2021,3,20121.0,Manual,second,Petrol,665000
Maruti Suzuki,Eeco,2019,5,95000.0,Automatic,first,Hybrid/CNG,430000
Toyota,Fortuner,2015,9,168000.0,Manual,first,Diesel,1551000
Mahindra,XUV 300,2021,3,17000.0,Manual,second,Petrol,925000
Maruti Suzuki,Ertiga,2023,1,62000.0,Manual,first,Hybrid/CNG,1260000
Maruti Suzuki,Ertiga,2020,4,47000.0,Automatic,first,Hybrid/CNG,995000
Maruti Suzuki,Swift,2010,14,130000.0,Manual,first,Diesel,370000
Mahindra,Bolero,2018,6,48248.0,Manual,second,Diesel,750000
Mahindra,Bolero Neo,2022,2,42000.0,Manual,first,Diesel,905000
Honda,City,2015,9,71800.0,Manual,second,Hybrid/CNG,470000
Maruti Suzuki,Wagon-R,2015,9,85000.0,Manual,second,Petrol,298000
Maruti Suzuki,Swift-Dzire,2013,11,41000.0,Automatic,first,Hybrid/CNG,385000
Renault,Duster,2013,11,86000.0,Manual,second,Diesel,225000
Maruti Suzuki,Celerio,2017,7,64000.0,Automatic,second,Hybrid/CNG,390000
Maruti Suzuki,Swift-Dzire,2010,14,150549.0,Manual,first,Diesel,380000
Honda,City,2014,10,65000.0,Automatic,first,Petrol,380000
Honda,City,2017,7,45000.0,Automatic,second,Petrol,775000
Maruti Suzuki,Swift,2015,9,45000.0,Manual,first,Hybrid/CNG,345000
Maruti Suzuki,Eeco,2022,2,56000.0,Automatic,first,Hybrid/CNG,500000
Maruti Suzuki,Eeco,2021,3,50000.0,Automatic,second,Petrol,480000
Maruti Suzuki,XL6,2019,5,68738.0,Manual,first,Hybrid/CNG,900000
Maruti Suzuki,800,2016,8,75000.0,Automatic,second,Hybrid/CNG,200000
Mahindra,Ssangyong Rexton,2013,11,65000.0,Automatic,second,Diesel,575000
Maruti Suzuki,Ertiga,2015,9,56800.0,Manual,second,Hybrid/CNG,699999
BMW,5 Series,2013,11,54000.0,Automatic,first,Diesel,1100000
Toyota,Corolla,2008,16,55000.0,Automatic,second,Petrol,295000
Maruti Suzuki,Alto-800,2016,8,59521.0,Manual,first,Petrol,245000
Hyundai,Santro,2011,13,100000.0,Manual,second,Hybrid/CNG,125000
Ford,Ecosport,2019,5,126353.0,Manual,second,Diesel,780000
Hyundai,New i20,2020,4,48298.0,Automatic,second,Petrol,945000
Maruti Suzuki,Alto-K10,2018,6,27000.0,Automatic,first,Petrol,365000
Hyundai,Creta,2017,7,58212.0,Automatic,first,Diesel,825000
Maruti Suzuki,Wagon-R,2017,7,59000.0,Manual,second,Hybrid/CNG,320000
Maruti Suzuki,Eeco,2018,6,180000.0,Automatic,first,Hybrid/CNG,351000
Mercedes-Benz,E-Class,2017,7,60000.0,Automatic,first,Diesel,2250000
Tata,tata-punch,2022,2,43000.0,Manual,first,Hybrid/CNG,695000
Maruti Suzuki,Eeco,2019,5,49000.0,Manual,second,Hybrid/CNG,450000
Mahindra,Bolero,2013,11,57450.0,Manual,first,Diesel,385000
Maruti Suzuki,Wagon-R,2013,11,808.0,Automatic,second,Hybrid/CNG,240000
Maruti Suzuki,Wagon-R,2011,13,79.0,Manual,second,Petrol,275000
Lexus,ES,2022,2,8000.0,Automatic,first,Hybrid/CNG,6700000
Lexus,ES,2022,2,30000.0,Automatic,first,Petrol,6000000
Tata,Nano,2016,8,72000.0,Manual,second,Hybrid/CNG,200000
Mahindra,TUV 300,2015,9,79900.0,Automatic,first,Diesel,575000
Maruti Suzuki,Ertiga,2023,1,32000.0,Manual,first,Hybrid/CNG,1171000
Maruti Suzuki,Wagon-R-1-0,2021,3,42000.0,Manual,first,Hybrid/CNG,515000
Maruti Suzuki,Ritz,2014,10,86000.0,Manual,second,Hybrid/CNG,335000
Hyundai,EON,2016,8,23000.0,Manual,first,Petrol,270000
Toyota,Innova,2013,11,250000.0,Manual,second,Diesel,799999
Hyundai,Verna,2012,12,77000.0,Manual,first,Petrol,390000
Volvo,S60,2012,12,45000.0,Automatic,second,Diesel,1300000
Hyundai,Elite i20,2019,5,75000.0,Manual,first,Hybrid/CNG,595000
Maruti Suzuki,Vitara-Brezza,2019,5,70737.0,Automatic,second,Diesel,811000
Maruti Suzuki,Eeco,2015,9,71455.0,Manual,first,Hybrid/CNG,365000
Mercedes-Benz,GLA Class,2019,5,40000.0,Automatic,second,Diesel,2000000
Mahindra,XUV500,2018,6,71000.0,Manual,first,Diesel,945000
Hyundai,Verna,2010,14,18.0,Automatic,second,Hybrid/CNG,105000
Jeep,Compass,2018,6,80000.0,Manual,first,Diesel,980000
Honda,City,2013,11,90000.0,Manual,first,Petrol,375000
Audi,A6,2013,11,125000.0,Automatic,second,Diesel,900000
Honda,Amaze,2018,6,42000.0,Manual,second,Diesel,375000
Honda,Amaze,2018,6,77000.0,Manual,first,Diesel,550000
Maruti Suzuki,Celerio,2019,5,68000.0,Automatic,second,Petrol,425000
Land Rover,Discovery Sport,2019,5,97000.0,Automatic,second,Diesel,3000000
BMW,X3,2022,2,11000.0,Automatic,first,Petrol,6700000
Maruti Suzuki,Eeco,2018,6,77738.0,Manual,second,Hybrid/CNG,490000
Maruti Suzuki,Swift-Dzire,2019,5,106000.0,Manual,first,Diesel,580000
Kia,Sonet,2021,3,81236.0,Automatic,first,Petrol,970000
Hyundai,Creta,2016,8,71000.0,Manual,first,Hybrid/CNG,690000
Maruti Suzuki,Wagon-R,2015,9,90000.0,Automatic,second,Hybrid/CNG,275000
Maruti Suzuki,Baleno,2017,7,102000.0,Manual,second,Petrol,540000
BMW,3 Series,2012,12,80000.0,Automatic,second,Diesel,650000
Maruti Suzuki,Swift-Dzire,2013,11,98000.0,Manual,first,Diesel,385000
Jaguar,F-Pace,2021,3,19000.0,Automatic,first,Petrol,6175000
Volkswagen,Tiguan,2018,6,93173.0,Automatic,first,Diesel,1950000
Honda,City,2003,21,102300.0,Manual,second,Petrol,125000
Force,Motors FM Force One Test,2016,8,700000.0,Automatic,first,Hybrid/CNG,560000
Ford,Endeavour,2017,7,144000.0,Automatic,first,Diesel,2200000
Honda,Brio,2013,11,81000.0,Automatic,first,Hybrid/CNG,320000
Maruti Suzuki,Celerio,2019,5,71000.0,Manual,second,Hybrid/CNG,450000
Toyota,Innova,2010,14,288000.0,Manual,second,Diesel,699000
Tata,Nano,2011,13,29.0,Automatic,second,Petrol,45000
Maruti Suzuki,Wagon-R,2015,9,72147.0,Automatic,second,Hybrid/CNG,210000
Toyota,Innova,2013,11,125000.0,Manual,second,Diesel,1075000
Maruti Suzuki,Ertiga,2020,4,65846.0,Manual,first,Hybrid/CNG,870000
Maruti Suzuki,Swift,2018,6,36000.0,Automatic,first,Petrol,665000
Maruti Suzuki,Celerio,2017,7,35000.0,Automatic,first,Hybrid/CNG,450000
Land Rover,Discovery,2019,5,28000.0,Automatic,first,Petrol,4375000
Honda,Brio,2014,10,76000.0,Manual,second,Hybrid/CNG,233000
Ford,Fiesta,2008,16,158000.0,Automatic,second,Petrol,120000
Mahindra,XUV700,2023,1,25000.0,Automatic,first,Petrol,2275000
Maruti Suzuki,Swift,2022,2,40000.0,Automatic,first,Petrol,775000
Honda,City,2016,8,141000.0,Manual,second,Diesel,610000
Mahindra,Verito,2012,12,220000.0,Manual,second,Diesel,240000
Skoda,Laura,2010,14,82000.0,Manual,first,Diesel,475000
Hyundai,Grand i10,2016,8,58000.0,Manual,first,Hybrid/CNG,435000
Honda,Brio,2014,10,67000.0,Automatic,first,Petrol,290000
Maruti Suzuki,Wagon-R,2012,12,95000.0,Manual,second,Hybrid/CNG,225000
Mahindra,Thar,2021,3,70000.0,Manual,first,Diesel,1350000
Hyundai,i20,2012,12,46000.0,Manual,second,Petrol,321000
Renault,KWID,2020,4,52000.0,Automatic,first,Hybrid/CNG,350000
Tata,Tiago,2020,4,70716.0,Manual,first,Petrol,490000
Audi,Q3,2018,6,55000.0,Automatic,second,Diesel,1400000
Maruti Suzuki,Baleno,2017,7,75000.0,Manual,first,Hybrid/CNG,580000
Kia,Carnival,2022,2,25000.0,Automatic,second,Diesel,3599000
Maruti Suzuki,Alto-800,2020,4,46000.0,Manual,first,Petrol,365000
Lexus,ES,2016,8,109000.0,Automatic,second,Hybrid/CNG,2800000
Hyundai,i10,2013,11,63000.0,Manual,second,Petrol,185000
Maruti Suzuki,Swift,2018,6,55000.0,Automatic,second,Petrol,565000
Hyundai,Grand i10 Nios,2022,2,35000.0,Automatic,first,Petrol,685000
Hyundai,i20 Active,2016,8,63000.0,Manual,second,Hybrid/CNG,425000
Maruti Suzuki,Wagon-R,2014,10,73000.0,Manual,second,Hybrid/CNG,355000
Maruti Suzuki,Swift,2020,4,67850.0,Automatic,first,Hybrid/CNG,675000
Hyundai,i10,2012,12,53000.0,Manual,second,Hybrid/CNG,275000
Hyundai,Grand i10 Nios,2021,3,22000.0,Manual,first,Petrol,549000
Renault,Duster,2016,8,82000.0,Manual,first,Diesel,575000
Mahindra,XUV700,2021,3,23883.0,Automatic,second,Petrol,2245000
Hyundai,Verna,2015,9,52000.0,Automatic,second,Hybrid/CNG,445000
Chevrolet,Enjoy,2014,10,90000.0,Manual,second,Diesel,330000
Volkswagen,VentoTest,2012,12,32000.0,Automatic,second,Petrol,450000
Maruti Suzuki,800,2004,20,56000.0,Manual,second,Petrol,50000
Maruti Suzuki,Swift-Dzire,2016,8,95000.0,Manual,second,Petrol,510000
Toyota,Fortuner,2013,11,150000.0,Automatic,second,Diesel,1390000
Mahindra,Scorpio,2014,10,113000.0,Automatic,second,Diesel,795000
Tata,Indigo Ecs,2012,12,98000.0,Manual,second,Petrol,145000
Mercedes-Benz,C-Class,2018,6,70000.0,Automatic,first,Diesel,2250000
Hyundai,Santro Xing,2008,16,89127.0,Manual,second,Hybrid/CNG,115000
Maruti Suzuki,Swift-Dzire,2016,8,65000.0,Manual,second,Hybrid/CNG,335399
Chevrolet,Enjoy,2013,11,136000.0,Manual,second,Diesel,440000
BMW,3 Series,2015,9,70000.0,Automatic,first,Diesel,915000
Land Rover,Range Rover Sport,2021,3,37000.0,Automatic,first,Petrol,9600000
Toyota,VELLFIRE,2021,3,30000.0,Automatic,first,Hybrid/CNG,9800000
Mercedes-Benz,M-Class,2012,12,90000.0,Automatic,second,Diesel,1650000
Volkswagen,Polo,2017,7,55200.0,Automatic,first,Petrol,590000
Tata,Tigor,2022,2,29000.0,Automatic,first,Hybrid/CNG,700000
Hyundai,i10,2015,9,79000.0,Manual,first,Petrol,340000
Toyota,Innova Crysta,2020,4,36000.0,Automatic,second,Diesel,2390000
Hyundai,i10,2012,12,78000.0,Manual,first,Hybrid/CNG,250000
Datsun,GO Plus,2018,6,50002.0,Manual,first,Petrol,270000
Maruti Suzuki,Baleno,2021,3,40022.0,Manual,first,Petrol,640000
Renault,KWID,2019,5,16000.0,Automatic,first,Petrol,420000
Tata,Nano,2015,9,65137.5,Manual,second,Petrol,114999
Nissan,Terrano,2014,10,80000.0,Manual,second,Diesel,379000
Honda,City,2015,9,58000.0,Automatic,second,Hybrid/CNG,500000
Tata,Altroz,2022,2,10000.0,Automatic,first,Petrol,990000
Toyota,Innova Crysta,2017,7,115000.0,Automatic,second,Diesel,1685000
Hyundai,Santro,2019,5,50000.0,Automatic,first,Hybrid/CNG,490000
Hyundai,Elite i20,2019,5,24000.0,Automatic,first,Petrol,725000
Kia,Sonet,2020,4,38271.0,Automatic,second,Petrol,1045000
Maruti Suzuki,Ertiga,2024,0,1234.0,Manual,first,Hybrid/CNG,360000
Hyundai,i20,2014,10,86000.0,Manual,second,Diesel,445000
Maruti Suzuki,Swift-Dzire,2023,1,79650.0,Automatic,first,Hybrid/CNG,710000
Honda,City,2010,14,69500.0,Automatic,second,Hybrid/CNG,286000
Kia,Sonet,2020,4,35000.0,Manual,first,Diesel,950000
Tata,Nexon,2019,5,47000.0,Manual,first,Petrol,599999
Maruti Suzuki,Ertiga,2013,11,90000.0,Manual,second,Hybrid/CNG,560000
Mahindra,Thar,2021,3,28000.0,Manual,first,Diesel,1445000
Renault,KWID,2019,5,36000.0,Manual,second,Petrol,310000
Maruti Suzuki,Wagon-R,2009,15,72000.0,Manual,second,Petrol,129000
Volkswagen,Polo,2013,11,61000.0,Automatic,first,Petrol,410000
Maruti Suzuki,Wagon-R,2018,6,66000.0,Manual,first,Hybrid/CNG,390000
Land Rover,Range Rover,2012,12,23102.0,Automatic,second,Diesel,4795000
Maruti Suzuki,Swift,2015,9,67729.0,Manual,first,Hybrid/CNG,455000
Maruti Suzuki,Wagon R,2019,5,34000.0,Manual,first,Hybrid/CNG,565000
Maruti Suzuki,Vitara-Brezza,2020,4,51421.0,Manual,first,Petrol,785000
Maruti Suzuki,Swift,2018,6,66000.0,Automatic,first,Hybrid/CNG,530000
Honda,Amaze,2016,8,85000.0,Manual,second,Hybrid/CNG,310000
Maruti Suzuki,Grand Vitara,2022,2,21000.0,Automatic,first,Hybrid/CNG,1300000
Maruti Suzuki,Ertiga,2024,0,35.0,Automatic,second,Hybrid/CNG,1250000
Maruti Suzuki,A-Star,2013,11,26263.0,Automatic,first,Petrol,365000
Mahindra,Scorpio,2019,5,42000.0,Manual,second,Diesel,1400000
Maruti Suzuki,Eeco,2023,1,15000.0,Manual,first,Petrol,600000
Toyota,Fortuner,2015,9,163000.0,Manual,first,Diesel,1550000
Volkswagen,VentoTest,2011,13,110000.0,Automatic,second,Hybrid/CNG,188000
Maruti Suzuki,S-Cross,2018,6,94000.0,Manual,first,Diesel,839999
Maruti Suzuki,Ertiga,2021,3,90000.0,Automatic,first,Hybrid/CNG,950000
Maruti Suzuki,Wagon-R,2023,1,28.0,Manual,first,Hybrid/CNG,615000
Hyundai,i10,2010,14,120000.0,Automatic,second,Hybrid/CNG,160000
Maruti Suzuki,Baleno,2018,6,32000.0,Automatic,first,Petrol,690000
Mahindra,XUV500,2016,8,122000.0,Automatic,second,Diesel,850000
Honda,Amaze,2013,11,77000.0,Manual,first,Hybrid/CNG,299000
Maruti Suzuki,Baleno,2020,4,40000.0,Manual,first,Petrol,650000
Maruti Suzuki,Swift,2020,4,38000.0,Automatic,first,Hybrid/CNG,580000
Jeep,Compass,2018,6,52000.0,Manual,first,Diesel,1049000
Maruti Suzuki,Ciaz,2017,7,86000.0,Manual,first,Diesel,550000
Hyundai,Grand i10,2016,8,96290.0,Manual,second,Petrol,377000
Mahindra,Bolero,2013,11,61000.0,Manual,second,Diesel,450000
Kia,Carnival,2021,3,80500.0,Automatic,first,Diesel,2651000
Maruti Suzuki,Swift-Dzire,2018,6,80000.0,Manual,second,Diesel,750000
Maruti Suzuki,Omni,2015,9,100000.0,Manual,second,Hybrid/CNG,260000
Mahindra,Scorpio,2015,9,140000.0,Automatic,second,Diesel,749000
BMW,3 Series Gran Limousine,2021,3,18800.0,Automatic,first,Petrol,4950000
Hyundai,Verna,2018,6,50000.0,Manual,second,Diesel,580000
Tata,Tiago,2024,0,3800.0,Automatic,first,Hybrid/CNG,850000
Toyota,Innova,2014,10,174000.0,Manual,second,Diesel,895000
Volkswagen,Polo,2009,15,112000.0,Automatic,second,Hybrid/CNG,150000
Maruti Suzuki,Wagon-R,2015,9,82000.0,Manual,second,Hybrid/CNG,235000
Renault,Duster,2014,10,100000.0,Manual,second,Diesel,360000
Hyundai,Creta,2019,5,90000.0,Manual,first,Diesel,1120000
Hyundai,i10,2010,14,66000.0,Automatic,second,Petrol,295000
Lexus,NX,2019,5,57000.0,Automatic,second,Petrol,3900000
Audi,A6,2014,10,69.0,Automatic,second,Diesel,1600000
Maruti Suzuki,Swift-Dzire-Tour,2016,8,160000.0,Manual,second,Diesel,430000
Toyota,Innova Crysta,2018,6,140000.0,Manual,first,Diesel,1751000
Hyundai,Fluidic Verna,2018,6,77000.0,Automatic,first,Diesel,875000
Maruti Suzuki,Wagon R 1.0,2018,6,32000.0,Manual,second,Petrol,395000
Hyundai,Accent,2009,15,212023.0,Automatic,second,Hybrid/CNG,145000
Mahindra,Bolero,2010,14,71000.0,Manual,second,Diesel,295000
Hyundai,i10,2013,11,63000.0,Manual,second,Petrol,220000
Hyundai,Venue,2019,5,28000.0,Automatic,first,Petrol,925000
Maruti Suzuki,Eeco,2022,2,71200.0,Manual,first,Hybrid/CNG,472000
Maruti Suzuki,Swift,2016,8,80000.0,Manual,first,Petrol,453000
Mahindra,Scorpio,2006,18,132884.0,Manual,second,Diesel,230000
Mahindra,XUV500,2017,7,55000.0,Automatic,first,Diesel,1450000
Toyota,Yaris,2018,6,80000.0,Automatic,second,Hybrid/CNG,649999
Hyundai,Eon,2014,10,30000.0,Manual,first,Petrol,210000
Ford,Ecosport,2015,9,58000.0,Manual,first,Diesel,337000
Ford,Endeavour,2017,7,0.0,Manual,first,Diesel,2000000
Volkswagen,Vento,2016,8,136000.0,Automatic,first,Diesel,625000
Toyota,Innova,2006,18,200000.0,Manual,second,Diesel,220000
Maruti Suzuki,Swift,2016,8,72000.0,Manual,second,Hybrid/CNG,390000
Maruti Suzuki,Baleno,2016,8,74000.0,Automatic,second,Hybrid/CNG,445000
Tata,Nano,2014,10,66000.0,Automatic,second,Petrol,105000
Maruti Suzuki,Wagon-R,2013,11,130000.0,Manual,second,Petrol,265000
Mahindra,Thar,2024,0,7000.0,Automatic,first,Diesel,1575000
Hyundai,Santro Xing,2012,12,64000.0,Manual,first,Hybrid/CNG,245000
Kia,Sonet,2020,4,87000.0,Manual,second,Diesel,1030000
Mahindra,KUV 100,2017,7,55000.0,Manual,first,Diesel,435000
Hyundai,Grand i10,2009,15,120000.0,Manual,first,Petrol,170000
Hyundai,Creta,2019,5,66651.0,Automatic,second,Diesel,1021000
Hyundai,i20,2011,13,108000.0,Manual,second,Petrol,300000
Maruti Suzuki,Ertiga,2016,8,70000.0,Manual,first,Hybrid/CNG,445000
Toyota,Innova,2014,10,135000.0,Manual,second,Diesel,1095000
Honda,Jazz,2017,7,52000.0,Automatic,first,Hybrid/CNG,585000
Maruti Suzuki,800,2005,19,20000.0,Automatic,first,Hybrid/CNG,50000
Ford,Ecosport,2015,9,52500.0,Automatic,first,Petrol,559999
Honda,Mobilio,2016,8,125000.0,Manual,second,Hybrid/CNG,400000
Maruti Suzuki,Wagon-R,2011,13,33600.0,Manual,second,Petrol,225000
Mahindra,TUV,2017,7,103000.0,Automatic,second,Diesel,595000
Maruti Suzuki,Swift-Dzire,2019,5,65000.0,Manual,first,Hybrid/CNG,360000
Maruti Suzuki,Eeco,2020,4,68000.0,Manual,second,Hybrid/CNG,485000
Mercedes-Benz,C-Class,2016,8,95000.0,Automatic,first,Diesel,1795000
Maruti Suzuki,S-Cross,2020,4,62000.0,Manual,first,Hybrid/CNG,831000
Chevrolet,Spark,2008,16,38319.0,Manual,second,Petrol,139000
Mahindra,XUV300,2024,0,0.0,Manual,first,Petrol,749000
Maruti Suzuki,Swift,2014,10,100000.0,Manual,second,Diesel,490000
Maruti Suzuki,XL6,2021,3,40000.0,Manual,second,Petrol,935000
Maruti Suzuki,Sx4,2007,17,60000.0,Manual,second,Petrol,125000
Isuzu,MUX,2017,7,75000.0,Automatic,first,Diesel,1450000
Hyundai,New i20,2014,10,55000.0,Manual,second,Petrol,465000
Volkswagen,VentoTest,2011,13,78000.0,Manual,second,Diesel,290000
Maruti Suzuki,Swift-Dzire,2017,7,101000.0,Manual,first,Diesel,650000
Maruti Suzuki,Alto,2005,19,65137.5,Manual,second,Petrol,40000
Mahindra,Jeep,2008,16,9350.0,Manual,second,Diesel,400000
Maruti Suzuki,Swift-Dzire,2015,9,67000.0,Manual,second,Petrol,349999
Volkswagen,Polo,2015,9,90000.0,Manual,second,Diesel,390000
Tata,Safari Storme,2017,7,81000.0,Manual,second,Diesel,725000
Maruti Suzuki,Wagon-R,2011,13,72000.0,Manual,second,Hybrid/CNG,265000
Maruti Suzuki,Wagon-R,2012,12,28000.0,Manual,second,Hybrid/CNG,299000
Mahindra,Scorpio Classic,2021,3,64000.0,Manual,second,Diesel,1231000
Mahindra,Scorpio,2015,9,93000.0,Manual,first,Diesel,675000
Tata,Nexon,2019,5,41000.0,Automatic,second,Petrol,525000
Honda,Amaze,2019,5,56000.0,Manual,first,Hybrid/CNG,555000
Volkswagen,VentoTest,2019,5,28000.0,Manual,first,Petrol,850000
Honda,City,2010,14,93500.0,Manual,second,Petrol,209999
Hyundai,Santro Xing,2007,17,95000.0,Manual,first,Petrol,60000
Audi,A3,2015,9,140000.0,Automatic,second,Diesel,1275000
Honda,WRV,2018,6,80000.0,Manual,second,Diesel,630000
Maruti Suzuki,XL6,2021,3,64000.0,Manual,first,Petrol,925000
Renault,Duster,2016,8,84000.0,Manual,second,Hybrid/CNG,450000
Mercedes-Benz,GLC,2019,5,30000.0,Automatic,second,Diesel,4990000
Skoda,Octavia,2018,6,94425.0,Automatic,first,Diesel,1300000
Toyota,Corolla Altis,2010,14,72000.0,Manual,second,Petrol,225000
Chevrolet,Optra Magnum,2010,14,56700.0,Automatic,second,Petrol,135000
Audi,A4,2017,7,29600.0,Automatic,second,Diesel,2049000
Audi,A4,2017,7,95000.0,Automatic,first,Diesel,1700000
Toyota,Corolla Altis,2014,10,89000.0,Automatic,second,Hybrid/CNG,550000
Maruti Suzuki,Wagon-R,2015,9,100000.0,Automatic,second,Hybrid/CNG,250000
Maruti Suzuki,maruti-suzuki-dzire,2012,12,47259.0,Manual,second,Hybrid/CNG,325000
Honda,City,2011,13,78000.0,Manual,second,Petrol,215000
Hyundai,Venue,2019,5,60000.0,Manual,first,Diesel,745000
Maruti Suzuki,Omni,2016,8,111000.0,Automatic,second,Hybrid/CNG,200000
Hyundai,Grand i10,2015,9,43000.0,Manual,second,Petrol,349000
Hyundai,Venue,2022,2,17000.0,Manual,first,Petrol,830000
Hyundai,Grand i10,2015,9,48000.0,Manual,first,Petrol,365000
Toyota,2.8 Legender 4X2,2024,0,6000.0,Automatic,first,Diesel,5500000
Maruti Suzuki,Ertiga,2016,8,62000.0,Manual,first,Hybrid/CNG,619000
Honda,Amaze,2021,3,32000.0,Automatic,first,Petrol,590000
Tata,Harrier,2021,3,71000.0,Automatic,first,Diesel,1750000
Chevrolet,Spark,2010,14,93000.0,Manual,second,Petrol,169000
Hyundai,Santro,2019,5,34000.0,Manual,first,Hybrid/CNG,489000
Toyota,Yaris,2021,3,32000.0,Automatic,first,Petrol,1025000
Honda,Brio,2016,8,90000.0,Manual,first,Petrol,350000
Maruti Suzuki,Eeco,2018,6,65000.0,Automatic,first,Hybrid/CNG,450000
Maruti Suzuki,Eeco,2016,8,77718.0,Manual,first,Hybrid/CNG,360000
Toyota,Urban Cruiser,2024,0,11000.0,Automatic,first,Hybrid/CNG,1800000
Mahindra,Scorpio Classic,2023,1,31500.0,Manual,first,Diesel,1690000
Mercedes-Benz,GL-Class,2015,9,115000.0,Automatic,second,Diesel,2490000
Honda,City,2010,14,51000.0,Automatic,first,Hybrid/CNG,192000
Audi,A6,2012,12,67000.0,Automatic,second,Diesel,1100000
Maruti Suzuki,Eeco,2017,7,120000.0,Automatic,second,Hybrid/CNG,280000
Hyundai,i10,2011,13,59800.0,Manual,first,Hybrid/CNG,165999
Skoda,Rapid,2015,9,39500.0,Manual,second,Petrol,349000
Mahindra,Scorpio,2013,11,87000.0,Manual,second,Diesel,575000
Maruti Suzuki,Wagon-R-1-0,2021,3,59000.0,Manual,second,Hybrid/CNG,515000
Honda,City ZX,2008,16,90000.0,Manual,second,Petrol,145000
Maruti Suzuki,Baleno,2021,3,47000.0,Manual,second,Petrol,575000
Maruti Suzuki,Ertiga,2020,4,62000.0,Manual,first,Hybrid/CNG,975000
Hyundai,Verna,2017,7,89410.0,Manual,first,Diesel,790000
Honda,City ZX,2010,14,100000.0,Automatic,second,Hybrid/CNG,180000
Honda,Amaze,2021,3,52689.0,Automatic,first,Petrol,710000
Jaguar,XF,2014,10,68000.0,Automatic,second,Diesel,1025000
Maruti Suzuki,Alto-800,2009,15,76000.0,Manual,second,Hybrid/CNG,175000
Volkswagen,Ameo,2019,5,92000.0,Automatic,second,Diesel,640000
Maruti Suzuki,Baleno,2018,6,54000.0,Manual,first,Diesel,670000
Volkswagen,VentoTest,2015,9,66000.0,Manual,second,Diesel,490000
Hyundai,i20,2019,5,45000.0,Automatic,first,Petrol,725000
Audi,A6,2012,12,86310.0,Manual,first,Diesel,950000
Hyundai,Eon,2013,11,58836.0,Manual,second,Petrol,235000
Toyota,Corolla Altis,2017,7,100000.0,Automatic,second,Petrol,895000
Mahindra,XUV 300,2021,3,69846.0,Automatic,first,Diesel,1090000
Maruti Suzuki,Alto-800,2015,9,150000.0,Automatic,second,Petrol,170000
Hyundai,Creta,2018,6,95000.0,Manual,first,Diesel,899000
Mercedes-Benz,GLC Class,2021,3,28000.0,Automatic,first,Diesel,6850000
Toyota,Corolla Altis,2012,12,56000.0,Automatic,second,Hybrid/CNG,365000
Maruti Suzuki,Alto-800,2019,5,26000.0,Manual,first,Petrol,330000
Toyota,Corolla Altis,2012,12,115000.0,Manual,second,Diesel,415000
Maruti Suzuki,Grand Vitara,2021,3,31000.0,Manual,first,Petrol,745000
Tata,Tiago,2018,6,77400.0,Manual,first,Diesel,495000
Mercedes-Benz,GLA,2016,8,35300.0,Automatic,second,Diesel,1875000
Mahindra,Marazzo,2020,4,52000.0,Automatic,first,Diesel,950000
Ford,Endeavour,2018,6,49000.0,Automatic,first,Diesel,2490000
Maruti Suzuki,Swift,2017,7,72000.0,Manual,second,Petrol,540000
Maruti Suzuki,Wagon-R,2016,8,185000.0,Automatic,first,Hybrid/CNG,205000
Maruti Suzuki,Alto,2012,12,90000.0,Manual,second,Hybrid/CNG,125000
Maruti Suzuki,Alto,2005,19,250000.0,Manual,second,Petrol,75000
Toyota,Innova,2011,13,105000.0,Manual,second,Diesel,421000
Maruti Suzuki,Celerio,2018,6,54553.0,Manual,second,Petrol,325000
Kia,Sonet,2021,3,77000.0,Manual,first,Diesel,1151000
Tata,Nexon,2022,2,55000.0,Automatic,first,Diesel,1290000
Mercedes-Benz,A-class Limousine,2023,1,15000.0,Automatic,first,Diesel,3800000
Toyota,Innova Crysta,2017,7,99000.0,Manual,second,Diesel,1875000
Honda,City,2011,13,90000.0,Automatic,second,Hybrid/CNG,150000
Maruti Suzuki,Ertiga,2023,1,120000.0,Automatic,first,Hybrid/CNG,950000
Maruti Suzuki,Ciaz,2016,8,114000.0,Manual,first,Petrol,499000
Chevrolet,Sail,2016,8,120000.0,Manual,second,Diesel,245000
Maruti Suzuki,Swift-Dzire,2017,7,51000.0,Manual,second,Hybrid/CNG,490000
Mahindra,Xylo,2015,9,123000.0,Manual,second,Diesel,725000
Honda,CRV,2010,14,94000.0,Automatic,second,Petrol,475000
Honda,City,2016,8,69000.0,Manual,second,Hybrid/CNG,575000
Renault,Duster,2014,10,96500.0,Manual,second,Diesel,270000
Mercedes-Benz,C-Class,2020,4,29000.0,Automatic,second,Diesel,4000000
Lexus,RX,2016,8,11000.0,Automatic,first,Hybrid/CNG,6000000
Ford,Ecosport,2015,9,68530.0,Manual,second,Diesel,325000
Kia,Sonet,2022,2,26793.0,Manual,first,Petrol,821000
Honda,Jazz,2017,7,52639.0,Automatic,first,Petrol,474000
Honda,Amaze,2013,11,66000.0,Manual,second,Hybrid/CNG,285000
Tata,Harrier,2023,1,7500.0,Manual,first,Diesel,1675000
Porsche,Panamera,2020,4,20000.0,Automatic,first,Petrol,15000000
BMW,5 Series,2012,12,50000.0,Automatic,first,Diesel,1250000
Maruti Suzuki,Wagon-R,2004,20,110000.0,Manual,second,Petrol,100000
Skoda,Rapid,2013,11,107316.0,Manual,first,Diesel,435000
Toyota,Corolla,2006,18,114831.0,Automatic,second,Petrol,225000
Mahindra,XUV500,2016,8,80000.0,Manual,second,Diesel,450000
Hyundai,Creta,2016,8,63500.0,Manual,first,Hybrid/CNG,735000
Maruti Suzuki,Omni,2011,13,55000.0,Manual,second,Petrol,255000
Tata,Nexon,2018,6,98000.0,Manual,first,Diesel,525000
Ford,Endeavour,2018,6,93000.0,Automatic,first,Diesel,1999000
BMW,X3,2017,7,156000.0,Automatic,first,Diesel,2000000
Tata,Altroz,2021,3,27999.0,Manual,first,Petrol,660000
Maruti Suzuki,S-Presso,2020,4,19000.0,Automatic,first,Petrol,485000
Tata,Tiago,2021,3,25000.0,Automatic,first,Petrol,650000
Kia,Seltos,2021,3,43123.0,Automatic,first,Petrol,1445000
Toyota,Corolla Altis,2015,9,65000.0,Automatic,second,Hybrid/CNG,624999
Renault,KWID,2017,7,55000.0,Automatic,second,Hybrid/CNG,219000
Toyota,Corolla Altis,2008,16,10000.0,Automatic,second,Hybrid/CNG,230000
Mercedes-Benz,GLA,2016,8,57000.0,Automatic,first,Diesel,1290000
Hyundai,Santro Xing,2010,14,84500.0,Manual,second,Petrol,180000
Maruti Suzuki,Eeco,2016,8,25.0,Automatic,second,Hybrid/CNG,280000
Toyota,Corolla Altis,2010,14,80000.0,Manual,second,Hybrid/CNG,325000
Nissan,Sunny,2014,10,78500.0,Automatic,second,Hybrid/CNG,470000
Maruti Suzuki,Wagon-R-Stingray,2016,8,24000.0,Automatic,first,Hybrid/CNG,320000
Maruti Suzuki,Wagon-R,2022,2,23000.0,Manual,first,Hybrid/CNG,595000
Maruti Suzuki,Ertiga,2024,0,5000.0,Manual,first,Hybrid/CNG,1225000
Kia,Carens,2022,2,39000.0,Manual,second,Diesel,1350000
Maruti Suzuki,Swift-Dzire,2011,13,73422.0,Manual,second,Hybrid/CNG,225000
Hyundai,Xcent,2020,4,172000.0,Manual,second,Diesel,545000
Maruti Suzuki,Celerio,2017,7,47000.0,Manual,second,Petrol,390000
Maruti Suzuki,Vitara-Brezza,2018,6,72000.0,Manual,first,Diesel,575000
Toyota,Corolla Altis,2009,15,75000.0,Manual,second,Hybrid/CNG,235000
Maruti Suzuki,Wagon-R-1-0,2017,7,23109.0,Automatic,first,Hybrid/CNG,425000
Maruti Suzuki,Ritz,2016,8,128069.0,Manual,first,Diesel,325000
Hyundai,i20 Active,2015,9,47000.0,Manual,first,Diesel,649999
Hyundai,Creta,2023,1,70000.0,Automatic,first,Diesel,1800000
Renault,KWID,2016,8,17000.0,Manual,second,Petrol,295000
Maruti Suzuki,Ciaz,2018,6,93500.0,Automatic,first,Hybrid/CNG,550000
Honda,City,2010,14,126000.0,Manual,second,Petrol,375000
Maruti Suzuki,Alto-800,2011,13,0.0,Manual,second,Petrol,140000
Maruti Suzuki,Wagon-R,2012,12,83000.0,Manual,second,Petrol,210000
Maruti Suzuki,Swift,2016,8,47884.0,Manual,first,Petrol,450000
Land Rover,Range Rover Sport,2019,5,64000.0,Automatic,first,Diesel,7900000
Kia,Carnival,2021,3,23000.0,Automatic,first,Diesel,2695000
Toyota,Fortuner,2021,3,31500.0,Automatic,first,Diesel,3699000
Maruti Suzuki,Wagon-R,2021,3,75000.0,Manual,first,Hybrid/CNG,499000
Maruti Suzuki,Baleno,2019,5,65000.0,Automatic,second,Petrol,585000
Hyundai,Grand i10,2018,6,28000.0,Automatic,first,Hybrid/CNG,650000
Maruti Suzuki,Swift-Dzire,2015,9,87419.0,Manual,second,Petrol,520000
Hyundai,Grand i10,2018,6,65000.0,Manual,first,Diesel,445000
Volkswagen,VentoTest,2015,9,69000.0,Automatic,second,Petrol,525000
Maruti Suzuki,Wagon-R,2009,15,90000.0,Manual,second,Petrol,120000
Audi,A6,2021,3,8000.0,Automatic,first,Petrol,5900000
BMW,5 Series,2023,1,7000.0,Automatic,first,Diesel,6600000
Maruti Suzuki,Wagon-R,2012,12,35.0,Automatic,second,Hybrid/CNG,140000
Ford,Ecosport,2016,8,69000.0,Manual,first,Diesel,499000
Maruti Suzuki,Alto-800,2017,7,75000.0,Automatic,first,Hybrid/CNG,230000
Maruti Suzuki,Zen-Estilo,2012,12,75000.0,Manual,second,Hybrid/CNG,210000
Toyota,Glanza,2023,1,49000.0,Manual,first,Hybrid/CNG,830000
Maruti Suzuki,Baleno,2023,1,22000.0,Manual,first,Petrol,939999
Maruti Suzuki,Ritz,2016,8,85000.0,Manual,first,Hybrid/CNG,260000
Renault,Duster,2017,7,102500.0,Automatic,second,Diesel,600000
Maruti Suzuki,Swift,2012,12,112.0,Manual,second,Diesel,399000
Maruti Suzuki,Baleno,2017,7,57500.0,Automatic,first,Hybrid/CNG,565000
Maruti Suzuki,Ignis,2018,6,46000.0,Automatic,first,Hybrid/CNG,500000
Skoda,Octavia,2014,10,78000.0,Automatic,second,Diesel,610000
Land Rover,Range Rover Velar,2020,4,54000.0,Automatic,second,Petrol,7500000
Maruti Suzuki,Ertiga,2014,10,86000.0,Manual,second,Hybrid/CNG,585000
Toyota,Innova Crysta,2017,7,35000.0,Automatic,second,Diesel,2500000
Hyundai,Elite i20,2017,7,40000.0,Manual,first,Petrol,449000
Hyundai,Elantra,2015,9,70000.0,Automatic,second,Petrol,575000
Maruti Suzuki,Swift-Dzire,2011,13,103000.0,Manual,second,Petrol,295000
Hyundai,Grand i10,2019,5,42000.0,Manual,first,Hybrid/CNG,450000
Hyundai,Santro,2003,21,0.0,Manual,second,Hybrid/CNG,52000
Hyundai,Creta,2018,6,57000.0,Automatic,first,Petrol,1075000
Honda,City,2009,15,120000.0,Manual,second,Petrol,225000
Hyundai,Xcent Prime,2022,2,105000.0,Automatic,first,Hybrid/CNG,170000
Chevrolet,Cruze,2014,10,60000.0,Automatic,second,Diesel,450000
Maruti Suzuki,Wagon-R,2012,12,150000.0,Automatic,second,Hybrid/CNG,210000
Honda,Civic,2010,14,75000.0,Manual,second,Hybrid/CNG,250000
Chevrolet,OptraSRV,2006,18,90000.0,Manual,second,Petrol,149000
Maruti Suzuki,Baleno,2017,7,57000.0,Manual,first,Diesel,650000
Hyundai,New Santro,2019,5,82000.0,Manual,first,Hybrid/CNG,455000
Maruti Suzuki,Wagon-R-1-0,2022,2,27100.0,Manual,first,Hybrid/CNG,645000
Hyundai,Creta,2020,4,75000.0,Automatic,second,Diesel,1675000
Tata,Altroz,2023,1,20000.0,Automatic,first,Hybrid/CNG,655000
Hyundai,Grand i10 Nios,2020,4,62000.0,Manual,first,Petrol,580000
Mercedes-Benz,C Class,2019,5,9000.0,Automatic,first,Petrol,3500000
Maruti Suzuki,Swift-Dzire,2017,7,170000.0,Automatic,first,Hybrid/CNG,275000
Hyundai,i10,2009,15,103000.0,Manual,second,Hybrid/CNG,95000
Tata,Nexon,2018,6,76209.0,Automatic,second,Petrol,666000
Maruti Suzuki,Ciaz,2018,6,68000.0,Automatic,first,Hybrid/CNG,749000
Volkswagen,Passat,2019,5,70450.0,Automatic,first,Diesel,2200000
Mahindra,XUV700,2022,2,13000.0,Automatic,first,Petrol,2150000
Hyundai,Creta,2022,2,38000.0,Manual,first,Petrol,1175000
Audi,A3,2015,9,44000.0,Automatic,first,Diesel,1670000
Skoda,Kushaq,2021,3,8600.0,Automatic,first,Petrol,1700000
Hyundai,i10,2011,13,85000.0,Manual,second,Petrol,300000
BMW,3 Series GT,2018,6,70000.0,Automatic,first,Diesel,2090000
Hyundai,Verna,2016,8,60000.0,Automatic,first,Diesel,545000
Maruti Suzuki,A-Star,2011,13,112000.0,Automatic,second,Hybrid/CNG,240000
Toyota,Innova,2015,9,150000.0,Manual,first,Diesel,975000
Maruti Suzuki,Wagon-R,2022,2,58000.0,Manual,first,Hybrid/CNG,590000
Renault,Duster,2019,5,55234.0,Manual,second,Hybrid/CNG,550000
Toyota,Camry,2014,10,100000.0,Automatic,first,Hybrid/CNG,1150000
Toyota,Etios,2016,8,119830.0,Manual,second,Diesel,535000
Maruti Suzuki,Wagon-R-1-0,2014,10,82000.0,Manual,second,Hybrid/CNG,315000
Maruti Suzuki,Celerio,2019,5,111000.0,Automatic,first,Hybrid/CNG,525000
Audi,2.9 Sportback,2018,6,44000.0,Automatic,second,Petrol,7500000
Maruti Suzuki,Swift-Dzire,2020,4,64000.0,Automatic,first,Petrol,785000
Audi,Q5,2014,10,95000.0,Automatic,first,Diesel,840000
Mahindra,XUV500,2015,9,98000.0,Manual,second,Diesel,650000
Hyundai,i20,2019,5,39000.0,Manual,first,Hybrid/CNG,540000
Maruti Suzuki,Wagon-R,2018,6,66000.0,Manual,first,Hybrid/CNG,380000
Toyota,Fortuner,2018,6,120000.0,Automatic,second,Diesel,3400000
Maruti Suzuki,Wagon-R-1-0,2011,13,150000.0,Automatic,second,Hybrid/CNG,140000
Hyundai,Grand i10 Nios,2023,1,10000.0,Automatic,first,Petrol,775000
Skoda,Superb,2021,3,62000.0,Automatic,second,Petrol,2425000
Maruti Suzuki,Swift-Dzire,2017,7,76000.0,Automatic,second,Petrol,620000
Hyundai,New i20,2022,2,21000.0,Manual,first,Petrol,860000
Renault,KWID,2019,5,49600.0,Automatic,first,Petrol,369000
Maruti Suzuki,Ignis,2021,3,14607.0,Automatic,first,Petrol,597000
Land Rover,Discovery Sport,2015,9,75000.0,Automatic,first,Diesel,2000000
Honda,City,2010,14,74000.0,Manual,second,Petrol,240000
Hyundai,Creta,2020,4,90000.0,Manual,second,Diesel,1125000
Ford,Aspire,2019,5,61000.0,Manual,first,Diesel,475000
Maruti Suzuki,Vitara-Brezza,2019,5,61000.0,Automatic,second,Diesel,845000
Maruti Suzuki,Wagon-R,2021,3,54900.0,Manual,first,Hybrid/CNG,549000
Honda,Jazz,2019,5,55000.0,Automatic,first,Hybrid/CNG,545000
Hyundai,Grand i10,2015,9,92000.0,Manual,second,Diesel,450000
Honda,City,2014,10,90000.0,Manual,second,Diesel,490000
Maruti Suzuki,Alto-K10,2019,5,53000.0,Automatic,first,Petrol,395000
Hyundai,Grand i10,2019,5,64000.0,Manual,first,Hybrid/CNG,550000
Honda,Jazz,2012,12,70000.0,Manual,second,Petrol,350000
Maruti Suzuki,Eeco,2018,6,55644.0,Manual,first,Hybrid/CNG,495000
Maruti Suzuki,Wagon-R,2018,6,68000.0,Manual,first,Hybrid/CNG,390000
Toyota,Fortuner,2013,11,113000.0,Automatic,second,Diesel,950000
Maruti Suzuki,Ertiga,2013,11,76140.0,Manual,second,Hybrid/CNG,525500
Maruti Suzuki,Wagon-R-1-0,2017,7,57000.0,Manual,first,Hybrid/CNG,385000
Maruti Suzuki,Swift,2005,19,120000.0,Manual,second,Hybrid/CNG,150000
Maruti Suzuki,Swift-Dzire,2022,2,55000.0,Automatic,first,Hybrid/CNG,690000
Toyota,Fortuner,2014,10,75000.0,Automatic,second,Diesel,1200000
Mercedes-Benz,S-Class,2015,9,45000.0,Automatic,second,Diesel,4100000
Toyota,Innova,2011,13,165000.0,Manual,second,Diesel,975000
Maruti Suzuki,Omni,2012,12,129698.0,Manual,second,Hybrid/CNG,130000
Maruti Suzuki,Alto-800,2013,11,59000.0,Manual,second,Petrol,219999
Maruti Suzuki,Alto-K10,2015,9,15000.0,Automatic,second,Petrol,360000
Honda,City,2015,9,78000.0,Manual,second,Hybrid/CNG,459000
Maruti Suzuki,Ertiga,2018,6,57125.0,Manual,first,Hybrid/CNG,800000
Ford,Ecosport,2017,7,79840.0,Manual,first,Diesel,515000
Hyundai,i10,2013,11,42500.0,Automatic,first,Petrol,335000
Tata,Tigor,2024,0,4700.0,Automatic,first,Hybrid/CNG,945000
Honda,CRV,2007,17,130000.0,Automatic,second,Hybrid/CNG,198000
Maruti Suzuki,Celerio,2017,7,85000.0,Automatic,first,Petrol,455000
Maruti Suzuki,Alto-800,2014,10,115000.0,Manual,second,Petrol,180000
Toyota,Fortuner,2019,5,85000.0,Automatic,first,Diesel,3151000
Toyota,Innova Crysta,2020,4,72000.0,Automatic,first,Diesel,2175000
Maruti Suzuki,Swift,2021,3,73086.0,Manual,first,Petrol,630000
Honda,Amaze,2015,9,40000.0,Manual,second,Diesel,481000
Tata,Tiago,2022,2,19300.0,Manual,first,Hybrid/CNG,684000
Maruti Suzuki,Wagon-R-1-0,2010,14,77200.0,Manual,second,Hybrid/CNG,139000
Hyundai,Santro Xing,2012,12,74000.0,Manual,second,Hybrid/CNG,170000
Ford,Ecosport,2016,8,68000.0,Manual,first,Diesel,499000
Hyundai,i10,2010,14,60000.0,Automatic,second,Petrol,275000
Renault,KWID,2020,4,52000.0,Automatic,first,Hybrid/CNG,350000
Hyundai,Grand i10 Nios,2022,2,14000.0,Manual,second,Hybrid/CNG,625000
Ford,Figo,2013,11,108000.0,Manual,second,Diesel,190000
Hyundai,Santro Xing,2010,14,25.0,Automatic,first,Hybrid/CNG,80000
Toyota,Urban Cruiser Hyryder,2022,2,29000.0,Automatic,first,Hybrid/CNG,1750000
Maruti Suzuki,Sx4,2010,14,74000.0,Manual,second,Petrol,330000
Maruti Suzuki,Wagon-R,2017,7,82000.0,Automatic,second,Hybrid/CNG,385000
Maruti Suzuki,Wagon-R,2016,8,45000.0,Automatic,first,Petrol,299000
Hyundai,Creta,2021,3,36046.0,Automatic,first,Petrol,1463000
Maruti Suzuki,Wagon-R,2009,15,225000.0,Manual,second,Petrol,210000
Honda,Amaze,2019,5,44199.0,Automatic,first,Petrol,635000
Mercedes-Benz,C-Class,2017,7,43000.0,Automatic,first,Diesel,2650000
Maruti Suzuki,Celerio,2019,5,64504.0,Manual,first,Hybrid/CNG,520000
Maruti Suzuki,Ertiga,2024,0,29000.0,Manual,first,Hybrid/CNG,1199999
Hyundai,Grand i10 Nios,2021,3,18000.0,Automatic,first,Hybrid/CNG,700000
Maruti Suzuki,Baleno,2018,6,32000.0,Manual,first,Petrol,685000
Maruti Suzuki,Baleno-RS,2020,4,45000.0,Manual,first,Petrol,950000
Maruti Suzuki,Celerio,2014,10,89000.0,Manual,second,Hybrid/CNG,325000
Honda,Accord,2010,14,58000.0,Automatic,second,Hybrid/CNG,350000
Maruti Suzuki,Ritz,2010,14,85000.0,Manual,second,Hybrid/CNG,148000
Hyundai,Elite i20,2019,5,53000.0,Manual,first,Hybrid/CNG,490000
Land Rover,Discovery,2019,5,87000.0,Automatic,second,Diesel,2700000
Maruti Suzuki,Swift-Dzire,2015,9,88000.0,Manual,second,Diesel,340000
Renault,Captur,2019,5,46231.0,Manual,second,Diesel,650000
Maruti Suzuki,Wagon-R,2019,5,53000.0,Automatic,first,Petrol,490000
Mercedes-Benz,GLE COUPE,2022,2,14000.0,Automatic,second,Petrol,11500000
Mercedes-Benz,C-Class,2017,7,27230.0,Automatic,second,Diesel,3325000
Hyundai,Grand i10,2014,10,92000.0,Manual,second,Petrol,320000
Chevrolet,Cruze,2010,14,70000.0,Automatic,second,Diesel,303000
Maruti Suzuki,Wagon-R-1-0,2017,7,63000.0,Manual,first,Hybrid/CNG,345000
Toyota,Innova Crysta,2019,5,55000.0,Automatic,first,Diesel,2140000
Hyundai,Verna,2013,11,75000.0,Automatic,second,Hybrid/CNG,399000
Mahindra,Ssangyong-Rexton,2014,10,91000.0,Manual,second,Diesel,585000
Skoda,Rapid,2016,8,88888.0,Automatic,second,Petrol,355000
Hyundai,i20,2011,13,130000.0,Automatic,first,Hybrid/CNG,130000
Ford,Ecosport,2019,5,93585.0,Automatic,first,Hybrid/CNG,599999
Maruti Suzuki,Baleno,2018,6,51000.0,Manual,first,Hybrid/CNG,395000
Maruti Suzuki,Wagon-R,2015,9,47858.0,Automatic,first,Hybrid/CNG,335000
Hyundai,i20,2018,6,70000.0,Manual,first,Hybrid/CNG,525000
Volkswagen,Polo,2013,11,61000.0,Manual,second,Diesel,290000
Volkswagen,VentoTest,2010,14,65000.0,Manual,second,Hybrid/CNG,199999
Land Rover,Range Rover Evoque,2013,11,113000.0,Automatic,second,Diesel,1990000
Maruti Suzuki,Omni,2014,10,100000.0,Automatic,first,Hybrid/CNG,180000
Toyota,Innova,2010,14,230000.0,Manual,second,Diesel,725000
Maruti Suzuki,Alto-800,2018,6,60000.0,Manual,second,Hybrid/CNG,245000
Chevrolet,Cruze,2015,9,65000.0,Automatic,second,Diesel,485000
Maruti Suzuki,maruti-suzuki-dzire,2016,8,115000.0,Automatic,first,Diesel,551000
Ford,Endeavour,2011,13,96000.0,Automatic,second,Diesel,351000
BMW,3 Series GT,2016,8,97000.0,Automatic,first,Diesel,1600000
Honda,Amaze,2015,9,46000.0,Automatic,second,Petrol,349000
Tata,Tiago,2018,6,43000.0,Automatic,first,Hybrid/CNG,535000
Chevrolet,Cruze,2011,13,97000.0,Automatic,second,Diesel,410000
Maruti Suzuki,Alto-800,2016,8,61000.0,Manual,second,Petrol,230000
Honda,City,2016,8,38000.0,Manual,first,Diesel,775000
Maruti Suzuki,Alto-800,2013,11,76000.0,Manual,second,Petrol,284000
Hyundai,Santa Fe,2016,8,94000.0,Automatic,second,Diesel,745000
Maruti Suzuki,Wagon R,2011,13,84000.0,Manual,second,Hybrid/CNG,185000
Volkswagen,Polo,2017,7,60000.0,Manual,second,Diesel,740000
Tata,Nano,2010,14,9167.0,Manual,first,Petrol,55000
Maruti Suzuki,Wagon-R,2012,12,78000.0,Manual,second,Hybrid/CNG,195000
BMW,7 Series,2015,9,20000.0,Automatic,first,Diesel,3700000
Ford,Endeavour,2016,8,88500.0,Automatic,second,Diesel,1585000
Honda,City,2017,7,59700.0,Automatic,second,Hybrid/CNG,568000
Maruti Suzuki,Wagon-R,2015,9,62000.0,Automatic,second,Hybrid/CNG,120000
Ford,Ecosport,2019,5,40392.0,Automatic,first,Hybrid/CNG,849000
Honda,Accord,2012,12,86000.0,Automatic,second,Petrol,390000
Hyundai,i10,2012,12,29000.0,Manual,second,Petrol,199999
Honda,Amaze,2019,5,19000.0,Automatic,first,Petrol,695000
Toyota,Urban Cruiser Hyryder,2024,0,3600.0,Automatic,first,Hybrid/CNG,2200000
Hyundai,i10,2015,9,104000.0,Automatic,second,Hybrid/CNG,245000
Skoda,Rapid,2013,11,69000.0,Manual,first,Diesel,349999
Maruti Suzuki,Wagon-R,2012,12,58500.0,Manual,second,Hybrid/CNG,250000
Maruti Suzuki,maruti-suzuki-dzire,2011,13,59000.0,Manual,second,Hybrid/CNG,246000
Maruti Suzuki,Ritz,2011,13,85000.0,Automatic,second,Hybrid/CNG,155000
Maruti Suzuki,Ertiga,2016,8,59000.0,Manual,second,Diesel,820000
Maruti Suzuki,Swift,2024,0,19000.0,Manual,first,Petrol,728000
Toyota,Innova,2015,9,177000.0,Manual,first,Diesel,575000
Honda,City,2015,9,58000.0,Automatic,second,Hybrid/CNG,510000
Maruti Suzuki,Wagon-R,2017,7,60000.0,Manual,second,Hybrid/CNG,295000
Skoda,Kodiaq,2023,1,15000.0,Automatic,first,Petrol,4200000
MG,Hector Plus,2023,1,42500.0,Automatic,first,Petrol,1850000
Maruti Suzuki,Eeco,2019,5,82453.0,Automatic,second,Hybrid/CNG,360000
Maruti Suzuki,Baleno,2019,5,251174.0,Automatic,first,Diesel,100000
Hyundai,Grand i10,2013,11,42900.0,Automatic,first,Hybrid/CNG,385000
Maruti Suzuki,Wagon-R,2019,5,19000.0,Manual,first,Petrol,525000
Renault,Triber,2021,3,18000.0,Automatic,second,Petrol,550000
Hyundai,i20,2018,6,79100.0,Manual,second,Hybrid/CNG,535000
Ambassador,Ambassador,2003,21,1.0,Manual,second,Petrol,155000
Toyota,Corolla,2008,16,140000.0,Manual,second,Hybrid/CNG,225000
Maruti Suzuki,Vitara-Brezza,2022,2,30000.0,Manual,first,Petrol,950000
Maruti Suzuki,Swift,2018,6,80000.0,Automatic,first,Petrol,499999
Maruti Suzuki,Celerio,2015,9,55000.0,Automatic,second,Hybrid/CNG,400000
Honda,City,2016,8,71000.0,Automatic,second,Petrol,549999
Maruti Suzuki,Wagon-R,2022,2,80000.0,Manual,first,Hybrid/CNG,499999
Ford,Figo,2015,9,63500.0,Manual,first,Petrol,244999
MG,Hector,2019,5,45000.0,Automatic,second,Petrol,1290000
Maruti Suzuki,Wagon-R,2022,2,24000.0,Manual,first,Hybrid/CNG,639000
Maruti Suzuki,Ignis,2022,2,8000.0,Automatic,second,Petrol,669000
Hyundai,i20,2011,13,85000.0,Automatic,second,Hybrid/CNG,150000
Hyundai,Getz,2005,19,50000.0,Manual,second,Petrol,68000
Maruti Suzuki,maruti-suzuki-dzire,2017,7,62000.0,Automatic,first,Petrol,535000
Skoda,Slavia,2022,2,14000.0,Automatic,first,Petrol,1680000
Maruti Suzuki,Stingray,2016,8,72500.0,Automatic,first,Hybrid/CNG,270000
Hyundai,i10,2011,13,20198.0,Manual,first,Petrol,175000
Maruti Suzuki,Grand Vitara,2023,1,17000.0,Manual,first,Petrol,1495000
Ford,Figo,2016,8,44000.0,Automatic,second,Petrol,450000
Maruti Suzuki,Ritz,2012,12,70000.0,Manual,second,Diesel,345000
Toyota,Innova,2014,10,225000.0,Manual,second,Diesel,550000
Mahindra,Jeep,1999,25,78000.0,Manual,second,Diesel,80000
Maruti Suzuki,Ignis,2018,6,40200.0,Manual,second,Petrol,550000
Honda,Civic,2008,16,50000.0,Automatic,first,Hybrid/CNG,40000
Volkswagen,Polo,2017,7,77948.0,Manual,second,Diesel,549999
Honda,City,2021,3,62000.0,Automatic,first,Petrol,1050000
Renault,KWID,2017,7,24000.0,Automatic,second,Hybrid/CNG,230000
Maruti Suzuki,Wagon-R,2018,6,102200.0,Manual,first,Hybrid/CNG,320000
Hyundai,Venue,2019,5,100000.0,Manual,first,Diesel,865000
Maruti Suzuki,maruti-suzuki-dzire,2010,14,118979.0,Manual,first,Diesel,200000
Tata,Harrier,2023,1,10000.0,Automatic,first,Diesel,2700000
Mercedes-Benz,M-Class,2013,11,130000.0,Automatic,second,Diesel,1890000
Honda,Brio,2015,9,56000.0,Automatic,first,Hybrid/CNG,365000
Mahindra,Bolero,2015,9,115217.0,Manual,first,Diesel,775000
Hyundai,Tucson,2019,5,42000.0,Automatic,first,Petrol,1635000
Maruti Suzuki,Celerio,2014,10,50000.0,Automatic,second,Petrol,350000
Honda,Civic,2010,14,72000.0,Manual,second,Petrol,298000
Maruti Suzuki,Ertiga,2024,0,12000.0,Manual,first,Hybrid/CNG,1450000
Hyundai,i20,2017,7,70000.0,Manual,first,Diesel,510000
Jeep,Compass,2017,7,45000.0,Manual,first,Diesel,1250000
Mahindra,Bolero Power Plus,2013,11,180000.0,Automatic,second,Diesel,350000
Maruti Suzuki,Sx4,2012,12,82000.0,Manual,second,Hybrid/CNG,289000
Maruti Suzuki,maruti-suzuki-brezza,2024,0,14000.0,Manual,first,Hybrid/CNG,1175000
Maruti Suzuki,Swift-Dzire,2018,6,65000.0,Automatic,second,Hybrid/CNG,525000
Maruti Suzuki,Eeco,2018,6,85000.0,Manual,first,Hybrid/CNG,325000
Mahindra,XUV500,2018,6,46000.0,Manual,second,Diesel,870000
Maruti Suzuki,Sx4,2010,14,45000.0,Manual,second,Hybrid/CNG,250000
Toyota,Innova Hycross,2023,1,40000.0,Automatic,first,Hybrid/CNG,3850000
Maruti Suzuki,Ertiga,2015,9,100000.0,Manual,second,Hybrid/CNG,625000
Maruti Suzuki,Swift-Dzire,2015,9,63000.0,Manual,first,Diesel,435000
Maruti Suzuki,Wagon-R,2016,8,138922.0,Manual,second,Hybrid/CNG,285000
Maruti Suzuki,Swift-Dzire,2013,11,57500.0,Manual,first,Petrol,570000
Mahindra,Rexton,2014,10,85000.0,Automatic,second,Diesel,550000
Ford,Mustang,2017,7,24000.0,Automatic,first,Petrol,8200000
Honda,CR-V,2019,5,129000.0,Automatic,second,Petrol,1800000
Maruti Suzuki,Eeco,2022,2,80000.0,Manual,first,Petrol,250000
Maruti Suzuki,Wagon R 1.0,2016,8,65000.0,Automatic,second,Petrol,460000
Honda,Amaze,2019,5,51000.0,Manual,first,Petrol,575000
Honda,Brio,2012,12,60000.0,Manual,second,Petrol,280000
Volkswagen,Polo,2016,8,45000.0,Manual,first,Hybrid/CNG,425000
Maruti Suzuki,Swift,2012,12,78000.0,Manual,second,Hybrid/CNG,365000
Ford,Endeavour,2018,6,74000.0,Automatic,first,Diesel,2650000
Maruti Suzuki,Alto-K10,2014,10,57862.0,Manual,second,Petrol,288000
Hyundai,Eon,2015,9,89000.0,Manual,second,Petrol,260000
Maruti Suzuki,Swift,2021,3,63946.0,Automatic,first,Petrol,615000
Maruti Suzuki,Baleno,2021,3,64852.0,Automatic,first,Hybrid/CNG,650000
Audi,A6,2014,10,66000.0,Automatic,first,Diesel,890000
Maruti Suzuki,Eeco,2017,7,98656.0,Manual,second,Hybrid/CNG,355000
Hyundai,Verna,2023,1,15000.0,Automatic,first,Petrol,1750000
Audi,Q7,2024,0,6912.0,Automatic,first,Hybrid/CNG,8000000
Maruti Suzuki,Wagon-R,2016,8,62125.0,Manual,second,Hybrid/CNG,320000
Mercedes-Benz,M-Class,2015,9,73000.0,Automatic,second,Diesel,1975000
Hyundai,Elite i20,2019,5,65137.5,Manual,first,Petrol,475000
Maruti Suzuki,Swift,2018,6,72000.0,Automatic,first,Hybrid/CNG,645000
Maruti Suzuki,Eeco,2016,8,12500.0,Manual,first,Petrol,414000
Hyundai,Creta,2017,7,77971.0,Manual,first,Diesel,765000
Honda,City,2012,12,60000.0,Automatic,first,Hybrid/CNG,490000
Nissan,Micra,2018,6,67000.0,Manual,first,Petrol,450000
Maruti Suzuki,800,2005,19,5000.0,Automatic,second,Petrol,40000
Honda,City,2014,10,65000.0,Automatic,first,Petrol,400000
Maruti Suzuki,Vitara-Brezza,2017,7,55000.0,Manual,second,Diesel,420000
Audi,A4,2011,13,78000.0,Automatic,second,Diesel,790000
Volkswagen,Polo,2019,5,76832.0,Automatic,second,Petrol,945000
Hyundai,Alcazar,2021,3,28987.0,Automatic,first,Diesel,1700000
Hyundai,Creta,2017,7,55000.0,Automatic,second,Petrol,870000
Toyota,Etios Liva,2014,10,100080.0,Manual,second,Diesel,410000
Hyundai,Grand i10,2017,7,64000.0,Manual,first,Hybrid/CNG,375000
Toyota,Innova Crysta,2016,8,142000.0,Automatic,second,Diesel,1385000
Hyundai,Eon,2018,6,80000.0,Automatic,second,Petrol,110000
Maruti Suzuki,Eeco,2017,7,79000.0,Manual,second,Hybrid/CNG,305000
Mahindra,XUV 300,2022,2,14555.0,Automatic,first,Diesel,1095000
Maruti Suzuki,Ertiga,2012,12,98000.0,Manual,first,Hybrid/CNG,450000
Hyundai,Verna,2015,9,42500.0,Automatic,second,Petrol,625000
Maruti Suzuki,Sx4,2010,14,60000.0,Automatic,first,Petrol,175000
Maruti Suzuki,Celerio,2017,7,53000.0,Automatic,first,Petrol,495000
Maruti Suzuki,Ertiga,2024,0,35.0,Manual,first,Hybrid/CNG,1180000
Maruti Suzuki,Celerio,2018,6,85000.0,Manual,second,Petrol,380000
Hyundai,i20,2016,8,62000.0,Manual,second,Hybrid/CNG,465000
Maruti Suzuki,Wagon-R-Stingray,2023,1,58094.0,Automatic,first,Hybrid/CNG,350000
Maruti Suzuki,Ertiga,2021,3,110085.0,Automatic,second,Hybrid/CNG,1000000
Honda,City,2011,13,78000.0,Manual,second,Petrol,210000
Mercedes-Benz,E-Class,2012,12,49000.0,Automatic,second,Diesel,990000
Honda,City,2014,10,99939.0,Manual,second,Petrol,340000
Maruti Suzuki,Ertiga,2016,8,62000.0,Manual,second,Hybrid/CNG,625000
Maruti Suzuki,Alto-800,2013,11,35000.0,Manual,second,Hybrid/CNG,190000
Maruti Suzuki,Zen-Estilo,2010,14,45078.0,Manual,first,Petrol,135000
Tata,Nano,2016,8,36000.0,Manual,first,Petrol,180000
MG,Hector,2020,4,48000.0,Automatic,first,Petrol,1430000
Maruti Suzuki,Baleno,2016,8,64000.0,Automatic,second,Petrol,565000
Hyundai,Eon,2012,12,98000.0,Manual,second,Hybrid/CNG,145000
Hyundai,Venue,2020,4,46462.0,Manual,first,Petrol,709000
Nissan,Micra Active,2012,12,62538.0,Manual,second,Hybrid/CNG,149999
Hyundai,Alcazar,2017,7,15000.0,Automatic,first,Petrol,1895000
Maruti Suzuki,Ertiga,2019,5,164681.0,Automatic,second,Hybrid/CNG,1050000
Honda,Accord,2011,13,100000.0,Manual,second,Hybrid/CNG,299000
Maruti Suzuki,Swift-Dzire-Tour,2020,4,87000.0,Manual,second,Hybrid/CNG,600000
Maruti Suzuki,Celerio,2019,5,84000.0,Manual,second,Hybrid/CNG,445000
Tata,Indica,2014,10,164278.0,Manual,second,Diesel,110000
Maruti Suzuki,Ertiga,2017,7,65000.0,Manual,second,Hybrid/CNG,725000
Hyundai,Grand i10,2016,8,96000.0,Manual,second,Hybrid/CNG,400000
Mercedes-Benz,GLA Class,2018,6,39507.0,Automatic,first,Petrol,1925000
Maruti Suzuki,Wagon-R-1-0,2014,10,165000.0,Manual,second,Hybrid/CNG,280000
Jeep,Compass,2021,3,46000.0,Automatic,first,Diesel,2199000
Honda,City,2016,8,55000.0,Automatic,second,Hybrid/CNG,575000
Maruti Suzuki,Swift-Dzire,2016,8,61620.0,Manual,first,Diesel,465000
Volkswagen,VentoTest,2013,11,44000.0,Automatic,first,Petrol,375000
Maruti Suzuki,Ertiga,2024,0,58000.0,Automatic,first,Hybrid/CNG,380000
Renault,KWID,2021,3,28000.0,Manual,second,Petrol,375000
Maruti Suzuki,Omni,2018,6,94000.0,Automatic,first,Hybrid/CNG,290000
Toyota,Glanza,2020,4,84450.0,Manual,second,Petrol,622000
Hyundai,Verna,2011,13,148000.0,Automatic,second,Petrol,290000
Maruti Suzuki,Omni,2017,7,90000.0,Automatic,second,Hybrid/CNG,195000
Honda,Mobilio,2015,9,20000.0,Manual,first,Petrol,475000
BMW,5 Series,2019,5,48000.0,Automatic,second,Diesel,3750000
Lexus,NX,2018,6,28000.0,Automatic,first,Petrol,5650000
Hyundai,Elite i20,2014,10,70900.0,Manual,first,Hybrid/CNG,525000
Volkswagen,VentoTest,2017,7,53000.0,Automatic,second,Petrol,489000
Honda,City,2012,12,78000.0,Automatic,second,Hybrid/CNG,285000
Skoda,Rapid,2016,8,50000.0,Automatic,first,Petrol,500000
Maruti Suzuki,Wagon-R,2021,3,48000.0,Manual,second,Hybrid/CNG,565000
Mahindra,Thar,2021,3,22000.0,Automatic,first,Petrol,1375000
Maruti Suzuki,Swift-Dzire,2015,9,59200.0,Manual,second,Petrol,425000
BMW,5 Series,2022,2,11000.0,Automatic,first,Diesel,7800000
Mahindra,Bolero,2015,9,91000.0,Manual,second,Diesel,380000
Ford,Ecosport,2020,4,51000.0,Automatic,first,Petrol,875000
Maruti Suzuki,Wagon-R,2012,12,75000.0,Manual,first,Hybrid/CNG,260000
Hyundai,Verna,2013,11,60000.0,Manual,second,Petrol,350000
Nissan,Teana,2009,15,53000.0,Automatic,first,Hybrid/CNG,175000
Renault,KWID,2018,6,50743.0,Manual,first,Petrol,316000
Audi,A4,2016,8,55500.0,Automatic,second,Diesel,2250000
Maruti Suzuki,Alto,2010,14,89000.0,Manual,second,Petrol,149000
Toyota,Innova Crysta,2017,7,90000.0,Automatic,first,Petrol,1325000
Hyundai,Xcent,2018,6,52000.0,Manual,first,Hybrid/CNG,511000
Volkswagen,Polo,2014,10,60000.0,Manual,second,Diesel,333000
Tata,Harrier,2021,3,40000.0,Manual,second,Diesel,1080000
Maruti Suzuki,Omni,2008,16,87913.0,Manual,second,Petrol,95000
Maruti Suzuki,Swift-Dzire,2012,12,78850.0,Automatic,second,Hybrid/CNG,265000
Maruti Suzuki,Ertiga,2020,4,80000.0,Manual,first,Hybrid/CNG,979999
Maruti Suzuki,Wagon-R,2019,5,60000.0,Automatic,first,Hybrid/CNG,270000
Toyota,Innova,2015,9,132000.0,Manual,second,Diesel,860000
Toyota,Camry,2016,8,72000.0,Automatic,second,Hybrid/CNG,2150000
Maruti Suzuki,Celerio,2014,10,95000.0,Automatic,second,Petrol,380000
Maruti Suzuki,Swift-Dzire,2017,7,94000.0,Manual,second,Hybrid/CNG,590000
BMW,3 Series,2018,6,98500.0,Automatic,second,Diesel,2400000
Toyota,Corolla Altis,2014,10,120000.0,Automatic,second,Hybrid/CNG,400000
Ford,Free Style,2020,4,41000.0,Manual,second,Petrol,450000
Renault,Duster,2014,10,176000.0,Manual,second,Diesel,465000
BMW,5 Series,2018,6,60000.0,Automatic,first,Diesel,4700000
Mahindra,XUV500,2012,12,88500.0,Manual,second,Diesel,485000
Mitsubishi,Pajero Sport,2015,9,87000.0,Automatic,second,Diesel,890000
Maruti Suzuki,Baleno,2016,8,129000.0,Manual,first,Diesel,625000
Maruti Suzuki,Sx4,2011,13,45000.0,Manual,first,Diesel,211000
Ford,Ecosport,2018,6,33650.0,Automatic,first,Hybrid/CNG,690000
Maruti Suzuki,Wagon-R,2010,14,75198.0,Manual,first,Petrol,180000
Maruti Suzuki,Baleno,2020,4,18100.0,Manual,first,Petrol,650000
Hyundai,Alcazar,2022,2,41000.0,Automatic,first,Diesel,1575000
Mahindra,Scorpio,2015,9,74749.0,Manual,first,Diesel,661000
Maruti Suzuki,Swift,2011,13,79000.0,Manual,first,Hybrid/CNG,270000
Mahindra,XUV500,2015,9,55000.0,Manual,second,Diesel,749000
Volkswagen,Polo,2013,11,69000.0,Manual,second,Diesel,395000
Hyundai,Grand i10,2016,8,62000.0,Automatic,second,Hybrid/CNG,425000
Honda,City ZX,2018,6,83568.0,Manual,second,Diesel,850000
Maruti Suzuki,Wagon-R,2019,5,60000.0,Automatic,first,Hybrid/CNG,540000
BMW,7 Series,2014,10,107000.0,Automatic,second,Diesel,2800000
Maruti Suzuki,Ertiga,2012,12,110000.0,Automatic,second,Diesel,645000
Maruti Suzuki,Swift,2018,6,72000.0,Manual,first,Hybrid/CNG,510000
Maruti Suzuki,A-Star,2009,15,56000.0,Manual,second,Petrol,255000
Hyundai,i10,2010,14,35000.0,Manual,first,Petrol,214999
Honda,Mobilio,2015,9,33500.0,Manual,first,Hybrid/CNG,475000
Maruti Suzuki,Baleno,2019,5,37000.0,Automatic,second,Petrol,750000
Maruti Suzuki,Swift-Dzire,2016,8,70000.0,Manual,first,Petrol,575000
Skoda,Superb,2011,13,65000.0,Automatic,first,Diesel,515000
Maruti Suzuki,S-Presso,2020,4,801270.0,Automatic,first,Hybrid/CNG,465000
Maruti Suzuki,Celerio,2018,6,53000.0,Automatic,second,Hybrid/CNG,525000
Maruti Suzuki,Alto-K10,2015,9,72000.0,Manual,first,Hybrid/CNG,265000
Maruti Suzuki,Alto K10,2017,7,76443.0,Manual,first,Petrol,310000
Maruti Suzuki,Ignis,2018,6,95000.0,Automatic,second,Hybrid/CNG,385000
Toyota,Yaris,2021,3,30000.0,Automatic,second,Petrol,900000
Maruti Suzuki,Alto-800,2018,6,50450.0,Manual,first,Hybrid/CNG,368000
Honda,City,2017,7,70000.0,Automatic,second,Petrol,640000
Maruti Suzuki,Eeco,2015,9,111000.0,Manual,second,Hybrid/CNG,300000
Honda,Amaze,2020,4,34000.0,Automatic,first,Petrol,845000
Hyundai,New i20,2019,5,56000.0,Automatic,first,Hybrid/CNG,611000
Kia,Sonet,2023,1,39000.0,Manual,first,Petrol,865000
Hyundai,Grand i10,2019,5,43000.0,Manual,second,Hybrid/CNG,485000
Volkswagen,Polo,2014,10,71000.0,Manual,first,Hybrid/CNG,329000
Kia,Seltos,2022,2,22000.0,Automatic,first,Petrol,1550000
Hyundai,Grand i10,2020,4,50000.0,Manual,first,Hybrid/CNG,550000
Toyota,Innova Crysta,2019,5,68000.0,Automatic,first,Diesel,2650000
Honda,City,2016,8,93000.0,Automatic,second,Hybrid/CNG,615000
Hyundai,Grand i10,2015,9,58000.0,Manual,second,Hybrid/CNG,315000
Skoda,Rapid,2015,9,110000.0,Automatic,second,Diesel,550000
Renault,Kiger,2022,2,25000.0,Manual,first,Hybrid/CNG,600000
Hyundai,Creta,2019,5,98000.0,Automatic,first,Diesel,850000
Audi,A6,2012,12,80000.0,Automatic,first,Diesel,1150000
Mahindra,XUV500,2018,6,100214.0,Automatic,second,Diesel,1183000
Maruti Suzuki,Celerio,2020,4,41000.0,Automatic,second,Hybrid/CNG,491000
Honda,City,2010,14,85000.0,Automatic,second,Hybrid/CNG,190000
Land Rover,Range Rover Velar,2023,1,17000.0,Automatic,first,Petrol,8990000
Maruti Suzuki,Alto-800,2015,9,85000.0,Manual,second,Petrol,180000
Maruti Suzuki,Ertiga,2019,5,22600.0,Manual,second,Hybrid/CNG,975000
Honda,Accord,2007,17,65137.5,Automatic,second,Hybrid/CNG,135000
Hyundai,Creta,2023,1,27000.0,Manual,first,Petrol,1425000
Honda,Amaze,2014,10,61472.0,Manual,second,Petrol,249000
Tata,Tiago,2020,4,26000.0,Manual,second,Petrol,445000
Renault,KWID,2017,7,44000.0,Manual,first,Petrol,295000
Mercedes-Benz,GLE Class,2016,8,130000.0,Automatic,first,Diesel,2550000
Maruti Suzuki,Swift,2022,2,23000.0,Manual,first,Petrol,675000
Skoda,Octavia,2018,6,28000.0,Automatic,second,Diesel,3000000
BMW,3 Series,2013,11,54000.0,Automatic,first,Diesel,1295000
Honda,Amaze,2016,8,63000.0,Manual,second,Diesel,515000
Volkswagen,Ameo,2018,6,85000.0,Manual,first,Diesel,475000
Hyundai,Grand i10 Nios,2022,2,34165.0,Manual,first,Hybrid/CNG,775000
Maruti Suzuki,Wagon-R,2014,10,18.0,Automatic,second,Hybrid/CNG,230000
Hyundai,i10,2012,12,65000.0,Manual,second,Hybrid/CNG,275000
Maruti Suzuki,Stingray,2016,8,51000.0,Manual,second,Hybrid/CNG,395000
Honda,City,2019,5,49000.0,Automatic,first,Petrol,800000
Maruti Suzuki,Ciaz,2018,6,75200.0,Manual,second,Hybrid/CNG,599000
Ford,Endeavour,2021,3,82000.0,Manual,first,Diesel,3475000
Honda,City,2011,13,80000.0,Automatic,second,Hybrid/CNG,220000
Maruti Suzuki,Ertiga,2016,8,81200.0,Manual,first,Hybrid/CNG,649999
Maruti Suzuki,Swift,2010,14,72000.0,Manual,first,Hybrid/CNG,85000
Maruti Suzuki,Esteem,2006,18,45000.0,Manual,second,Petrol,80000
Mahindra,Scorpio-N,2023,1,24000.0,Automatic,first,Diesel,2451000
Maruti Suzuki,Alto,2007,17,100000.0,Manual,second,Petrol,180000
Hyundai,Grand i10,2015,9,48000.0,Manual,second,Diesel,110000
Maruti Suzuki,Swift Dzire,2024,0,36.0,Automatic,first,Hybrid/CNG,187000
Honda,Amaze,2016,8,54000.0,Manual,first,Diesel,295000
Maruti Suzuki,Alto-K10,2015,9,135000.0,Automatic,first,Hybrid/CNG,215000
Audi,A4,2012,12,97000.0,Automatic,second,Diesel,1140000
Honda,City,2010,14,83000.0,Manual,first,Hybrid/CNG,280000
Maruti Suzuki,XL6,2022,2,40000.0,Automatic,second,Petrol,1220000
Renault,Duster,2017,7,57990.0,Automatic,first,Diesel,551100
Hyundai,Creta,2017,7,82500.0,Automatic,first,Diesel,1100000
Honda,Civic,2019,5,35274.0,Automatic,second,Petrol,1149999
Honda,Jazz,2015,9,58000.0,Automatic,first,Petrol,515000
Maruti Suzuki,Ertiga,2013,11,110000.0,Manual,second,Diesel,699999
Nissan,Kicks,2019,5,70000.0,Manual,first,Diesel,695000
Volkswagen,VentoTest,2015,9,107000.0,Automatic,second,Petrol,499999
Tata,Nano Genx,2016,8,24000.0,Automatic,second,Petrol,186000
Kia,Carnival,2020,4,48000.0,Automatic,first,Diesel,2699999
Nissan,Micra,2010,14,98500.0,Manual,second,Hybrid/CNG,148000
Toyota,Innova,2014,10,126500.0,Manual,second,Diesel,795000
Hyundai,Xcent Prime,2019,5,51000.0,Manual,second,Hybrid/CNG,399999
Maruti Suzuki,Wagon-R,2015,9,82000.0,Automatic,second,Hybrid/CNG,240000
Maruti Suzuki,Alto,2010,14,23.0,Automatic,second,Petrol,95000
Mahindra,Bolero,2021,3,3000.0,Manual,first,Diesel,1075000
Honda,Amaze,2016,8,21000.0,Manual,first,Petrol,540000
Maruti Suzuki,Ertiga,2015,9,70000.0,Manual,second,Diesel,539999
Maruti Suzuki,Alto-K10,2016,8,62000.0,Automatic,first,Hybrid/CNG,250000
Maruti Suzuki,Ertiga,2021,3,64000.0,Manual,first,Hybrid/CNG,899000
Maruti Suzuki,Wagon-R,2017,7,32.0,Automatic,second,Hybrid/CNG,375000
Maruti Suzuki,Celerio,2015,9,44000.0,Manual,first,Hybrid/CNG,290000
Maruti Suzuki,Ertiga,2015,9,72000.0,Manual,second,Hybrid/CNG,695000
Maruti Suzuki,Eeco,2021,3,63000.0,Manual,first,Hybrid/CNG,575000
Maruti Suzuki,Brezza,2023,1,8700.0,Automatic,first,Petrol,1285999
Maruti Suzuki,Omni,2006,18,25000.0,Manual,second,Petrol,80000
Volkswagen,Polo,2017,7,115000.0,Manual,first,Diesel,590000
Hyundai,i20,2010,14,71000.0,Manual,second,Hybrid/CNG,225000
Maruti Suzuki,Vitara-Brezza,2018,6,51000.0,Automatic,second,Petrol,650000
Maruti Suzuki,Celerio,2022,2,9054.0,Manual,second,Petrol,635000
Renault,Duster,2013,11,65000.0,Manual,second,Diesel,325000
Ford,Fiesta Classic,2015,9,134000.0,Manual,second,Diesel,232000
Hyundai,Creta,2020,4,87500.0,Manual,first,Diesel,1120000
Maruti Suzuki,Ertiga,2022,2,32000.0,Manual,first,Hybrid/CNG,1099000
Maruti Suzuki,Eeco,2021,3,80000.0,Manual,first,Hybrid/CNG,510000
Maruti Suzuki,Eeco,2016,8,100000.0,Automatic,second,Hybrid/CNG,350000
Nissan,Sunny,2016,8,92000.0,Manual,first,Diesel,450000
Maruti Suzuki,Omni,2006,18,100000.0,Automatic,second,Hybrid/CNG,95000
Jeep,Compass,2021,3,16000.0,Automatic,first,Diesel,2970000
Kia,CERATO,2024,0,0.0,Automatic,first,Diesel,45000
Toyota,Innova Crysta,2017,7,133000.0,Automatic,second,Diesel,1465000
Honda,City,2019,5,55000.0,Automatic,first,Petrol,899000
Honda,Jazz,2016,8,47179.0,Manual,second,Petrol,365000
Hyundai,Santro Xing,2005,19,120000.0,Manual,second,Petrol,120000
Mahindra,Scorpio,2016,8,150000.0,Manual,second,Diesel,710000
Maruti Suzuki,Alto-800,2018,6,22595.0,Manual,first,Petrol,298000
Mercedes-Benz,S-Class,2015,9,82000.0,Automatic,second,Diesel,3350000
Hyundai,New Elantra,2013,11,63000.0,Manual,second,Hybrid/CNG,425000
Mahindra,Thar,2021,3,14000.0,Automatic,first,Diesel,1620000
Volkswagen,VentoTest,2017,7,84000.0,Automatic,second,Diesel,675000
Maruti Suzuki,Ertiga,2022,2,58000.0,Manual,first,Hybrid/CNG,1070000
Maruti Suzuki,800,2004,20,65137.5,Automatic,second,Petrol,60000
Maruti Suzuki,Estilo,2007,17,70000.0,Automatic,second,Petrol,99999
Toyota,Etios,2016,8,50000.0,Manual,first,Hybrid/CNG,350000
Audi,Q7,2012,12,87000.0,Automatic,second,Diesel,975000
Tata,Nexon,2018,6,78689.0,Manual,first,Petrol,450000
Hyundai,Aura,2022,2,44000.0,Manual,first,Petrol,670000
Maruti Suzuki,Ertiga,2021,3,62000.0,Manual,first,Hybrid/CNG,1000000
Mahindra,Bolero,2010,14,66000.0,Manual,second,Diesel,270000
Ford,Endeavour,2014,10,90000.0,Manual,second,Diesel,365000
Honda,Elevate,2023,1,11293.0,Automatic,first,Petrol,1600000
Ford,Ecosport,2017,7,143063.0,Manual,first,Diesel,609999
Honda,City,2017,7,69000.0,Automatic,second,Petrol,649999
Maruti Suzuki,Wagon-R-1-0,2020,4,52000.0,Manual,first,Hybrid/CNG,530000
Maruti Suzuki,Eeco,2020,4,34309.0,Manual,second,Petrol,454000
Toyota,Innova Crysta,2017,7,57000.0,Automatic,first,Diesel,2025000
Maruti Suzuki,Celerio,2017,7,35000.0,Manual,first,Petrol,350000
Hyundai,Creta,2017,7,57000.0,Automatic,first,Petrol,910000
Maruti Suzuki,Alto-K10,2015,9,60000.0,Automatic,second,Hybrid/CNG,250000
Maruti Suzuki,Wagon R,2010,14,80000.0,Manual,second,Petrol,229000
Maruti Suzuki,Wagon-R-1-0,2017,7,68000.0,Manual,second,Hybrid/CNG,390000
Honda,CRV,2007,17,97100.0,Automatic,second,Hybrid/CNG,380000
Kia,Seltos,2020,4,45000.0,Automatic,first,Diesel,1645000
Maruti Suzuki,Alto,2011,13,112000.0,Manual,second,Petrol,160000
Tata,Zest,2015,9,80000.0,Manual,first,Petrol,285000
Toyota,Etios,2019,5,105000.0,Manual,second,Diesel,675000
Toyota,Etios,2012,12,81000.0,Manual,second,Hybrid/CNG,275000
Tata,Nano,2011,13,47000.0,Manual,second,Petrol,33000
Honda,City,2012,12,83000.0,Automatic,second,Petrol,279000
Maruti Suzuki,800,2002,22,80000.0,Manual,second,Petrol,60000
Toyota,Fortuner,2020,4,60000.0,Manual,first,Diesel,3200000
BMW,5 Series,2010,14,76486.0,Automatic,second,Diesel,1190000
Toyota,Fortuner,2015,9,91000.0,Automatic,first,Diesel,1495000
Toyota,Innova,2011,13,170000.0,Manual,second,Diesel,975000
Hyundai,Xcent,2014,10,106985.0,Manual,second,Diesel,355000
Hyundai,Santro,2018,6,76814.0,Manual,first,Petrol,350000
Honda,City,2017,7,55000.0,Automatic,second,Petrol,690000
Maruti Suzuki,Alto-K10,2017,7,3240.0,Manual,second,Petrol,290000
Fiat,Punto,2012,12,86000.0,Manual,second,Diesel,160000
Hyundai,i10,2011,13,78630.0,Manual,first,Hybrid/CNG,200000
Hyundai,Verna,2014,10,65000.0,Manual,second,Petrol,480000
Skoda,Octavia,2015,9,80000.0,Automatic,first,Diesel,1175000
Toyota,Corolla Altis,2010,14,245000.0,Manual,second,Diesel,525000
Tata,Tigor,2017,7,65000.0,Manual,first,Petrol,375000
Renault,Duster,2015,9,94000.0,Manual,second,Diesel,449000
Hyundai,Verna,2012,12,85000.0,Automatic,first,Hybrid/CNG,425000
Ford,Endeavour,2017,7,95000.0,Automatic,first,Diesel,2000000
Jeep,Compass,2019,5,45723.0,Manual,first,Diesel,1299000
Mercedes-Benz,C-Class,2021,3,20300.0,Automatic,first,Diesel,4650000
Hyundai,Aura,2023,1,7000.0,Manual,first,Hybrid/CNG,895000
Maruti Suzuki,Swift-Dzire,2017,7,88000.0,Manual,second,Hybrid/CNG,630000
Honda,City,2009,15,108000.0,Automatic,second,Hybrid/CNG,200000
BMW,X3,2022,2,20000.0,Automatic,first,Petrol,5750000
Honda,City,2015,9,80000.0,Manual,second,Diesel,453000
Renault,KWID,2016,8,43600.0,Manual,first,Petrol,255000
Maruti Suzuki,Swift,2008,16,69000.0,Manual,second,Petrol,110000
Maruti Suzuki,Baleno,2017,7,26000.0,Automatic,second,Petrol,450000
Toyota,Urban Cruiser,2022,2,47448.0,Automatic,first,Petrol,929999
Hyundai,Santro,2011,13,90000.0,Manual,first,Hybrid/CNG,110000
Ford,Figo,2012,12,129000.0,Manual,second,Diesel,299000
Hyundai,i10,2013,11,46628.0,Manual,first,Petrol,185000
Maruti Suzuki,Wagon-R-1-0,2021,3,66000.0,Manual,first,Hybrid/CNG,557000
Mahindra,Scorpio,2012,12,119000.0,Manual,second,Diesel,610000
Mahindra,XUV500,2017,7,70000.0,Automatic,first,Diesel,1350000
Hyundai,Santro Xing,2007,17,65137.5,Manual,second,Petrol,90000
Maruti Suzuki,Alto-800,2022,2,25000.0,Manual,second,Petrol,335000
Honda,Civic,2013,11,85000.0,Automatic,second,Petrol,400000
Maruti Suzuki,Wagon-R,2015,9,122000.0,Manual,second,Hybrid/CNG,255000
Hyundai,Venue,2020,4,28000.0,Manual,first,Petrol,750000
Maruti Suzuki,Ertiga,2019,5,72000.0,Manual,first,Hybrid/CNG,1041000
Toyota,Urban Cruiser Hyryder,2024,0,6000.0,Automatic,first,Hybrid/CNG,2250000
Mahindra,Thar,2022,2,22000.0,Automatic,first,Diesel,1545000
Maruti Suzuki,Swift,2024,0,7250.0,Manual,first,Petrol,780000
Maruti Suzuki,Ertiga,2021,3,54000.0,Manual,first,Hybrid/CNG,975000
Volkswagen,Polo,2016,8,86000.0,Manual,second,Diesel,560000
Maruti Suzuki,Vitara-Brezza,2018,6,90000.0,Automatic,first,Diesel,800000
Volkswagen,Taigun,2023,1,2300.0,Manual,first,Petrol,1700000
Toyota,Innova Crysta,2021,3,37000.0,Automatic,first,Diesel,3250000
Maruti Suzuki,Fronx ,2000,24,12580.0,Automatic,first,Hybrid/CNG,47000
Maruti Suzuki,Ertiga,2023,1,24000.0,Manual,first,Hybrid/CNG,1230000
Honda,WRV,2017,7,56000.0,Manual,first,Diesel,495000
Maruti Suzuki,Ciaz,2018,6,45700.0,Manual,second,Petrol,650000
Mercedes-Benz,E-Class,2017,7,50000.0,Automatic,second,Diesel,3600000
Maruti Suzuki,Ertiga,2022,2,38000.0,Manual,first,Hybrid/CNG,1050000
Maruti Suzuki,Wagon-R,2018,6,44700.0,Automatic,second,Petrol,410000
Skoda,Rapid,2017,7,94000.0,Automatic,first,Diesel,790000
Maruti Suzuki,Wagon R,2013,11,74000.0,Manual,second,Hybrid/CNG,225000
Nissan,Urvan,2016,8,51000.0,Automatic,first,Hybrid/CNG,3800000
Maruti Suzuki,Wagon-R-1-0,2019,5,73500.0,Manual,first,Hybrid/CNG,465000
Hyundai,Creta,2018,6,52000.0,Manual,first,Diesel,690000
Honda,WRV,2019,5,50000.0,Manual,second,Hybrid/CNG,670000
Honda,City,2015,9,94000.0,Manual,first,Diesel,645000
Maruti Suzuki,Wagon-R,2017,7,25000.0,Automatic,second,Hybrid/CNG,395000
Maruti Suzuki,Baleno,2021,3,22.0,Manual,second,Petrol,535000
Mercedes-Benz,M-Class,2013,11,57000.0,Automatic,second,Diesel,1349999
Maruti Suzuki,Eeco,2010,14,76917.0,Manual,second,Hybrid/CNG,265000
Toyota,Fortuner,2017,7,58200.0,Automatic,first,Diesel,3525000
Tata,Nexon,2019,5,50000.0,Automatic,first,Hybrid/CNG,650000
Isuzu,Hi-Lande Isuzu Hi-Lander,2022,2,26000.0,Manual,first,Diesel,1599000
Kia,Sonet,2020,4,32550.0,Manual,first,Petrol,740000
Audi,Q3,2013,11,89000.0,Automatic,second,Diesel,929000
Maruti Suzuki,Celerio,2019,5,61382.0,Automatic,first,Petrol,495000
Maruti Suzuki,Alto-K10,2022,2,18305.0,Manual,first,Petrol,495000
Volkswagen,Polo,2014,10,67000.0,Manual,second,Hybrid/CNG,293000
Maruti Suzuki,Swift,2014,10,72786.0,Manual,first,Petrol,475000
Maruti Suzuki,Alto,2020,4,50000.0,Manual,first,Petrol,340000
Maruti Suzuki,Baleno,2019,5,28303.0,Manual,first,Petrol,635000
Volkswagen,Jetta,2013,11,74000.0,Manual,first,Diesel,759000
Maruti Suzuki,Alto-800,2016,8,86000.0,Manual,first,Hybrid/CNG,240000
Tata,Tiago,2018,6,34128.0,Manual,first,Petrol,440000
Ford,Ikon,2004,20,72416.0,Manual,second,Petrol,93000
Hyundai,Aura,2024,0,4000.0,Manual,first,Petrol,835000
Maruti Suzuki,Baleno,2021,3,51600.0,Manual,first,Petrol,515000
Honda,City,2015,9,86529.0,Manual,first,Diesel,590000
Maruti Suzuki,A-Star,2013,11,28000.0,Automatic,first,Petrol,320000
Mahindra,XUV500,2017,7,83255.0,Automatic,first,Diesel,871001
Maruti Suzuki,Alto-K10,2012,12,80000.0,Manual,second,Petrol,195000
Maruti Suzuki,Celerio,2018,6,86000.0,Manual,second,Hybrid/CNG,365000
Maruti Suzuki,Ertiga,2017,7,65000.0,Manual,second,Diesel,645000
Tata,Tiago,2019,5,61000.0,Automatic,second,Hybrid/CNG,400000
Mercedes-Benz,AMG,2024,0,16000.0,Automatic,first,Petrol,21500000
Toyota,Innova Crysta,2021,3,40000.0,Automatic,first,Diesel,2650000
Hyundai,i10,2010,14,91200.0,Manual,second,Hybrid/CNG,152000
Honda,City,2010,14,69.0,Automatic,second,Hybrid/CNG,220000
Mercedes-Benz,S-Class,2008,16,84000.0,Automatic,second,Diesel,895000
Maruti Suzuki,Swift,2011,13,50000.0,Automatic,second,Hybrid/CNG,109999
Mahindra,Scorpio Classic,2018,6,99000.0,Manual,second,Diesel,1400000
Land Rover,Range Rover Sport,2019,5,71000.0,Automatic,second,Diesel,11700000
Hyundai,Venue,2019,5,26000.0,Automatic,first,Petrol,945000
BMW,3 Series,2018,6,64000.0,Automatic,second,Diesel,2399000
MG,Hector Plus,2024,0,8000.0,Automatic,first,Petrol,2190000
Datsun,Redi Go,2017,7,60000.0,Manual,first,Petrol,170000
Maruti Suzuki,Swift,2015,9,58000.0,Manual,second,Hybrid/CNG,315000
Maruti Suzuki,Wagon-R,2023,1,42000.0,Automatic,first,Hybrid/CNG,606666
Toyota,Fortuner,2017,7,146000.0,Automatic,first,Diesel,2600000
Hyundai,Verna,2017,7,41435.0,Manual,first,Petrol,676000
Hyundai,Xcent Prime,2019,5,128500.0,Manual,first,Diesel,465000
Audi,Q3,2015,9,122000.0,Automatic,first,Diesel,1900000
Volkswagen,VentoTest,2010,14,70000.0,Manual,second,Hybrid/CNG,269000
Maruti Suzuki,Swift-Dzire,2021,3,57000.0,Automatic,first,Petrol,810000
Hyundai,Creta,2020,4,30000.0,Manual,first,Petrol,875000
Maruti Suzuki,Eeco,2013,11,37000.0,Manual,first,Hybrid/CNG,411000
Maruti Suzuki,Brezza,2023,1,25000.0,Automatic,first,Hybrid/CNG,1095000
Hyundai,i10,2012,12,74000.0,Automatic,first,Hybrid/CNG,130000
Tata,Nexon,2022,2,38400.0,Automatic,first,Diesel,1200000
Honda,City,2016,8,38000.0,Automatic,second,Petrol,625000
Hyundai,Creta,2016,8,64000.0,Automatic,second,Petrol,775000
Chevrolet,Sail U-VA,2016,8,100000.0,Manual,second,Diesel,240000
Hyundai,Verna,2023,1,12000.0,Automatic,first,Petrol,1549999
Maruti Suzuki,Ertiga,2019,5,100000.0,Manual,second,Hybrid/CNG,365000
Hyundai,Verna,2018,6,44500.0,Automatic,second,Petrol,765000
Hyundai,Aura,2022,2,37444.0,Automatic,first,Hybrid/CNG,758500
Ford,Ecosport,2019,5,40868.0,Automatic,first,Hybrid/CNG,775000
Mahindra,Bolero Neo,2022,2,41000.0,Manual,first,Diesel,1050000
Hyundai,Verna,2019,5,39000.0,Automatic,second,Hybrid/CNG,785000
Ford,Ecosport,2015,9,58000.0,Automatic,second,Petrol,490000
Toyota,Fortuner,2024,0,3500.0,Automatic,first,Diesel,4150000
Hyundai,Santro Xing,2011,13,96000.0,Manual,second,Hybrid/CNG,190000
Maruti Suzuki,Ritz,2013,11,67000.0,Manual,first,Hybrid/CNG,250000
Maruti Suzuki,Ritz,2015,9,92000.0,Manual,first,Diesel,211000
Chevrolet,Spark,2010,14,27000.0,Manual,second,Petrol,90000
Skoda,Rapid,2016,8,107423.0,Automatic,first,Diesel,560000
Toyota,Fortuner,2015,9,139000.0,Manual,first,Diesel,1550000
Hyundai,Venue,2019,5,19000.0,Automatic,first,Petrol,925000
Hyundai,Venue,2019,5,73000.0,Automatic,second,Petrol,865000
Hyundai,i20,2009,15,72386.0,Manual,second,Petrol,185000
Hyundai,Santro Xing,2014,10,62000.0,Manual,second,Hybrid/CNG,185000
Toyota,Innova,2007,17,50000.0,Manual,first,Diesel,380000
Tata,Harrier,2021,3,34000.0,Automatic,first,Diesel,1650000
Hyundai,Grand i10,2015,9,58000.0,Automatic,first,Hybrid/CNG,449900
Maruti Suzuki,maruti-suzuki-dzire,2020,4,51000.0,Manual,first,Hybrid/CNG,595000
Renault,KWID,2018,6,75000.0,Manual,second,Hybrid/CNG,280000
Skoda,Kodiaq,2018,6,106000.0,Automatic,first,Diesel,2250000
Hyundai,Grand i10,2018,6,81000.0,Automatic,first,Hybrid/CNG,435000
Mercedes-Benz,GLC,2022,2,29000.0,Automatic,first,Diesel,6800000
Honda,City,2014,10,38000.0,Automatic,second,Petrol,475000
Toyota,Etios Liva,2017,7,92459.0,Manual,first,Diesel,530000
Maruti Suzuki,Swift,2018,6,82000.0,Automatic,second,Petrol,620000
Skoda,Superb,2016,8,64000.0,Automatic,first,Petrol,1375000
Ford,Ecosport,2019,5,41256.0,Automatic,first,Hybrid/CNG,775000
Maruti Suzuki,Estilo,2010,14,85000.0,Manual,second,Petrol,230000
Volvo,XC60,2020,4,94000.0,Automatic,first,Diesel,3950000
Maruti Suzuki,Fronx ,2024,0,10700.0,Manual,first,Hybrid/CNG,890000
Mahindra,XUV 300,2019,5,83000.0,Automatic,first,Diesel,990000
Tata,Indica,2012,12,150000.0,Manual,first,Diesel,125000
Maruti Suzuki,XL6,2020,4,42000.0,Automatic,first,Petrol,1040000
Maruti Suzuki,Wagon R,2020,4,800000.0,Automatic,first,Hybrid/CNG,535000
Mercedes-Benz,B Class,2014,10,41000.0,Automatic,second,Petrol,1050000
Toyota,Fortuner,2021,3,114000.0,Manual,first,Diesel,3349000
Toyota,Innova Crysta,2016,8,145000.0,Automatic,first,Diesel,1820000
Volkswagen,VentoTest,2017,7,76555.0,Automatic,first,Petrol,775000
Hyundai,Santro Xing,2012,12,78000.0,Manual,first,Hybrid/CNG,142000
Hyundai,i10,2013,11,59800.0,Manual,second,Petrol,410000
Maruti Suzuki,Wagon-R-1-0,2017,7,23115.0,Automatic,first,Hybrid/CNG,425000
Maruti Suzuki,Swift,2015,9,103650.0,Manual,second,Petrol,398000
Hyundai,Verna,2014,10,54000.0,Automatic,second,Hybrid/CNG,465000
Mercedes-Benz,C-Class,2020,4,23000.0,Automatic,first,Petrol,3900000
Tata,Harrier,2022,2,19000.0,Automatic,first,Diesel,2000000
Hyundai,i10,2010,14,46000.0,Automatic,first,Petrol,325000
Volkswagen,Polo,2010,14,100000.0,Manual,first,Diesel,178000
Mahindra,XUV500,2018,6,90000.0,Manual,second,Diesel,1290000
Mercedes-Benz,E-Class,2021,3,18000.0,Automatic,first,Diesel,6700000
Maruti Suzuki,Ciaz,2019,5,50000.0,Manual,first,Hybrid/CNG,710000
Tata,Harrier,2023,1,9000.0,Automatic,first,Diesel,2690000
Ford,Ecosport,2019,5,40683.0,Automatic,first,Hybrid/CNG,775000
Maruti Suzuki,Wagon-R,2021,3,50000.0,Manual,first,Hybrid/CNG,525000
BMW,5 Series,2013,11,69000.0,Automatic,second,Diesel,1475000
Chevrolet,Beat,2011,13,45000.0,Manual,second,Petrol,140000
Toyota,Corolla Altis,2012,12,126000.0,Manual,second,Diesel,525000
Honda,Elevate,2009,15,101000.0,Automatic,second,Hybrid/CNG,75000
Honda,City,2011,13,65000.0,Manual,second,Hybrid/CNG,245000
Maruti Suzuki,Zen-Estilo,2010,14,60000.0,Automatic,second,Hybrid/CNG,90000
BMW,M340i,2023,1,9000.0,Automatic,second,Petrol,5299000
Maruti Suzuki,Omni,2014,10,41100.0,Manual,first,Petrol,290000
Maruti Suzuki,Swift-Dzire,2015,9,51000.0,Manual,first,Petrol,450000
Maruti Suzuki,Omni,2011,13,80000.0,Manual,first,Hybrid/CNG,210000
Hyundai,Xcent,2015,9,86090.0,Manual,second,Hybrid/CNG,449999
Mahindra,XUV 300,2021,3,48000.0,Manual,first,Petrol,900000
Maruti Suzuki,Ciaz,2018,6,79000.0,Manual,first,Petrol,600000
Mahindra,KUV100 NXT,2016,8,35000.0,Manual,first,Hybrid/CNG,265000
Toyota,Innova Crysta,2016,8,110000.0,Automatic,second,Diesel,1545000
Mercedes-Benz,C-Class,2005,19,158000.0,Automatic,second,Diesel,388000
Hyundai,Grand i10,2014,10,37000.0,Automatic,second,Hybrid/CNG,360000
BMW,5 Series,2017,7,69000.0,Automatic,second,Diesel,3649000
Maruti Suzuki,Wagon-R,2017,7,63000.0,Automatic,first,Hybrid/CNG,340000
Nissan,Terrano,2014,10,80000.0,Manual,second,Diesel,340000
Maruti Suzuki,Alto 800,2017,7,29584.0,Manual,first,Petrol,280000
Hyundai,Xcent,2016,8,57101.0,Automatic,second,Hybrid/CNG,370000
Honda,Amaze,2020,4,23500.0,Manual,second,Hybrid/CNG,575000
Maruti Suzuki,Baleno,2023,1,28000.0,Manual,first,Petrol,875000
Honda,Amaze,2018,6,45600.0,Automatic,first,Petrol,595000
Datsun,GO,2017,7,40400.0,Manual,first,Petrol,239999
Maruti Suzuki,Fronx ,2024,0,3000.0,Automatic,first,Petrol,1195000
Maruti Suzuki,Alto-K10,2018,6,34000.0,Automatic,first,Hybrid/CNG,350000
Hyundai,Xcent,2017,7,112986.0,Manual,second,Hybrid/CNG,400000
Maruti Suzuki,Wagon-R,2016,8,58000.0,Automatic,second,Petrol,350000
Honda,City,2016,8,54000.0,Manual,first,Petrol,625000
Maruti Suzuki,S-Presso,2020,4,57805.0,Manual,first,Petrol,405000
Maruti Suzuki,Alto-K10,2023,1,22000.0,Automatic,first,Petrol,575000
Chevrolet,Tavera,2007,17,325000.0,Manual,second,Diesel,270000
Maruti Suzuki,S-Presso,2021,3,24008.0,Manual,first,Petrol,480000
Maruti Suzuki,S-Presso,2022,2,12000.0,Manual,first,Petrol,465000
Maruti Suzuki,Celerio,2023,1,40000.0,Automatic,first,Hybrid/CNG,680000
Honda,City,2013,11,56000.0,Manual,second,Hybrid/CNG,299000
Volkswagen,Taigun,2022,2,43000.0,Manual,second,Petrol,1045000
Hyundai,Eon,2015,9,76000.0,Manual,second,Petrol,255000
Mahindra,XUV500,2016,8,110000.0,Automatic,second,Diesel,950000
Toyota,Innova Hycross,2023,1,500.0,Automatic,first,Hybrid/CNG,4400000
Honda,City,2015,9,48000.0,Manual,second,Petrol,570000
Hyundai,Getz,2008,16,175000.0,Manual,second,Diesel,250000
Renault,Duster,2014,10,110000.0,Manual,second,Diesel,495000
Toyota,2.8 Legender 4X2,2021,3,28000.0,Automatic,second,Diesel,4100000
Ford,Ecosport,2019,5,42380.0,Automatic,first,Hybrid/CNG,775000
Maruti Suzuki,Vitara-Brezza,2018,6,90000.0,Manual,first,Diesel,860000
Maruti Suzuki,Swift-Dzire,2015,9,54000.0,Manual,second,Hybrid/CNG,349000
Honda,Accord,2008,16,114000.0,Automatic,second,Hybrid/CNG,375000
Hyundai,i20 Active,2016,8,76000.0,Manual,first,Hybrid/CNG,490000
Mahindra,XUV 300,2019,5,43000.0,Manual,first,Diesel,775000
Mahindra,XUV500,2016,8,82000.0,Automatic,second,Diesel,998000
Toyota,VELLFIRE,2024,0,500.0,Automatic,first,Hybrid/CNG,12900000
Maruti Suzuki,Swift-Dzire,2017,7,61000.0,Automatic,second,Hybrid/CNG,499000
Maruti Suzuki,Ertiga,2013,11,96000.0,Manual,first,Diesel,575000
Hyundai,Creta,2022,2,49596.0,Manual,first,Diesel,1735000
Mahindra,XUV500,2021,3,61105.0,Manual,second,Diesel,1695000
Maruti Suzuki,Ertiga,2017,7,73000.0,Manual,first,Hybrid/CNG,751000
Maruti Suzuki,Alto-800,2014,10,71000.0,Manual,first,Hybrid/CNG,210000
Maruti Suzuki,S-Presso,2021,3,21000.0,Manual,first,Petrol,395000
Tata,Nexon,2018,6,51167.0,Automatic,first,Petrol,865001
Maruti Suzuki,S-Presso,2021,3,10000.0,Automatic,second,Petrol,515000
Mercedes-Benz,C-Class,2021,3,14000.0,Automatic,first,Diesel,5200000
Hyundai,i20,2012,12,1.0,Manual,second,Diesel,248000
Ford,Endeavour,2016,8,90000.0,Automatic,second,Diesel,1933000
Honda,Amaze,2013,11,850000.0,Automatic,second,Hybrid/CNG,450000
Maruti Suzuki,Wagon-R,2005,19,48000.0,Manual,second,Petrol,68000
Maruti Suzuki,XL6,2019,5,32000.0,Manual,first,Petrol,975000
Tata,Zest,2016,8,98000.0,Manual,first,Petrol,425000
Maruti Suzuki,Ignis,2022,2,16000.0,Manual,first,Petrol,525000
Toyota,Etios,2015,9,127000.0,Manual,second,Diesel,449000
Hyundai,i10,2012,12,102000.0,Manual,second,Petrol,195000
Renault,Duster,2019,5,60000.0,Automatic,second,Petrol,845000
Skoda,Rapid,2017,7,55000.0,Automatic,first,Hybrid/CNG,575000
Chevrolet,Sail U-VA,2010,14,100000.0,Manual,first,Hybrid/CNG,125000
Tata,Tiago,2019,5,33000.0,Automatic,first,Hybrid/CNG,490000
Honda,City,2016,8,74000.0,Manual,second,Hybrid/CNG,499900
Honda,Civic,2007,17,97422.0,Automatic,second,Hybrid/CNG,191000
Maruti Suzuki,Swift-Dzire,2017,7,59000.0,Automatic,second,Hybrid/CNG,475000
Tata,Nexon,2024,0,4500.0,Automatic,first,Petrol,1575000
Honda,Accord,2011,13,72000.0,Automatic,second,Hybrid/CNG,388888
Honda,Amaze,2018,6,50000.0,Automatic,first,Hybrid/CNG,250000
Tata,Manza,2010,14,61000.0,Manual,second,Petrol,199999
Maruti Suzuki,Swift,2022,2,40000.0,Automatic,first,Hybrid/CNG,695000
BMW,6 Series GT,2020,4,24000.0,Automatic,first,Diesel,4300000
BMW,3 Series GT,2015,9,74000.0,Automatic,first,Diesel,1775000
Skoda,Rapid,2014,10,59000.0,Automatic,second,Petrol,700000
Hyundai,Fluidic Verna,2011,13,102500.0,Manual,second,Diesel,320000
Maruti Suzuki,Swift,2008,16,120000.0,Manual,second,Diesel,200000
Hyundai,Santro Xing,2010,14,140000.0,Manual,second,Petrol,98000
Land Rover,Range Rover,2019,5,55000.0,Automatic,first,Petrol,16500000
Mahindra,XUV 300,2022,2,14555.0,Automatic,first,Diesel,1095000
Maruti Suzuki,Celerio X,2020,4,35000.0,Manual,first,Hybrid/CNG,450000
Maruti Suzuki,Ciaz,2015,9,162000.0,Automatic,first,Hybrid/CNG,599000
Hyundai,Venue,2022,2,42000.0,Manual,first,Petrol,985000
Hyundai,i10,2011,13,67000.0,Automatic,second,Petrol,225000
Fiat,Urban Cross,2019,5,135000.0,Manual,second,Diesel,450000
Mercedes-Benz,E-Class,2018,6,55000.0,Automatic,second,Petrol,3850000
Maruti Suzuki,Celerio,2015,9,51133.0,Manual,first,Hybrid/CNG,395000
Honda,Jazz,2015,9,57000.0,Manual,second,Petrol,329991
Maruti Suzuki,Alto-800,2023,1,12007.0,Manual,first,Hybrid/CNG,455000
Hyundai,Grand i10,2016,8,62000.0,Automatic,first,Petrol,490000
Hyundai,Creta,2017,7,54479.0,Manual,second,Petrol,865000
BMW,5 Series,2011,13,90000.0,Automatic,first,Diesel,1099999
Maruti Suzuki,Wagon-R-1-0,2006,18,32000.0,Manual,first,Petrol,120000
Jaguar,XF,2019,5,41000.0,Automatic,first,Diesel,3300000
Toyota,Innova Hycross,2024,0,20000.0,Automatic,first,Hybrid/CNG,3400000
Maruti Suzuki,Wagon-R,2011,13,70000.0,Manual,second,Petrol,250000
Hyundai,i20,2024,0,11000.0,Manual,first,Petrol,950000
Hyundai,Elite i20,2017,7,82000.0,Manual,second,Petrol,475000
Hyundai,Creta,2020,4,26000.0,Manual,second,Petrol,1040000
Honda,Jazz,2015,9,79000.0,Automatic,second,Petrol,525000
Skoda,Rapid,2019,5,120000.0,Manual,first,Diesel,840000
Jeep,Compass,2022,2,51000.0,Automatic,first,Diesel,2800000
Audi,A4,2016,8,41000.0,Automatic,second,Diesel,1145000
Maruti Suzuki,Wagon-R,2015,9,80000.0,Manual,first,Hybrid/CNG,325000
Maruti Suzuki,Swift,2016,8,71000.0,Manual,second,Hybrid/CNG,488888
Renault,KWID,2018,6,56765.0,Automatic,first,Petrol,388000
Hyundai,Elantra,2017,7,85000.0,Automatic,second,Hybrid/CNG,899000
Toyota,Innova Crysta,2016,8,188394.0,Automatic,first,Diesel,1800000
Tata,Indica,2013,11,110000.0,Manual,second,Diesel,85000
Maruti Suzuki,Ignis,2019,5,39800.0,Manual,first,Petrol,425000
Mahindra,XUV700,2022,2,29705.0,Automatic,first,Diesel,2695000
Honda,City,2010,14,103000.0,Automatic,first,Hybrid/CNG,170000
Nissan,Sunny,2012,12,75000.0,Manual,second,Petrol,280000
Maruti Suzuki,Wagon-R,2018,6,85000.0,Automatic,first,Hybrid/CNG,380000
Maruti Suzuki,Celerio,2023,1,1234.0,Manual,first,Hybrid/CNG,130000
Volvo,XC60,2020,4,480000.0,Automatic,first,Diesel,5600000
Ford,Ecosport,2016,8,52000.0,Manual,second,Diesel,470000
Maruti Suzuki,Swift-Dzire,2014,10,81158.0,Manual,second,Hybrid/CNG,270000
Maruti Suzuki,Eeco,2018,6,93000.0,Manual,first,Hybrid/CNG,445000
BMW,X7,2023,1,6500.0,Automatic,first,Diesel,12900000
Maruti Suzuki,maruti-suzuki-dzire,2018,6,43000.0,Automatic,second,Petrol,640000
Maruti Suzuki,Ertiga,2020,4,42000.0,Manual,first,Hybrid/CNG,865000
Maruti Suzuki,Ignis,2018,6,62000.0,Manual,first,Diesel,475000
Audi,A3,2015,9,25000.0,Automatic,first,Diesel,1275000
Maruti Suzuki,Celerio,2018,6,48000.0,Automatic,second,Petrol,350000
Maruti Suzuki,Omni,2013,11,45000.0,Manual,second,Petrol,265000
Honda,City,2016,8,105000.0,Automatic,first,Petrol,695000
Maruti Suzuki,maruti-suzuki-dzire,2018,6,25000.0,Automatic,first,Petrol,625111
BMW,5 Series,2021,3,46000.0,Automatic,first,Diesel,5150000
Renault,KWID,2019,5,78000.0,Manual,first,Petrol,390000
Hyundai,Verna,2019,5,41000.0,Automatic,second,Hybrid/CNG,875000
Hyundai,i10,2015,9,95000.0,Automatic,first,Hybrid/CNG,170000
Land Rover,Range Rover,2019,5,29700.0,Automatic,second,Diesel,17400000
Maruti Suzuki,Eeco,2022,2,85024.0,Automatic,first,Hybrid/CNG,450000
Fiat,Linea,2015,9,79000.0,Manual,second,Diesel,415000
Maruti Suzuki,Wagon-R,2014,10,72000.0,Automatic,first,Hybrid/CNG,350000
Hyundai,i10,2010,14,130000.0,Manual,second,Hybrid/CNG,160000
Honda,Civic,2011,13,100000.0,Manual,second,Petrol,295000
Maruti Suzuki,Celerio,2017,7,65000.0,Automatic,first,Petrol,490000
Maruti Suzuki,Zen-Estilo,2012,12,130000.0,Automatic,second,Hybrid/CNG,105000
Maruti Suzuki,XL6,2021,3,36831.0,Automatic,first,Petrol,1210000
Jeep,Compass,2019,5,68530.0,Automatic,second,Petrol,1075000
Maruti Suzuki,Swift-Dzire,2022,2,96000.0,Manual,second,Petrol,725000
Audi,A6,2017,7,52000.0,Automatic,first,Petrol,2175000
Maruti Suzuki,Swift,2012,12,75235.0,Manual,second,Petrol,325000
Renault,Duster,2014,10,72000.0,Manual,first,Diesel,420000
Skoda,Rapid,2017,7,130000.0,Manual,second,Diesel,689000
Maruti Suzuki,Ciaz,2014,10,70000.0,Manual,second,Hybrid/CNG,511000
Maruti Suzuki,Wagon-R,2010,14,96000.0,Manual,second,Hybrid/CNG,199000
Hyundai,Grand i10,2018,6,50000.0,Automatic,second,Petrol,525000
Hyundai,Creta,2015,9,89000.0,Manual,second,Diesel,770000
Skoda,Rapid,2018,6,65000.0,Manual,first,Diesel,830000
Hyundai,Alcazar,2022,2,42200.0,Automatic,second,Diesel,1840000
MG,Hector Plus,2021,3,48000.0,Manual,first,Diesel,1385000
Nissan,Micra,2018,6,62000.0,Manual,first,Hybrid/CNG,345000
Tata,Zest,2016,8,98000.0,Manual,first,Petrol,348888
Toyota,Fortuner,2014,10,124653.0,Manual,second,Diesel,1760000
Honda,City ZX,2008,16,119000.0,Automatic,second,Hybrid/CNG,145000
Mahindra,XUV500,2016,8,89000.0,Manual,first,Diesel,870000
Hyundai,Eon,2016,8,24500.0,Automatic,second,Hybrid/CNG,310000
Renault,KWID,2020,4,35000.0,Manual,first,Petrol,435000
Maruti Suzuki,Celerio,2017,7,53000.0,Automatic,first,Hybrid/CNG,399999
Toyota,Corolla,2010,14,85000.0,Automatic,second,Petrol,300000
Maruti Suzuki,Vitara-Brezza,2020,4,42554.0,Manual,first,Petrol,835000
Volvo,XC60,2023,1,6200.0,Automatic,first,Petrol,6000000
Hyundai,Grand i10,2015,9,47000.0,Manual,first,Diesel,475000
Hyundai,i10,2013,11,78220.0,Manual,second,Petrol,310000
Kia,Seltos,2020,4,32028.0,Automatic,second,Diesel,1550000
Audi,Q3,2015,9,57000.0,Automatic,second,Diesel,1195000
Mercedes-Benz,CLA,2016,8,98000.0,Automatic,second,Diesel,2050000
Maruti Suzuki,Wagon R,2017,7,58000.0,Automatic,first,Hybrid/CNG,399999
Maruti Suzuki,Sx4,2010,14,112000.0,Manual,first,Petrol,170000
Renault,Duster,2016,8,80000.0,Manual,first,Diesel,545000
Maruti Suzuki,Wagon-R,2013,11,65000.0,Manual,first,Hybrid/CNG,350000
Hyundai,Creta,2017,7,120000.0,Automatic,second,Diesel,820000
Honda,City,2015,9,80000.0,Automatic,second,Petrol,585000
Hyundai,i20,2012,12,50000.0,Automatic,second,Petrol,345111
Maruti Suzuki,Baleno,2017,7,42000.0,Automatic,first,Hybrid/CNG,485000
Honda,Jazz,2016,8,78000.0,Manual,second,Diesel,335999
Hyundai,i10,2010,14,25.0,Automatic,second,Hybrid/CNG,100000
Maserati,Gran Turismo,2017,7,21000.0,Automatic,second,Petrol,8000000
Tata,Safari,2010,14,0.0,Manual,second,Diesel,290000
Hyundai,Grand i10 Nios,2020,4,22000.0,Automatic,first,Petrol,625000
Honda,City,2022,2,11000.0,Automatic,first,Petrol,1275000
Audi,Q3,2017,7,72000.0,Automatic,second,Diesel,1860000
Hyundai,Eon,2018,6,48000.0,Manual,first,Hybrid/CNG,280000
Maruti Suzuki,S-Cross1,2017,7,99600.0,Manual,first,Diesel,745000
Audi,A4,2014,10,52000.0,Automatic,second,Diesel,620000
Maruti Suzuki,Swift,2012,12,71000.0,Manual,first,Hybrid/CNG,298000
Maruti Suzuki,Ertiga,2017,7,80000.0,Manual,first,Hybrid/CNG,775000
Maruti Suzuki,Ertiga,2015,9,82000.0,Manual,second,Hybrid/CNG,650000
Maruti Suzuki,Ritz,2012,12,243000.0,Manual,second,Diesel,235000
Maruti Suzuki,Wagon-R,2019,5,65000.0,Manual,first,Hybrid/CNG,475000
Maruti Suzuki,Eeco,2015,9,65137.5,Manual,second,Hybrid/CNG,320000
Maruti Suzuki,Wagon-R-1-0,2019,5,35.0,Automatic,second,Hybrid/CNG,440000
Skoda,Kushaq,2021,3,57000.0,Manual,first,Petrol,1190000
Honda,WR-V,2021,3,68000.0,Manual,first,Diesel,965000
Maruti Suzuki,Baleno,2022,2,22000.0,Manual,first,Petrol,980000
Toyota,Fortuner,2018,6,86000.0,Automatic,first,Diesel,2700000
Maruti Suzuki,Alto-800,2019,5,53000.0,Manual,first,Petrol,300000
Hyundai,Grand i10,2019,5,57000.0,Automatic,second,Hybrid/CNG,595000
Mahindra,KUV100 NXT,2018,6,43700.0,Manual,second,Petrol,345000
Kia,Sonet,2023,1,12000.0,Manual,first,Petrol,970000
Toyota,Corolla Altis,2017,7,82000.0,Manual,second,Petrol,790000
Audi,Q5,2012,12,160000.0,Automatic,second,Diesel,975000
Volkswagen,VentoTest,2018,6,75000.0,Automatic,first,Diesel,595000
Porsche,Cayenne,2023,1,7700.0,Automatic,first,Petrol,13600000
Skoda,Octavia,2014,10,105904.0,Automatic,second,Diesel,1040000
Maruti Suzuki,Alto-800,2020,4,55000.0,Manual,first,Hybrid/CNG,375000
Maruti Suzuki,Ritz,2013,11,92000.0,Manual,first,Diesel,415000
Hyundai,Verna,2019,5,72000.0,Automatic,first,Petrol,855000
Hyundai,New i20,2021,3,83228.0,Manual,second,Petrol,699000
