Brand,model,Age,kmDriven,Transmission,Owner,FuelType,AskPrice,Brand_Model,AgeGroup,km_per_year,log_kmDriven
Honda,City,23,98000.0,Manual,second,Petrol,195000,Honda_City,Old,4260.869565217391,11.49273296168228
Toyota,Innova,15,190000.0,Manual,second,Diesel,375000,Toyota_Innova,Old,12666.666666666666,12.154784614286667
Volkswagen,VentoTest,14,77246.0,Manual,first,Diesel,184999,Volkswagen_VentoTest,Old,5517.571428571428,11.25476335905444
Maruti Suzuki,Swift,7,83500.0,Manual,second,Diesel,565000,Maruti Suzuki_Swift,Mid,11928.57142857143,11.332613886815139
Maruti Suzuki,Baleno,5,45000.0,Automatic,first,Petrol,685000,Maruti Suzuki_Baleno,Recent,9000.0,10.714439990727769
BMW,X3,10,83000.0,Automatic,first,Diesel,1350000,BMW_X3,Mid,8300.0,11.326607934898927
Toyota,Innova,10,168000.0,Manual,second,Diesel,1025000,Toyota_Innova,Mid,16800.0,12.031725210748633
BMW,5 Series,5,25000.0,Automatic,second,Diesel,5950000,BMW_5 Series,Recent,5000.0,10.12667110305036
Maruti Suzuki,maruti-suzuki-dzire,4,33759.0,Manual,second,Petrol,622000,Maruti Suzuki_maruti-suzuki-dzire,Recent,8439.75,10.427031948709894
Ford,Ecosport,7,69713.0,Manual,second,Petrol,649000,Ford_Ecosport,Mid,9959.0,11.152156437410916
Maruti Suzuki,Alto-K10,6,70000.0,Automatic,first,Petrol,395000,Maruti Suzuki_Alto-K10,Mid,11666.666666666666,11.156264806643742
Kia,Carnival,3,25000.0,Automatic,first,Diesel,2900000,Kia_Carnival,Recent,8333.333333333334,10.12667110305036
Maruti Suzuki,Swift-Dzire,12,72700.0,Manual,second,Petrol,240000,Maruti Suzuki_Swift-Dzire,Old,6058.333333333333,11.194110418585193
Toyota,Corolla,17,121931.0,Automatic,second,Petrol,201350,Toyota_Corolla,Old,7172.411764705882,11.711218791273883
Mercedes-Benz,GLE COUPE,3,32000.0,Automatic,second,Petrol,11800000,Mercedes-Benz_GLE COUPE,Recent,10666.666666666666,10.373522431293592
Hyundai,Xcent,6,130000.0,Manual,second,Diesel,330000,Hyundai_Xcent,Mid,21666.666666666668,11.775297421715827
Kia,Seltos,4,68000.0,Manual,first,Diesel,1045000,Kia_Seltos,Recent,17000.0,11.127277689932466
Maruti Suzuki,Ertiga,8,65000.0,Manual,second,Diesel,785000,Maruti Suzuki_Ertiga,Mid,8125.0,11.082157933374816
Maruti Suzuki,Ertiga,7,59000.0,Automatic,second,Petrol,555000,Maruti Suzuki_Ertiga,Mid,8428.57142857143,10.985309671896763
BMW,3 Series GT,9,61000.0,Automatic,second,Diesel,1500000,BMW_3 Series GT,Mid,6777.777777777777,11.0186455364637
Ford,Endeavour,5,77000.0,Automatic,second,Diesel,2399000,Ford_Endeavour,Recent,15400.0,11.251573687764477
Toyota,Innova Crysta,7,107000.0,Automatic,first,Diesel,1325000,Toyota_Innova Crysta,Mid,15285.714285714286,11.580593459194764
Honda,City,14,99000.0,Manual,first,Petrol,295000,Honda_City,Old,7071.428571428572,11.502885230075814
Audi,A3,9,42000.0,Automatic,second,Diesel,1050000,Audi_A3,Mid,4666.666666666667,10.645448706505872
Renault,KWID,5,48073.0,Automatic,second,Petrol,355000,Renault_KWID,Recent,9614.6,10.780496769408607
MG,Hector,5,32618.0,Automatic,first,Petrol,1250000,MG_Hector,Recent,6523.6,10.392650219665859
Maruti Suzuki,Swift-Dzire,12,70000.0,Manual,second,Diesel,315000,Maruti Suzuki_Swift-Dzire,Old,5833.333333333333,11.156264806643742
Maruti Suzuki,Celerio,10,51000.0,Automatic,second,Petrol,345000,Maruti Suzuki_Celerio,Mid,5100.0,10.839600519357369
Maruti Suzuki,Vitara-Brezza,6,137000.0,Manual,first,Diesel,845000,Maruti Suzuki_Vitara-Brezza,Mid,22833.333333333332,11.827743504053695
Toyota,2.8 Legender 4X2,1,1996.0,Automatic,first,Diesel,4195000,Toyota_2.8 Legender 4X2,New,1996.0,7.599401333415815
Toyota,Innova Crysta,7,90000.0,Manual,second,Diesel,1950000,Toyota_Innova Crysta,Mid,12857.142857142857,11.407576060361786
Toyota,Innova,13,84000.0,Manual,second,Diesel,490000,Toyota_Innova,Old,6461.538461538462,11.338583982516495
Volvo,S90,6,53000.0,Automatic,first,Diesel,2950000,Volvo_S90,Mid,8833.333333333334,10.87806606028079
Hyundai,Venue,3,17000.0,Manual,first,Petrol,685000,Hyundai_Venue,Recent,5666.666666666667,9.741027444837728
Maruti Suzuki,Ertiga,6,70000.0,Manual,second,Petrol,749000,Maruti Suzuki_Ertiga,Mid,11666.666666666666,11.156264806643742
Hyundai,Creta,1,5000.0,Automatic,first,Petrol,1600000,Hyundai_Creta,New,5000.0,8.517393171418904
Hyundai,Alcazar,2,47110.0,Manual,second,Diesel,1695000,Hyundai_Alcazar,New,23555.0,10.760261798384528
Hyundai,i20,5,35000.0,Manual,first,Petrol,585000,Hyundai_i20,Recent,7000.0,10.463131911491967
Mercedes-Benz,E-Class,5,101570.0,Automatic,first,Diesel,4200000,Mercedes-Benz_E-Class,Recent,20314.0,11.52851334031188
Volkswagen,Polo,3,42000.0,Manual,second,Petrol,675000,Volkswagen_Polo,Recent,14000.0,10.645448706505872
Maruti Suzuki,Baleno,6,30000.0,Manual,second,Petrol,630000,Maruti Suzuki_Baleno,Mid,5000.0,10.308985993422082
Hyundai,Verna,8,82100.0,Manual,second,Diesel,465000,Hyundai_Verna,Mid,10262.5,11.315705475634307
Audi,A4,12,90000.0,Automatic,second,Diesel,899000,Audi_A4,Old,7500.0,11.407576060361786
Toyota,Fortuner,13,193000.0,Manual,second,Diesel,1125000,Toyota_Fortuner,Old,14846.153846153846,12.170450649220749
Mercedes-Benz,C-Class,9,65000.0,Automatic,first,Diesel,1750000,Mercedes-Benz_C-Class,Mid,7222.222222222223,11.082157933374816
Hyundai,Creta,2,30000.0,Automatic,second,Petrol,1690000,Hyundai_Creta,New,15000.0,10.308985993422082
Maruti Suzuki,Swift-Dzire,4,94856.0,Manual,first,Petrol,690000,Maruti Suzuki_Swift-Dzire,Recent,23714.0,11.460125773378028
Skoda,Kushaq,1,12000.0,Automatic,first,Petrol,1800000,Skoda_Kushaq,New,12000.0,9.392745258631441
Maruti Suzuki,Ciaz,6,0.0,Manual,first,Petrol,500000,Maruti Suzuki_Ciaz,Mid,0.0,0.0
Toyota,Innova Crysta,6,118000.0,Automatic,first,Diesel,1795000,Toyota_Innova Crysta,Mid,19666.666666666668,11.678448377988165
Mercedes-Benz,C-Class,8,41000.0,Automatic,second,Petrol,2000000,Mercedes-Benz_C-Class,Mid,5125.0,10.62135173563291
Honda,City,14,79000.0,Manual,second,Petrol,290000,Honda_City,Old,5642.857142857143,11.277215789596893
Honda,BRV,8,103001.0,Manual,second,Diesel,555555,Honda_BRV,Mid,12875.125,11.542503684498984
Hyundai,Creta,7,70000.0,Manual,second,Petrol,765000,Hyundai_Creta,Mid,10000.0,11.156264806643742
Renault,Duster,6,130000.0,Manual,first,Diesel,690000,Renault_Duster,Mid,21666.666666666668,11.775297421715827
Maruti Suzuki,Wagon-R,13,78000.0,Manual,second,Petrol,225000,Maruti Suzuki_Wagon-R,Old,6000.0,11.264476926102367
Toyota,Fortuner,7,115000.0,Automatic,second,Diesel,2390000,Toyota_Fortuner,Mid,16428.571428571428,11.652696102959753
Mahindra,Bolero Power Plus,7,160000.0,Manual,second,Diesel,550000,Mahindra_Bolero Power Plus,Mid,22857.14285714286,11.982935344196433
Hyundai,Eon,7,27000.0,Manual,second,Petrol,300000,Hyundai_Eon,Mid,3857.1428571428573,10.203629181337648
MG,Hector Plus,4,81600.0,Automatic,first,Petrol,1021000,MG_Hector Plus,Recent,20400.0,11.309596795779068
Hyundai,Creta,7,54000.0,Automatic,first,Petrol,811000,Hyundai_Creta,Mid,7714.285714285715,10.896757843893464
Mahindra,XUV500,6,76000.0,Manual,first,Diesel,1125000,Mahindra_XUV500,Mid,12666.666666666666,11.23850177707664
Mercedes-Benz,GLS,10,86000.0,Automatic,first,Diesel,3000000,Mercedes-Benz_GLS,Mid,8600.0,11.362114203075018
Hyundai,i10,13,65000.0,Manual,second,Petrol,115000,Hyundai_i10,Old,5000.0,11.082157933374816
Mercedes-Benz,GLA Class,6,60000.0,Automatic,second,Diesel,1450000,Mercedes-Benz_GLA Class,Mid,10000.0,11.002116507732017
Kia,Carens,1,24000.0,Manual,first,Petrol,1225000,Kia_Carens,New,24000.0,10.085850775128717
Toyota,Innova,13,100231.0,Manual,second,Diesel,429101,Toyota_Innova,Old,7710.076923076923,11.515242777925389
Maruti Suzuki,Ignis,1,13000.0,Manual,second,Petrol,610000,Maruti Suzuki_Ignis,New,13000.0,9.472781556562168
Hyundai,Grand i10,7,47000.0,Manual,first,Petrol,519999,Hyundai_Grand i10,Mid,6714.285714285715,10.757924157061597
Hyundai,Getz Prime,17,115031.0,Manual,second,Petrol,140000,Hyundai_Getz Prime,Old,6766.529411764706,11.652965629507577
Maruti Suzuki,Swift,10,67000.0,Manual,first,Petrol,280000,Maruti Suzuki_Swift,Mid,6700.0,11.112462823634855
Hyundai,Xcent,8,74500.0,Manual,first,Diesel,425000,Hyundai_Xcent,Mid,9312.5,11.218567827096358
Honda,City,8,93000.0,Automatic,second,Petrol,575000,Honda_City,Mid,11625.0,11.440365524765756
Maruti Suzuki,Ritz,9,59000.0,Manual,first,Petrol,295000,Maruti Suzuki_Ritz,Mid,6555.555555555556,10.985309671896763
Toyota,Innova Crysta,7,79000.0,Automatic,second,Diesel,1725000,Toyota_Innova Crysta,Mid,11285.714285714286,11.277215789596893
Hyundai,Verna,2,69000.0,Automatic,first,Diesel,1250000,Hyundai_Verna,New,34500.0,11.141876276228
Hyundai,Creta,9,76000.0,Automatic,second,Diesel,650000,Hyundai_Creta,Mid,8444.444444444445,11.23850177707664
Kia,Sonet,4,34500.0,Automatic,first,Petrol,935000,Kia_Sonet,Recent,8625.0,10.448743588106625
Ford,Ecosport,8,130000.0,Manual,second,Diesel,400000,Ford_Ecosport,Mid,16250.0,11.775297421715827
Mercedes-Benz,GLC Coupe,2,20000.0,Automatic,first,Diesel,7500000,Mercedes-Benz_GLC Coupe,New,10000.0,9.90353755128617
Mahindra,Scorpio-N,1,15905.0,Automatic,first,Diesel,2350000,Mahindra_Scorpio-N,New,15905.0,9.67445167551708
Toyota,Innova Crysta,3,21000.0,Manual,first,Diesel,2125000,Toyota_Innova Crysta,Recent,7000.0,9.952325334619427
Mini,Cooper 3 DOOR,5,13000.0,Automatic,first,Petrol,3950000,Mini_Cooper 3 DOOR,Recent,2600.0,9.472781556562168
Maruti Suzuki,Ertiga,9,75000.0,Manual,first,Diesel,435000,Maruti Suzuki_Ertiga,Mid,8333.333333333334,11.225256725762893
Volkswagen,Polo,12,80000.0,Manual,second,Diesel,300000,Volkswagen_Polo,Old,6666.666666666667,11.289794413577894
Maruti Suzuki,Wagon-R,8,50000.0,Manual,first,Petrol,245000,Maruti Suzuki_Wagon-R,Mid,6250.0,10.819798284210286
Tata,Nexon,2,40000.0,Automatic,second,Petrol,680000,Tata_Nexon,New,20000.0,10.596659732783579
Maruti Suzuki,Ritz,11,87000.0,Manual,first,Diesel,385000,Maruti Suzuki_Ritz,Old,7909.090909090909,11.373674891823535
Toyota,Etios,9,155000.0,Manual,second,Diesel,589000,Toyota_Etios,Mid,17222.222222222223,11.951186847493476
Volkswagen,CrossPolo,10,80000.0,Manual,second,Diesel,425000,Volkswagen_CrossPolo,Mid,8000.0,11.289794413577894
Maruti Suzuki,Wagon-R,10,84000.0,Manual,second,Petrol,265000,Maruti Suzuki_Wagon-R,Mid,8400.0,11.338583982516495
Volkswagen,Polo,3,18000.0,Automatic,first,Petrol,850000,Volkswagen_Polo,Recent,6000.0,9.798182590890704
Maruti Suzuki,Baleno,7,47000.0,Automatic,first,Petrol,575000,Maruti Suzuki_Baleno,Mid,6714.285714285715,10.757924157061597
Volkswagen,Vento,13,134000.0,Manual,first,Diesel,425000,Volkswagen_Vento,Old,10307.692307692309,11.80560254159177
Maruti Suzuki,Alto-K10,13,82000.0,Manual,first,Petrol,180000,Maruti Suzuki_Alto-K10,Old,6307.692307692308,11.314486721293981
Maruti Suzuki,Celerio,9,35000.0,Automatic,first,Petrol,425000,Maruti Suzuki_Celerio,Mid,3888.8888888888887,10.463131911491967
Renault,Duster,9,150000.0,Automatic,second,Diesel,450000,Renault_Duster,Mid,16666.666666666668,11.918397239722838
Toyota,Fortuner,12,132000.0,Manual,first,Diesel,1095000,Toyota_Fortuner,Old,11000.0,11.790564777297387
Land Rover,Range Rover Evoque,7,130000.0,Automatic,second,Petrol,2500000,Land Rover_Range Rover Evoque,Mid,18571.428571428572,11.775297421715827
Maruti Suzuki,Ertiga,4,59000.0,Automatic,first,Petrol,980000,Maruti Suzuki_Ertiga,Recent,14750.0,10.985309671896763
Tata,Nexon,6,95000.0,Automatic,second,Petrol,575000,Tata_Nexon,Mid,15833.333333333334,11.461642696843066
Tata,Indigo Ecs,8,115000.0,Manual,second,Diesel,110000,Tata_Indigo Ecs,Mid,14375.0,11.652696102959753
Mahindra,Thar,2,11000.0,Manual,first,Diesel,1675000,Mahindra_Thar,New,5500.0,9.305741456739435
Toyota,Camry,9,68000.0,Automatic,second,Petrol,1185000,Toyota_Camry,Mid,7555.555555555556,11.127277689932466
Skoda,Kushaq,3,74000.0,Automatic,first,Petrol,1199000,Skoda_Kushaq,Recent,24666.666666666668,11.211833885608513
Maruti Suzuki,Ritz,12,88000.0,Manual,first,Petrol,385000,Maruti Suzuki_Ritz,Old,7333.333333333333,11.385103457032141
Hyundai,Grand i10,10,47000.0,Automatic,second,Petrol,455000,Hyundai_Grand i10,Mid,4700.0,10.757924157061597
Mahindra,Bolero,9,16.0,Manual,first,Diesel,390000,Mahindra_Bolero,Mid,1.7777777777777777,2.833213344056216
Honda,Brio,12,68000.0,Manual,first,Petrol,235000,Honda_Brio,Old,5666.666666666667,11.127277689932466
Honda,City ZX,17,115000.0,Manual,second,Petrol,265000,Honda_City ZX,Old,6764.705882352941,11.652696102959753
Hyundai,i10,13,50000.0,Manual,second,Petrol,150000,Hyundai_i10,Old,3846.153846153846,10.819798284210286
Honda,WRV,7,98000.0,Manual,first,Diesel,600000,Honda_WRV,Mid,14000.0,11.49273296168228
Land Rover,Discovery Sport,5,62000.0,Automatic,first,Diesel,3099000,Land Rover_Discovery Sport,Recent,12400.0,11.034905792929415
Tata,Harrier,5,67000.0,Manual,second,Diesel,899000,Tata_Harrier,Recent,13400.0,11.112462823634855
Tata,Zest,9,69000.0,Manual,second,Petrol,340000,Tata_Zest,Mid,7666.666666666667,11.141876276228
Maruti Suzuki,Eeco,3,49000.0,Manual,first,Petrol,540000,Maruti Suzuki_Eeco,Recent,16333.333333333334,10.799595985047786
Maruti Suzuki,Swift-Dzire,11,162000.0,Manual,second,Diesel,390000,Maruti Suzuki_Swift-Dzire,Old,14727.272727272728,11.995357787034976
Toyota,Fortuner,6,86000.0,Manual,first,Diesel,2499000,Toyota_Fortuner,Mid,14333.333333333334,11.362114203075018
Hyundai,Creta,1,35000.0,Automatic,first,Diesel,2025000,Hyundai_Creta,New,35000.0,10.463131911491967
Maruti Suzuki,Wagon-R,10,38000.0,Manual,first,Petrol,370000,Maruti Suzuki_Wagon-R,Mid,3800.0,10.545367754151743
Hyundai,Creta,4,105000.0,Manual,first,Diesel,1050000,Hyundai_Creta,Recent,26250.0,11.561725152903833
Toyota,2.8 Legender 4X2,2,25500.0,Automatic,first,Diesel,4199999,Toyota_2.8 Legender 4X2,New,12750.0,10.146472946063877
Maruti Suzuki,Swift Dzire,9,67000.0,Manual,first,Petrol,450000,Maruti Suzuki_Swift Dzire,Mid,7444.444444444444,11.112462823634855
Volkswagen,VentoTest,8,78000.0,Automatic,first,Petrol,555000,Volkswagen_VentoTest,Mid,9750.0,11.264476926102367
Toyota,Innova,18,191000.0,Manual,first,Diesel,295000,Toyota_Innova,Old,10611.111111111111,12.160033942617156
Hyundai,Creta,6,66000.0,Automatic,second,Petrol,1075000,Hyundai_Creta,Mid,11000.0,11.097425172408931
Toyota,Innova Crysta,8,75000.0,Manual,first,Diesel,1480000,Toyota_Innova Crysta,Mid,9375.0,11.225256725762893
Maruti Suzuki,Vitara-Brezza,6,85600.0,Manual,first,Diesel,750000,Maruti Suzuki_Vitara-Brezza,Mid,14266.666666666666,11.357452244304588
Maruti Suzuki,Ertiga,12,155000.0,Manual,second,Diesel,650000,Maruti Suzuki_Ertiga,Old,12916.666666666666,11.951186847493476
Hyundai,i10,14,46000.0,Manual,second,Petrol,78000,Hyundai_i10,Old,3285.714285714286,10.736418414365376
Maruti Suzuki,Ciaz,9,68000.0,Manual,first,Petrol,330000,Maruti Suzuki_Ciaz,Mid,7555.555555555556,11.127277689932466
Ford,Ecosport,6,73000.0,Automatic,first,Petrol,590000,Ford_Ecosport,Mid,12166.666666666666,11.19822841866684
Honda,City,13,74000.0,Automatic,second,Petrol,375000,Honda_City,Old,5692.307692307692,11.211833885608513
Maruti Suzuki,Swift,6,65000.0,Automatic,second,Petrol,590000,Maruti Suzuki_Swift,Mid,10833.333333333334,11.082157933374816
Audi,A4,3,50000.0,Automatic,first,Petrol,3250000,Audi_A4,Recent,16666.666666666668,10.819798284210286
Honda,City,10,61000.0,Automatic,first,Petrol,685000,Honda_City,Mid,6100.0,11.0186455364637
Maruti Suzuki,Swift,19,98000.0,Manual,second,Petrol,160000,Maruti Suzuki_Swift,Old,5157.894736842105,11.49273296168228
Mahindra,XUV500,7,76000.0,Automatic,second,Diesel,760000,Mahindra_XUV500,Mid,10857.142857142857,11.23850177707664
Mahindra,XUV500,8,89100.0,Manual,second,Diesel,760000,Mahindra_XUV500,Mid,11137.5,11.397525836740476
Volkswagen,Polo,6,73961.0,Automatic,second,Petrol,935000,Volkswagen_Polo,Mid,12326.833333333334,11.211306726779574
Ford,Endeavour,5,60000.0,Automatic,first,Diesel,2740000,Ford_Endeavour,Recent,12000.0,11.002116507732017
Mahindra,Thar,6,46850.0,Manual,second,Diesel,880000,Mahindra_Thar,Mid,7808.333333333333,10.754727632155955
Mahindra,Thar,1,28000.0,Automatic,first,Diesel,1785000,Mahindra_Thar,New,28000.0,10.239995502805316
Mahindra,XUV500,11,99000.0,Manual,second,Diesel,470000,Mahindra_XUV500,Old,9000.0,11.502885230075814
Maruti Suzuki,Sx4,15,56328.0,Manual,first,Petrol,265000,Maruti Suzuki_Sx4,Old,3755.2,10.938964779201447
Hyundai,Creta,6,127000.0,Manual,first,Diesel,995000,Hyundai_Creta,Mid,21166.666666666668,11.751950239425476
Mercedes-Benz,C-Class,11,78000.0,Automatic,second,Petrol,790000,Mercedes-Benz_C-Class,Old,7090.909090909091,11.264476926102367
Toyota,Innova Crysta,2,31000.0,Automatic,first,Diesel,2700000,Toyota_Innova Crysta,New,15500.0,10.34177474101152
Skoda,Kodiaq,4,57000.0,Automatic,first,Diesel,3045000,Skoda_Kodiaq,Recent,14250.0,10.950824090522445
Ford,Endeavour,7,70000.0,Automatic,second,Diesel,2650000,Ford_Endeavour,Mid,10000.0,11.156264806643742
Hyundai,Eon,10,41453.0,Manual,second,Petrol,220000,Hyundai_Eon,Mid,4145.3,10.63233965771685
Tata,Altroz,3,33000.0,Manual,first,Petrol,545000,Tata_Altroz,Recent,11000.0,10.404293143019792
Maruti Suzuki,Celerio,6,37000.0,Automatic,second,Petrol,460000,Maruti Suzuki_Celerio,Mid,6166.666666666667,10.518700218288165
Volkswagen,Polo,9,65000.0,Manual,first,Petrol,375000,Volkswagen_Polo,Mid,7222.222222222223,11.082157933374816
Hyundai,Grand i10 Nios,2,36000.0,Automatic,first,Petrol,690000,Hyundai_Grand i10 Nios,New,18000.0,10.491301994830229
Toyota,Camry,8,130000.0,Automatic,second,Petrol,1399999,Toyota_Camry,Mid,16250.0,11.775297421715827
Maruti Suzuki,Alto-800,11,100000.0,Manual,second,Petrol,160000,Maruti Suzuki_Alto-800,Old,9090.90909090909,11.51293546492023
BMW,X1,8,93000.0,Automatic,first,Diesel,2100000,BMW_X1,Mid,11625.0,11.440365524765756
Hyundai,Creta,5,48000.0,Manual,first,Diesel,1065000,Hyundai_Creta,Recent,9600.0,10.778977123006351
BMW,X5,8,63000.0,Automatic,second,Diesel,2290000,BMW_X5,Mid,7875.0,11.050905878263567
Hyundai,i20,9,85000.0,Manual,second,Diesel,560000,Hyundai_i20,Mid,9444.444444444445,11.350418300109132
Skoda,Rapid,7,70000.0,Automatic,first,Diesel,750000,Skoda_Rapid,Mid,10000.0,11.156264806643742
Hyundai,Verna,11,59000.0,Manual,second,Petrol,425000,Hyundai_Verna,Old,5363.636363636364,10.985309671896763
Mahindra,TUV,9,72000.0,Automatic,second,Diesel,390000,Mahindra_TUV,Mid,8000.0,11.184435286790631
Mercedes-Benz,E-Class,12,74000.0,Automatic,second,Diesel,1295000,Mercedes-Benz_E-Class,Old,6166.666666666667,11.211833885608513
Honda,City,6,78127.0,Manual,first,Diesel,785000,Honda_City,Mid,13021.166666666666,11.266103786301441
Maruti Suzuki,Ciaz,4,26000.0,Manual,first,Petrol,775000,Maruti Suzuki_Ciaz,Recent,6500.0,10.165890277802454
Renault,KWID,7,65663.0,Automatic,second,Petrol,325000,Renault_KWID,Mid,9380.42857142857,11.092306109090387
BMW,5 Series,6,24000.0,Automatic,first,Petrol,4199000,BMW_5 Series,Mid,4000.0,10.085850775128717
Toyota,Fortuner,9,160000.0,Automatic,second,Diesel,1250000,Toyota_Fortuner,Mid,17777.777777777777,11.982935344196433
Volkswagen,Polo,4,79000.0,Manual,second,Petrol,725000,Volkswagen_Polo,Recent,19750.0,11.277215789596893
Maruti Suzuki,Baleno,6,31000.0,Manual,first,Petrol,549000,Maruti Suzuki_Baleno,Mid,5166.666666666667,10.34177474101152
Hyundai,Creta,5,55000.0,Automatic,first,Diesel,1299999,Hyundai_Creta,Recent,11000.0,10.915106645867503
Maruti Suzuki,Swift Dzire,9,89000.0,Manual,second,Diesel,431000,Maruti Suzuki_Swift Dzire,Mid,9888.888888888889,11.39640288460621
Hyundai,Alcazar,2,37000.0,Automatic,first,Diesel,1820000,Hyundai_Alcazar,New,18500.0,10.518700218288165
Maruti Suzuki,Alto K10,8,56000.0,Manual,first,Petrol,275000,Maruti Suzuki_Alto K10,Mid,7000.0,10.933124826700707
Mercedes-Benz,M-Class,9,75000.0,Automatic,first,Diesel,2450000,Mercedes-Benz_M-Class,Mid,8333.333333333334,11.225256725762893
Honda,Brio,10,32001.0,Manual,second,Petrol,295000,Honda_Brio,Mid,3200.1,10.37355367982882
Maruti Suzuki,Swift-Dzire,0,22000.0,Manual,first,Petrol,260000,Maruti Suzuki_Swift-Dzire,New,22000.0,9.99884318585288
Hyundai,i20,14,45000.0,Manual,second,Petrol,150000,Hyundai_i20,Old,3214.285714285714,10.714439990727769
Toyota,Fortuner,3,60000.0,Automatic,first,Petrol,3200000,Toyota_Fortuner,Recent,20000.0,11.002116507732017
Kia,Seltos,3,41000.0,Automatic,first,Petrol,1390000,Kia_Seltos,Recent,13666.666666666666,10.62135173563291
Volkswagen,Polo,9,51000.0,Manual,second,Petrol,499999,Volkswagen_Polo,Mid,5666.666666666667,10.839600519357369
Toyota,Glanza,3,28000.0,Automatic,second,Petrol,750000,Toyota_Glanza,Recent,9333.333333333334,10.239995502805316
BMW,5 Series,5,38000.0,Automatic,first,Diesel,4450000,BMW_5 Series,Recent,7600.0,10.545367754151743
Skoda,Rapid,5,64800.0,Automatic,first,Diesel,799000,Skoda_Rapid,Recent,12960.0,11.079076314320059
Jeep,Compass,2,17300.0,Automatic,first,Petrol,1995000,Jeep_Compass,New,8650.0,9.758519582283522
Volkswagen,VentoTest,11,38000.0,Manual,first,Petrol,292000,Volkswagen_VentoTest,Old,3454.5454545454545,10.545367754151743
Honda,City,13,95000.0,Automatic,second,Petrol,280000,Honda_City,Old,7307.692307692308,11.461642696843066
Honda,Brio,12,72000.0,Manual,first,Petrol,165000,Honda_Brio,Old,6000.0,11.184435286790631
Maruti Suzuki,Ertiga,8,135000.0,Manual,second,Diesel,875000,Maruti Suzuki_Ertiga,Mid,16875.0,11.813037464800539
Toyota,Etios,12,135000.0,Manual,second,Diesel,395000,Toyota_Etios,Old,11250.0,11.813037464800539
Volkswagen,VentoTest,5,160000.0,Manual,first,Diesel,695000,Volkswagen_VentoTest,Recent,32000.0,11.982935344196433
Tata,Harrier,2,14000.0,Automatic,first,Diesel,1875000,Tata_Harrier,New,7000.0,9.546884034617925
Kia,Seltos,4,50200.0,Automatic,first,Petrol,1300000,Kia_Seltos,Recent,12550.0,10.823790225800138
Maruti Suzuki,Alto-800,10,47000.0,Manual,first,Petrol,255000,Maruti Suzuki_Alto-800,Mid,4700.0,10.757924157061597
Honda,City,13,59600.0,Manual,second,Petrol,210000,Honda_City,Old,4584.615384615385,10.995427631436174
Maruti Suzuki,Ritz,14,8000.0,Automatic,second,Petrol,185000,Maruti Suzuki_Ritz,Old,571.4285714285714,8.987321812850125
Maruti Suzuki,Wagon-R,1,30000.0,Manual,first,Petrol,675000,Maruti Suzuki_Wagon-R,New,30000.0,10.308985993422082
Renault,KWID,7,54000.0,Automatic,second,Petrol,365000,Renault_KWID,Mid,7714.285714285715,10.896757843893464
Maruti Suzuki,Omni,26,80000.0,Manual,second,Petrol,75000,Maruti Suzuki_Omni,Old,3076.923076923077,11.289794413577894
Chevrolet,Cruze,13,100000.0,Automatic,second,Diesel,295000,Chevrolet_Cruze,Old,7692.307692307692,11.51293546492023
Mahindra,XUV500,7,48000.0,Automatic,first,Diesel,1199999,Mahindra_XUV500,Mid,6857.142857142857,10.778977123006351
Hyundai,Verna,11,150000.0,Automatic,second,Diesel,410000,Hyundai_Verna,Old,13636.363636363636,11.918397239722838
Hyundai,Creta,8,63000.0,Manual,second,Petrol,650000,Hyundai_Creta,Mid,7875.0,11.050905878263567
Honda,City,6,62000.0,Manual,first,Petrol,695000,Honda_City,Mid,10333.333333333334,11.034905792929415
Honda,Amaze,3,56001.0,Automatic,first,Diesel,1125000,Honda_Amaze,Recent,18667.0,10.933142683365261
Toyota,Innova Crysta,7,25000.0,Manual,first,Diesel,1565000,Toyota_Innova Crysta,Mid,3571.4285714285716,10.12667110305036
Honda,Jazz,9,68001.0,Manual,second,Petrol,444000,Honda_Jazz,Mid,7555.666666666667,11.127292395490432
Renault,Scala,11,72000.0,Manual,first,Diesel,345000,Renault_Scala,Old,6545.454545454545,11.184435286790631
BMW,3 Series GT,5,50000.0,Automatic,second,Diesel,2675000,BMW_3 Series GT,Recent,10000.0,10.819798284210286
Honda,City,8,95000.0,Manual,second,Petrol,535000,Honda_City,Mid,11875.0,11.461642696843066
Maruti Suzuki,S-Presso,3,39000.0,Automatic,first,Petrol,465000,Maruti Suzuki_S-Presso,Recent,13000.0,10.571342565808699
Mahindra,XUV500,11,60000.0,Manual,second,Diesel,695000,Mahindra_XUV500,Old,5454.545454545455,11.002116507732017
Hyundai,Tucson,7,72315.0,Automatic,second,Diesel,1035000,Hyundai_Tucson,Mid,10330.714285714286,11.188800683801905
Hyundai,Verna,10,82000.0,Automatic,second,Petrol,390000,Hyundai_Verna,Mid,8200.0,11.314486721293981
Maruti Suzuki,Alto,5,85000.0,Automatic,second,Petrol,280000,Maruti Suzuki_Alto,Recent,17000.0,11.350418300109132
Hyundai,Santa Fe,8,64000.0,Automatic,first,Diesel,1245000,Hyundai_Santa Fe,Mid,8000.0,11.06665398721974
Hyundai,Xcent,8,68500.0,Manual,second,Petrol,440000,Hyundai_Xcent,Mid,8562.5,11.134603622683905
Maruti Suzuki,Dzire,2,44000.0,Automatic,first,Petrol,780000,Maruti Suzuki_Dzire,New,22000.0,10.691967639914864
Maruti Suzuki,Swift,5,59000.0,Manual,first,Petrol,540000,Maruti Suzuki_Swift,Recent,11800.0,10.985309671896763
MG,ASTOR,2,32000.0,Automatic,first,Petrol,1275000,MG_ASTOR,New,16000.0,10.373522431293592
Audi,Q7,10,45000.0,Automatic,second,Diesel,1200000,Audi_Q7,Mid,4500.0,10.714439990727769
Volkswagen,VentoTest,8,130000.0,Automatic,second,Petrol,525000,Volkswagen_VentoTest,Mid,16250.0,11.775297421715827
Maruti Suzuki,Alto-800,5,65137.5,Manual,first,Petrol,300000,Maruti Suzuki_Alto-800,Recent,13027.5,11.084271051239332
Toyota,Innova Crysta,7,112000.0,Automatic,first,Diesel,1551111,Toyota_Innova Crysta,Mid,16000.0,11.626263078808801
Mini,Cooper 5 DOOR,10,32000.0,Automatic,second,Diesel,1900000,Mini_Cooper 5 DOOR,Mid,3200.0,10.373522431293592
Renault,KWID,7,78537.0,Automatic,first,Petrol,375000,Renault_KWID,Mid,11219.57142857143,11.271337863076422
Volkswagen,VentoTest,6,70673.0,Automatic,first,Diesel,775000,Volkswagen_VentoTest,Mid,11778.833333333334,11.16583303318684
Maruti Suzuki,Baleno,6,39848.0,Manual,first,Petrol,479931,Maruti Suzuki_Baleno,Mid,6641.333333333333,10.592852589800613
Audi,Q3,8,77000.0,Automatic,first,Diesel,1500000,Audi_Q3,Mid,9625.0,11.251573687764477
Maruti Suzuki,Alto,16,111400.0,Manual,second,Petrol,150000,Maruti Suzuki_Alto,Old,6962.5,11.620891583095712
Toyota,Fortuner,7,30000.0,Automatic,second,Diesel,3495000,Toyota_Fortuner,Mid,4285.714285714285,10.308985993422082
Skoda,Rapid,9,82000.0,Automatic,second,Diesel,325000,Skoda_Rapid,Mid,9111.111111111111,11.314486721293981
Maruti Suzuki,Swift-Dzire,11,89000.0,Manual,second,Diesel,361000,Maruti Suzuki_Swift-Dzire,Old,8090.909090909091,11.39640288460621
Toyota,Fortuner,9,195000.0,Automatic,first,Diesel,1550000,Toyota_Fortuner,Mid,21666.666666666668,12.180759965737863
Tata,Hexa,7,65110.0,Manual,first,Diesel,695000,Tata_Hexa,Mid,9301.42857142857,11.083848784736833
Hyundai,Creta Facelift,2,25000.0,Manual,first,Petrol,1375000,Hyundai_Creta Facelift,New,12500.0,10.12667110305036
BMW,7 Series,10,115000.0,Automatic,first,Diesel,1500000,BMW_7 Series,Mid,11500.0,11.652696102959753
Honda,Jazz,9,64000.0,Manual,first,Petrol,574999,Honda_Jazz,Mid,7111.111111111111,11.06665398721974
Volkswagen,Polo,11,61000.0,Automatic,first,Petrol,415000,Volkswagen_Polo,Old,5545.454545454545,11.0186455364637
Hyundai,Grand i10,10,54000.0,Automatic,second,Petrol,479000,Hyundai_Grand i10,Mid,5400.0,10.896757843893464
Toyota,Innova Crysta,2,25000.0,Automatic,first,Diesel,2600000,Toyota_Innova Crysta,New,12500.0,10.12667110305036
Maruti Suzuki,Celerio,9,103000.0,Automatic,second,Petrol,360000,Maruti Suzuki_Celerio,Mid,11444.444444444445,11.542493975902508
Mahindra,Thar,2,14000.0,Automatic,first,Petrol,1550000,Mahindra_Thar,New,7000.0,9.546884034617925
Tata,Bolt,9,56000.0,Manual,first,Petrol,235000,Tata_Bolt,Mid,6222.222222222223,10.933124826700707
BMW,5 Series,8,47000.0,Automatic,second,Diesel,2500000,BMW_5 Series,Mid,5875.0,10.757924157061597
Jaguar,XF,11,97763.0,Automatic,second,Diesel,1550000,Jaguar_XF,Old,8887.545454545454,11.490311690098642
Tata,Tiago,3,74000.0,Manual,second,Petrol,515000,Tata_Tiago,Recent,24666.666666666668,11.211833885608513
Honda,Brio,9,50000.0,Manual,second,Petrol,385000,Honda_Brio,Mid,5555.555555555556,10.819798284210286
Toyota,Innova Crysta,3,42000.0,Manual,second,Diesel,2550000,Toyota_Innova Crysta,Recent,14000.0,10.645448706505872
Skoda,Rapid,10,71000.0,Automatic,second,Petrol,395000,Skoda_Rapid,Mid,7100.0,11.170449240431308
Mahindra,Thar,4,40000.0,Manual,first,Diesel,1195000,Mahindra_Thar,Recent,10000.0,10.596659732783579
Hyundai,i20,14,83000.0,Manual,second,Petrol,235000,Hyundai_i20,Old,5928.571428571428,11.326607934898927
Toyota,Fortuner,12,166000.0,Manual,second,Diesel,1650000,Toyota_Fortuner,Old,13833.333333333334,12.019749091416921
Tata,Indigo Marina,20,70899.0,Manual,second,Petrol,98000,Tata_Indigo Marina,Old,3544.95,11.169025712520218
Maruti Suzuki,Ertiga,5,91000.0,Manual,first,Diesel,1149000,Maruti Suzuki_Ertiga,Recent,18200.0,11.418625774449598
Tata,Safari,2,27000.0,Manual,first,Diesel,1865000,Tata_Safari,New,13500.0,10.203629181337648
Hyundai,Creta,6,77620.0,Automatic,first,Diesel,1350000,Hyundai_Creta,Mid,12936.666666666666,11.259593288117415
Ford,Ecosport,7,85000.0,Manual,second,Diesel,649999,Ford_Ecosport,Mid,12142.857142857143,11.350418300109132
Tata,Nano Genx,8,58.0,Automatic,second,Petrol,186000,Tata_Nano Genx,Mid,7.25,4.07753744390572
Maruti Suzuki,Swift-Dzire,8,25.0,Manual,second,Diesel,420000,Maruti Suzuki_Swift-Dzire,Mid,3.125,3.258096538021482
Maruti Suzuki,Alto-800,18,20024.0,Manual,first,Petrol,20000,Maruti Suzuki_Alto-800,Old,1112.4444444444443,9.90473677193656
Hyundai,Grand i10,10,80000.0,Manual,second,Petrol,375556,Hyundai_Grand i10,Mid,8000.0,11.289794413577894
Volkswagen,Polo,5,35000.0,Automatic,second,Petrol,1185000,Volkswagen_Polo,Recent,7000.0,10.463131911491967
Honda,City Hybrid eHEV,8,77000.0,Automatic,first,Petrol,575000,Honda_City Hybrid eHEV,Mid,9625.0,11.251573687764477
Maruti Suzuki,Swift,6,63259.0,Automatic,second,Diesel,520000,Maruti Suzuki_Swift,Mid,10543.166666666666,11.05500849685964
Ford,Ecosport,7,110000.0,Manual,first,Diesel,449999,Ford_Ecosport,Mid,15714.285714285714,11.608244735642321
Hyundai,i20,1,14000.0,Automatic,first,Petrol,925000,Hyundai_i20,New,14000.0,9.546884034617925
Volkswagen,Tiguan,6,52000.0,Automatic,first,Diesel,1915000,Volkswagen_Tiguan,Mid,8666.666666666666,10.859018228147887
Mercedes-Benz,G,13,45000.0,Automatic,second,Diesel,7500000,Mercedes-Benz_G,Old,3461.5384615384614,10.714439990727769
BMW,3 Series,8,65000.0,Automatic,second,Diesel,1325000,BMW_3 Series,Mid,8125.0,11.082157933374816
Renault,Duster,8,75000.0,Automatic,second,Diesel,595000,Renault_Duster,Mid,9375.0,11.225256725762893
Maruti Suzuki,Swift,17,135000.0,Manual,second,Diesel,165000,Maruti Suzuki_Swift,Old,7941.176470588235,11.813037464800539
Toyota,Innova,10,105000.0,Manual,second,Diesel,780000,Toyota_Innova,Mid,10500.0,11.561725152903833
Land Rover,Range Rover,8,151000.0,Automatic,second,Diesel,2800000,Land Rover_Range Rover,Mid,18875.0,11.92504173829169
BMW,7 Series,11,61000.0,Automatic,second,Diesel,851000,BMW_7 Series,Old,5545.454545454545,11.0186455364637
Maruti Suzuki,Grand Vitara,1,21209.0,Manual,first,Petrol,1290000,Maruti Suzuki_Grand Vitara,New,21209.0,9.962228047558728
Toyota,Glanza,4,87000.0,Manual,first,Petrol,733000,Toyota_Glanza,Recent,21750.0,11.373674891823535
Renault,Duster,8,130000.0,Manual,second,Diesel,599000,Renault_Duster,Mid,16250.0,11.775297421715827
Volvo,XC 90,9,125000.0,Automatic,second,Diesel,1075000,Volvo_XC 90,Mid,13888.888888888889,11.736077016252437
Tata,Tiago,6,30000.0,Automatic,first,Petrol,355000,Tata_Tiago,Mid,5000.0,10.308985993422082
Audi,A6,9,78561.0,Automatic,first,Diesel,898970,Audi_A6,Mid,8729.0,11.271643400952764
Honda,City,8,63000.0,Manual,second,Petrol,600000,Honda_City,Mid,7875.0,11.050905878263567
Honda,Amaze,8,65000.0,Manual,first,Petrol,410000,Honda_Amaze,Mid,8125.0,11.082157933374816
Volkswagen,Polo GTI,9,102000.0,Automatic,second,Petrol,450000,Volkswagen_Polo GTI,Mid,11333.333333333334,11.532737896139919
Maruti Suzuki,Swift,2,35000.0,Automatic,first,Petrol,745000,Maruti Suzuki_Swift,New,17500.0,10.463131911491967
Volkswagen,Virtus,2,50000.0,Automatic,first,Petrol,1299000,Volkswagen_Virtus,New,25000.0,10.819798284210286
Maruti Suzuki,A-Star,11,60000.0,Automatic,second,Petrol,299000,Maruti Suzuki_A-Star,Old,5454.545454545455,11.002116507732017
BMW,5 Series,10,72000.0,Automatic,second,Diesel,1599000,BMW_5 Series,Mid,7200.0,11.184435286790631
Mini,Cooper S,11,53000.0,Automatic,second,Petrol,1600000,Mini_Cooper S,Old,4818.181818181818,10.87806606028079
Toyota,Etios Liva,6,74000.0,Manual,second,Diesel,850000,Toyota_Etios Liva,Mid,12333.333333333334,11.211833885608513
MG,Hector,1,29000.0,Automatic,first,Petrol,2295000,MG_Hector,New,29000.0,10.275085591132715
Mercedes-Benz,CLA,8,20800.0,Automatic,second,Petrol,1700000,Mercedes-Benz_CLA,Mid,2600.0,9.942756341456828
Hyundai,i20,7,95000.0,Manual,second,Petrol,565000,Hyundai_i20,Mid,13571.42857142857,11.461642696843066
Mahindra,Thar,3,13000.0,Automatic,first,Diesel,1700000,Mahindra_Thar,Recent,4333.333333333333,9.472781556562168
Mahindra,XUV700,1,4000.0,Manual,first,Petrol,2100000,Mahindra_XUV700,New,4000.0,8.294299608857235
Maruti Suzuki,Baleno,3,57000.0,Automatic,second,Petrol,685000,Maruti Suzuki_Baleno,Recent,19000.0,10.950824090522445
Mahindra,Alturas G4,2,25000.0,Automatic,first,Diesel,2725000,Mahindra_Alturas G4,New,12500.0,10.12667110305036
Mahindra,Scorpio,7,92000.0,Manual,first,Diesel,1050000,Mahindra_Scorpio,Mid,13142.857142857143,11.429554725537322
MG,ASTOR,3,12110.0,Automatic,first,Petrol,1295000,MG_ASTOR,Recent,4036.6666666666665,9.401869409521051
Hyundai,New i20,2,13162.0,Automatic,first,Petrol,975000,Hyundai_New i20,New,6581.0,9.485165142425407
Toyota,Etios Liva,7,49000.0,Manual,first,Petrol,599000,Toyota_Etios Liva,Mid,7000.0,10.799595985047786
Maruti Suzuki,Alto 800,8,68000.0,Manual,second,Petrol,265000,Maruti Suzuki_Alto 800,Mid,8500.0,11.127277689932466
Audi,A6,11,110000.0,Automatic,second,Diesel,1150000,Audi_A6,Old,10000.0,11.608244735642321
Hyundai,Elite i20,7,52355.0,Manual,first,Petrol,499555,Hyundai_Elite i20,Mid,7479.285714285715,10.86582182291161
Hyundai,i10,11,40595.0,Automatic,second,Petrol,310000,Hyundai_i10,Old,3690.4545454545455,10.61142481856871
Mahindra,Thar,3,41000.0,Manual,second,Diesel,1450000,Mahindra_Thar,Recent,13666.666666666666,10.62135173563291
Maruti Suzuki,Omni,10,77500.0,Automatic,second,Petrol,1010000,Maruti Suzuki_Omni,Mid,7750.0,11.258046118484
Maruti Suzuki,Swift-Dzire,6,55000.0,Manual,first,Petrol,595000,Maruti Suzuki_Swift-Dzire,Mid,9166.666666666666,10.915106645867503
Hyundai,i10,11,80000.0,Automatic,second,Petrol,145000,Hyundai_i10,Old,7272.727272727273,11.289794413577894
Land Rover,Defender,0,7000.0,Automatic,first,Petrol,12700000,Land Rover_Defender,New,7000.0,8.853808274977197
Mercedes-Benz,GLA Class,8,71000.0,Automatic,second,Petrol,1990000,Mercedes-Benz_GLA Class,Mid,8875.0,11.170449240431308
Hyundai,Santro Xing,17,65000.0,Manual,second,Petrol,185000,Hyundai_Santro Xing,Old,3823.529411764706,11.082157933374816
Toyota,Innova Crysta,5,69000.0,Automatic,first,Diesel,2699000,Toyota_Innova Crysta,Recent,13800.0,11.141876276228
Maruti Suzuki,Ertiga,5,90000.0,Manual,first,Diesel,900000,Maruti Suzuki_Ertiga,Recent,18000.0,11.407576060361786
Fiat,Linea,15,79742.0,Manual,second,Petrol,165000,Fiat_Linea,Old,5316.133333333333,11.286564242500031
Audi,Q3,7,45000.0,Automatic,second,Diesel,1690000,Audi_Q3,Mid,6428.571428571428,10.714439990727769
Toyota,Innova Crysta,2,8000.0,Automatic,first,Diesel,3375000,Toyota_Innova Crysta,New,4000.0,8.987321812850125
Toyota,Etios,12,51000.0,Automatic,second,Petrol,260000,Toyota_Etios,Old,4250.0,10.839600519357369
BMW,3 Series GT,5,71000.0,Automatic,first,Diesel,2550000,BMW_3 Series GT,Recent,14200.0,11.170449240431308
Aston Martin,Vanquish,8,25700.0,Automatic,first,Petrol,26400000,Aston Martin_Vanquish,Mid,3212.5,10.154285180632154
Mercedes-Benz,C-Class,9,58000.0,Automatic,first,Diesel,2149999,Mercedes-Benz_C-Class,Mid,6444.444444444444,10.968215530759236
Toyota,Fortuner,0,2596.0,Manual,first,Diesel,3899999,Toyota_Fortuner,New,2596.0,7.862112211662748
Mahindra,Thar,1,24500.0,Automatic,first,Petrol,1410000,Mahindra_Thar,New,24500.0,10.106469212026385
Honda,City,3,125000.0,Manual,first,Diesel,1075000,Honda_City,Recent,41666.666666666664,11.736077016252437
Maruti Suzuki,Ciaz,7,79000.0,Automatic,second,Petrol,600000,Maruti Suzuki_Ciaz,Mid,11285.714285714286,11.277215789596893
Toyota,Innova Crysta,5,118000.0,Automatic,second,Diesel,1999000,Toyota_Innova Crysta,Recent,23600.0,11.678448377988165
BMW,5 Series,7,75000.0,Automatic,first,Diesel,4000000,BMW_5 Series,Mid,10714.285714285714,11.225256725762893
Mahindra,Bolero,7,105000.0,Manual,second,Diesel,620000,Mahindra_Bolero,Mid,15000.0,11.561725152903833
Maruti Suzuki,maruti-suzuki-brezza,3,35000.0,Manual,first,Petrol,851000,Maruti Suzuki_maruti-suzuki-brezza,Recent,11666.666666666666,10.463131911491967
Audi,A8 L,7,51000.0,Automatic,first,Diesel,3500000,Audi_A8 L,Mid,7285.714285714285,10.839600519357369
Kia,Seltos,2,30891.0,Automatic,first,Diesel,1875000,Kia_Seltos,New,15445.5,10.338252529689154
Hyundai,Alcazar,1,2500.0,Automatic,first,Petrol,1800000,Hyundai_Alcazar,New,2500.0,7.824445930877619
Maruti Suzuki,Swift,5,32000.0,Manual,second,Petrol,575000,Maruti Suzuki_Swift,Recent,6400.0,10.373522431293592
Mahindra,Thar,3,66000.0,Manual,first,Diesel,1425000,Mahindra_Thar,Recent,22000.0,11.097425172408931
Volvo,V40 Cross Country,8,75000.0,Automatic,first,Petrol,1375000,Volvo_V40 Cross Country,Mid,9375.0,11.225256725762893
MG,Hector,5,71000.0,Manual,first,Diesel,1275000,MG_Hector,Recent,14200.0,11.170449240431308
Audi,A6,13,51000.0,Automatic,second,Petrol,1350000,Audi_A6,Old,3923.076923076923,10.839600519357369
Maruti Suzuki,Alto-K10,9,75000.0,Automatic,second,Petrol,310000,Maruti Suzuki_Alto-K10,Mid,8333.333333333334,11.225256725762893
Hyundai,Elite i20,6,39500.0,Manual,first,Petrol,545000,Hyundai_Elite i20,Mid,6583.333333333333,10.584081267024454
Renault,Captur,6,120000.0,Manual,first,Diesel,800000,Renault_Captur,Mid,20000.0,11.695255355062795
Toyota,Innova,8,65137.5,Manual,second,Diesel,860000,Toyota_Innova,Mid,8142.1875,11.084271051239332
Volkswagen,Passat,12,68900.0,Automatic,second,Diesel,555000,Volkswagen_Passat,Old,5741.666666666667,11.140425970684525
Mercedes-Benz,E-Class,7,68000.0,Automatic,first,Diesel,3090000,Mercedes-Benz_E-Class,Mid,9714.285714285714,11.127277689932466
Ford,Ecosport,9,80000.0,Automatic,second,Petrol,465000,Ford_Ecosport,Mid,8888.888888888889,11.289794413577894
Maruti Suzuki,Alto-K10,5,62000.0,Manual,first,Petrol,360000,Maruti Suzuki_Alto-K10,Recent,12400.0,11.034905792929415
Hyundai,Venue,2,55000.0,Manual,first,Diesel,1250000,Hyundai_Venue,New,27500.0,10.915106645867503
Volkswagen,Polo,9,60000.0,Manual,second,Petrol,460000,Volkswagen_Polo,Mid,6666.666666666667,11.002116507732017
Toyota,Innova Crysta,7,34000.0,Manual,first,Diesel,1395000,Toyota_Innova Crysta,Mid,4857.142857142857,10.434145214930487
Jeep,Compass,7,49000.0,Automatic,first,Petrol,1151111,Jeep_Compass,Mid,7000.0,10.799595985047786
Hyundai,i20,8,36000.0,Manual,second,Petrol,450000,Hyundai_i20,Mid,4500.0,10.491301994830229
Mahindra,KUV 100,8,85000.0,Manual,second,Diesel,320000,Mahindra_KUV 100,Mid,10625.0,11.350418300109132
Mahindra,Bolero Neo,1,35000.0,Automatic,second,Diesel,1050000,Mahindra_Bolero Neo,New,35000.0,10.463131911491967
Honda,Amaze,9,160000.0,Manual,second,Diesel,275000,Honda_Amaze,Mid,17777.777777777777,11.982935344196433
Maruti Suzuki,Swift,14,141000.0,Manual,second,Diesel,330000,Maruti Suzuki_Swift,Old,10071.42857142857,11.856522261533737
Land Rover,Range Rover,12,23100.0,Automatic,second,Diesel,4795000,Land Rover_Range Rover,Old,1925.0,10.047631185616188
Hyundai,Verna,10,100000.0,Manual,first,Petrol,950000,Hyundai_Verna,Mid,10000.0,11.51293546492023
Hyundai,Elantra,8,88000.0,Manual,second,Diesel,860000,Hyundai_Elantra,Mid,11000.0,11.385103457032141
Porsche,Macan,1,5100.0,Automatic,first,Petrol,8900000,Porsche_Macan,New,5100.0,8.537191877922927
Maruti Suzuki,Ciaz,7,76000.0,Manual,second,Petrol,480000,Maruti Suzuki_Ciaz,Mid,10857.142857142857,11.23850177707664
BMW,X3,5,50000.0,Automatic,second,Diesel,4000000,BMW_X3,Recent,10000.0,10.819798284210286
Mercedes-Benz,M-Class,10,48000.0,Automatic,first,Diesel,1745000,Mercedes-Benz_M-Class,Mid,4800.0,10.778977123006351
Mahindra,XUV700,0,16666.0,Automatic,first,Diesel,2599999,Mahindra_XUV700,New,16666.0,9.721185995542177
Skoda,Kushaq,2,38917.0,Manual,first,Petrol,1225000,Skoda_Kushaq,New,19458.5,10.569212147518101
Maruti Suzuki,Baleno,8,55000.0,Automatic,first,Petrol,655000,Maruti Suzuki_Baleno,Mid,6875.0,10.915106645867503
Nissan,Terrano,9,84000.0,Manual,second,Diesel,500000,Nissan_Terrano,Mid,9333.333333333334,11.338583982516495
Hyundai,Elantra,10,120000.0,Automatic,second,Diesel,550000,Hyundai_Elantra,Mid,12000.0,11.695255355062795
Maruti Suzuki,Ertiga,2,8638.0,Manual,first,Petrol,1150000,Maruti Suzuki_Ertiga,New,4319.0,9.064042114358884
Maruti Suzuki,Swift Dzire,11,62000.0,Manual,second,Petrol,350000,Maruti Suzuki_Swift Dzire,Old,5636.363636363636,11.034905792929415
Maruti Suzuki,Swift Dzire,11,62000.0,Manual,second,Petrol,350000,Maruti Suzuki_Swift Dzire,Old,5636.363636363636,11.034905792929415
Honda,Amaze,10,86131.0,Manual,second,Diesel,300000,Honda_Amaze,Mid,8613.1,11.363636282226498
Maruti Suzuki,Swift,3,29000.0,Automatic,first,Petrol,765000,Maruti Suzuki_Swift,Recent,9666.666666666666,10.275085591132715
MG,ASTOR,0,260.0,Manual,first,Petrol,1495000,MG_ASTOR,New,260.0,5.564520407322694
Hyundai,Verna,1,15120.0,Automatic,first,Petrol,1550000,Hyundai_Verna,New,15120.0,9.623839785112668
Tata,Altroz,3,21000.0,Manual,second,Petrol,535000,Tata_Altroz,Recent,7000.0,9.952325334619427
MG,Hector Plus,2,11000.0,Automatic,first,Petrol,1850000,MG_Hector Plus,New,5500.0,9.305741456739435
Maruti Suzuki,Ciaz,7,63000.0,Manual,first,Petrol,750000,Maruti Suzuki_Ciaz,Mid,9000.0,11.050905878263567
Skoda,Rapid,3,41189.0,Automatic,first,Petrol,1225000,Skoda_Rapid,Recent,13729.666666666666,10.625950787430126
Mahindra,Scorpio-N,2,20000.0,Manual,first,Diesel,1945000,Mahindra_Scorpio-N,New,10000.0,9.90353755128617
Mercedes-Benz,C-Class,13,64000.0,Automatic,second,Diesel,975000,Mercedes-Benz_C-Class,Old,4923.076923076923,11.06665398721974
Kia,Seltos,4,62500.0,Manual,first,Diesel,945000,Kia_Seltos,Recent,15625.0,11.042937835596494
Toyota,Innova,12,121000.0,Manual,first,Diesel,400000,Toyota_Innova,Old,10083.333333333334,11.703554089007538
Maruti Suzuki,Swift,6,38000.0,Manual,second,Petrol,480000,Maruti Suzuki_Swift,Mid,6333.333333333333,10.545367754151743
Mahindra,Thar,3,30000.0,Automatic,first,Diesel,1540000,Mahindra_Thar,Recent,10000.0,10.308985993422082
Maruti Suzuki,Swift-Dzire-Tour,14,130000.0,Manual,second,Diesel,260000,Maruti Suzuki_Swift-Dzire-Tour,Old,9285.714285714286,11.775297421715827
Maruti Suzuki,Wagon-R,3,71000.0,Manual,first,Petrol,475000,Maruti Suzuki_Wagon-R,Recent,23666.666666666668,11.170449240431308
Hyundai,Creta,1,4800.0,Automatic,second,Diesel,1950000,Hyundai_Creta,New,4800.0,8.476579508530941
Maruti Suzuki,Baleno,7,59000.0,Manual,first,Petrol,515000,Maruti Suzuki_Baleno,Mid,8428.57142857143,10.985309671896763
Honda,City,13,75875.0,Automatic,second,Petrol,295000,Honda_City,Old,5836.538461538462,11.236855707846614
Kia,Seltos,4,109000.0,Manual,first,Diesel,975000,Kia_Seltos,Recent,27250.0,11.599112335481124
Mercedes-Benz,E-Class,18,92000.0,Automatic,second,Diesel,500000,Mercedes-Benz_E-Class,Old,5111.111111111111,11.429554725537322
Jaguar,XF,10,41000.0,Automatic,second,Diesel,2525000,Jaguar_XF,Mid,4100.0,10.62135173563291
Maruti Suzuki,XL6,2,76000.0,Manual,first,Petrol,1000000,Maruti Suzuki_XL6,New,38000.0,11.23850177707664
Mini,Cooper 3 DOOR,4,12000.0,Automatic,first,Petrol,4450000,Mini_Cooper 3 DOOR,Recent,3000.0,9.392745258631441
Hyundai,Verna,8,81982.0,Automatic,first,Diesel,695000,Hyundai_Verna,Mid,10247.75,11.314267187680064
Mahindra,Xylo,14,51258.0,Manual,first,Diesel,199000,Mahindra_Xylo,Old,3661.285714285714,10.844646491339164
Mahindra,Scorpio,7,59000.0,Manual,first,Diesel,850000,Mahindra_Scorpio,Mid,8428.57142857143,10.985309671896763
Mercedes-Benz,S-Class,6,39000.0,Automatic,second,Diesel,5950000,Mercedes-Benz_S-Class,Mid,6500.0,10.571342565808699
Maruti Suzuki,Ertiga,3,38000.0,Automatic,first,Petrol,1155000,Maruti Suzuki_Ertiga,Recent,12666.666666666666,10.545367754151743
Maruti Suzuki,Swift,0,6000.0,Automatic,first,Petrol,1150000,Maruti Suzuki_Swift,New,6000.0,8.699681400989514
BMW,3 Series,8,53000.0,Automatic,second,Diesel,1399000,BMW_3 Series,Mid,6625.0,10.87806606028079
BMW,3 Series GT,10,99000.0,Automatic,second,Diesel,1750000,BMW_3 Series GT,Mid,9900.0,11.502885230075814
Mercedes-Benz,E-Class,12,73595.0,Automatic,second,Petrol,699000,Mercedes-Benz_E-Class,Old,6132.916666666667,11.206345955413983
Hyundai,Grand i10,6,51000.0,Manual,first,Petrol,475000,Hyundai_Grand i10,Mid,8500.0,10.839600519357369
Hyundai,Verna,6,57546.0,Automatic,first,Petrol,849999,Hyundai_Verna,Mid,9591.0,10.960357284207447
Mercedes-Benz,C-Class,8,96000.0,Automatic,second,Diesel,2300000,Mercedes-Benz_C-Class,Mid,12000.0,11.472113887062386
BMW,6 Series GT,6,21000.0,Automatic,second,Petrol,4500000,BMW_6 Series GT,Mid,3500.0,9.952325334619427
Maruti Suzuki,Swift,6,48000.0,Automatic,second,Petrol,535000,Maruti Suzuki_Swift,Mid,8000.0,10.778977123006351
Volkswagen,VentoTest,13,22000.0,Manual,first,Petrol,299999,Volkswagen_VentoTest,Old,1692.3076923076924,9.99884318585288
Toyota,Fortuner,3,40000.0,Automatic,first,Diesel,4100000,Toyota_Fortuner,Recent,13333.333333333334,10.596659732783579
Maruti Suzuki,XL6,3,22864.0,Automatic,first,Petrol,1095000,Maruti Suzuki_XL6,Recent,7621.333333333333,10.037362636092155
Maruti Suzuki,Vitara-Brezza,7,64000.0,Manual,first,Diesel,585000,Maruti Suzuki_Vitara-Brezza,Mid,9142.857142857143,11.06665398721974
Hyundai,Grand i10,11,88000.0,Manual,first,Diesel,410000,Hyundai_Grand i10,Old,8000.0,11.385103457032141
Ford,Figo,13,30000.0,Manual,second,Petrol,149000,Ford_Figo,Old,2307.6923076923076,10.308985993422082
Hyundai,Grand i10 Nios,4,33145.0,Manual,first,Petrol,600000,Hyundai_Grand i10 Nios,Recent,8286.25,10.40867732468349
Skoda,Rapid,13,60000.0,Manual,first,Petrol,220000,Skoda_Rapid,Old,4615.384615384615,11.002116507732017
Jeep,Compass,7,61000.0,Manual,second,Diesel,1150000,Jeep_Compass,Mid,8714.285714285714,11.0186455364637
Maruti Suzuki,Ertiga,10,120000.0,Automatic,second,Diesel,425000,Maruti Suzuki_Ertiga,Mid,12000.0,11.695255355062795
Mahindra,XUV500,8,87000.0,Manual,first,Diesel,1050000,Mahindra_XUV500,Mid,10875.0,11.373674891823535
Hyundai,Venue,2,38000.0,Manual,first,Petrol,1040000,Hyundai_Venue,New,19000.0,10.545367754151743
Jeep,Compass,7,55000.0,Automatic,second,Petrol,1011000,Jeep_Compass,Mid,7857.142857142857,10.915106645867503
Hyundai,Creta,5,35000.0,Manual,first,Diesel,1145000,Hyundai_Creta,Recent,7000.0,10.463131911491967
Honda,City,13,82000.0,Automatic,second,Petrol,299000,Honda_City,Old,6307.692307692308,11.314486721293981
Toyota,Innova Crysta,5,65000.0,Automatic,first,Diesel,1400000,Toyota_Innova Crysta,Recent,13000.0,11.082157933374816
Renault,Duster,9,90000.0,Manual,first,Diesel,575000,Renault_Duster,Mid,10000.0,11.407576060361786
Mercedes-Benz,E-Class,4,49000.0,Automatic,first,Petrol,4800000,Mercedes-Benz_E-Class,Recent,12250.0,10.799595985047786
Mercedes-Benz,S-Class,5,29000.0,Automatic,second,Diesel,9500000,Mercedes-Benz_S-Class,Recent,5800.0,10.275085591132715
Honda,City,1,9500.0,Automatic,first,Petrol,1475000,Honda_City,New,9500.0,9.15915233520675
Renault,Duster,11,86250.0,Manual,first,Diesel,290000,Renault_Duster,Old,7840.909090909091,11.365016929029293
Honda,City ZX,0,65137.5,Automatic,first,Petrol,1550000,Honda_City ZX,New,65137.5,11.084271051239332
Toyota,Innova Crysta,8,190000.0,Manual,first,Diesel,1650000,Toyota_Innova Crysta,Mid,23750.0,12.154784614286667
Volkswagen,Ameo,7,80000.0,Manual,first,Diesel,475000,Volkswagen_Ameo,Mid,11428.57142857143,11.289794413577894
Hyundai,Creta,3,96000.0,Automatic,first,Diesel,1700000,Hyundai_Creta,Recent,32000.0,11.472113887062386
BMW,7 Series,8,40000.0,Automatic,first,Diesel,2150000,BMW_7 Series,Mid,5000.0,10.596659732783579
Maruti Suzuki,XL6,5,65000.0,Manual,first,Petrol,925000,Maruti Suzuki_XL6,Recent,13000.0,11.082157933374816
Maruti Suzuki,Swift,14,29000.0,Manual,first,Petrol,150000,Maruti Suzuki_Swift,Old,2071.4285714285716,10.275085591132715
Hyundai,i10,11,40000.0,Automatic,second,Petrol,200000,Hyundai_i10,Old,3636.3636363636365,10.596659732783579
Mahindra,Scorpio,14,65000.0,Manual,second,Diesel,290000,Mahindra_Scorpio,Old,4642.857142857143,11.082157933374816
Maruti Suzuki,Celerio,6,38000.0,Automatic,second,Petrol,380000,Maruti Suzuki_Celerio,Mid,6333.333333333333,10.545367754151743
Maruti Suzuki,Wagon-R,9,66000.0,Automatic,second,Petrol,260000,Maruti Suzuki_Wagon-R,Mid,7333.333333333333,11.097425172408931
Maruti Suzuki,Ciaz,5,29000.0,Manual,first,Petrol,850000,Maruti Suzuki_Ciaz,Recent,5800.0,10.275085591132715
Toyota,Fortuner,8,90000.0,Manual,second,Diesel,1545000,Toyota_Fortuner,Mid,11250.0,11.407576060361786
Toyota,Innova Hycross,1,14100.0,Automatic,first,Petrol,2844000,Toyota_Innova Hycross,New,14100.0,9.55400099583723
Hyundai,Creta,9,88000.0,Manual,second,Diesel,750000,Hyundai_Creta,Mid,9777.777777777777,11.385103457032141
Maruti Suzuki,Swift Dzire,8,49000.0,Automatic,second,Petrol,599000,Maruti Suzuki_Swift Dzire,Mid,6125.0,10.799595985047786
Maruti Suzuki,Celerio,8,36000.0,Automatic,first,Petrol,399999,Maruti Suzuki_Celerio,Mid,4500.0,10.491301994830229
Honda,Jazz,13,61000.0,Manual,second,Petrol,225000,Honda_Jazz,Old,4692.307692307692,11.0186455364637
Hyundai,Grand i10,6,62000.0,Manual,second,Petrol,375000,Hyundai_Grand i10,Mid,10333.333333333334,11.034905792929415
Hyundai,Creta,2,19000.0,Automatic,first,Diesel,2290000,Hyundai_Creta,New,9500.0,9.852246888342531
Mercedes-Benz,CLA,5,28370.0,Automatic,first,Diesel,1999999,Mercedes-Benz_CLA,Recent,5674.0,10.253122775683622
Ford,Endeavour,8,86000.0,Automatic,first,Diesel,1825000,Ford_Endeavour,Mid,10750.0,11.362114203075018
Hyundai,i10,13,68000.0,Manual,second,Petrol,230000,Hyundai_i10,Old,5230.7692307692305,11.127277689932466
Ford,Ecosport,5,54000.0,Manual,first,Diesel,810000,Ford_Ecosport,Recent,10800.0,10.896757843893464
Hyundai,i20,14,72000.0,Automatic,second,Petrol,275000,Hyundai_i20,Old,5142.857142857143,11.184435286790631
Renault,Triber,4,59000.0,Manual,first,Petrol,675000,Renault_Triber,Recent,14750.0,10.985309671896763
Hyundai,Santro Xing,15,69000.0,Manual,second,Petrol,160000,Hyundai_Santro Xing,Old,4600.0,11.141876276228
Skoda,Rapid,9,59000.0,Automatic,second,Petrol,550000,Skoda_Rapid,Mid,6555.555555555556,10.985309671896763
Hyundai,Santa Fe,8,64200.0,Automatic,first,Diesel,1175000,Hyundai_Santa Fe,Mid,8025.0,11.06977406588073
Audi,A4,9,53000.0,Automatic,second,Diesel,1750000,Audi_A4,Mid,5888.888888888889,10.87806606028079
Hyundai,Santro Xing,14,65137.5,Automatic,second,Petrol,120000,Hyundai_Santro Xing,Old,4652.678571428572,11.084271051239332
Audi,A6,8,40000.0,Automatic,first,Diesel,1595000,Audi_A6,Mid,5000.0,10.596659732783579
Maruti Suzuki,Eeco,13,53750.0,Manual,first,Petrol,155000,Maruti Suzuki_Eeco,Old,4134.615384615385,10.892117550468008
Kia,Seltos,2,15000.0,Automatic,first,Petrol,1800000,Kia_Seltos,New,7500.0,9.61587214452889
Maruti Suzuki,Wagon-R,13,75000.0,Manual,second,Petrol,245000,Maruti Suzuki_Wagon-R,Old,5769.2307692307695,11.225256725762893
Maruti Suzuki,Omni,14,88000.0,Manual,second,Petrol,95000,Maruti Suzuki_Omni,Old,6285.714285714285,11.385103457032141
Audi,Q5,6,110000.0,Automatic,first,Diesel,2299000,Audi_Q5,Mid,18333.333333333332,11.608244735642321
BMW,5 Series,11,76064.0,Automatic,second,Diesel,1425000,BMW_5 Series,Old,6914.909090909091,11.239343516897229
BMW,5 Series,6,41000.0,Automatic,second,Diesel,2990000,BMW_5 Series,Mid,6833.333333333333,10.62135173563291
Mahindra,XUV700,2,6789.0,Automatic,first,Diesel,2000000,Mahindra_XUV700,New,3394.5,8.823206220552741
Toyota,2.8 Legender 4X2,3,63000.0,Automatic,first,Diesel,4250000,Toyota_2.8 Legender 4X2,Recent,21000.0,11.050905878263567
Hyundai,Creta,6,84000.0,Manual,second,Diesel,1075000,Hyundai_Creta,Mid,14000.0,11.338583982516495
Hyundai,Grand i10,7,50523.0,Manual,second,Petrol,370000,Hyundai_Grand i10,Mid,7217.571428571428,10.830203749893865
Mercedes-Benz,E-Class,10,74000.0,Automatic,first,Diesel,1384999,Mercedes-Benz_E-Class,Mid,7400.0,11.211833885608513
Mercedes-Benz,E-Class,2,25000.0,Automatic,first,Diesel,6500000,Mercedes-Benz_E-Class,New,12500.0,10.12667110305036
Toyota,Glanza,4,38000.0,Automatic,first,Petrol,574000,Toyota_Glanza,Recent,9500.0,10.545367754151743
Maruti Suzuki,Alto,13,55000.0,Manual,second,Petrol,115000,Maruti Suzuki_Alto,Old,4230.7692307692305,10.915106645867503
Toyota,Innova Crysta,0,6110.0,Manual,first,Diesel,2785000,Toyota_Innova Crysta,New,6110.0,8.717845704894916
Toyota,Innova,10,130000.0,Manual,first,Diesel,1360000,Toyota_Innova,Mid,13000.0,11.775297421715827
Toyota,Camry,10,108000.0,Automatic,first,Petrol,1400000,Toyota_Camry,Mid,10800.0,11.58989576532275
Honda,City,6,58000.0,Manual,first,Petrol,574000,Honda_City,Mid,9666.666666666666,10.968215530759236
Maruti Suzuki,Swift,3,41000.0,Manual,first,Petrol,679000,Maruti Suzuki_Swift,Recent,13666.666666666666,10.62135173563291
Tata,Nexon,4,49000.0,Manual,first,Diesel,450000,Tata_Nexon,Recent,12250.0,10.799595985047786
Force,Motors FM Gurkha,1,9900.0,Manual,first,Diesel,1550000,Force_Motors FM Gurkha,New,9900.0,9.200391041122515
Renault,KWID,7,67000.0,Manual,second,Petrol,250000,Renault_KWID,Mid,9571.42857142857,11.112462823634855
Maruti Suzuki,Swift,1,11000.0,Automatic,first,Petrol,725000,Maruti Suzuki_Swift,New,11000.0,9.305741456739435
Volkswagen,Polo,4,35000.0,Automatic,first,Petrol,1170000,Volkswagen_Polo,Recent,8750.0,10.463131911491967
Honda,City,7,28000.0,Automatic,first,Petrol,685000,Honda_City,Mid,4000.0,10.239995502805316
Maruti Suzuki,Celerio,7,142000.0,Automatic,first,Petrol,345000,Maruti Suzuki_Celerio,Mid,20285.714285714286,11.863589378812122
Mahindra,Jeep,30,0.0,Manual,second,Diesel,275000,Mahindra_Jeep,Old,0.0,0.0
Hyundai,i20,10,62000.0,Manual,first,Petrol,421000,Hyundai_i20,Mid,6200.0,11.034905792929415
Renault,KWID,5,18000.0,Manual,first,Petrol,325000,Renault_KWID,Recent,3600.0,9.798182590890704
Maruti Suzuki,Swift Dzire,9,72000.0,Manual,first,Diesel,450000,Maruti Suzuki_Swift Dzire,Mid,8000.0,11.184435286790631
Hyundai,i20,5,48000.0,Manual,first,Petrol,525000,Hyundai_i20,Recent,9600.0,10.778977123006351
Maruti Suzuki,Alto-K10,7,65000.0,Automatic,first,Petrol,300000,Maruti Suzuki_Alto-K10,Mid,9285.714285714286,11.082157933374816
Audi,Q5,10,57000.0,Automatic,first,Diesel,1285000,Audi_Q5,Mid,5700.0,10.950824090522445
Maruti Suzuki,Ciaz,5,73000.0,Automatic,second,Petrol,695000,Maruti Suzuki_Ciaz,Recent,14600.0,11.19822841866684
Jaguar,XF,10,78000.0,Automatic,first,Diesel,995000,Jaguar_XF,Mid,7800.0,11.264476926102367
BMW,5 Series,14,130000.0,Automatic,second,Petrol,280000,BMW_5 Series,Old,9285.714285714286,11.775297421715827
Hyundai,i20,12,74000.0,Manual,second,Petrol,250000,Hyundai_i20,Old,6166.666666666667,11.211833885608513
Porsche,718,6,15000.0,Automatic,second,Petrol,8000000,Porsche_718,Mid,2500.0,9.61587214452889
Maruti Suzuki,Alto-K10,9,18000.0,Automatic,second,Petrol,350000,Maruti Suzuki_Alto-K10,Mid,2000.0,9.798182590890704
Honda,City,11,85000.0,Automatic,second,Petrol,400000,Honda_City,Old,7727.272727272727,11.350418300109132
Maruti Suzuki,Celerio,7,67000.0,Automatic,second,Petrol,450000,Maruti Suzuki_Celerio,Mid,9571.42857142857,11.112462823634855
Maruti Suzuki,Alto-800,1,9000.0,Manual,first,Petrol,490000,Maruti Suzuki_Alto-800,New,9000.0,9.105090961257085
Mahindra,Scorpio,9,76000.0,Manual,second,Diesel,850000,Mahindra_Scorpio,Mid,8444.444444444445,11.23850177707664
Maruti Suzuki,Swift,5,7000.0,Automatic,second,Petrol,650000,Maruti Suzuki_Swift,Recent,1400.0,8.853808274977197
Maruti Suzuki,Grand Vitara,0,1600.0,Manual,first,Petrol,1350000,Maruti Suzuki_Grand Vitara,New,1600.0,7.3783837129967145
Hyundai,Elantra,12,71000.0,Automatic,second,Petrol,445000,Hyundai_Elantra,Old,5916.666666666667,11.170449240431308
Honda,WRV,7,50000.0,Manual,second,Diesel,725000,Honda_WRV,Mid,7142.857142857143,10.819798284210286
Maruti Suzuki,Swift,6,42175.0,Automatic,first,Petrol,429000,Maruti Suzuki_Swift,Mid,7029.166666666667,10.64960661786218
Toyota,Etios,12,115000.0,Manual,second,Diesel,325000,Toyota_Etios,Old,9583.333333333334,11.652696102959753
Honda,Jazz,8,46000.0,Automatic,second,Petrol,450000,Honda_Jazz,Mid,5750.0,10.736418414365376
Fiat,Punto,12,160000.0,Manual,first,Diesel,260000,Fiat_Punto,Old,13333.333333333334,11.982935344196433
Maruti Suzuki,Ciaz,9,110000.0,Manual,second,Diesel,530000,Maruti Suzuki_Ciaz,Mid,12222.222222222223,11.608244735642321
Ford,Endeavour,3,23000.0,Automatic,second,Diesel,3150000,Ford_Endeavour,Recent,7666.666666666667,10.043292972227004
Hyundai,i20,12,79000.0,Manual,first,Diesel,220000,Hyundai_i20,Old,6583.333333333333,11.277215789596893
Hyundai,Creta,8,72000.0,Automatic,first,Diesel,685000,Hyundai_Creta,Mid,9000.0,11.184435286790631
Toyota,Corolla Altis,8,61000.0,Automatic,second,Petrol,845000,Toyota_Corolla Altis,Mid,7625.0,11.0186455364637
Kia,Seltos,1,27000.0,Automatic,first,Diesel,1775000,Kia_Seltos,New,27000.0,10.203629181337648
Toyota,Innova,9,98525.0,Manual,second,Diesel,695000,Toyota_Innova,Mid,10947.222222222223,11.498075751719892
Maruti Suzuki,Alto-K10,13,59000.0,Manual,first,Petrol,260000,Maruti Suzuki_Alto-K10,Old,4538.461538461538,10.985309671896763
Volkswagen,Ameo,7,99000.0,Manual,first,Diesel,649000,Volkswagen_Ameo,Mid,14142.857142857143,11.502885230075814
Mitsubishi,Pajero Sport,7,68000.0,Manual,second,Diesel,1195000,Mitsubishi_Pajero Sport,Mid,9714.285714285714,11.127277689932466
Skoda,Kushaq,2,10000.0,Automatic,first,Petrol,1361000,Skoda_Kushaq,New,5000.0,9.210440366976517
Toyota,Innova,18,190000.0,Manual,second,Diesel,410000,Toyota_Innova,Old,10555.555555555555,12.154784614286667
Hyundai,Eon,11,80000.0,Manual,second,Petrol,195000,Hyundai_Eon,Old,7272.727272727273,11.289794413577894
Tata,Manza,11,100000.0,Manual,second,Diesel,150000,Tata_Manza,Old,9090.90909090909,11.51293546492023
Maruti Suzuki,Wagon-R,10,78000.0,Manual,second,Petrol,175000,Maruti Suzuki_Wagon-R,Mid,7800.0,11.264476926102367
Ford,Figo,11,46200.0,Manual,first,Petrol,159000,Ford_Figo,Old,4200.0,10.740756721857226
Maruti Suzuki,Swift-Dzire,7,81000.0,Automatic,first,Diesel,650000,Maruti Suzuki_Swift-Dzire,Mid,11571.42857142857,11.302216779257382
Maruti Suzuki,Vitara-Brezza,6,30000.0,Manual,first,Diesel,965000,Maruti Suzuki_Vitara-Brezza,Mid,5000.0,10.308985993422082
Maruti Suzuki,Swift Dzire,5,100000.0,Manual,second,Diesel,750000,Maruti Suzuki_Swift Dzire,Recent,20000.0,11.51293546492023
Mini,Cooper Convertible,12,28000.0,Automatic,second,Petrol,1990000,Mini_Cooper Convertible,Old,2333.3333333333335,10.239995502805316
Mahindra,XUV500,6,88000.0,Automatic,second,Diesel,890000,Mahindra_XUV500,Mid,14666.666666666666,11.385103457032141
Hyundai,Verna,1,12700.0,Manual,first,Petrol,1575000,Hyundai_Verna,New,12700.0,9.44943600950432
Mercedes-Benz,C-Class,3,14000.0,Automatic,first,Diesel,5250000,Mercedes-Benz_C-Class,Recent,4666.666666666667,9.546884034617925
Hyundai,Verna,12,123500.0,Manual,second,Petrol,285000,Hyundai_Verna,Old,10291.666666666666,11.724004532183379
Toyota,Corolla Altis,13,99000.0,Manual,second,Diesel,325000,Toyota_Corolla Altis,Old,7615.384615384615,11.502885230075814
Honda,Amaze,4,41000.0,Manual,second,Petrol,575000,Honda_Amaze,Recent,10250.0,10.62135173563291
Maruti Suzuki,Vitara-Brezza,5,47000.0,Manual,first,Diesel,875000,Maruti Suzuki_Vitara-Brezza,Recent,9400.0,10.757924157061597
Hyundai,Verna,4,86000.0,Automatic,first,Diesel,899000,Hyundai_Verna,Recent,21500.0,11.362114203075018
Mahindra,Scorpio Classic,0,33000.0,Manual,first,Diesel,1850000,Mahindra_Scorpio Classic,New,33000.0,10.404293143019792
BMW,X5,3,74000.0,Automatic,first,Diesel,6650000,BMW_X5,Recent,24666.666666666668,11.211833885608513
Maruti Suzuki,Swift,6,45000.0,Manual,second,Petrol,510000,Maruti Suzuki_Swift,Mid,7500.0,10.714439990727769
Tata,Hexa,7,135000.0,Manual,second,Diesel,775000,Tata_Hexa,Mid,19285.714285714286,11.813037464800539
Mahindra,XUV500,12,168000.0,Manual,second,Diesel,500000,Mahindra_XUV500,Old,14000.0,12.031725210748633
Mahindra,XUV500,7,129124.0,Manual,first,Diesel,1095000,Mahindra_XUV500,Mid,18446.285714285714,11.76853620642194
Maruti Suzuki,Swift-Dzire,7,92000.0,Automatic,first,Diesel,645000,Maruti Suzuki_Swift-Dzire,Mid,13142.857142857143,11.429554725537322
Hyundai,Creta,4,42000.0,Manual,second,Diesel,1225000,Hyundai_Creta,Recent,10500.0,10.645448706505872
Maruti Suzuki,Baleno,5,53000.0,Manual,second,Petrol,635000,Maruti Suzuki_Baleno,Recent,10600.0,10.87806606028079
Audi,A6,9,89000.0,Automatic,first,Diesel,890000,Audi_A6,Mid,9888.888888888889,11.39640288460621
Maruti Suzuki,Alto-800,6,108000.0,Manual,first,Petrol,320000,Maruti Suzuki_Alto-800,Mid,18000.0,11.58989576532275
Volkswagen,Polo,3,25000.0,Automatic,first,Petrol,1245000,Volkswagen_Polo,Recent,8333.333333333334,10.12667110305036
Audi,A4,11,102000.0,Automatic,second,Diesel,1020000,Audi_A4,Old,9272.727272727272,11.532737896139919
Maruti Suzuki,Swift,13,75000.0,Automatic,second,Petrol,350000,Maruti Suzuki_Swift,Old,5769.2307692307695,11.225256725762893
Audi,A3,8,99000.0,Automatic,second,Diesel,949000,Audi_A3,Mid,12375.0,11.502885230075814
Renault,KWID,5,18000.0,Manual,first,Petrol,324000,Renault_KWID,Recent,3600.0,9.798182590890704
Honda,CRV,14,70343.0,Automatic,second,Petrol,650000,Honda_CRV,Old,5024.5,11.161152771058838
Mahindra,Scorpio,7,90000.0,Automatic,second,Diesel,1100000,Mahindra_Scorpio,Mid,12857.142857142857,11.407576060361786
Maruti Suzuki,Swift-Dzire,5,146000.0,Manual,second,Diesel,690000,Maruti Suzuki_Swift-Dzire,Recent,29200.0,11.891368749982085
Renault,KWID,6,37000.0,Automatic,second,Petrol,325000,Renault_KWID,Mid,6166.666666666667,10.518700218288165
Honda,WRV,6,103000.0,Manual,first,Diesel,780000,Honda_WRV,Mid,17166.666666666668,11.542493975902508
Lexus,ES,2,17000.0,Automatic,first,Petrol,5600000,Lexus_ES,New,8500.0,9.741027444837728
Tata,Indigo Ecs,10,80000.0,Manual,second,Diesel,120000,Tata_Indigo Ecs,Mid,8000.0,11.289794413577894
Hyundai,Venue,5,80000.0,Manual,second,Diesel,825000,Hyundai_Venue,Recent,16000.0,11.289794413577894
Ford,Figo,12,104000.0,Manual,second,Diesel,234000,Ford_Figo,Old,8666.666666666666,11.552155793461898
Ford,Ecosport,8,95000.0,Manual,first,Diesel,750000,Ford_Ecosport,Mid,11875.0,11.461642696843066
Ford,Endeavour,4,83700.0,Automatic,first,Diesel,2951000,Ford_Endeavour,Recent,20925.0,11.3350062038375
Maruti Suzuki,Sx4,10,106000.0,Manual,second,Petrol,275000,Maruti Suzuki_Sx4,Mid,10600.0,11.571203807011969
Audi,A3,9,64000.0,Automatic,second,Diesel,850000,Audi_A3,Mid,7111.111111111111,11.06665398721974
Mercedes-Benz,GL-Class,10,77600.0,Automatic,second,Diesel,2799999,Mercedes-Benz_GL-Class,Mid,7760.0,11.259335592686217
Maruti Suzuki,Alto,13,78965.0,Manual,first,Petrol,135000,Maruti Suzuki_Alto,Old,6074.2307692307695,11.27677265906238
Toyota,Fortuner,7,145000.0,Manual,second,Diesel,2800000,Toyota_Fortuner,Mid,20714.285714285714,11.884495917930655
Hyundai,Elite i20,7,30300.0,Manual,first,Petrol,550000,Hyundai_Elite i20,Mid,4328.571428571428,10.318935994253193
Maruti Suzuki,Ertiga,6,74000.0,Manual,first,Diesel,785000,Maruti Suzuki_Ertiga,Mid,12333.333333333334,11.211833885608513
Toyota,Innova Crysta,4,66000.0,Automatic,first,Diesel,1960000,Toyota_Innova Crysta,Recent,16500.0,11.097425172408931
Maruti Suzuki,Baleno,5,38032.0,Automatic,second,Petrol,690000,Maruti Suzuki_Baleno,Recent,7606.4,10.546209482901759
Honda,Jazz,9,69000.0,Automatic,second,Petrol,500000,Honda_Jazz,Mid,7666.666666666667,11.141876276228
Mahindra,XUV500,5,85000.0,Manual,first,Diesel,1050000,Mahindra_XUV500,Recent,17000.0,11.350418300109132
Tata,Manza,14,78960.0,Manual,first,Petrol,95000,Tata_Manza,Old,5640.0,11.27670933866749
BMW,X5,7,92000.0,Automatic,second,Diesel,2999999,BMW_X5,Mid,13142.857142857143,11.429554725537322
Maruti Suzuki,Wagon-R,9,55049.0,Manual,first,Petrol,317000,Maruti Suzuki_Wagon-R,Mid,6116.555555555556,10.915997142150825
Audi,A6,6,35000.0,Automatic,first,Diesel,3350000,Audi_A6,Mid,5833.333333333333,10.463131911491967
Toyota,Etios,12,65137.5,Manual,second,Diesel,330000,Toyota_Etios,Old,5428.125,11.084271051239332
BMW,X7,4,32000.0,Automatic,first,Diesel,9800000,BMW_X7,Recent,8000.0,10.373522431293592
Audi,A4,8,135000.0,Automatic,first,Diesel,1651000,Audi_A4,Mid,16875.0,11.813037464800539
MG,Hector,5,17000.0,Automatic,first,Petrol,1390000,MG_Hector,Recent,3400.0,9.741027444837728
Honda,City,7,69000.0,Manual,second,Petrol,610000,Honda_City,Mid,9857.142857142857,11.141876276228
Mercedes-Benz,E-Class,5,32000.0,Automatic,first,Diesel,4980000,Mercedes-Benz_E-Class,Recent,6400.0,10.373522431293592
Maruti Suzuki,Vitara-Brezza,7,62000.0,Manual,first,Diesel,750000,Maruti Suzuki_Vitara-Brezza,Mid,8857.142857142857,11.034905792929415
Skoda,Octavia,10,116000.0,Automatic,second,Petrol,740000,Skoda_Octavia,Mid,11600.0,11.661354090741
Ford,Ecosport,9,55000.0,Automatic,second,Petrol,449000,Ford_Ecosport,Mid,6111.111111111111,10.915106645867503
Toyota,Fortuner,7,69000.0,Automatic,second,Diesel,2099000,Toyota_Fortuner,Mid,9857.142857142857,11.141876276228
Volkswagen,Vento,8,110000.0,Automatic,second,Diesel,649999,Volkswagen_Vento,Mid,13750.0,11.608244735642321
Honda,City,10,75000.0,Automatic,first,Petrol,525000,Honda_City,Mid,7500.0,11.225256725762893
Honda,Amaze,9,38000.0,Manual,first,Petrol,450000,Honda_Amaze,Mid,4222.222222222223,10.545367754151743
Mercedes-Benz,M-Class,11,83000.0,Automatic,second,Diesel,1629000,Mercedes-Benz_M-Class,Old,7545.454545454545,11.326607934898927
Volkswagen,Polo,5,68000.0,Manual,first,Petrol,575000,Volkswagen_Polo,Recent,13600.0,11.127277689932466
BMW,X5,5,25000.0,Automatic,second,Diesel,3975000,BMW_X5,Recent,5000.0,10.12667110305036
Maruti Suzuki,Ertiga,5,15000.0,Automatic,second,Petrol,1055000,Maruti Suzuki_Ertiga,Recent,3000.0,9.61587214452889
Hyundai,i20,1,11800.0,Automatic,second,Petrol,950000,Hyundai_i20,New,11800.0,9.375939552625749
Maruti Suzuki,Wagon-R,15,85000.0,Manual,second,Petrol,155000,Maruti Suzuki_Wagon-R,Old,5666.666666666667,11.350418300109132
Mahindra,TUV,8,87000.0,Automatic,first,Diesel,750000,Mahindra_TUV,Mid,10875.0,11.373674891823535
Land Rover,Range Rover Evoque,12,89000.0,Manual,second,Diesel,1600000,Land Rover_Range Rover Evoque,Old,7416.666666666667,11.39640288460621
Honda,Jazz,12,70000.0,Manual,second,Petrol,265000,Honda_Jazz,Old,5833.333333333333,11.156264806643742
Maruti Suzuki,Swift,13,45000.0,Manual,second,Petrol,195000,Maruti Suzuki_Swift,Old,3461.5384615384614,10.714439990727769
Maruti Suzuki,Wagon-R,9,38482.0,Manual,first,Petrol,310000,Maruti Suzuki_Wagon-R,Mid,4275.777777777777,10.55797186431868
Hyundai,Creta,8,68000.0,Automatic,second,Diesel,1050000,Hyundai_Creta,Mid,8500.0,11.127277689932466
Maruti Suzuki,Wagon R,8,65000.0,Automatic,second,Petrol,460000,Maruti Suzuki_Wagon R,Mid,8125.0,11.082157933374816
Volkswagen,VentoTest,9,74000.0,Automatic,first,Diesel,545000,Volkswagen_VentoTest,Mid,8222.222222222223,11.211833885608513
Maruti Suzuki,Ciaz,8,83214.0,Manual,second,Diesel,390000,Maruti Suzuki_Ciaz,Mid,10401.75,11.329182899020827
Toyota,Innova Crysta,7,158000.0,Manual,first,Diesel,1575000,Toyota_Innova Crysta,Mid,22571.428571428572,11.970356641102999
Maruti Suzuki,S-Cross,7,108000.0,Manual,first,Diesel,775000,Maruti Suzuki_S-Cross,Mid,15428.57142857143,11.58989576532275
Maruti Suzuki,Alto-800,9,91000.0,Manual,second,Petrol,205000,Maruti Suzuki_Alto-800,Mid,10111.111111111111,11.418625774449598
Maruti Suzuki,Wagon-R,14,65000.0,Manual,first,Petrol,225000,Maruti Suzuki_Wagon-R,Old,4642.857142857143,11.082157933374816
Toyota,Fortuner,3,77000.0,Automatic,first,Diesel,3890000,Toyota_Fortuner,Recent,25666.666666666668,11.251573687764477
Maruti Suzuki,Swift,8,80000.0,Manual,second,Diesel,545000,Maruti Suzuki_Swift,Mid,10000.0,11.289794413577894
Mercedes-Benz,E-Class,10,87000.0,Automatic,second,Diesel,1545000,Mercedes-Benz_E-Class,Mid,8700.0,11.373674891823535
Toyota,Innova Crysta,6,87000.0,Manual,second,Diesel,2290000,Toyota_Innova Crysta,Mid,14500.0,11.373674891823535
Maruti Suzuki,Gypsy,19,10000.0,Automatic,second,Diesel,390000,Maruti Suzuki_Gypsy,Old,526.3157894736842,9.210440366976517
Honda,City,10,68700.0,Manual,second,Petrol,525000,Honda_City,Mid,6870.0,11.13751903414526
Toyota,Innova,9,220000.0,Manual,second,Diesel,990000,Toyota_Innova,Mid,24444.444444444445,12.301387370778713
Hyundai,i10,12,53000.0,Automatic,second,Petrol,285000,Hyundai_i10,Old,4416.666666666667,10.87806606028079
Volkswagen,Polo,10,41500.0,Manual,second,Petrol,360000,Volkswagen_Polo,Mid,4150.0,10.633472802314019
Toyota,Fortuner,9,125000.0,Automatic,first,Diesel,1598000,Toyota_Fortuner,Mid,13888.888888888889,11.736077016252437
Tata,Harrier,3,50000.0,Automatic,first,Diesel,1699000,Tata_Harrier,Recent,16666.666666666668,10.819798284210286
Hyundai,Creta Facelift,3,67777.0,Automatic,first,Petrol,1333333,Hyundai_Creta Facelift,Recent,22592.333333333332,11.123992937496425
Mahindra,Renault Logan,17,170000.0,Manual,second,Diesel,148000,Mahindra_Renault Logan,Old,10000.0,12.04355959836804
BMW,5 Series,13,85000.0,Automatic,first,Diesel,920000,BMW_5 Series,Old,6538.461538461538,11.350418300109132
Hyundai,i10,11,69000.0,Manual,first,Petrol,199000,Hyundai_i10,Old,6272.727272727273,11.141876276228
Honda,City,9,72500.0,Automatic,second,Petrol,450000,Honda_City,Mid,8055.555555555556,11.19135563385109
Porsche,Boxster,5,14000.0,Automatic,first,Petrol,10900000,Porsche_Boxster,Recent,2800.0,9.546884034617925
Tata,Indigo Cs,15,155888.0,Manual,second,Diesel,120000,Tata_Indigo Cs,Old,10392.533333333333,11.9568994945065
Hyundai,Eon,10,60000.0,Manual,second,Petrol,198000,Hyundai_Eon,Mid,6000.0,11.002116507732017
Hyundai,Eon,7,63000.0,Manual,second,Petrol,240000,Hyundai_Eon,Mid,9000.0,11.050905878263567
Hyundai,Venue,2,13000.0,Manual,first,Petrol,825000,Hyundai_Venue,New,6500.0,9.472781556562168
Maruti Suzuki,Celerio,10,32117.0,Automatic,first,Petrol,395000,Maruti Suzuki_Celerio,Mid,3211.7,10.377171899621436
Land Rover,Discovery Sport,6,62000.0,Automatic,first,Diesel,3300000,Land Rover_Discovery Sport,Mid,10333.333333333334,11.034905792929415
Maruti Suzuki,Ertiga,9,70000.0,Manual,first,Diesel,900000,Maruti Suzuki_Ertiga,Mid,7777.777777777777,11.156264806643742
Ford,Ecosport,8,91000.0,Automatic,first,Petrol,675000,Ford_Ecosport,Mid,11375.0,11.418625774449598
Ford,Endeavour,7,75000.0,Automatic,second,Diesel,1900000,Ford_Endeavour,Mid,10714.285714285714,11.225256725762893
Maruti Suzuki,Baleno,7,47231.0,Manual,first,Petrol,535101,Maruti Suzuki_Baleno,Mid,6747.285714285715,10.762826907960145
Maruti Suzuki,Eeco,5,38000.0,Manual,first,Petrol,410000,Maruti Suzuki_Eeco,Recent,7600.0,10.545367754151743
Hyundai,Eon,9,68000.0,Manual,second,Petrol,225000,Hyundai_Eon,Mid,7555.555555555556,11.127277689932466
Volvo,XC40,6,54000.0,Automatic,first,Diesel,2290000,Volvo_XC40,Mid,9000.0,10.896757843893464
Hyundai,Alcazar,2,24000.0,Automatic,first,Diesel,1875000,Hyundai_Alcazar,New,12000.0,10.085850775128717
Mahindra,Thar,5,68000.0,Manual,first,Diesel,875000,Mahindra_Thar,Recent,13600.0,11.127277689932466
Renault,Lodgy,9,58000.0,Manual,first,Diesel,500000,Renault_Lodgy,Mid,6444.444444444444,10.968215530759236
Honda,City ZX,19,65460.0,Manual,second,Petrol,150000,Honda_City ZX,Old,3445.2631578947367,11.089209824443223
Toyota,Innova Crysta,7,71000.0,Automatic,second,Diesel,1725000,Toyota_Innova Crysta,Mid,10142.857142857143,11.170449240431308
Hyundai,Grand i10 Nios,4,51500.0,Automatic,second,Petrol,499999,Hyundai_Grand i10 Nios,Recent,12875.0,10.849356503939038
Renault,Duster,7,105000.0,Manual,first,Diesel,645000,Renault_Duster,Mid,15000.0,11.561725152903833
Toyota,Innova,13,250000.0,Manual,second,Diesel,799999,Toyota_Innova,Old,19230.76923076923,12.429220196836383
Skoda,Octavia,16,140000.0,Manual,second,Diesel,260000,Skoda_Octavia,Old,8750.0,11.849404844423074
Tata,Indigo Cs,14,90000.0,Manual,first,Diesel,120000,Tata_Indigo Cs,Old,6428.571428571428,11.407576060361786
Toyota,Innova,12,25000.0,Manual,second,Diesel,775000,Toyota_Innova,Old,2083.3333333333335,10.12667110305036
Mahindra,XUV500,8,85000.0,Manual,second,Diesel,500000,Mahindra_XUV500,Mid,10625.0,11.350418300109132
Mahindra,Scorpio,11,100000.0,Manual,second,Diesel,550000,Mahindra_Scorpio,Old,9090.90909090909,11.51293546492023
Land Rover,Discovery Sport,4,53500.0,Automatic,second,Diesel,5575000,Land Rover_Discovery Sport,Recent,13375.0,10.887455624298198
Renault,KWID,6,67000.0,Manual,second,Petrol,299000,Renault_KWID,Mid,11166.666666666666,11.112462823634855
Mahindra,TUV,8,56000.0,Automatic,second,Diesel,695000,Mahindra_TUV,Mid,7000.0,10.933124826700707
Honda,Amaze,7,50000.0,Manual,second,Petrol,460000,Honda_Amaze,Mid,7142.857142857143,10.819798284210286
Maruti Suzuki,Sx4,17,82038.0,Manual,second,Petrol,150000,Maruti Suzuki_Sx4,Old,4825.764705882353,11.314950022936017
Mercedes-Benz,E-Class,3,27000.0,Automatic,first,Diesel,6250000,Mercedes-Benz_E-Class,Recent,9000.0,10.203629181337648
Hyundai,Creta,1,10110.0,Manual,first,Petrol,1095000,Hyundai_Creta,New,10110.0,9.2213792190914
BMW,7 Series,12,90000.0,Automatic,first,Diesel,1850000,BMW_7 Series,Old,7500.0,11.407576060361786
Renault,KWID,7,90000.0,Automatic,first,Petrol,290000,Renault_KWID,Mid,12857.142857142857,11.407576060361786
Maruti Suzuki,XL6,4,70000.0,Manual,first,Petrol,1100000,Maruti Suzuki_XL6,Recent,17500.0,11.156264806643742
Volkswagen,VentoTest,13,66000.0,Automatic,first,Petrol,299000,Volkswagen_VentoTest,Old,5076.923076923077,11.097425172408931
Maruti Suzuki,Ignis,2,21260.0,Manual,first,Petrol,535000,Maruti Suzuki_Ignis,New,10630.0,9.964629687478366
Honda,City,11,28500.0,Automatic,second,Petrol,560000,Honda_City,Old,2590.909090909091,10.25769445336048
Maruti Suzuki,Alto-K10,5,80000.0,Automatic,second,Petrol,280000,Maruti Suzuki_Alto-K10,Recent,16000.0,11.289794413577894
Maruti Suzuki,Ciaz,5,38000.0,Manual,first,Petrol,630000,Maruti Suzuki_Ciaz,Recent,7600.0,10.545367754151743
Maruti Suzuki,Ritz,12,90000.0,Manual,first,Diesel,325000,Maruti Suzuki_Ritz,Old,7500.0,11.407576060361786
Mercedes-Benz,C-Class,6,51000.0,Automatic,second,Diesel,2850000,Mercedes-Benz_C-Class,Mid,8500.0,10.839600519357369
Mahindra,Scorpio,16,145000.0,Manual,second,Diesel,445000,Mahindra_Scorpio,Old,9062.5,11.884495917930655
Jeep,Compass,5,73000.0,Manual,first,Diesel,1175000,Jeep_Compass,Recent,14600.0,11.19822841866684
Skoda,Octavia,7,82500.0,Automatic,second,Petrol,695000,Skoda_Octavia,Mid,11785.714285714286,11.320565693461432
Mahindra,Bolero,6,140000.0,Manual,first,Diesel,630000,Mahindra_Bolero,Mid,23333.333333333332,11.849404844423074
Hyundai,Creta,7,120000.0,Automatic,first,Diesel,975000,Hyundai_Creta,Mid,17142.85714285714,11.695255355062795
Tata,Nano,9,47000.0,Automatic,second,Petrol,265000,Tata_Nano,Mid,5222.222222222223,10.757924157061597
Kia,Seltos,4,42000.0,Manual,first,Petrol,1080000,Kia_Seltos,Recent,10500.0,10.645448706505872
Hyundai,i20,7,78000.0,Manual,second,Diesel,689000,Hyundai_i20,Mid,11142.857142857143,11.264476926102367
Maruti Suzuki,Celerio,6,72000.0,Automatic,first,Petrol,400000,Maruti Suzuki_Celerio,Mid,12000.0,11.184435286790631
Ford,Ecosport,10,102000.0,Manual,second,Diesel,225000,Ford_Ecosport,Mid,10200.0,11.532737896139919
Volvo,S90,4,63333.0,Automatic,second,Diesel,3444444,Volvo_S90,Recent,15833.25,11.056177588734903
Hyundai,i20,11,68000.0,Manual,second,Petrol,379000,Hyundai_i20,Old,6181.818181818182,11.127277689932466
Volvo,XC60,8,65000.0,Automatic,second,Diesel,1575000,Volvo_XC60,Mid,8125.0,11.082157933374816
BMW,Z4,8,5300.0,Automatic,first,Petrol,6500000,BMW_Z4,Mid,662.5,8.575650760987806
Toyota,Innova Crysta,2,61000.0,Manual,first,Diesel,2450000,Toyota_Innova Crysta,New,30500.0,11.0186455364637
Honda,Civic,5,20000.0,Automatic,second,Petrol,1773000,Honda_Civic,Recent,4000.0,9.90353755128617
Toyota,Urban Cruiser,2,18000.0,Automatic,first,Petrol,865000,Toyota_Urban Cruiser,New,9000.0,9.798182590890704
Toyota,Fortuner,1,35000.0,Manual,first,Diesel,4000000,Toyota_Fortuner,New,35000.0,10.463131911491967
Maruti Suzuki,maruti-suzuki-dzire,9,35000.0,Manual,first,Diesel,475000,Maruti Suzuki_maruti-suzuki-dzire,Mid,3888.8888888888887,10.463131911491967
Hyundai,Xcent,7,82000.0,Manual,first,Petrol,649999,Hyundai_Xcent,Mid,11714.285714285714,11.314486721293981
Toyota,Glanza,4,79000.0,Automatic,first,Petrol,650000,Toyota_Glanza,Recent,19750.0,11.277215789596893
Maruti Suzuki,Eeco,11,72000.0,Manual,first,Petrol,290000,Maruti Suzuki_Eeco,Old,6545.454545454545,11.184435286790631
Maruti Suzuki,Wagon-R,17,121000.0,Manual,second,Petrol,125000,Maruti Suzuki_Wagon-R,Old,7117.64705882353,11.703554089007538
Hyundai,Alcazar,2,23950.0,Automatic,first,Diesel,2075000,Hyundai_Alcazar,New,11975.0,10.083765355620846
Hyundai,Elite i20,8,90000.0,Manual,first,Petrol,425000,Hyundai_Elite i20,Mid,11250.0,11.407576060361786
Hyundai,Creta,8,58000.0,Automatic,second,Petrol,745000,Hyundai_Creta,Mid,7250.0,10.968215530759236
Maruti Suzuki,Brezza,0,20000.0,Manual,first,Petrol,1100000,Maruti Suzuki_Brezza,New,20000.0,9.90353755128617
Toyota,Innova Crysta,7,109000.0,Automatic,first,Diesel,1700000,Toyota_Innova Crysta,Mid,15571.42857142857,11.599112335481124
Land Rover,Defender,0,9600.0,Automatic,first,Diesel,12000000,Land Rover_Defender,New,9600.0,9.169622538697624
Renault,KWID,2,36000.0,Automatic,first,Petrol,485000,Renault_KWID,New,18000.0,10.491301994830229
Maruti Suzuki,Swift,9,57000.0,Manual,first,Petrol,430000,Maruti Suzuki_Swift,Mid,6333.333333333333,10.950824090522445
Hyundai,i20,3,53000.0,Manual,first,Diesel,785000,Hyundai_i20,Recent,17666.666666666668,10.87806606028079
Toyota,Innova Crysta,5,125000.0,Automatic,second,Diesel,1685000,Toyota_Innova Crysta,Recent,25000.0,11.736077016252437
Tata,Punch,2,19100.0,Manual,first,Petrol,651000,Tata_Punch,New,9550.0,9.857495968685136
Hyundai,i20,5,26000.0,Automatic,second,Petrol,550000,Hyundai_i20,Recent,5200.0,10.165890277802454
Maruti Suzuki,XL6,3,62035.0,Automatic,first,Petrol,1095000,Maruti Suzuki_XL6,Recent,20678.333333333332,11.035470140679344
Tata,Nano,15,13000.0,Manual,second,Petrol,60000,Tata_Nano,Old,866.6666666666666,9.472781556562168
Hyundai,i20,13,131000.0,Manual,second,Diesel,3300000,Hyundai_i20,Old,10076.923076923076,11.782960235741939
Hyundai,Creta,9,155000.0,Manual,first,Diesel,800000,Hyundai_Creta,Mid,17222.222222222223,11.951186847493476
Maruti Suzuki,Alto,14,101325.0,Manual,second,Petrol,140000,Maruti Suzuki_Alto,Old,7237.5,11.526098320680475
Maruti Suzuki,Swift-Dzire,6,71000.0,Manual,second,Diesel,585000,Maruti Suzuki_Swift-Dzire,Mid,11833.333333333334,11.170449240431308
Volkswagen,VentoTest,9,59312.0,Manual,second,Petrol,345000,Volkswagen_VentoTest,Mid,6590.222222222223,10.99058378524299
Hyundai,i10,10,72000.0,Manual,second,Diesel,455000,Hyundai_i10,Mid,7200.0,11.184435286790631
Hyundai,Elite i20,4,38000.0,Manual,first,Petrol,595000,Hyundai_Elite i20,Recent,9500.0,10.545367754151743
Mahindra,Scorpio,2,49000.0,Manual,first,Diesel,1599000,Mahindra_Scorpio,New,24500.0,10.799595985047786
Hyundai,Verna,5,110000.0,Automatic,first,Diesel,890000,Hyundai_Verna,Recent,22000.0,11.608244735642321
Honda,WRV,7,44000.0,Manual,first,Petrol,651000,Honda_WRV,Mid,6285.714285714285,10.691967639914864
Mercedes-Benz,E-Class,6,55000.0,Automatic,second,Petrol,4050000,Mercedes-Benz_E-Class,Mid,9166.666666666666,10.915106645867503
Mercedes-Benz,E-Class,10,78000.0,Automatic,second,Petrol,1250000,Mercedes-Benz_E-Class,Mid,7800.0,11.264476926102367
Mahindra,Scorpio,8,44000.0,Manual,second,Diesel,850000,Mahindra_Scorpio,Mid,5500.0,10.691967639914864
Maruti Suzuki,S-Cross,2,54252.0,Automatic,first,Petrol,850000,Maruti Suzuki_S-Cross,New,27126.0,10.901413569412913
Hyundai,Elite i20,10,55000.0,Manual,second,Diesel,481000,Hyundai_Elite i20,Mid,5500.0,10.915106645867503
Hyundai,Creta,6,48000.0,Manual,second,Petrol,765000,Hyundai_Creta,Mid,8000.0,10.778977123006351
Ford,Endeavour,8,134000.0,Automatic,first,Diesel,2299000,Ford_Endeavour,Mid,16750.0,11.80560254159177
Toyota,Innova Crysta,5,88000.0,Automatic,first,Diesel,1750000,Toyota_Innova Crysta,Recent,17600.0,11.385103457032141
Ford,Ecosport,11,80000.0,Manual,second,Diesel,385000,Ford_Ecosport,Old,7272.727272727273,11.289794413577894
Mercedes-Benz,CLA,5,32000.0,Automatic,first,Diesel,1850000,Mercedes-Benz_CLA,Recent,6400.0,10.373522431293592
Honda,Civic,13,82000.0,Manual,first,Petrol,230000,Honda_Civic,Old,6307.692307692308,11.314486721293981
Mitsubishi,Cedia,18,96000.0,Manual,second,Petrol,275000,Mitsubishi_Cedia,Old,5333.333333333333,11.472113887062386
Mercedes-Benz,GLC,0,15000.0,Automatic,first,Diesel,8000000,Mercedes-Benz_GLC,New,15000.0,9.61587214452889
Mercedes-Benz,E-Class,8,73000.0,Automatic,first,Diesel,1711111,Mercedes-Benz_E-Class,Mid,9125.0,11.19822841866684
BMW,X1,6,41000.0,Automatic,first,Diesel,2049000,BMW_X1,Mid,6833.333333333333,10.62135173563291
Honda,City,12,65973.0,Manual,second,Petrol,408000,Honda_City,Old,5497.75,11.097016004000116
Audi,Q3,6,58000.0,Automatic,second,Diesel,2375000,Audi_Q3,Mid,9666.666666666666,10.968215530759236
Hyundai,Sonata Embera,13,55632.0,Manual,first,Diesel,275000,Hyundai_Sonata Embera,Old,4279.384615384615,10.926531829352124
Honda,CRV,11,97000.0,Automatic,first,Petrol,925000,Honda_CRV,Old,8818.181818181818,11.48247656671073
Ford,Endeavour,7,87000.0,Automatic,second,Diesel,1600000,Ford_Endeavour,Mid,12428.57142857143,11.373674891823535
Kia,Sonet,4,42000.0,Automatic,first,Petrol,785000,Kia_Sonet,Recent,10500.0,10.645448706505872
Maruti Suzuki,maruti-suzuki-dzire,11,65000.0,Manual,first,Petrol,360000,Maruti Suzuki_maruti-suzuki-dzire,Old,5909.090909090909,11.082157933374816
Hyundai,i20,8,68712.0,Manual,second,Petrol,490000,Hyundai_i20,Mid,8589.0,11.137693688838821
Ford,Endeavour,8,180000.0,Automatic,first,Diesel,1475000,Ford_Endeavour,Mid,22500.0,12.100717685412471
Kia,Seltos,4,77000.0,Automatic,first,Diesel,1475000,Kia_Seltos,Recent,19250.0,11.251573687764477
Kia,Sonet,3,26000.0,Manual,first,Petrol,875000,Kia_Sonet,Recent,8666.666666666666,10.165890277802454
Renault,KWID,4,31000.0,Automatic,first,Petrol,390000,Renault_KWID,Recent,7750.0,10.34177474101152
Toyota,Innova Crysta,5,47000.0,Manual,first,Diesel,2345000,Toyota_Innova Crysta,Recent,9400.0,10.757924157061597
Audi,A8 L,10,62000.0,Automatic,second,Diesel,3500000,Audi_A8 L,Mid,6200.0,11.034905792929415
Ford,Figo Aspire,8,75000.0,Automatic,first,Petrol,485000,Ford_Figo Aspire,Mid,9375.0,11.225256725762893
Skoda,Octavia,11,75000.0,Automatic,second,Petrol,565000,Skoda_Octavia,Old,6818.181818181818,11.225256725762893
Ford,Ecosport,7,49000.0,Manual,second,Petrol,590000,Ford_Ecosport,Mid,7000.0,10.799595985047786
Hyundai,Xcent,7,93000.0,Manual,first,Diesel,390000,Hyundai_Xcent,Mid,13285.714285714286,11.440365524765756
Hyundai,i20,12,125000.0,Manual,first,Diesel,275000,Hyundai_i20,Old,10416.666666666666,11.736077016252437
Maruti Suzuki,Vitara-Brezza,7,156500.0,Manual,second,Diesel,675000,Maruti Suzuki_Vitara-Brezza,Mid,22357.14285714286,11.960817678718287
Hyundai,i20,6,64000.0,Manual,second,Diesel,720000,Hyundai_i20,Mid,10666.666666666666,11.06665398721974
Mahindra,Thar,1,7300.0,Automatic,first,Diesel,1571000,Mahindra_Thar,New,7300.0,8.895766604056085
Mahindra,Bolero Neo,2,41000.0,Manual,first,Diesel,950000,Mahindra_Bolero Neo,New,20500.0,10.62135173563291
Hyundai,i10,11,34000.0,Manual,first,Petrol,255000,Hyundai_i10,Old,3090.909090909091,10.434145214930487
Maruti Suzuki,Swift,2,25772.0,Manual,first,Petrol,699999,Maruti Suzuki_Swift,New,12886.0,10.157082711306167
Ford,Endeavour,6,62000.0,Automatic,second,Diesel,2299999,Ford_Endeavour,Mid,10333.333333333334,11.034905792929415
Toyota,Innova Crysta,3,37200.0,Automatic,first,Diesel,2590000,Toyota_Innova Crysta,Recent,12400.0,10.524090921620362
Honda,Accord,19,137001.0,Manual,second,Petrol,265000,Honda_Accord,Old,7210.578947368421,11.82775080324385
Skoda,Kushaq,14,65137.5,Automatic,first,Petrol,400000,Skoda_Kushaq,Old,4652.678571428572,11.084271051239332
Toyota,Innova Hycross,1,32000.0,Automatic,first,Petrol,2799000,Toyota_Innova Hycross,New,32000.0,10.373522431293592
Volkswagen,Passat,13,83800.0,Automatic,second,Diesel,550000,Volkswagen_Passat,Old,6446.153846153846,11.336200219573199
Honda,City,10,103000.0,Manual,second,Diesel,525000,Honda_City,Mid,10300.0,11.542493975902508
Hyundai,Creta,5,49000.0,Automatic,first,Petrol,995000,Hyundai_Creta,Recent,9800.0,10.799595985047786
Hyundai,Elantra,12,78000.0,Automatic,second,Petrol,445000,Hyundai_Elantra,Old,6500.0,11.264476926102367
Volkswagen,Polo,10,121000.0,Manual,second,Diesel,465000,Volkswagen_Polo,Mid,12100.0,11.703554089007538
Mini,3 DOOR,9,65000.0,Automatic,first,Diesel,2000000,Mini_3 DOOR,Mid,7222.222222222223,11.082157933374816
Isuzu,MAX,3,110000.0,Manual,first,Diesel,890000,Isuzu_MAX,Recent,36666.666666666664,11.608244735642321
Maruti Suzuki,Vitara-Brezza,5,115000.0,Automatic,second,Diesel,840000,Maruti Suzuki_Vitara-Brezza,Recent,23000.0,11.652696102959753
Maruti Suzuki,Swift-Dzire,9,83000.0,Manual,first,Diesel,275000,Maruti Suzuki_Swift-Dzire,Mid,9222.222222222223,11.326607934898927
Mahindra,Scorpio,14,52085.0,Manual,second,Diesel,365000,Mahindra_Scorpio,Old,3720.3571428571427,10.860651477619863
Mahindra,Bolero,3,80000.0,Manual,second,Diesel,925000,Mahindra_Bolero,Recent,26666.666666666668,11.289794413577894
Mercedes-Benz,S-Class,8,59500.0,Automatic,first,Petrol,5000000,Mercedes-Benz_S-Class,Mid,7437.5,10.993748398115178
Toyota,Innova Crysta,7,175000.0,Manual,first,Diesel,1250000,Toyota_Innova Crysta,Mid,25000.0,12.07254696717504
Tata,Tiago,4,28300.0,Manual,second,Petrol,495000,Tata_Tiago,Recent,7075.0,10.250652418696085
BMW,5 Series,5,35833.0,Automatic,first,Diesel,4100000,BMW_5 Series,Recent,7166.6,10.486652442359842
Mercedes-Benz,G Class,5,59000.0,Automatic,first,Petrol,26000000,Mercedes-Benz_G Class,Recent,11800.0,10.985309671896763
Mercedes-Benz,C-Class,2,9426.0,Automatic,first,Diesel,5390000,Mercedes-Benz_C-Class,New,4713.0,9.15133319139615
Renault,Triber,3,55000.0,Manual,first,Petrol,350000,Renault_Triber,Recent,18333.333333333332,10.915106645867503
Toyota,Innova Crysta,2,35000.0,Automatic,first,Diesel,2695000,Toyota_Innova Crysta,New,17500.0,10.463131911491967
Kia,Carens,2,77000.0,Automatic,first,Diesel,1725000,Kia_Carens,New,38500.0,11.251573687764477
Maruti Suzuki,Wagon-R,17,84000.0,Manual,second,Petrol,200000,Maruti Suzuki_Wagon-R,Old,4941.176470588235,11.338583982516495
Mahindra,Thar,8,46108.0,Manual,second,Diesel,975000,Mahindra_Thar,Mid,5763.5,10.738763437696006
Toyota,Innova Crysta,1,12500.0,Manual,first,Diesel,2425000,Toyota_Innova Crysta,New,12500.0,9.433563920090563
Hyundai,Verna,7,38000.0,Automatic,second,Petrol,825000,Hyundai_Verna,Mid,5428.571428571428,10.545367754151743
Honda,City,10,95000.0,Manual,first,Diesel,585000,Honda_City,Mid,9500.0,11.461642696843066
Maruti Suzuki,Wagon R,18,58000.0,Manual,second,Petrol,125000,Maruti Suzuki_Wagon R,Old,3222.222222222222,10.968215530759236
Hyundai,Verna,16,140000.0,Manual,second,Diesel,88000,Hyundai_Verna,Old,8750.0,11.849404844423074
Tata,Tiago,5,35967.0,Manual,first,Petrol,410000,Tata_Tiago,Recent,7193.4,10.490384933253363
Toyota,Corolla Altis,8,61000.0,Automatic,second,Petrol,845000,Toyota_Corolla Altis,Mid,7625.0,11.0186455364637
Tata,Indica Vista,15,80000.0,Manual,second,Petrol,100000,Tata_Indica Vista,Old,5333.333333333333,11.289794413577894
Hyundai,Creta,6,54904.0,Manual,first,Diesel,969000,Hyundai_Creta,Mid,9150.666666666666,10.913359698031813
Hyundai,Alcazar,0,4700.0,Manual,first,Diesel,2100000,Hyundai_Alcazar,New,4700.0,8.45553053102413
BMW,3 Series,11,57000.0,Automatic,first,Diesel,1200000,BMW_3 Series,Old,5181.818181818182,10.950824090522445
Mahindra,XUV500,7,52000.0,Automatic,first,Diesel,1200000,Mahindra_XUV500,Mid,7428.571428571428,10.859018228147887
Mahindra,Thar,3,38000.0,Automatic,first,Diesel,1600000,Mahindra_Thar,Recent,12666.666666666666,10.545367754151743
Hyundai,Creta Facelift,0,3200.0,Manual,first,Petrol,1500000,Hyundai_Creta Facelift,New,3200.0,8.071218539969863
Mahindra,Thar,3,46000.0,Automatic,first,Diesel,1620000,Mahindra_Thar,Recent,15333.333333333334,10.736418414365376
Maruti Suzuki,Wagon-R,15,70000.0,Manual,second,Petrol,161000,Maruti Suzuki_Wagon-R,Old,4666.666666666667,11.156264806643742
Kia,Sonet,1,2400.0,Automatic,first,Diesel,1325000,Kia_Sonet,New,2400.0,7.783640596221253
Volkswagen,VentoTest,7,62000.0,Automatic,second,Petrol,490000,Volkswagen_VentoTest,Mid,8857.142857142857,11.034905792929415
Mercedes-Benz,E-Class,10,119000.0,Automatic,first,Diesel,899000,Mercedes-Benz_E-Class,Mid,11900.0,11.686887175419702
Honda,Amaze,5,67000.0,Automatic,second,Petrol,575000,Honda_Amaze,Recent,13400.0,11.112462823634855
Mahindra,XUV500,9,85000.0,Manual,first,Diesel,575000,Mahindra_XUV500,Mid,9444.444444444445,11.350418300109132
Skoda,Rapid,9,124006.0,Manual,second,Diesel,595000,Skoda_Rapid,Mid,13778.444444444445,11.728093294606746
Maruti Suzuki,Baleno,8,55000.0,Manual,second,Petrol,530000,Maruti Suzuki_Baleno,Mid,6875.0,10.915106645867503
Hyundai,i20,11,24500.0,Manual,second,Petrol,285000,Hyundai_i20,Old,2227.2727272727275,10.106469212026385
Volkswagen,Polo,4,35000.0,Automatic,first,Petrol,1180000,Volkswagen_Polo,Recent,8750.0,10.463131911491967
Jeep,Compass,7,51600.0,Manual,first,Diesel,695000,Jeep_Compass,Mid,7371.428571428572,10.851296331126829
Kia,Seltos,3,100000.0,Automatic,first,Diesel,1350000,Kia_Seltos,Recent,33333.333333333336,11.51293546492023
Hyundai,i20,12,110000.0,Manual,second,Petrol,239000,Hyundai_i20,Old,9166.666666666666,11.608244735642321
Hyundai,Venue,5,52000.0,Manual,second,Petrol,725000,Hyundai_Venue,Recent,10400.0,10.859018228147887
Honda,Amaze,2,21000.0,Automatic,first,Petrol,795000,Honda_Amaze,New,10500.0,9.952325334619427
Mercedes-Benz,C-Class,9,57000.0,Automatic,first,Diesel,1750000,Mercedes-Benz_C-Class,Mid,6333.333333333333,10.950824090522445
Honda,City,9,70000.0,Automatic,first,Petrol,575000,Honda_City,Mid,7777.777777777777,11.156264806643742
Volkswagen,Polo,9,78000.0,Manual,second,Diesel,595000,Volkswagen_Polo,Mid,8666.666666666666,11.264476926102367
Toyota,Innova Crysta,8,103000.0,Manual,second,Diesel,1350000,Toyota_Innova Crysta,Mid,12875.0,11.542493975902508
Hyundai,i20,12,120000.0,Manual,second,Diesel,236000,Hyundai_i20,Old,10000.0,11.695255355062795
Ford,Figo,13,93638.0,Manual,second,Diesel,310000,Ford_Figo,Old,7202.923076923077,11.4472022423509
Maruti Suzuki,Swift-Dzire,11,150000.0,Manual,second,Diesel,500000,Maruti Suzuki_Swift-Dzire,Old,13636.363636363636,11.918397239722838
Hyundai,Elantra,6,68000.0,Automatic,first,Diesel,1175000,Hyundai_Elantra,Mid,11333.333333333334,11.127277689932466
Maruti Suzuki,Swift-Dzire,11,135000.0,Manual,second,Diesel,160000,Maruti Suzuki_Swift-Dzire,Old,12272.727272727272,11.813037464800539
Datsun,RediGO,6,38000.0,Automatic,first,Petrol,280000,Datsun_RediGO,Mid,6333.333333333333,10.545367754151743
Audi,A4,13,150000.0,Automatic,second,Diesel,960000,Audi_A4,Old,11538.461538461539,11.918397239722838
Maruti Suzuki,Swift,5,48000.0,Manual,first,Petrol,525000,Maruti Suzuki_Swift,Recent,9600.0,10.778977123006351
Mercedes-Benz,CLS-Class,7,72000.0,Automatic,second,Diesel,4525111,Mercedes-Benz_CLS-Class,Mid,10285.714285714286,11.184435286790631
Mercedes-Benz,GLA Class,7,32600.0,Automatic,second,Petrol,1750000,Mercedes-Benz_GLA Class,Mid,4657.142857142857,10.392098241730961
Maruti Suzuki,Swift,2,19245.0,Automatic,first,Petrol,690000,Maruti Suzuki_Swift,New,9622.5,9.865058525916346
Mahindra,Xylo,6,244000.0,Manual,second,Diesel,309000,Mahindra_Xylo,Mid,40666.666666666664,12.404927602627597
Toyota,VELLFIRE,2,30000.0,Automatic,first,Petrol,11500000,Toyota_VELLFIRE,New,15000.0,10.308985993422082
Mahindra,XUV500,10,88500.0,Manual,first,Diesel,589000,Mahindra_XUV500,Mid,8850.0,11.390769130367211
Maruti Suzuki,Alto-K10,9,73000.0,Automatic,first,Petrol,269000,Maruti Suzuki_Alto-K10,Mid,8111.111111111111,11.19822841866684
Audi,A4,5,23400.0,Automatic,second,Petrol,2475000,Audi_A4,Recent,4680.0,10.060534035475412
Audi,A6,10,99000.0,Automatic,first,Diesel,850000,Audi_A6,Mid,9900.0,11.502885230075814
Audi,A4,7,116000.0,Automatic,second,Diesel,2090000,Audi_A4,Mid,16571.428571428572,11.661354090741
Honda,City,3,15000.0,Automatic,first,Petrol,1425000,Honda_City,Recent,5000.0,9.61587214452889
Audi,Q3,8,50000.0,Automatic,second,Diesel,1400000,Audi_Q3,Mid,6250.0,10.819798284210286
Mercedes-Benz,S-Class,5,29000.0,Automatic,first,Petrol,8200000,Mercedes-Benz_S-Class,Recent,5800.0,10.275085591132715
Hyundai,i20,10,70000.0,Manual,second,Diesel,445000,Hyundai_i20,Mid,7000.0,11.156264806643742
Maruti Suzuki,Swift,4,65000.0,Manual,first,Petrol,600000,Maruti Suzuki_Swift,Recent,16250.0,11.082157933374816
Volkswagen,VentoTest,9,103000.0,Automatic,first,Diesel,655000,Volkswagen_VentoTest,Mid,11444.444444444445,11.542493975902508
Honda,City,6,48000.0,Manual,second,Petrol,575000,Honda_City,Mid,8000.0,10.778977123006351
Honda,Civic,17,95000.0,Manual,second,Petrol,220000,Honda_Civic,Old,5588.235294117647,11.461642696843066
Honda,City,10,90000.0,Manual,second,Diesel,381999,Honda_City,Mid,9000.0,11.407576060361786
Mahindra,TUV,5,97333.0,Manual,first,Diesel,645000,Mahindra_TUV,Recent,19466.6,11.485903641873922
Hyundai,i10,12,100000.0,Automatic,second,Petrol,320000,Hyundai_i10,Old,8333.333333333334,11.51293546492023
Renault,KWID,8,40000.0,Manual,second,Petrol,145000,Renault_KWID,Mid,5000.0,10.596659732783579
Maruti Suzuki,Ciaz,6,34000.0,Automatic,first,Petrol,711000,Maruti Suzuki_Ciaz,Mid,5666.666666666667,10.434145214930487
Honda,City,7,28305.0,Automatic,first,Petrol,681000,Honda_City,Mid,4043.5714285714284,10.250829075293785
Maruti Suzuki,Alto,13,53000.0,Manual,second,Petrol,170000,Maruti Suzuki_Alto,Old,4076.923076923077,10.87806606028079
Toyota,Camry,8,175000.0,Automatic,first,Petrol,1180000,Toyota_Camry,Mid,21875.0,12.07254696717504
Honda,City,10,87000.0,Manual,first,Diesel,450000,Honda_City,Mid,8700.0,11.373674891823535
Jaguar,XF,5,17500.0,Automatic,first,Petrol,3750000,Jaguar_XF,Recent,3500.0,9.770013301136158
Toyota,Innova Crysta,4,180000.0,Manual,first,Diesel,1900000,Toyota_Innova Crysta,Recent,45000.0,12.100717685412471
Maruti Suzuki,Swift-Dzire,7,56000.0,Manual,second,Diesel,630000,Maruti Suzuki_Swift-Dzire,Mid,8000.0,10.933124826700707
Maruti Suzuki,Ertiga,7,46000.0,Automatic,second,Petrol,725000,Maruti Suzuki_Ertiga,Mid,6571.428571428572,10.736418414365376
Maruti Suzuki,S-Presso,3,25000.0,Automatic,second,Petrol,450000,Maruti Suzuki_S-Presso,Recent,8333.333333333334,10.12667110305036
Skoda,Octavia,9,59000.0,Automatic,second,Petrol,715000,Skoda_Octavia,Mid,6555.555555555556,10.985309671896763
Hyundai,Creta,8,78000.0,Automatic,second,Diesel,1025000,Hyundai_Creta,Mid,9750.0,11.264476926102367
Audi,Q3,7,120000.0,Automatic,second,Diesel,1950000,Audi_Q3,Mid,17142.85714285714,11.695255355062795
Maruti Suzuki,Ignis,4,28000.0,Automatic,second,Petrol,649999,Maruti Suzuki_Ignis,Recent,7000.0,10.239995502805316
Honda,City,8,29000.0,Automatic,first,Petrol,675000,Honda_City,Mid,3625.0,10.275085591132715
Hyundai,i20,7,49700.0,Manual,first,Petrol,571000,Hyundai_i20,Mid,7100.0,10.813780332606648
Audi,A6,13,51000.0,Automatic,second,Petrol,1350000,Audi_A6,Old,3923.076923076923,10.839600519357369
Mahindra,XUV500,5,19300.0,Manual,second,Diesel,995000,Mahindra_XUV500,Recent,3860.0,9.867912187022208
Volkswagen,Polo,3,17000.0,Automatic,first,Petrol,1249000,Volkswagen_Polo,Recent,5666.666666666667,9.741027444837728
Toyota,Fortuner,11,95013.0,Automatic,first,Diesel,1050000,Toyota_Fortuner,Old,8637.545454545454,11.46177952814607
Maruti Suzuki,Alto 800,4,39000.0,Manual,first,Petrol,415000,Maruti Suzuki_Alto 800,Recent,9750.0,10.571342565808699
Hyundai,Creta,2,9000.0,Manual,first,Petrol,1495000,Hyundai_Creta,New,4500.0,9.105090961257085
Jeep,Compass,4,52300.0,Automatic,first,Petrol,1575000,Jeep_Compass,Recent,13075.0,10.86477077032911
Audi,A6,11,16250.0,Automatic,first,Petrol,1350000,Audi_A6,Old,1477.2727272727273,9.69590972432601
Hyundai,Venue,4,30000.0,Manual,first,Petrol,705000,Hyundai_Venue,Recent,7500.0,10.308985993422082
Tata,Tigor,2,18000.0,Manual,first,Petrol,800000,Tata_Tigor,New,9000.0,9.798182590890704
BMW,5 Series,9,92000.0,Automatic,first,Diesel,1450000,BMW_5 Series,Mid,10222.222222222223,11.429554725537322
Tata,Nano,10,48000.0,Manual,second,Petrol,180000,Tata_Nano,Mid,4800.0,10.778977123006351
Kia,Sonet,1,2400.0,Automatic,first,Petrol,1325000,Kia_Sonet,New,2400.0,7.783640596221253
BMW,7 Series,6,51000.0,Automatic,second,Diesel,4675000,BMW_7 Series,Mid,8500.0,10.839600519357369
Honda,City,8,111000.0,Automatic,first,Petrol,450000,Honda_City,Mid,13875.0,11.6172944892629
Chevrolet,Cruze,11,90000.0,Automatic,first,Diesel,440000,Chevrolet_Cruze,Old,8181.818181818182,11.407576060361786
Maruti Suzuki,Swift-Dzire,7,68000.0,Manual,second,Petrol,500000,Maruti Suzuki_Swift-Dzire,Mid,9714.285714285714,11.127277689932466
Maruti Suzuki,Baleno,7,51000.0,Manual,first,Petrol,485000,Maruti Suzuki_Baleno,Mid,7285.714285714285,10.839600519357369
Skoda,Superb,11,72000.0,Automatic,first,Petrol,400000,Skoda_Superb,Old,6545.454545454545,11.184435286790631
Honda,City,14,79000.0,Manual,second,Petrol,205000,Honda_City,Old,5642.857142857143,11.277215789596893
Mercedes-Benz,E-Class,10,51447.0,Automatic,first,Diesel,1475001,Mercedes-Benz_E-Class,Mid,5144.7,10.848326867814698
Mahindra,Scorpio,1,15903.0,Automatic,first,Diesel,2350001,Mahindra_Scorpio,New,15903.0,9.674325928896355
Hyundai,Verna,11,52000.0,Manual,first,Diesel,262000,Hyundai_Verna,Old,4727.272727272727,10.859018228147887
Maruti Suzuki,Ertiga,3,19500.0,Manual,first,Petrol,1100000,Maruti Suzuki_Ertiga,Recent,6500.0,9.87822102528824
Honda,City,8,56000.0,Automatic,second,Petrol,625000,Honda_City,Mid,7000.0,10.933124826700707
Honda,Accord,20,80000.0,Manual,second,Petrol,60000,Honda_Accord,Old,4000.0,11.289794413577894
Toyota,Fortuner,11,180000.0,Manual,second,Diesel,1750000,Toyota_Fortuner,Old,16363.636363636364,12.100717685412471
Mahindra,TUV,8,64525.0,Manual,first,Diesel,445000,Mahindra_TUV,Mid,8065.625,11.074823522335766
Toyota,Innova Crysta,2,7000.0,Automatic,first,Petrol,2250000,Toyota_Innova Crysta,New,3500.0,8.853808274977197
Mahindra,XUV700,0,1450.0,Automatic,first,Diesel,2727000,Mahindra_XUV700,New,1450.0,7.280008252884188
Maruti Suzuki,Zen-Estilo,19,85000.0,Automatic,second,Petrol,54000,Maruti Suzuki_Zen-Estilo,Old,4473.684210526316,11.350418300109132
Mini,3 DOOR,5,39000.0,Automatic,second,Petrol,3900000,Mini_3 DOOR,Recent,7800.0,10.571342565808699
Honda,Amaze,3,31986.0,Manual,first,Petrol,675000,Honda_Amaze,Recent,10662.0,10.373084849239977
Tata,Harrier,1,29000.0,Manual,first,Diesel,1795000,Tata_Harrier,New,29000.0,10.275085591132715
Maruti Suzuki,Zen-Estilo,19,74000.0,Manual,second,Petrol,38000,Maruti Suzuki_Zen-Estilo,Old,3894.7368421052633,11.211833885608513
Hyundai,Elite i20,9,57000.0,Manual,first,Petrol,455000,Hyundai_Elite i20,Mid,6333.333333333333,10.950824090522445
Mini,Cooper,6,12923.0,Automatic,first,Petrol,3560000,Mini_Cooper,Mid,2153.8333333333335,9.466841326944389
Hyundai,Creta,4,130000.0,Automatic,second,Diesel,1100000,Hyundai_Creta,Recent,32500.0,11.775297421715827
Honda,Amaze,4,25000.0,Manual,first,Petrol,655000,Honda_Amaze,Recent,6250.0,10.12667110305036
Maruti Suzuki,Estilo,14,0.0,Automatic,second,Petrol,140000,Maruti Suzuki_Estilo,Old,0.0,0.0
Maruti Suzuki,Swift,15,80282.0,Manual,second,Petrol,275000,Maruti Suzuki_Swift,Old,5352.133333333333,11.293313171419836
Mercedes-Benz,C-Class,7,112000.0,Automatic,first,Diesel,2650000,Mercedes-Benz_C-Class,Mid,16000.0,11.626263078808801
Hyundai,i10,15,69000.0,Automatic,first,Petrol,230000,Hyundai_i10,Old,4600.0,11.141876276228
Maruti Suzuki,Swift-Dzire,16,83481.0,Manual,second,Petrol,175000,Maruti Suzuki_Swift-Dzire,Old,5217.5625,11.332386318738365
Volkswagen,Polo,3,50000.0,Automatic,second,Petrol,950000,Volkswagen_Polo,Recent,16666.666666666668,10.819798284210286
Maruti Suzuki,Baleno,8,63200.0,Automatic,second,Petrol,585000,Maruti Suzuki_Baleno,Mid,7900.0,11.05407540279458
Hyundai,Grand i10,6,53000.0,Manual,second,Petrol,399000,Hyundai_Grand i10,Mid,8833.333333333334,10.87806606028079
Hyundai,Getz Prime,15,15.0,Manual,second,Petrol,80000,Hyundai_Getz Prime,Old,1.0,2.772588722239781
Kia,Sonet,1,43000.0,Manual,first,Diesel,1090000,Kia_Sonet,New,43000.0,10.668978650219241
BMW,X4,2,9000.0,Automatic,second,Petrol,7200000,BMW_X4,New,4500.0,9.105090961257085
Hyundai,i10,13,58000.0,Automatic,first,Petrol,375000,Hyundai_i10,Old,4461.538461538462,10.968215530759236
MG,Hector,3,50000.0,Automatic,second,Petrol,1399000,MG_Hector,Recent,16666.666666666668,10.819798284210286
Maruti Suzuki,Ciaz,5,49000.0,Automatic,second,Petrol,695000,Maruti Suzuki_Ciaz,Recent,9800.0,10.799595985047786
Honda,City ZX,19,60000.0,Manual,second,Petrol,90000,Honda_City ZX,Old,3157.8947368421054,11.002116507732017
Chevrolet,Cruze,11,70000.0,Automatic,first,Diesel,421000,Chevrolet_Cruze,Old,6363.636363636364,11.156264806643742
Volkswagen,Polo,5,48000.0,Manual,first,Petrol,650000,Volkswagen_Polo,Recent,9600.0,10.778977123006351
Tata,Nexon,6,38000.0,Manual,first,Petrol,595000,Tata_Nexon,Mid,6333.333333333333,10.545367754151743
Maruti Suzuki,Alto-800,3,19500.0,Manual,second,Petrol,360000,Maruti Suzuki_Alto-800,Recent,6500.0,9.87822102528824
Mahindra,XUV500,10,99000.0,Manual,second,Diesel,510000,Mahindra_XUV500,Mid,9900.0,11.502885230075814
Toyota,Innova Crysta,6,74000.0,Automatic,second,Diesel,1850000,Toyota_Innova Crysta,Mid,12333.333333333334,11.211833885608513
Maruti Suzuki,S-Cross,7,113000.0,Manual,second,Diesel,595000,Maruti Suzuki_S-Cross,Mid,16142.857142857143,11.635151947212842
Lexus,LX,0,24000.0,Automatic,first,Diesel,27750000,Lexus_LX,New,24000.0,10.085850775128717
Hyundai,Tucson,7,90709.0,Automatic,first,Diesel,1325000,Hyundai_Tucson,Mid,12958.42857142857,11.41542288360899
Toyota,Innova Crysta,8,99584.0,Automatic,first,Diesel,1890000,Toyota_Innova Crysta,Mid,12448.0,11.508766829821369
Chevrolet,Enjoy,9,92000.0,Manual,second,Diesel,395000,Chevrolet_Enjoy,Mid,10222.222222222223,11.429554725537322
Maruti Suzuki,Grand Vitara,1,20000.0,Automatic,first,Petrol,1795000,Maruti Suzuki_Grand Vitara,New,20000.0,9.90353755128617
Maruti Suzuki,Swift,5,80000.0,Manual,first,Diesel,775000,Maruti Suzuki_Swift,Recent,16000.0,11.289794413577894
Ford,Figo,11,64000.0,Manual,first,Diesel,239000,Ford_Figo,Old,5818.181818181818,11.06665398721974
Hyundai,Venue,9,78000.0,Manual,first,Diesel,585000,Hyundai_Venue,Mid,8666.666666666666,11.264476926102367
Audi,Q5,14,98000.0,Automatic,second,Diesel,1075000,Audi_Q5,Old,7000.0,11.49273296168228
Kia,Seltos,2,18000.0,Automatic,first,Petrol,1495000,Kia_Seltos,New,9000.0,9.798182590890704
BMW,X3,12,86000.0,Automatic,second,Diesel,1125000,BMW_X3,Old,7166.666666666667,11.362114203075018
Honda,Mobilio,9,51000.0,Manual,second,Petrol,485000,Honda_Mobilio,Mid,5666.666666666667,10.839600519357369
Fiat,Punto EVO,9,86000.0,Manual,second,Diesel,250000,Fiat_Punto EVO,Mid,9555.555555555555,11.362114203075018
BMW,3 Series GT,7,100000.0,Automatic,first,Diesel,1840000,BMW_3 Series GT,Mid,14285.714285714286,11.51293546492023
Mahindra,Bolero Neo Plus,9,65137.5,Automatic,first,Diesel,450000,Mahindra_Bolero Neo Plus,Mid,7237.5,11.084271051239332
Mahindra,Scorpio N,1,12000.0,Automatic,first,Diesel,2400000,Mahindra_Scorpio N,New,12000.0,9.392745258631441
Maruti Suzuki,Vitara-Brezza,6,67000.0,Manual,first,Diesel,600000,Maruti Suzuki_Vitara-Brezza,Mid,11166.666666666666,11.112462823634855
Hyundai,Alcazar,2,33000.0,Automatic,first,Diesel,1899000,Hyundai_Alcazar,New,16500.0,10.404293143019792
Mahindra,XUV500,9,71000.0,Manual,second,Diesel,735000,Mahindra_XUV500,Mid,7888.888888888889,11.170449240431308
Hyundai,Grand i10,7,47600.0,Automatic,first,Petrol,499000,Hyundai_Grand i10,Mid,6800.0,10.7706090484022
Hyundai,Verna,22,160000.0,Manual,first,Diesel,385000,Hyundai_Verna,Old,7272.727272727273,11.982935344196433
Audi,A3,9,95000.0,Automatic,first,Diesel,1395000,Audi_A3,Mid,10555.555555555555,11.461642696843066
Maruti Suzuki,Brezza,2,33000.0,Automatic,first,Petrol,890000,Maruti Suzuki_Brezza,New,16500.0,10.404293143019792
Hyundai,Creta,6,70000.0,Manual,first,Diesel,965000,Hyundai_Creta,Mid,11666.666666666666,11.156264806643742
Tata,Hexa,7,57000.0,Automatic,first,Diesel,885000,Tata_Hexa,Mid,8142.857142857143,10.950824090522445
Hyundai,Creta,5,36588.0,Automatic,first,Diesel,1000000,Hyundai_Creta,Recent,7317.6,10.507502927768234
Hyundai,Verna,3,46000.0,Automatic,first,Petrol,1200000,Hyundai_Verna,Recent,15333.333333333334,10.736418414365376
BMW,3 Series,10,90000.0,Automatic,second,Diesel,1260000,BMW_3 Series,Mid,9000.0,11.407576060361786
Maruti Suzuki,Swift,11,54268.0,Manual,first,Petrol,275621,Maruti Suzuki_Swift,Old,4933.454545454545,10.901708440501096
BMW,X1,13,110000.0,Automatic,second,Diesel,750000,BMW_X1,Old,8461.538461538461,11.608244735642321
Hyundai,Creta,6,57000.0,Automatic,first,Diesel,1125000,Hyundai_Creta,Mid,9500.0,10.950824090522445
Hyundai,Creta,3,25000.0,Manual,first,Petrol,1295000,Hyundai_Creta,Recent,8333.333333333334,10.12667110305036
Mahindra,TUV,6,83725.0,Automatic,second,Diesel,675000,Mahindra_TUV,Mid,13954.166666666666,11.335304841454917
Toyota,Etios,6,95000.0,Manual,second,Diesel,545000,Toyota_Etios,Mid,15833.333333333334,11.461642696843066
Renault,KWID,7,33000.0,Automatic,second,Petrol,375000,Renault_KWID,Mid,4714.285714285715,10.404293143019792
Isuzu,D-Max V-Cross,6,96000.0,Manual,second,Diesel,1550000,Isuzu_D-Max V-Cross,Mid,16000.0,11.472113887062386
Honda,Civic,18,98000.0,Automatic,second,Petrol,225000,Honda_Civic,Old,5444.444444444444,11.49273296168228
Maruti Suzuki,Alto-800,8,101500.0,Manual,second,Petrol,245000,Maruti Suzuki_Alto-800,Mid,12687.5,11.527823929632195
Volkswagen,VentoTest,7,76654.0,Automatic,first,Petrol,775000,Volkswagen_VentoTest,Mid,10950.57142857143,11.247070113744554
Maruti Suzuki,Swift-Dzire,12,69000.0,Manual,second,Petrol,315000,Maruti Suzuki_Swift-Dzire,Old,5750.0,11.141876276228
MG,Hector,5,16000.0,Automatic,second,Petrol,1250000,MG_Hector,Recent,3200.0,9.680406499268875
Hyundai,Creta,5,38000.0,Automatic,second,Petrol,950000,Hyundai_Creta,Recent,7600.0,10.545367754151743
Maruti Suzuki,Vitara-Brezza,6,53200.0,Automatic,first,Diesel,890000,Maruti Suzuki_Vitara-Brezza,Mid,8866.666666666666,10.881832472145556
Audi,A3,9,52500.0,Automatic,first,Petrol,1550000,Audi_A3,Mid,5833.333333333333,10.868587496017359
Maruti Suzuki,Vitara-Brezza,5,76000.0,Automatic,first,Diesel,735000,Maruti Suzuki_Vitara-Brezza,Recent,15200.0,11.23850177707664
Hyundai,Creta,4,54000.0,Manual,first,Petrol,1090000,Hyundai_Creta,Recent,13500.0,10.896757843893464
Jaguar,XF,11,35000.0,Automatic,second,Diesel,1745000,Jaguar_XF,Old,3181.818181818182,10.463131911491967
Nissan,Terrano,7,95000.0,Manual,second,Petrol,500000,Nissan_Terrano,Mid,13571.42857142857,11.461642696843066
Hyundai,Tucson,3,29168.0,Automatic,first,Diesel,2600000,Hyundai_Tucson,Recent,9722.666666666666,10.280861780477768
Tata,Zest,5,140000.0,Manual,first,Diesel,490000,Tata_Zest,Recent,28000.0,11.849404844423074
Maruti Suzuki,Baleno,5,21000.0,Manual,first,Petrol,675000,Maruti Suzuki_Baleno,Recent,4200.0,9.952325334619427
Hyundai,i10,11,56000.0,Manual,second,Petrol,185000,Hyundai_i10,Old,5090.909090909091,10.933124826700707
Hyundai,Creta,2,33000.0,Automatic,first,Diesel,1835000,Hyundai_Creta,New,16500.0,10.404293143019792
Hyundai,Fluidic Verna,8,84100.0,Manual,second,Petrol,645000,Hyundai_Fluidic Verna,Mid,10512.5,11.339773736496767
Maruti Suzuki,Ritz,10,98000.0,Manual,first,Diesel,445000,Maruti Suzuki_Ritz,Mid,9800.0,11.49273296168228
Honda,City,7,73000.0,Automatic,first,Petrol,590000,Honda_City,Mid,10428.57142857143,11.19822841866684
Hyundai,Creta,9,118000.0,Manual,second,Diesel,875000,Hyundai_Creta,Mid,13111.111111111111,11.678448377988165
Mercedes-Benz,C-Class,6,43000.0,Automatic,second,Diesel,2350000,Mercedes-Benz_C-Class,Mid,7166.666666666667,10.668978650219241
Hyundai,Fluidic Verna,4,76500.0,Manual,first,Petrol,1075000,Hyundai_Fluidic Verna,Recent,19125.0,11.245059091624615
Maruti Suzuki,Alto-800,4,105000.0,Manual,second,Petrol,310000,Maruti Suzuki_Alto-800,Recent,26250.0,11.561725152903833
Maruti Suzuki,Alto,14,82000.0,Manual,second,Petrol,135000,Maruti Suzuki_Alto,Old,5857.142857142857,11.314486721293981
Maruti Suzuki,maruti-suzuki-dzire,11,43000.0,Manual,first,Petrol,390000,Maruti Suzuki_maruti-suzuki-dzire,Old,3909.090909090909,10.668978650219241
Toyota,Innova,13,49000.0,Manual,first,Diesel,424000,Toyota_Innova,Old,3769.230769230769,10.799595985047786
Honda,City,7,81000.0,Automatic,first,Petrol,699000,Honda_City,Mid,11571.42857142857,11.302216779257382
Volkswagen,Vento,7,85000.0,Automatic,first,Diesel,750000,Volkswagen_Vento,Mid,12142.857142857143,11.350418300109132
Mercedes-Benz,G-Class,7,45000.0,Automatic,second,Petrol,14500000,Mercedes-Benz_G-Class,Mid,6428.571428571428,10.714439990727769
Renault,Duster,6,83000.0,Automatic,second,Diesel,940000,Renault_Duster,Mid,13833.333333333334,11.326607934898927
Hyundai,Verna,5,87000.0,Manual,first,Diesel,1050000,Hyundai_Verna,Recent,17400.0,11.373674891823535
Hyundai,Creta,1,34000.0,Automatic,first,Diesel,1950000,Hyundai_Creta,New,34000.0,10.434145214930487
Maruti Suzuki,Ertiga,8,70000.0,Manual,first,Diesel,751000,Maruti Suzuki_Ertiga,Mid,8750.0,11.156264806643742
Honda,City,8,40000.0,Manual,first,Petrol,625000,Honda_City,Mid,5000.0,10.596659732783579
Hyundai,Alcazar,3,100000.0,Automatic,first,Diesel,1450000,Hyundai_Alcazar,Recent,33333.333333333336,11.51293546492023
Mercedes-Benz,E-Class,9,85000.0,Automatic,first,Petrol,1395000,Mercedes-Benz_E-Class,Mid,9444.444444444445,11.350418300109132
Volkswagen,Tiguan,7,110000.0,Automatic,first,Diesel,1495000,Volkswagen_Tiguan,Mid,15714.285714285714,11.608244735642321
Mahindra,XUV 300,3,18000.0,Automatic,first,Petrol,990000,Mahindra_XUV 300,Recent,6000.0,9.798182590890704
Mahindra,XUV500,8,99344.0,Manual,second,Diesel,570000,Mahindra_XUV500,Mid,12418.0,11.50635391958719
Tata,Safari,2,65000.0,Automatic,first,Diesel,2090000,Tata_Safari,New,32500.0,11.082157933374816
Maruti Suzuki,Swift-Dzire,11,73500.0,Manual,second,Petrol,370000,Maruti Suzuki_Swift-Dzire,Old,6681.818181818182,11.205054290550551
Maruti Suzuki,Ciaz,7,75000.0,Automatic,second,Petrol,675000,Maruti Suzuki_Ciaz,Mid,10714.285714285714,11.225256725762893
Tata,Hexa,7,81000.0,Automatic,first,Diesel,790000,Tata_Hexa,Mid,11571.42857142857,11.302216779257382
Maruti Suzuki,Omni,9,45100.0,Manual,first,Petrol,157000,Maruti Suzuki_Omni,Mid,5011.111111111111,10.716659698193956
Tata,Safari,3,54000.0,Automatic,first,Diesel,1495000,Tata_Safari,Recent,18000.0,10.896757843893464
Hyundai,Creta,6,54000.0,Manual,second,Petrol,895000,Hyundai_Creta,Mid,9000.0,10.896757843893464
Volkswagen,Polo GTI,11,61000.0,Automatic,first,Petrol,410000,Volkswagen_Polo GTI,Old,5545.454545454545,11.0186455364637
Hyundai,Grand i10,5,51000.0,Manual,first,Petrol,521000,Hyundai_Grand i10,Recent,10200.0,10.839600519357369
MG,Hector,4,65000.0,Manual,second,Petrol,1125000,MG_Hector,Recent,16250.0,11.082157933374816
Skoda,Rapid,7,49600.0,Manual,first,Petrol,665000,Skoda_Rapid,Mid,7085.714285714285,10.811766273800105
Hyundai,Verna,2,50000.0,Manual,first,Diesel,1200000,Hyundai_Verna,New,25000.0,10.819798284210286
Mahindra,Thar,2,39000.0,Manual,first,Diesel,1450000,Mahindra_Thar,New,19500.0,10.571342565808699
Toyota,Fortuner,14,279000.0,Manual,first,Diesel,1249000,Toyota_Fortuner,Old,19928.571428571428,12.53897064502647
Renault,Duster,9,76000.0,Manual,second,Petrol,425000,Renault_Duster,Mid,8444.444444444445,11.23850177707664
Skoda,Rapid,9,71000.0,Automatic,second,Petrol,395000,Skoda_Rapid,Mid,7888.888888888889,11.170449240431308
Audi,A6,7,29500.0,Automatic,second,Diesel,2150000,Audi_A6,Mid,4214.285714285715,10.292179440058462
Honda,Jazz,8,63210.0,Manual,first,Petrol,421000,Honda_Jazz,Mid,7901.25,11.054233615622806
Kia,Seltos,3,35000.0,Automatic,first,Diesel,1735000,Kia_Seltos,Recent,11666.666666666666,10.463131911491967
Honda,Civic,13,82000.0,Manual,first,Petrol,230000,Honda_Civic,Old,6307.692307692308,11.314486721293981
Chevrolet,Optra,15,97000.0,Manual,second,Petrol,250000,Chevrolet_Optra,Old,6466.666666666667,11.48247656671073
Maruti Suzuki, Wagon R,7,41000.0,Automatic,first,Petrol,465000,Maruti Suzuki_Wagon R,Mid,5857.142857142857,10.62135173563291
Mini,Cooper Countryman,5,31900.0,Automatic,second,Petrol,2650000,Mini_Cooper Countryman,Recent,6380.0,10.370392636243981
Kia,Seltos,5,22000.0,Automatic,second,Petrol,1195000,Kia_Seltos,Recent,4400.0,9.99884318585288
BMW,X3,7,104000.0,Automatic,second,Diesel,2200000,BMW_X3,Mid,14857.142857142857,11.552155793461898
Mahindra,Bolero,6,85000.0,Manual,second,Diesel,625000,Mahindra_Bolero,Mid,14166.666666666666,11.350418300109132
Mahindra,XUV700,1,5000.0,Automatic,first,Diesel,2950000,Mahindra_XUV700,New,5000.0,8.517393171418904
Mercedes-Benz,GLE,1,30000.0,Automatic,first,Diesel,9700000,Mercedes-Benz_GLE,New,30000.0,10.308985993422082
Hyundai,Creta,5,50000.0,Manual,first,Petrol,975000,Hyundai_Creta,Recent,10000.0,10.819798284210286
Honda,Brio,9,65000.0,Manual,first,Petrol,375000,Honda_Brio,Mid,7222.222222222223,11.082157933374816
Maruti Suzuki,Ritz,10,9000.0,Manual,second,Diesel,320000,Maruti Suzuki_Ritz,Mid,900.0,9.105090961257085
Audi,Q5,12,76532.0,Automatic,second,Diesel,950000,Audi_Q5,Old,6377.666666666667,11.245477299349258
Maruti Suzuki,Ritz,12,62000.0,Manual,first,Diesel,369000,Maruti Suzuki_Ritz,Old,5166.666666666667,11.034905792929415
Mahindra,Bolero Power Plus,6,20.0,Automatic,second,Diesel,670000,Mahindra_Bolero Power Plus,Mid,3.3333333333333335,3.044522437723423
BMW,3 Series,14,65000.0,Automatic,first,Diesel,489000,BMW_3 Series,Old,4642.857142857143,11.082157933374816
Renault,Triber,2,39000.0,Automatic,first,Diesel,750000,Renault_Triber,New,19500.0,10.571342565808699
Ford,Endeavour,6,93000.0,Automatic,first,Diesel,2199000,Ford_Endeavour,Mid,15500.0,11.440365524765756
Hyundai,Creta,7,67000.0,Automatic,first,Petrol,790000,Hyundai_Creta,Mid,9571.42857142857,11.112462823634855
BMW,3 Series,11,57000.0,Automatic,first,Diesel,1200000,BMW_3 Series,Old,5181.818181818182,10.950824090522445
Maruti Suzuki,Celerio,8,94000.0,Automatic,second,Petrol,305000,Maruti Suzuki_Celerio,Mid,11750.0,11.451060699493427
BMW,X3,8,92000.0,Automatic,second,Diesel,3000000,BMW_X3,Mid,11500.0,11.429554725537322
Maruti Suzuki,Celerio,9,71000.0,Manual,second,Diesel,375000,Maruti Suzuki_Celerio,Mid,7888.888888888889,11.170449240431308
Hyundai,Tucson,7,72431.0,Automatic,second,Diesel,1049000,Hyundai_Tucson,Mid,10347.285714285714,11.19040346967574
Mahindra,Scorpio,12,95000.0,Manual,first,Diesel,545000,Mahindra_Scorpio,Old,7916.666666666667,11.461642696843066
Toyota,Fortuner,1,19000.0,Automatic,first,Diesel,3950000,Toyota_Fortuner,New,19000.0,9.852246888342531
Maruti Suzuki,Celerio,9,80000.0,Manual,second,Petrol,430000,Maruti Suzuki_Celerio,Mid,8888.888888888889,11.289794413577894
Mercedes-Benz,GL-Class,12,95000.0,Automatic,second,Diesel,1449000,Mercedes-Benz_GL-Class,Old,7916.666666666667,11.461642696843066
Toyota,Innova Crysta,8,94100.0,Manual,first,Diesel,1835000,Toyota_Innova Crysta,Mid,11762.5,11.452123952509567
Ford,Endeavour,4,90000.0,Automatic,first,Diesel,3150000,Ford_Endeavour,Recent,22500.0,11.407576060361786
Toyota,Fortuner,9,125000.0,Automatic,first,Diesel,1125000,Toyota_Fortuner,Mid,13888.888888888889,11.736077016252437
Hyundai,Creta,7,77000.0,Manual,first,Petrol,770000,Hyundai_Creta,Mid,11000.0,11.251573687764477
Mercedes-Benz,GLC Class,7,65000.0,Automatic,second,Diesel,2785000,Mercedes-Benz_GLC Class,Mid,9285.714285714286,11.082157933374816
Tata,Harrier,0,4200.0,Automatic,first,Diesel,2125000,Tata_Harrier,New,4200.0,8.343077871169383
Ford,Fiesta Classic,13,135000.0,Manual,second,Diesel,225000,Ford_Fiesta Classic,Old,10384.615384615385,11.813037464800539
Hyundai,Verna,16,71000.0,Manual,second,Petrol,250000,Hyundai_Verna,Old,4437.5,11.170449240431308
Tata,Harrier,2,20000.0,Automatic,first,Diesel,2150000,Tata_Harrier,New,10000.0,9.90353755128617
Mercedes-Benz,GLA Class,7,32600.0,Automatic,second,Petrol,1750000,Mercedes-Benz_GLA Class,Mid,4657.142857142857,10.392098241730961
Mahindra,Scorpio,4,48100.0,Manual,first,Diesel,1250000,Mahindra_Scorpio,Recent,12025.0,10.781058245898533
Honda,City,11,107565.0,Manual,second,Petrol,425000,Honda_City,Old,9778.636363636364,11.585859891645889
Toyota,Fortuner,5,55000.0,Automatic,second,Diesel,3475000,Toyota_Fortuner,Recent,11000.0,10.915106645867503
Tata,Nexon,5,74576.0,Manual,first,Diesel,640000,Tata_Nexon,Recent,14915.2,11.21958742766229
Maruti Suzuki,Ciaz,10,75000.0,Manual,first,Petrol,475000,Maruti Suzuki_Ciaz,Mid,7500.0,11.225256725762893
Maruti Suzuki,Baleno,4,45124.0,Manual,first,Petrol,650000,Maruti Suzuki_Baleno,Recent,11281.0,10.717191695635183
Hyundai,Elite i20,6,78000.0,Manual,second,Diesel,625000,Hyundai_Elite i20,Mid,13000.0,11.264476926102367
Toyota,Etios,13,65321.0,Manual,second,Diesel,219101,Toyota_Etios,Old,5024.692307692308,11.087084165109236
Isuzu,MUX,5,185000.0,Automatic,first,Diesel,1535000,Isuzu_MUX,Recent,37000.0,12.128116509451258
Honda,Jazz,8,46000.0,Automatic,second,Petrol,450000,Honda_Jazz,Mid,5750.0,10.736418414365376
Maruti Suzuki,Alto,12,63000.0,Manual,first,Petrol,199000,Maruti Suzuki_Alto,Old,5250.0,11.050905878263567
Maruti Suzuki,Ritz,10,65000.0,Manual,second,Petrol,275000,Maruti Suzuki_Ritz,Mid,6500.0,11.082157933374816
Maruti Suzuki,Ignis,7,88000.0,Manual,second,Petrol,410000,Maruti Suzuki_Ignis,Mid,12571.42857142857,11.385103457032141
Audi,A4,9,85000.0,Automatic,second,Diesel,610000,Audi_A4,Mid,9444.444444444445,11.350418300109132
Honda,City,9,71000.0,Manual,second,Petrol,498000,Honda_City,Mid,7888.888888888889,11.170449240431308
Maruti Suzuki,Swift,6,65000.0,Manual,first,Diesel,650000,Maruti Suzuki_Swift,Mid,10833.333333333334,11.082157933374816
Mahindra,XUV500,8,81000.0,Manual,first,Diesel,690000,Mahindra_XUV500,Mid,10125.0,11.302216779257382
BMW,7 Series,15,40000.0,Automatic,first,Petrol,1000000,BMW_7 Series,Old,2666.6666666666665,10.596659732783579
Kia,Seltos,4,70000.0,Automatic,first,Diesel,1550000,Kia_Seltos,Recent,17500.0,11.156264806643742
Mercedes-Benz,V-Class,5,75000.0,Automatic,first,Diesel,5475000,Mercedes-Benz_V-Class,Recent,15000.0,11.225256725762893
Tata,Safari Storme,7,96000.0,Manual,second,Diesel,675000,Tata_Safari Storme,Mid,13714.285714285714,11.472113887062386
Toyota,Fortuner,9,150000.0,Automatic,second,Diesel,1450000,Toyota_Fortuner,Mid,16666.666666666668,11.918397239722838
Honda,City,6,82000.0,Manual,second,Petrol,650000,Honda_City,Mid,13666.666666666666,11.314486721293981
Maruti Suzuki,Swift,7,129000.0,Manual,first,Diesel,539000,Maruti Suzuki_Swift,Mid,18428.571428571428,11.767575435251748
Toyota,Fortuner,1,19500.0,Automatic,second,Diesel,4370000,Toyota_Fortuner,New,19500.0,9.87822102528824
Maruti Suzuki,Alto-K10,12,100000.0,Manual,second,Petrol,200000,Maruti Suzuki_Alto-K10,Old,8333.333333333334,11.51293546492023
Volkswagen,VentoTest,9,104771.0,Automatic,second,Diesel,450000,Volkswagen_VentoTest,Mid,11641.222222222223,11.559541839598808
Tata,Indica Ev2,12,190000.0,Manual,first,Diesel,85000,Tata_Indica Ev2,Old,15833.333333333334,12.154784614286667
Tata,Tigor,7,49000.0,Automatic,second,Petrol,430000,Tata_Tigor,Mid,7000.0,10.799595985047786
Honda,City,7,70000.0,Manual,second,Petrol,685000,Honda_City,Mid,10000.0,11.156264806643742
Kia,Seltos,3,35213.0,Automatic,first,Petrol,1095000,Kia_Seltos,Recent,11737.666666666666,10.46919900978639
Mercedes-Benz,E-Class,12,59695.0,Automatic,second,Diesel,1545000,Mercedes-Benz_E-Class,Old,4974.583333333333,10.997020295460938
Maruti Suzuki,Swift-Dzire,10,23.0,Automatic,second,Diesel,375000,Maruti Suzuki_Swift-Dzire,Mid,2.3,3.1780538303479458
Hyundai,Grand i10,8,45000.0,Manual,second,Petrol,330000,Hyundai_Grand i10,Mid,5625.0,10.714439990727769
Tata,Nexon,4,30000.0,Manual,first,Petrol,775000,Tata_Nexon,Recent,7500.0,10.308985993422082
Tata,Nexon,5,31000.0,Manual,first,Petrol,600000,Tata_Nexon,Recent,6200.0,10.34177474101152
Hyundai,Creta,4,55000.0,Automatic,second,Petrol,1325000,Hyundai_Creta,Recent,13750.0,10.915106645867503
Maruti Suzuki,Ertiga,1,8500.0,Automatic,first,Petrol,1051000,Maruti Suzuki_Ertiga,New,8500.0,9.04793908261736
Tata,Safari,11,87312.0,Manual,first,Diesel,349444,Tata_Safari,Old,7937.454545454545,11.377254642539828
Maruti Suzuki,Baleno,6,72000.0,Automatic,second,Petrol,530000,Maruti Suzuki_Baleno,Mid,12000.0,11.184435286790631
Toyota,Fortuner,14,126000.0,Manual,first,Diesel,570000,Toyota_Fortuner,Old,9000.0,11.744045122410057
Audi,A4,11,55000.0,Automatic,second,Diesel,785000,Audi_A4,Old,5000.0,10.915106645867503
Toyota,Etios Liva,8,148000.0,Manual,first,Diesel,549000,Toyota_Etios Liva,Mid,18500.0,11.904974309480183
Toyota,2.8 Legender 4X2,9,175300.0,Automatic,second,Diesel,1000000,Toyota_2.8 Legender 4X2,Mid,19477.777777777777,12.074259775399616
Volkswagen,CrossPolo,10,104600.0,Manual,second,Diesel,449000,Volkswagen_CrossPolo,Mid,10460.0,11.557908390796706
Maruti Suzuki,Vitara-Brezza,5,35000.0,Automatic,second,Diesel,680000,Maruti Suzuki_Vitara-Brezza,Recent,7000.0,10.463131911491967
MG,Hector Plus,1,27002.0,Automatic,first,Petrol,2100002,MG_Hector Plus,New,27002.0,10.203703249925194
Mercedes-Benz,GL-Class,10,94500.0,Automatic,second,Diesel,2150000,Mercedes-Benz_GL-Class,Mid,9450.0,11.456365695436427
Jaguar,XF,5,15000.0,Automatic,second,Diesel,2995000,Jaguar_XF,Recent,3000.0,9.61587214452889
Maruti Suzuki,Swift,8,1.0,Manual,first,Petrol,510000,Maruti Suzuki_Swift,Mid,0.125,0.6931471805599453
Maruti Suzuki,Baleno,8,90000.0,Manual,second,Diesel,500000,Maruti Suzuki_Baleno,Mid,11250.0,11.407576060361786
Maruti Suzuki,Swift-Dzire,7,42000.0,Manual,second,Petrol,490000,Maruti Suzuki_Swift-Dzire,Mid,6000.0,10.645448706505872
Hyundai,Santro Xing,15,36200.0,Manual,first,Petrol,91500,Hyundai_Santro Xing,Old,2413.3333333333335,10.49684202174171
Toyota,Innova Crysta,6,98000.0,Automatic,second,Diesel,1650000,Toyota_Innova Crysta,Mid,16333.333333333334,11.49273296168228
Toyota,Innova Crysta,2,21000.0,Automatic,first,Diesel,2590000,Toyota_Innova Crysta,New,10500.0,9.952325334619427
BMW,X1,7,39000.0,Automatic,second,Diesel,2399999,BMW_X1,Mid,5571.428571428572,10.571342565808699
BMW,X3,12,75000.0,Automatic,second,Diesel,1975000,BMW_X3,Old,6250.0,11.225256725762893
Kia,Seltos,4,34000.0,Manual,first,Diesel,1075000,Kia_Seltos,Recent,8500.0,10.434145214930487
Maruti Suzuki,Wagon-R,15,18000.0,Manual,second,Petrol,135000,Maruti Suzuki_Wagon-R,Old,1200.0,9.798182590890704
Toyota,Innova Crysta,4,33000.0,Manual,second,Diesel,1250000,Toyota_Innova Crysta,Recent,8250.0,10.404293143019792
Tata,Harrier,3,29336.0,Manual,first,Diesel,2185000,Tata_Harrier,Recent,9778.666666666666,10.286604796980384
Mahindra,Bolero Neo,1,65137.5,Manual,first,Diesel,1000000,Mahindra_Bolero Neo,New,65137.5,11.084271051239332
Honda,Jazz,13,90000.0,Manual,second,Petrol,199000,Honda_Jazz,Old,6923.076923076923,11.407576060361786
Maruti Suzuki,Swift-Dzire,10,53000.0,Manual,first,Diesel,285000,Maruti Suzuki_Swift-Dzire,Mid,5300.0,10.87806606028079
Maruti Suzuki,Swift-Dzire,7,155000.0,Manual,second,Diesel,550000,Maruti Suzuki_Swift-Dzire,Mid,22142.85714285714,11.951186847493476
Tata,Harrier,2,48000.0,Automatic,first,Diesel,2099999,Tata_Harrier,New,24000.0,10.778977123006351
Skoda,Kushaq,0,13000.0,Automatic,first,Petrol,1475000,Skoda_Kushaq,New,13000.0,9.472781556562168
Maruti Suzuki,Celerio-X,6,67452.0,Automatic,first,Petrol,385000,Maruti Suzuki_Celerio-X,Mid,11242.0,11.119186338037473
Mini,Cooper S,7,22000.0,Automatic,second,Petrol,2850000,Mini_Cooper S,Mid,3142.8571428571427,9.99884318585288
Maruti Suzuki,Ertiga,8,145000.0,Automatic,second,Diesel,650000,Maruti Suzuki_Ertiga,Mid,18125.0,11.884495917930655
BMW,X7,2,29000.0,Automatic,first,Diesel,10700000,BMW_X7,New,14500.0,10.275085591132715
Tata,Manza,13,150000.0,Manual,first,Diesel,149000,Tata_Manza,Old,11538.461538461539,11.918397239722838
Kia,Seltos,5,54500.0,Automatic,first,Diesel,1590000,Kia_Seltos,Recent,10900.0,10.905974329106854
BMW,5 Series,6,30000.0,Automatic,first,Diesel,3950000,BMW_5 Series,Mid,5000.0,10.308985993422082
Volkswagen,Polo,11,75000.0,Automatic,second,Petrol,470000,Volkswagen_Polo,Old,6818.181818181818,11.225256725762893
Honda,Amaze,5,45000.0,Automatic,first,Petrol,649999,Honda_Amaze,Recent,9000.0,10.714439990727769
Jeep,Compass,3,78000.0,Automatic,first,Diesel,1550000,Jeep_Compass,Recent,26000.0,11.264476926102367
Toyota,Innova,12,144600.0,Manual,second,Diesel,650000,Toyota_Innova,Old,12050.0,11.88173350431221
Toyota,Innova,9,189000.0,Manual,second,Diesel,920000,Toyota_Innova,Mid,21000.0,12.149507585033072
Audi,A6,7,58000.0,Automatic,first,Petrol,2750000,Audi_A6,Mid,8285.714285714286,10.968215530759236
Mahindra,Bolero Power Plus,11,174000.0,Automatic,first,Diesel,325000,Mahindra_Bolero Power Plus,Old,15818.181818181818,12.066816325306588
Skoda,Rapid,11,65000.0,Automatic,second,Petrol,315000,Skoda_Rapid,Old,5909.090909090909,11.082157933374816
Toyota,Land Cruiser,1,15000.0,Automatic,first,Diesel,24700000,Toyota_Land Cruiser,New,15000.0,9.61587214452889
Toyota,Corolla,10,65000.0,Manual,first,Petrol,160000,Toyota_Corolla,Mid,6500.0,11.082157933374816
Maruti Suzuki,Alto-800,6,22000.0,Manual,first,Petrol,290000,Maruti Suzuki_Alto-800,Mid,3666.6666666666665,9.99884318585288
Hyundai,Verna,11,72000.0,Automatic,second,Diesel,485000,Hyundai_Verna,Old,6545.454545454545,11.184435286790631
Volkswagen,VentoTest,6,126000.0,Manual,first,Diesel,570000,Volkswagen_VentoTest,Mid,21000.0,11.744045122410057
Hyundai,Verna,9,125350.0,Manual,second,Diesel,650000,Hyundai_Verna,Mid,13927.777777777777,11.738873081217163
Renault,Duster,4,23000.0,Automatic,first,Petrol,599000,Renault_Duster,Recent,5750.0,10.043292972227004
Honda,City,7,120000.0,Manual,second,Diesel,690000,Honda_City,Mid,17142.85714285714,11.695255355062795
Audi,Q5,10,50000.0,Automatic,second,Diesel,2150000,Audi_Q5,Mid,5000.0,10.819798284210286
Maruti Suzuki,Ignis,6,31000.0,Manual,first,Petrol,419000,Maruti Suzuki_Ignis,Mid,5166.666666666667,10.34177474101152
Tata,Indica,10,65137.5,Manual,first,Diesel,250000,Tata_Indica,Mid,6513.75,11.084271051239332
Toyota,Fortuner,9,154000.0,Automatic,second,Diesel,1875000,Toyota_Fortuner,Mid,17111.11111111111,11.944714374881176
Maruti Suzuki,Swift,4,45000.0,Manual,first,Petrol,525000,Maruti Suzuki_Swift,Recent,11250.0,10.714439990727769
Nissan,MICRA PRIMO,5,56000.0,Manual,second,Petrol,450000,Nissan_MICRA PRIMO,Recent,11200.0,10.933124826700707
Toyota,Fortuner,10,86000.0,Automatic,second,Diesel,1325000,Toyota_Fortuner,Mid,8600.0,11.362114203075018
Hyundai,Verna,8,49000.0,Manual,second,Diesel,495000,Hyundai_Verna,Mid,6125.0,10.799595985047786
Hyundai,Verna,4,58000.0,Manual,second,Petrol,950000,Hyundai_Verna,Recent,14500.0,10.968215530759236
Maruti Suzuki,maruti-suzuki-dzire,7,87000.0,Manual,first,Petrol,460000,Maruti Suzuki_maruti-suzuki-dzire,Mid,12428.57142857143,11.373674891823535
Mahindra,XUV500,11,49200.0,Manual,first,Diesel,550000,Mahindra_XUV500,Old,4472.727272727273,10.803669227477098
BMW,X5,3,21000.0,Automatic,first,Petrol,8050000,BMW_X5,Recent,7000.0,9.952325334619427
Toyota,Camry,1,10000.0,Automatic,first,Petrol,4450000,Toyota_Camry,New,10000.0,9.210440366976517
Toyota,Innova,18,170000.0,Manual,second,Diesel,270000,Toyota_Innova,Old,9444.444444444445,12.04355959836804
Renault,Duster,8,63000.0,Manual,second,Diesel,415000,Renault_Duster,Mid,7875.0,11.050905878263567
Mercedes-Benz,GLA Class,7,32600.0,Automatic,second,Petrol,1750000,Mercedes-Benz_GLA Class,Mid,4657.142857142857,10.392098241730961
Maruti Suzuki,Ritz,9,31000.0,Manual,second,Petrol,465000,Maruti Suzuki_Ritz,Mid,3444.4444444444443,10.34177474101152
Maruti Suzuki,Ignis,6,90000.0,Automatic,first,Diesel,565000,Maruti Suzuki_Ignis,Mid,15000.0,11.407576060361786
Maruti Suzuki,Vitara-Brezza,7,42000.0,Manual,first,Diesel,849999,Maruti Suzuki_Vitara-Brezza,Mid,6000.0,10.645448706505872
Tata,Indigo Cs,12,100000.0,Manual,second,Diesel,125000,Tata_Indigo Cs,Old,8333.333333333334,11.51293546492023
Chevrolet,Tavera,16,230000.0,Manual,second,Diesel,225000,Chevrolet_Tavera,Old,14375.0,12.345838935721968
Honda,WRV,3,72000.0,Manual,first,Diesel,725000,Honda_WRV,Recent,24000.0,11.184435286790631
BMW,X1,12,70000.0,Automatic,first,Diesel,1100000,BMW_X1,Old,5833.333333333333,11.156264806643742
Maruti Suzuki,Wagon-R,12,152643.0,Manual,first,Petrol,175000,Maruti Suzuki_Wagon-R,Old,12720.25,11.935863691789491
Maruti Suzuki,Wagon-R,17,75000.0,Manual,second,Petrol,165000,Maruti Suzuki_Wagon-R,Old,4411.764705882353,11.225256725762893
Maruti Suzuki,Swift-Dzire,14,78000.0,Manual,second,Petrol,190000,Maruti Suzuki_Swift-Dzire,Old,5571.428571428572,11.264476926102367
Hyundai,i20,8,95000.0,Manual,second,Diesel,490000,Hyundai_i20,Mid,11875.0,11.461642696843066
Maruti Suzuki,Swift,1,11000.0,Automatic,first,Petrol,815000,Maruti Suzuki_Swift,New,11000.0,9.305741456739435
Maruti Suzuki,S-Cross1,3,35000.0,Manual,first,Petrol,750000,Maruti Suzuki_S-Cross1,Recent,11666.666666666666,10.463131911491967
Hyundai,Santa Fe,10,61000.0,Automatic,first,Diesel,499000,Hyundai_Santa Fe,Mid,6100.0,11.0186455364637
Volvo,S60 Cross Country,6,85000.0,Automatic,second,Diesel,2200000,Volvo_S60 Cross Country,Mid,14166.666666666666,11.350418300109132
Ford,Ecosport,6,32000.0,Manual,first,Diesel,865000,Ford_Ecosport,Mid,5333.333333333333,10.373522431293592
Skoda,Slavia,2,40400.0,Automatic,first,Petrol,1451000,Skoda_Slavia,New,20200.0,10.606609816118151
Maruti Suzuki,Swift,9,115000.0,Manual,second,Diesel,465000,Maruti Suzuki_Swift,Mid,12777.777777777777,11.652696102959753
Tata,Punch ,2,7200.0,Manual,first,Petrol,6500000,Tata_Punch,New,3600.0,8.881975184248867
Maruti Suzuki,1000,4,49000.0,Manual,second,Diesel,390000,Maruti Suzuki_1000,Recent,12250.0,10.799595985047786
Hyundai,Elite i20,7,71000.0,Manual,second,Petrol,499000,Hyundai_Elite i20,Mid,10142.857142857143,11.170449240431308
BMW,3 Series,12,69000.0,Automatic,second,Diesel,649000,BMW_3 Series,Old,5750.0,11.141876276228
Honda,City,13,110000.0,Manual,first,Petrol,320000,Honda_City,Old,8461.538461538461,11.608244735642321
Jaguar,XJ,9,92000.0,Automatic,second,Diesel,1450000,Jaguar_XJ,Mid,10222.222222222223,11.429554725537322
Skoda,Kushaq,2,39500.0,Automatic,first,Petrol,1290000,Skoda_Kushaq,New,19750.0,10.584081267024454
Mercedes-Benz,S-Class,8,58933.0,Automatic,second,Petrol,8999999,Mercedes-Benz_S-Class,Mid,7366.625,10.984173452670783
Hyundai,i10,11,99000.0,Manual,second,Petrol,255000,Hyundai_i10,Old,9000.0,11.502885230075814
Maruti Suzuki,Alto K10,6,10500.0,Automatic,second,Petrol,375000,Maruti Suzuki_Alto K10,Mid,1750.0,9.259225769705994
Tata,Nexon,5,120000.0,Manual,first,Diesel,640000,Tata_Nexon,Recent,24000.0,11.695255355062795
Mini,Cooper Countryman,9,72000.0,Automatic,second,Petrol,1475000,Mini_Cooper Countryman,Mid,8000.0,11.184435286790631
Maruti Suzuki,Fronx,1,13000.0,Automatic,first,Petrol,920000,Maruti Suzuki_Fronx,New,13000.0,9.472781556562168
Mahindra,Thar,3,45000.0,Manual,first,Petrol,1370000,Mahindra_Thar,Recent,15000.0,10.714439990727769
Toyota,Fortuner,10,168000.0,Automatic,first,Diesel,1340000,Toyota_Fortuner,Mid,16800.0,12.031725210748633
Hyundai,i20,6,53000.0,Manual,second,Petrol,499000,Hyundai_i20,Mid,8833.333333333334,10.87806606028079
Maruti Suzuki,Celerio,7,44000.0,Automatic,second,Petrol,425000,Maruti Suzuki_Celerio,Mid,6285.714285714285,10.691967639914864
Mercedes-Benz,C-Class,11,89000.0,Automatic,second,Diesel,899000,Mercedes-Benz_C-Class,Old,8090.909090909091,11.39640288460621
Audi,Q7,12,87000.0,Automatic,second,Diesel,1050000,Audi_Q7,Old,7250.0,11.373674891823535
Maruti Suzuki,S-Cross1,6,27800.0,Automatic,first,Diesel,849000,Maruti Suzuki_S-Cross1,Mid,4633.333333333333,10.2328272702548
Maruti Suzuki,maruti-suzuki-dzire,7,62000.0,Automatic,first,Petrol,535000,Maruti Suzuki_maruti-suzuki-dzire,Mid,8857.142857142857,11.034905792929415
Honda,City ZX,20,160000.0,Manual,second,Petrol,124000,Honda_City ZX,Old,8000.0,11.982935344196433
Maruti Suzuki,Vitara-Brezza,8,93000.0,Manual,first,Diesel,685000,Maruti Suzuki_Vitara-Brezza,Mid,11625.0,11.440365524765756
Honda,City,3,37000.0,Automatic,first,Petrol,1150000,Honda_City,Recent,12333.333333333334,10.518700218288165
Hyundai,i10,11,51000.0,Manual,second,Petrol,250000,Hyundai_i10,Old,4636.363636363636,10.839600519357369
Maruti Suzuki,Alto-K10,10,98000.0,Manual,second,Petrol,245000,Maruti Suzuki_Alto-K10,Mid,9800.0,11.49273296168228
MG,Hector,4,65000.0,Automatic,first,Petrol,1375000,MG_Hector,Recent,16250.0,11.082157933374816
Tata,Hexa,6,112000.0,Manual,second,Diesel,799000,Tata_Hexa,Mid,18666.666666666668,11.626263078808801
Hyundai,Creta,7,53000.0,Automatic,first,Diesel,850000,Hyundai_Creta,Mid,7571.428571428572,10.87806606028079
Skoda,Rapid,8,120000.0,Automatic,first,Diesel,590000,Skoda_Rapid,Mid,15000.0,11.695255355062795
Hyundai,Creta,7,69000.0,Automatic,second,Petrol,785000,Hyundai_Creta,Mid,9857.142857142857,11.141876276228
Maruti Suzuki,Wagon-R,8,79000.0,Manual,first,Petrol,380000,Maruti Suzuki_Wagon-R,Mid,9875.0,11.277215789596893
Maruti Suzuki,Ertiga,8,63000.0,Manual,second,Diesel,675000,Maruti Suzuki_Ertiga,Mid,7875.0,11.050905878263567
Mercedes-Benz,C-Class,9,68000.0,Automatic,second,Petrol,1699000,Mercedes-Benz_C-Class,Mid,7555.555555555556,11.127277689932466
BMW,3 Series GT,8,75000.0,Automatic,second,Diesel,1795000,BMW_3 Series GT,Mid,9375.0,11.225256725762893
Toyota,Urban Cruiser,3,9110.0,Automatic,first,Petrol,895000,Toyota_Urban Cruiser,Recent,3036.6666666666665,9.117237753713859
MG,ASTOR,1,24000.0,Automatic,first,Petrol,1640000,MG_ASTOR,New,24000.0,10.085850775128717
Kia,Seltos,5,71000.0,Manual,first,Diesel,1215000,Kia_Seltos,Recent,14200.0,11.170449240431308
Hyundai,Creta,3,41000.0,Manual,first,Petrol,1050000,Hyundai_Creta,Recent,13666.666666666666,10.62135173563291
Maruti Suzuki,Grand Vitara,1,35000.0,Manual,first,Petrol,1275000,Maruti Suzuki_Grand Vitara,New,35000.0,10.463131911491967
Maruti Suzuki,Baleno,3,38000.0,Manual,first,Petrol,750000,Maruti Suzuki_Baleno,Recent,12666.666666666666,10.545367754151743
Volkswagen,Polo,7,60000.0,Manual,first,Petrol,665000,Volkswagen_Polo,Mid,8571.42857142857,11.002116507732017
Kia,Seltos,4,16000.0,Automatic,first,Petrol,1385000,Kia_Seltos,Recent,4000.0,9.680406499268875
Tata,Nexon,6,62000.0,Automatic,second,Petrol,675000,Tata_Nexon,Mid,10333.333333333334,11.034905792929415
Maruti Suzuki,Swift-Dzire,9,74000.0,Manual,second,Diesel,390000,Maruti Suzuki_Swift-Dzire,Mid,8222.222222222223,11.211833885608513
Maruti Suzuki,Baleno,2,41000.0,Manual,first,Petrol,640000,Maruti Suzuki_Baleno,New,20500.0,10.62135173563291
Honda,Mobilio,10,48000.0,Manual,second,Petrol,470000,Honda_Mobilio,Mid,4800.0,10.778977123006351
Maruti Suzuki,Baleno,6,110000.0,Manual,first,Petrol,585000,Maruti Suzuki_Baleno,Mid,18333.333333333332,11.608244735642321
MG,Hector,4,40000.0,Automatic,first,Petrol,1321111,MG_Hector,Recent,10000.0,10.596659732783579
Mercedes-Benz,E-Class,5,21000.0,Automatic,first,Diesel,3600000,Mercedes-Benz_E-Class,Recent,4200.0,9.952325334619427
Hyundai,Creta,9,75000.0,Automatic,second,Diesel,595000,Hyundai_Creta,Mid,8333.333333333334,11.225256725762893
Maruti Suzuki,Swift,1,3.0,Manual,first,Petrol,760000,Maruti Suzuki_Swift,New,3.0,1.3862943611198906
Mercedes-Benz,GLC,4,69000.0,Automatic,first,Diesel,3900000,Mercedes-Benz_GLC,Recent,17250.0,11.141876276228
Hyundai,Elantra,5,62000.0,Manual,second,Diesel,910000,Hyundai_Elantra,Recent,12400.0,11.034905792929415
Audi,A6,1,11000.0,Automatic,first,Petrol,5100000,Audi_A6,New,11000.0,9.305741456739435
Hyundai,i10,17,82000.0,Manual,second,Petrol,150000,Hyundai_i10,Old,4823.529411764706,11.314486721293981
Chevrolet,Beat,11,112000.0,Manual,first,Diesel,185000,Chevrolet_Beat,Old,10181.818181818182,11.626263078808801
Hyundai,Verna,5,55000.0,Manual,first,Petrol,850000,Hyundai_Verna,Recent,11000.0,10.915106645867503
Hyundai,Creta,1,11000.0,Manual,first,Petrol,1340000,Hyundai_Creta,New,11000.0,9.305741456739435
Mahindra,XUV500,9,68000.0,Manual,first,Diesel,745000,Mahindra_XUV500,Mid,7555.555555555556,11.127277689932466
Hyundai,New i20,0,3500.0,Manual,first,Petrol,820000,Hyundai_New i20,New,3500.0,8.160803920954665
Kia,Seltos,4,68000.0,Manual,first,Diesel,1040000,Kia_Seltos,Recent,17000.0,11.127277689932466
Hyundai,Venue,5,42000.0,Manual,first,Diesel,900000,Hyundai_Venue,Recent,8400.0,10.645448706505872
Maruti Suzuki,Wagon-R,5,52468.0,Manual,first,Petrol,435000,Maruti Suzuki_Wagon-R,Recent,10493.6,10.867977797989518
Volkswagen,Virtus,2,14000.0,Automatic,first,Petrol,1740000,Volkswagen_Virtus,New,7000.0,9.546884034617925
Land Rover,Range Rover Evoque,6,73182.0,Automatic,first,Diesel,3750000,Land Rover_Range Rover Evoque,Mid,12197.0,11.200718432540258
Hyundai,Santro,22,150000.0,Manual,second,Petrol,110000,Hyundai_Santro,Old,6818.181818181818,11.918397239722838
Maruti Suzuki,Alto,17,22.0,Manual,second,Petrol,75000,Maruti Suzuki_Alto,Old,1.2941176470588236,3.1354942159291497
Hyundai,i10,15,112000.0,Manual,second,Petrol,150000,Hyundai_i10,Old,7466.666666666667,11.626263078808801
Hyundai,Elantra,7,16000.0,Automatic,second,Petrol,1050000,Hyundai_Elantra,Mid,2285.714285714286,9.680406499268875
Hyundai,Fluidic Verna,12,85000.0,Manual,second,Petrol,290000,Hyundai_Fluidic Verna,Old,7083.333333333333,11.350418300109132
Maruti Suzuki,Swift,8,60000.0,Manual,first,Petrol,359000,Maruti Suzuki_Swift,Mid,7500.0,11.002116507732017
Toyota,Etios Liva,7,45669.0,Manual,second,Petrol,590000,Toyota_Etios Liva,Mid,6524.142857142857,10.729196906179045
Chevrolet,Cruze,13,62000.0,Manual,first,Diesel,195000,Chevrolet_Cruze,Old,4769.2307692307695,11.034905792929415
Tata,Nexon,5,39000.0,Manual,first,Diesel,675000,Tata_Nexon,Recent,7800.0,10.571342565808699
Kia,Seltos,1,12000.0,Automatic,first,Petrol,1625000,Kia_Seltos,New,12000.0,9.392745258631441
Honda,Amaze,7,110000.0,Manual,second,Petrol,420000,Honda_Amaze,Mid,15714.285714285714,11.608244735642321
Maruti Suzuki,Wagon-R,10,80000.0,Manual,first,Petrol,310000,Maruti Suzuki_Wagon-R,Mid,8000.0,11.289794413577894
Toyota,Innova,13,125000.0,Manual,second,Diesel,650000,Toyota_Innova,Old,9615.384615384615,11.736077016252437
Toyota,Innova,12,250000.0,Manual,second,Diesel,775000,Toyota_Innova,Old,20833.333333333332,12.429220196836383
Toyota,Innova Crysta,8,110000.0,Automatic,second,Diesel,1560000,Toyota_Innova Crysta,Mid,13750.0,11.608244735642321
Kia,Sonet,3,34000.0,Automatic,first,Diesel,1295000,Kia_Sonet,Recent,11333.333333333334,10.434145214930487
Volvo,S60,12,84000.0,Automatic,first,Diesel,760000,Volvo_S60,Old,7000.0,11.338583982516495
MG,Hector,3,24745.0,Automatic,second,Petrol,1430000,MG_Hector,Recent,8248.333333333334,10.11641913877392
MG,Hector,4,47000.0,Automatic,first,Petrol,1350000,MG_Hector,Recent,11750.0,10.757924157061597
Toyota,Innova,10,250000.0,Manual,second,Diesel,1080000,Toyota_Innova,Mid,25000.0,12.429220196836383
Hyundai,Creta,7,86000.0,Manual,second,Diesel,650000,Hyundai_Creta,Mid,12285.714285714286,11.362114203075018
Porsche,Cayenne,8,80400.0,Automatic,second,Diesel,3975000,Porsche_Cayenne,Mid,10050.0,11.294781892900653
Tata,Safari Storme,7,75000.0,Manual,first,Diesel,670000,Tata_Safari Storme,Mid,10714.285714285714,11.225256725762893
Audi,Q7,12,75000.0,Automatic,first,Diesel,1175000,Audi_Q7,Old,6250.0,11.225256725762893
Maruti Suzuki,Swift-Dzire,7,78000.0,Manual,first,Diesel,750000,Maruti Suzuki_Swift-Dzire,Mid,11142.857142857143,11.264476926102367
Toyota,Fortuner,1,40000.0,Automatic,first,Diesel,4250000,Toyota_Fortuner,New,40000.0,10.596659732783579
Land Rover,Range Rover Sport,9,64000.0,Automatic,second,Diesel,6600000,Land Rover_Range Rover Sport,Mid,7111.111111111111,11.06665398721974
Hyundai,Verna,5,79146.0,Automatic,second,Petrol,965000,Hyundai_Verna,Recent,15829.2,11.27906216187447
Honda,CRV,9,175000.0,Automatic,second,Petrol,850000,Honda_CRV,Mid,19444.444444444445,12.07254696717504
Maruti Suzuki,Ertiga,5,47110.0,Manual,second,Petrol,769000,Maruti Suzuki_Ertiga,Recent,9422.0,10.760261798384528
Maruti Suzuki,Swift,6,29000.0,Automatic,first,Petrol,549000,Maruti Suzuki_Swift,Mid,4833.333333333333,10.275085591132715
Maruti Suzuki,Wagon-R,6,18052.0,Manual,second,Petrol,371000,Maruti Suzuki_Wagon-R,Mid,3008.6666666666665,9.801067154936659
Porsche,Macan,3,39000.0,Automatic,second,Petrol,6875000,Porsche_Macan,Recent,13000.0,10.571342565808699
Hyundai,Grand i10,9,89000.0,Manual,second,Diesel,300000,Hyundai_Grand i10,Mid,9888.888888888889,11.39640288460621
Maruti Suzuki,Wagon-R,4,26600.0,Automatic,first,Petrol,550000,Maruti Suzuki_Wagon-R,Recent,6650.0,10.188704088048116
Maruti Suzuki,Swift-Dzire,8,83316.0,Manual,second,Diesel,535000,Maruti Suzuki_Swift-Dzire,Mid,10414.5,11.330407888965764
Maruti Suzuki,Omni,15,95000.0,Manual,second,Petrol,135000,Maruti Suzuki_Omni,Old,6333.333333333333,11.461642696843066
BMW,X1,12,134000.0,Automatic,second,Diesel,749000,BMW_X1,Old,11166.666666666666,11.80560254159177
Honda,City,15,94000.0,Automatic,first,Petrol,235000,Honda_City,Old,6266.666666666667,11.451060699493427
Honda,City ZX,20,120000.0,Automatic,second,Petrol,230000,Honda_City ZX,Old,6000.0,11.695255355062795
Tata,Indigo Ecs,11,93000.0,Manual,second,Diesel,140000,Tata_Indigo Ecs,Old,8454.545454545454,11.440365524765756
Mahindra,XUV500,7,27000.0,Manual,first,Diesel,1350000,Mahindra_XUV500,Mid,3857.1428571428573,10.203629181337648
Mahindra,Scorpio,4,34000.0,Manual,first,Diesel,1399000,Mahindra_Scorpio,Recent,8500.0,10.434145214930487
Mercedes-Benz,C-Class,8,66000.0,Automatic,second,Diesel,1900000,Mercedes-Benz_C-Class,Mid,8250.0,11.097425172408931
Mercedes-Benz,S-Class,11,49000.0,Automatic,second,Petrol,1950000,Mercedes-Benz_S-Class,Old,4454.545454545455,10.799595985047786
Hyundai,Elite i20,4,40000.0,Manual,second,Petrol,550000,Hyundai_Elite i20,Recent,10000.0,10.596659732783579
Mercedes-Benz,C-Class,12,76294.0,Automatic,first,Petrol,1180000,Mercedes-Benz_C-Class,Old,6357.833333333333,11.242362684325837
Mercedes-Benz,E-Class,14,85000.0,Automatic,second,Petrol,599000,Mercedes-Benz_E-Class,Old,6071.428571428572,11.350418300109132
Hyundai,Creta,3,38000.0,Manual,first,Diesel,1249000,Hyundai_Creta,Recent,12666.666666666666,10.545367754151743
Mahindra,Bolero,2,56800.0,Manual,first,Diesel,838000,Mahindra_Bolero,New,28400.0,10.947309210188068
Kia,Seltos,3,95000.0,Manual,second,Diesel,1350000,Kia_Seltos,Recent,31666.666666666668,11.461642696843066
Mahindra,Verito,13,180000.0,Manual,second,Diesel,199000,Mahindra_Verito,Old,13846.153846153846,12.100717685412471
Maruti Suzuki,Zen-Estilo,21,100000.0,Manual,second,Petrol,100000,Maruti Suzuki_Zen-Estilo,Old,4761.9047619047615,11.51293546492023
Volkswagen,Ameo,5,105000.0,Manual,second,Diesel,525000,Volkswagen_Ameo,Recent,21000.0,11.561725152903833
Mahindra,KUV 100,8,90000.0,Manual,second,Petrol,380000,Mahindra_KUV 100,Mid,11250.0,11.407576060361786
Toyota,Innova Crysta,5,57000.0,Automatic,first,Diesel,1580000,Toyota_Innova Crysta,Recent,11400.0,10.950824090522445
Mercedes-Benz,M-Class,12,125000.0,Automatic,second,Diesel,915000,Mercedes-Benz_M-Class,Old,10416.666666666666,11.736077016252437
Jaguar,XF,11,50000.0,Automatic,second,Diesel,1150000,Jaguar_XF,Old,4545.454545454545,10.819798284210286
Jeep,Compass,2,21000.0,Automatic,first,Diesel,2525111,Jeep_Compass,New,10500.0,9.952325334619427
Tata,Nexon,2,20000.0,Automatic,second,Diesel,1000000,Tata_Nexon,New,10000.0,9.90353755128617
Ford,Ecosport,6,75000.0,Automatic,first,Petrol,640000,Ford_Ecosport,Mid,12500.0,11.225256725762893
Hyundai,Creta,7,160000.0,Automatic,second,Petrol,799000,Hyundai_Creta,Mid,22857.14285714286,11.982935344196433
Ford,Ecosport,4,94000.0,Manual,first,Diesel,1049000,Ford_Ecosport,Recent,23500.0,11.451060699493427
Honda,City ZX,12,62000.0,Manual,second,Petrol,320000,Honda_City ZX,Old,5166.666666666667,11.034905792929415
Toyota,Fortuner,2,27000.0,Automatic,first,Diesel,4400000,Toyota_Fortuner,New,13500.0,10.203629181337648
Hyundai,Creta,6,82000.0,Automatic,first,Diesel,795000,Hyundai_Creta,Mid,13666.666666666666,11.314486721293981
Tata,Nexon,5,34000.0,Automatic,first,Petrol,875000,Tata_Nexon,Recent,6800.0,10.434145214930487
Honda,Brio,10,68569.0,Automatic,first,Petrol,325000,Honda_Brio,Mid,6856.9,11.13561040027841
Toyota,Fortuner,9,248000.0,Automatic,first,Diesel,1050000,Toyota_Fortuner,Mid,27555.555555555555,12.421188057397055
Toyota,Innova,12,250000.0,Manual,second,Diesel,799999,Toyota_Innova,Old,20833.333333333332,12.429220196836383
Mahindra,Scorpio,9,88000.0,Manual,second,Diesel,1150000,Mahindra_Scorpio,Mid,9777.777777777777,11.385103457032141
Hyundai,Elantra,6,90000.0,Manual,second,Diesel,900000,Hyundai_Elantra,Mid,15000.0,11.407576060361786
Maruti Suzuki,Swift-Dzire,9,63000.0,Manual,first,Diesel,435000,Maruti Suzuki_Swift-Dzire,Mid,7000.0,11.050905878263567
Honda,WR-V,6,43258.0,Manual,first,Diesel,751000,Honda_WR-V,Mid,7209.666666666667,10.674960583197336
Mercedes-Benz,C-Class,10,96000.0,Automatic,second,Diesel,850000,Mercedes-Benz_C-Class,Mid,9600.0,11.472113887062386
Maruti Suzuki,Zen-Estilo,14,86000.0,Manual,second,Petrol,125000,Maruti Suzuki_Zen-Estilo,Old,6142.857142857143,11.362114203075018
Renault,Duster,4,23000.0,Automatic,first,Petrol,599000,Renault_Duster,Recent,5750.0,10.043292972227004
Mahindra,XUV500,5,120000.0,Manual,first,Diesel,995000,Mahindra_XUV500,Recent,24000.0,11.695255355062795
Tata,Safari Storme,9,82000.0,Manual,first,Diesel,499000,Tata_Safari Storme,Mid,9111.111111111111,11.314486721293981
Hyundai,Verna,14,80000.0,Manual,second,Diesel,199000,Hyundai_Verna,Old,5714.285714285715,11.289794413577894
Skoda,Laura,13,153226.0,Automatic,second,Diesel,400000,Skoda_Laura,Old,11786.615384615385,11.939675760969024
Hyundai,New i20,1,46000.0,Manual,first,Petrol,725000,Hyundai_New i20,New,46000.0,10.736418414365376
Maruti Suzuki,800,27,28000.0,Manual,first,Petrol,60000,Maruti Suzuki_800,Old,1037.037037037037,10.239995502805316
Kia,Seltos,2,79000.0,Automatic,second,Diesel,1650000,Kia_Seltos,New,39500.0,11.277215789596893
Land Rover,Range Rover Velar,3,32422.0,Automatic,second,Petrol,7499999,Land Rover_Range Rover Velar,Recent,10807.333333333334,10.386623326480455
Maruti Suzuki,Alto-800,8,26000.0,Manual,second,Petrol,275000,Maruti Suzuki_Alto-800,Mid,3250.0,10.165890277802454
BMW,X1,4,29600.0,Automatic,first,Petrol,3345000,BMW_X1,Recent,7400.0,10.295563423525277
Maruti Suzuki,Alto-800,16,88000.0,Manual,second,Petrol,160000,Maruti Suzuki_Alto-800,Old,5500.0,11.385103457032141
Tata,Tiago,7,80000.0,Manual,second,Petrol,325000,Tata_Tiago,Mid,11428.57142857143,11.289794413577894
Toyota,Innova Crysta,7,177000.0,Manual,first,Diesel,1445000,Toyota_Innova Crysta,Mid,25285.714285714286,12.083910661257521
Maruti Suzuki,Swift,4,46000.0,Manual,first,Petrol,655000,Maruti Suzuki_Swift,Recent,11500.0,10.736418414365376
Renault,Duster,5,58000.0,Manual,first,Diesel,650000,Renault_Duster,Recent,11600.0,10.968215530759236
Maruti Suzuki,Wagon-R,10,62000.0,Manual,second,Diesel,250000,Maruti Suzuki_Wagon-R,Mid,6200.0,11.034905792929415
Honda,WRV,5,120000.0,Manual,second,Diesel,725000,Honda_WRV,Recent,24000.0,11.695255355062795
Mercedes-Benz,GL-Class,11,92203.0,Automatic,second,Diesel,2751000,Mercedes-Benz_GL-Class,Old,8382.09090909091,11.431758792551568
Volkswagen,Jetta,12,88049.0,Manual,second,Diesel,599999,Volkswagen_Jetta,Old,7337.416666666667,11.385660113924352
Renault,KWID,9,63000.0,Manual,second,Petrol,199999,Renault_KWID,Mid,7000.0,11.050905878263567
Toyota,Innova,11,180000.0,Manual,second,Diesel,875000,Toyota_Innova,Old,16363.636363636364,12.100717685412471
Mahindra,XUV500,8,96000.0,Manual,first,Diesel,750000,Mahindra_XUV500,Mid,12000.0,11.472113887062386
Tata,Nano,14,50000.0,Manual,second,Petrol,49000,Tata_Nano,Old,3571.4285714285716,10.819798284210286
Mitsubishi,Pajero Sport,12,90000.0,Manual,second,Diesel,799999,Mitsubishi_Pajero Sport,Old,7500.0,11.407576060361786
Hyundai,Santro Xing,17,65137.5,Manual,second,Petrol,148000,Hyundai_Santro Xing,Old,3831.6176470588234,11.084271051239332
Volkswagen,Polo,9,75000.0,Manual,second,Diesel,585000,Volkswagen_Polo,Mid,8333.333333333334,11.225256725762893
Maruti Suzuki,Wagon-R-1-0,17,202000.0,Manual,second,Petrol,150000,Maruti Suzuki_Wagon-R-1-0,Old,11882.35294117647,12.216027926866138
Mahindra,Thar,3,20000.0,Manual,first,Diesel,1199000,Mahindra_Thar,Recent,6666.666666666667,9.90353755128617
Maruti Suzuki,A-Star,13,50600.0,Automatic,second,Petrol,290000,Maruti Suzuki_A-Star,Old,3892.3076923076924,10.831726617926124
BMW,X1,7,65000.0,Automatic,second,Diesel,1450000,BMW_X1,Mid,9285.714285714286,11.082157933374816
Mahindra,XUV500,12,75000.0,Manual,second,Diesel,450000,Mahindra_XUV500,Old,6250.0,11.225256725762893
Renault,KWID,7,42193.0,Automatic,second,Petrol,390000,Renault_KWID,Mid,6027.571428571428,10.650033309820769
Volkswagen,Polo,8,68500.0,Automatic,second,Petrol,651000,Volkswagen_Polo,Mid,8562.5,11.134603622683905
Hyundai,Xcent,5,57000.0,Manual,first,Petrol,490000,Hyundai_Xcent,Recent,11400.0,10.950824090522445
Mahindra,Scorpio N,8,55000.0,Automatic,first,Diesel,695000,Mahindra_Scorpio N,Mid,6875.0,10.915106645867503
Mahindra,Bolero,15,83000.0,Manual,second,Diesel,355000,Mahindra_Bolero,Old,5533.333333333333,11.326607934898927
Land Rover,Freelander 2,9,110000.0,Automatic,second,Diesel,1599000,Land Rover_Freelander 2,Mid,12222.222222222223,11.608244735642321
Mahindra,XUV500,12,85800.0,Manual,first,Diesel,460000,Mahindra_XUV500,Old,7150.0,11.359785940419789
Hyundai,i10,11,60000.0,Automatic,first,Petrol,375000,Hyundai_i10,Old,5454.545454545455,11.002116507732017
Toyota,Innova,10,209000.0,Manual,second,Diesel,1125000,Toyota_Innova,Mid,20900.0,12.250094315624496
Tata,Hexa,5,136927.0,Automatic,second,Diesel,1090000,Tata_Hexa,Recent,27385.4,11.827210519216543
Honda,Jazz,8,61000.0,Automatic,second,Petrol,450000,Honda_Jazz,Mid,7625.0,11.0186455364637
Maruti Suzuki,Ignis,6,52000.0,Automatic,first,Petrol,480000,Maruti Suzuki_Ignis,Mid,8666.666666666666,10.859018228147887
Jeep,Compass,6,70000.0,Automatic,second,Petrol,1150000,Jeep_Compass,Mid,11666.666666666666,11.156264806643742
Mahindra,XUV500,10,86000.0,Manual,first,Diesel,825000,Mahindra_XUV500,Mid,8600.0,11.362114203075018
Toyota,Innova Crysta,7,108277.0,Automatic,first,Diesel,1845000,Toyota_Innova Crysta,Mid,15468.142857142857,11.592457272925957
Maruti Suzuki,XL6,2,26000.0,Manual,first,Petrol,935000,Maruti Suzuki_XL6,New,13000.0,10.165890277802454
Land Rover,Range Rover Sport,9,82000.0,Automatic,first,Diesel,4175000,Land Rover_Range Rover Sport,Mid,9111.111111111111,11.314486721293981
Maruti Suzuki,Swift-Dzire,9,54000.0,Manual,second,Petrol,364000,Maruti Suzuki_Swift-Dzire,Mid,6000.0,10.896757843893464
MG,Hector,1,17000.0,Automatic,first,Petrol,2025000,MG_Hector,New,17000.0,9.741027444837728
Kia,Sonet,4,62000.0,Automatic,first,Diesel,825000,Kia_Sonet,Recent,15500.0,11.034905792929415
Mahindra,TUV,9,65000.0,Automatic,first,Diesel,599999,Mahindra_TUV,Mid,7222.222222222223,11.082157933374816
Audi,Q3,2,40000.0,Automatic,first,Petrol,5900000,Audi_Q3,New,20000.0,10.596659732783579
Toyota,Fortuner,11,174500.0,Automatic,second,Diesel,1450000,Toyota_Fortuner,Old,15863.636363636364,12.069685751267224
Chevrolet,Spark,14,270464.0,Manual,first,Petrol,60000,Chevrolet_Spark,Old,19318.85714285714,12.507897978878578
Maruti Suzuki,Swift-Dzire,7,29000.0,Automatic,first,Petrol,595000,Maruti Suzuki_Swift-Dzire,Mid,4142.857142857143,10.275085591132715
Toyota,Innova Crysta,2,80000.0,Manual,first,Diesel,2720000,Toyota_Innova Crysta,New,40000.0,11.289794413577894
Hyundai,Creta,8,80000.0,Manual,first,Diesel,790000,Hyundai_Creta,Mid,10000.0,11.289794413577894
Maruti Suzuki,Ciaz,8,81000.0,Automatic,second,Petrol,615000,Maruti Suzuki_Ciaz,Mid,10125.0,11.302216779257382
Maruti Suzuki,Sx4,12,155000.0,Manual,second,Diesel,225000,Maruti Suzuki_Sx4,Old,12916.666666666666,11.951186847493476
Hyundai,i10,13,60000.0,Manual,second,Petrol,165000,Hyundai_i10,Old,4615.384615384615,11.002116507732017
Skoda,Superb,9,68000.0,Manual,second,Petrol,570000,Skoda_Superb,Mid,7555.555555555556,11.127277689932466
Honda,Civic,4,39000.0,Automatic,first,Petrol,1725000,Honda_Civic,Recent,9750.0,10.571342565808699
Jaguar,XF,11,85000.0,Automatic,second,Diesel,985000,Jaguar_XF,Old,7727.272727272727,11.350418300109132
Ford,Ecosport,9,100000.0,Automatic,first,Petrol,535000,Ford_Ecosport,Mid,11111.111111111111,11.51293546492023
Jeep,Compass,4,25000.0,Manual,first,Diesel,1365000,Jeep_Compass,Recent,6250.0,10.12667110305036
Skoda,Octavia,8,120000.0,Automatic,second,Diesel,825000,Skoda_Octavia,Mid,15000.0,11.695255355062795
Maruti Suzuki,Wagon-R,14,84000.0,Manual,second,Petrol,185000,Maruti Suzuki_Wagon-R,Old,6000.0,11.338583982516495
Jeep,Compass,7,115000.0,Manual,second,Diesel,665000,Jeep_Compass,Mid,16428.571428571428,11.652696102959753
Hyundai,Santro Xing,15,100000.0,Manual,second,Petrol,200000,Hyundai_Santro Xing,Old,6666.666666666667,11.51293546492023
Mercedes-Benz,E-Class,11,52000.0,Automatic,first,Petrol,2100000,Mercedes-Benz_E-Class,Old,4727.272727272727,10.859018228147887
Toyota,Etios,8,145000.0,Manual,first,Diesel,480000,Toyota_Etios,Mid,18125.0,11.884495917930655
Honda,City,9,104000.0,Manual,first,Diesel,370000,Honda_City,Mid,11555.555555555555,11.552155793461898
Mercedes-Benz,M-Class,9,91540.0,Automatic,first,Diesel,2245000,Mercedes-Benz_M-Class,Mid,10171.111111111111,11.424542238334112
Land Rover,Discovery,7,89500.0,Automatic,first,Diesel,2390000,Land Rover_Discovery,Mid,12785.714285714286,11.402005077384885
Honda,City,20,91000.0,Automatic,first,Petrol,138000,Honda_City,Old,4550.0,11.418625774449598
Toyota,Fortuner,9,277000.0,Manual,first,Diesel,1465000,Toyota_Fortuner,Mid,30777.777777777777,12.531776395271262
Hyundai,Creta,7,180000.0,Manual,second,Diesel,850000,Hyundai_Creta,Mid,25714.285714285714,12.100717685412471
Hyundai,Creta,9,73000.0,Automatic,second,Diesel,625000,Hyundai_Creta,Mid,8111.111111111111,11.19822841866684
BMW,5 Series,7,69000.0,Automatic,second,Diesel,3695000,BMW_5 Series,Mid,9857.142857142857,11.141876276228
Maruti Suzuki,maruti-suzuki-dzire,6,34000.0,Manual,first,Petrol,425000,Maruti Suzuki_maruti-suzuki-dzire,Mid,5666.666666666667,10.434145214930487
Honda,Jazz,7,139000.0,Manual,second,Diesel,320000,Honda_Jazz,Mid,19857.14285714286,11.842236406331555
Audi,A4,7,73000.0,Automatic,second,Diesel,2151000,Audi_A4,Mid,10428.57142857143,11.19822841866684
Hyundai,Creta,7,50000.0,Manual,first,Petrol,799999,Hyundai_Creta,Mid,7142.857142857143,10.819798284210286
Hyundai,Verna,1,23000.0,Automatic,first,Petrol,1525000,Hyundai_Verna,New,23000.0,10.043292972227004
Skoda,Rapid,6,174000.0,Automatic,first,Diesel,710000,Skoda_Rapid,Mid,29000.0,12.066816325306588
Maruti Suzuki,Grand Vitara,2,27000.0,Manual,first,Petrol,1575000,Maruti Suzuki_Grand Vitara,New,13500.0,10.203629181337648
Hyundai,Fluidic Verna,13,72000.0,Manual,second,Petrol,205000,Hyundai_Fluidic Verna,Old,5538.461538461538,11.184435286790631
Maruti Suzuki,Alto,13,72000.0,Manual,second,Petrol,85000,Maruti Suzuki_Alto,Old,5538.461538461538,11.184435286790631
Mercedes-Benz,C Class,14,117000.0,Automatic,first,Diesel,990000,Mercedes-Benz_C Class,Old,8357.142857142857,11.669937760751914
Ford,Endeavour,8,98500.0,Automatic,second,Diesel,1995000,Ford_Endeavour,Mid,12312.5,11.49782197939291
Hyundai,Creta,6,68500.0,Manual,second,Diesel,714999,Hyundai_Creta,Mid,11416.666666666666,11.134603622683905
Nissan,Micra,7,76000.0,Automatic,second,Petrol,445000,Nissan_Micra,Mid,10857.142857142857,11.23850177707664
Audi,Q7,8,139000.0,Automatic,first,Diesel,2399000,Audi_Q7,Mid,17375.0,11.842236406331555
Maruti Suzuki,Ertiga,4,40000.0,Automatic,first,Petrol,900000,Maruti Suzuki_Ertiga,Recent,10000.0,10.596659732783579
Maruti Suzuki,Vitara-Brezza,7,77500.0,Manual,second,Diesel,790000,Maruti Suzuki_Vitara-Brezza,Mid,11071.42857142857,11.258046118484
Honda,Jazz,7,78000.0,Automatic,second,Petrol,550000,Honda_Jazz,Mid,11142.857142857143,11.264476926102367
Toyota,Fortuner,2,61000.0,Automatic,first,Diesel,3600000,Toyota_Fortuner,New,30500.0,11.0186455364637
Hyundai,Alcazar,1,24000.0,Automatic,second,Diesel,1975000,Hyundai_Alcazar,New,24000.0,10.085850775128717
Maruti Suzuki,Dzire,16,96000.0,Manual,second,Petrol,199000,Maruti Suzuki_Dzire,Old,6000.0,11.472113887062386
Renault,Kiger,3,12300.0,Manual,second,Petrol,580000,Renault_Kiger,Recent,4100.0,9.417435838868785
Land Rover,Range Rover Evoque,6,39000.0,Automatic,second,Diesel,3149999,Land Rover_Range Rover Evoque,Mid,6500.0,10.571342565808699
Ambassador,Ambassador,9,18.0,Manual,second,Petrol,999599,Ambassador_Ambassador,Mid,2.0,2.9444389791664403
Honda,City,10,91000.0,Manual,second,Diesel,550000,Honda_City,Mid,9100.0,11.418625774449598
Audi,A6,1,12000.0,Automatic,first,Petrol,5100000,Audi_A6,New,12000.0,9.392745258631441
Ford,Endeavour,6,90000.0,Automatic,second,Diesel,2350000,Ford_Endeavour,Mid,15000.0,11.407576060361786
Maruti Suzuki,Swift-Dzire,10,91000.0,Manual,second,Diesel,370000,Maruti Suzuki_Swift-Dzire,Mid,9100.0,11.418625774449598
Volkswagen,VentoTest,12,42000.0,Manual,first,Petrol,300000,Volkswagen_VentoTest,Old,3500.0,10.645448706505872
Jaguar,XJ,9,25000.0,Automatic,first,Diesel,2390000,Jaguar_XJ,Mid,2777.777777777778,10.12667110305036
Mahindra,Scorpio,2,44000.0,Manual,first,Diesel,1335000,Mahindra_Scorpio,New,22000.0,10.691967639914864
Renault,Kiger,2,11425.0,Automatic,first,Petrol,749000,Renault_Kiger,New,5712.5,9.343646739284408
Renault,Duster,11,65000.0,Manual,second,Diesel,359000,Renault_Duster,Old,5909.090909090909,11.082157933374816
Mercedes-Benz,S-Class,8,39000.0,Automatic,first,Petrol,7495000,Mercedes-Benz_S-Class,Mid,4875.0,10.571342565808699
Honda,City,7,55000.0,Manual,second,Petrol,625000,Honda_City,Mid,7857.142857142857,10.915106645867503
Skoda,Rapid,7,77000.0,Manual,second,Diesel,590000,Skoda_Rapid,Mid,11000.0,11.251573687764477
Hyundai,Elite i20,9,54000.0,Manual,first,Petrol,374000,Hyundai_Elite i20,Mid,6000.0,10.896757843893464
BMW,X5,6,42000.0,Automatic,first,Diesel,3999999,BMW_X5,Mid,7000.0,10.645448706505872
Mahindra,Marazzo,5,80000.0,Manual,first,Diesel,775000,Mahindra_Marazzo,Recent,16000.0,11.289794413577894
Hyundai,Creta,5,86000.0,Manual,first,Diesel,850000,Hyundai_Creta,Recent,17200.0,11.362114203075018
Hyundai,Creta,2,25000.0,Automatic,first,Petrol,1650000,Hyundai_Creta,New,12500.0,10.12667110305036
Mahindra,Scorpio,5,16.0,Automatic,second,Diesel,1027000,Mahindra_Scorpio,Recent,3.2,2.833213344056216
Volkswagen,VentoTest,11,61000.0,Manual,first,Petrol,351000,Volkswagen_VentoTest,Old,5545.454545454545,11.0186455364637
Honda,Jazz,7,55000.0,Manual,second,Petrol,475000,Honda_Jazz,Mid,7857.142857142857,10.915106645867503
Mahindra,TUV,8,71111.0,Manual,first,Diesel,530000,Mahindra_TUV,Mid,8888.875,11.17201137792151
Hyundai,Creta,5,52000.0,Automatic,first,Petrol,1075000,Hyundai_Creta,Recent,10400.0,10.859018228147887
Maruti Suzuki,Swift,13,72119.0,Manual,second,Petrol,209999,Maruti Suzuki_Swift,Old,5547.615384615385,11.186086677317254
Hyundai,Venue,4,74000.0,Manual,first,Diesel,935000,Hyundai_Venue,Recent,18500.0,11.211833885608513
Hyundai,i20 Active,9,20.0,Manual,second,Petrol,375000,Hyundai_i20 Active,Mid,2.2222222222222223,3.044522437723423
Chevrolet,Cruze,14,80000.0,Automatic,second,Diesel,225000,Chevrolet_Cruze,Old,5714.285714285715,11.289794413577894
Maruti Suzuki,Baleno,5,50000.0,Manual,first,Petrol,575000,Maruti Suzuki_Baleno,Recent,10000.0,10.819798284210286
Maruti Suzuki,Wagon R,8,55000.0,Manual,second,Petrol,315000,Maruti Suzuki_Wagon R,Mid,6875.0,10.915106645867503
Jaguar,XJ,7,20000.0,Automatic,first,Petrol,5600000,Jaguar_XJ,Mid,2857.1428571428573,9.90353755128617
Maruti Suzuki,S-Cross1,6,87000.0,Manual,second,Diesel,530000,Maruti Suzuki_S-Cross1,Mid,14500.0,11.373674891823535
Honda,WRV,5,51000.0,Manual,first,Petrol,740000,Honda_WRV,Recent,10200.0,10.839600519357369
Mercedes-Benz,GLE COUPE,3,16000.0,Automatic,first,Petrol,13300000,Mercedes-Benz_GLE COUPE,Recent,5333.333333333333,9.680406499268875
Hyundai,Creta,5,78000.0,Automatic,first,Petrol,1045000,Hyundai_Creta,Recent,15600.0,11.264476926102367
Maruti Suzuki,Swift,12,98000.0,Manual,second,Petrol,373000,Maruti Suzuki_Swift,Old,8166.666666666667,11.49273296168228
BMW,5 Series,13,115000.0,Automatic,second,Diesel,520000,BMW_5 Series,Old,8846.153846153846,11.652696102959753
Mahindra,XUV500,5,19000.0,Manual,second,Diesel,995000,Mahindra_XUV500,Recent,3800.0,9.852246888342531
Toyota,Fortuner,2,50000.0,Manual,first,Diesel,4000000,Toyota_Fortuner,New,25000.0,10.819798284210286
BMW,3 Series GT,8,61000.0,Automatic,first,Diesel,2151000,BMW_3 Series GT,Mid,7625.0,11.0186455364637
Audi,A3,10,44000.0,Automatic,first,Diesel,1670000,Audi_A3,Mid,4400.0,10.691967639914864
Mahindra,XUV500,10,67000.0,Manual,first,Diesel,450000,Mahindra_XUV500,Mid,6700.0,11.112462823634855
Toyota,Innova,13,250000.0,Manual,first,Diesel,899999,Toyota_Innova,Old,19230.76923076923,12.429220196836383
Audi,A4,10,172000.0,Automatic,second,Diesel,1150000,Audi_A4,Mid,17200.0,12.055255569732177
Ford,Ecosport,9,93000.0,Manual,first,Diesel,675000,Ford_Ecosport,Mid,10333.333333333334,11.440365524765756
Maruti Suzuki,Baleno,7,46000.0,Manual,first,Petrol,421000,Maruti Suzuki_Baleno,Mid,6571.428571428572,10.736418414365376
Maruti Suzuki,Swift,5,98000.0,Automatic,first,Petrol,640000,Maruti Suzuki_Swift,Recent,19600.0,11.49273296168228
Hyundai,Verna,12,62000.0,Manual,first,Petrol,349000,Hyundai_Verna,Old,5166.666666666667,11.034905792929415
Mahindra,Scorpio N,1,60000.0,Automatic,first,Diesel,1951000,Mahindra_Scorpio N,New,60000.0,11.002116507732017
Maruti Suzuki,Baleno,5,35000.0,Automatic,first,Petrol,700000,Maruti Suzuki_Baleno,Recent,7000.0,10.463131911491967
Hyundai,Santro Xing,17,100000.0,Manual,second,Petrol,100000,Hyundai_Santro Xing,Old,5882.35294117647,11.51293546492023
Hyundai,Grand i10,9,52000.0,Automatic,first,Petrol,375000,Hyundai_Grand i10,Mid,5777.777777777777,10.859018228147887
Maruti Suzuki,Vitara-Brezza,3,63000.0,Manual,first,Petrol,795000,Maruti Suzuki_Vitara-Brezza,Recent,21000.0,11.050905878263567
Hyundai,Venue,3,68000.0,Automatic,second,Petrol,820000,Hyundai_Venue,Recent,22666.666666666668,11.127277689932466
Tata,Indigo Ecs,9,132000.0,Manual,second,Diesel,150000,Tata_Indigo Ecs,Mid,14666.666666666666,11.790564777297387
Honda,Amaze,6,65000.0,Automatic,first,Diesel,799000,Honda_Amaze,Mid,10833.333333333334,11.082157933374816
Tata,Nexon,4,18231.0,Manual,first,Petrol,539101,Tata_Nexon,Recent,4557.75,9.81093357092552
Lexus,LX,6,27000.0,Automatic,second,Diesel,17500000,Lexus_LX,Mid,4500.0,10.203629181337648
Mercedes-Benz,E-Class,12,73800.0,Automatic,second,Diesel,990000,Mercedes-Benz_E-Class,Old,6150.0,11.209127560632263
Mini,Cooper Convertible,6,40000.0,Automatic,second,Petrol,3400000,Mini_Cooper Convertible,Mid,6666.666666666667,10.596659732783579
BMW,3 Series GT,7,77000.0,Automatic,first,Diesel,2450000,BMW_3 Series GT,Mid,11000.0,11.251573687764477
Maruti Suzuki,Alto-800,6,72531.0,Manual,first,Petrol,265000,Maruti Suzuki_Alto-800,Mid,12088.5,11.191783122773916
Audi,A3,9,65000.0,Automatic,second,Diesel,899999,Audi_A3,Mid,7222.222222222223,11.082157933374816
Toyota,Innova Crysta,6,116000.0,Automatic,first,Diesel,1650000,Toyota_Innova Crysta,Mid,19333.333333333332,11.661354090741
MG,ASTOR,0,8000.0,Automatic,first,Petrol,1800000,MG_ASTOR,New,8000.0,8.987321812850125
Maruti Suzuki,Baleno,7,81000.0,Manual,second,Petrol,575000,Maruti Suzuki_Baleno,Mid,11571.42857142857,11.302216779257382
Hyundai,Verna,11,120000.0,Manual,second,Diesel,360000,Hyundai_Verna,Old,10909.09090909091,11.695255355062795
Mahindra,Thar,9,71291.0,Manual,second,Diesel,520000,Mahindra_Thar,Mid,7921.222222222223,11.174539398143741
Ford,Endeavour,7,80000.0,Automatic,first,Diesel,2275000,Ford_Endeavour,Mid,11428.57142857143,11.289794413577894
Maruti Suzuki,Vitara-Brezza,5,54900.0,Automatic,second,Diesel,790000,Maruti Suzuki_Vitara-Brezza,Recent,10980.0,10.91328684226798
Maruti Suzuki,Baleno,6,55000.0,Manual,first,Diesel,590000,Maruti Suzuki_Baleno,Mid,9166.666666666666,10.915106645867503
Hyundai,Creta Facelift,6,40000.0,Automatic,first,Diesel,888000,Hyundai_Creta Facelift,Mid,6666.666666666667,10.596659732783579
Maruti Suzuki,Swift-Dzire,11,175000.0,Manual,second,Diesel,370000,Maruti Suzuki_Swift-Dzire,Old,15909.09090909091,12.07254696717504
BMW,5 Series,10,90000.0,Automatic,second,Diesel,1221000,BMW_5 Series,Mid,9000.0,11.407576060361786
Tata,Indica Ev2,8,123000.0,Manual,second,Diesel,65000,Tata_Indica Ev2,Mid,15375.0,11.719947764402807
Mercedes-Benz,C-Class,8,95000.0,Automatic,first,Diesel,1795000,Mercedes-Benz_C-Class,Mid,11875.0,11.461642696843066
Hyundai,Creta,5,7687.0,Automatic,first,Diesel,700000,Hyundai_Creta,Recent,1537.4,8.947415950650129
Maruti Suzuki,Swift-Dzire,4,82000.0,Manual,first,Petrol,535000,Maruti Suzuki_Swift-Dzire,Recent,20500.0,11.314486721293981
Toyota,Corolla Altis,7,123000.0,Manual,second,Diesel,1175000,Toyota_Corolla Altis,Mid,17571.428571428572,11.719947764402807
Toyota,Fortuner,7,59023.0,Automatic,second,Diesel,2995000,Toyota_Fortuner,Mid,8431.857142857143,10.985699419836457
Ford,Endeavour,6,115000.0,Automatic,second,Diesel,2275000,Ford_Endeavour,Mid,19166.666666666668,11.652696102959753
Toyota,Innova Crysta,7,90000.0,Manual,second,Diesel,1250000,Toyota_Innova Crysta,Mid,12857.142857142857,11.407576060361786
Maruti Suzuki,Alto-800,10,88600.0,Automatic,second,Petrol,185000,Maruti Suzuki_Alto-800,Mid,8860.0,11.391898423211194
Hyundai,Eon,7,33000.0,Manual,first,Petrol,280000,Hyundai_Eon,Mid,4714.285714285715,10.404293143019792
Skoda,Octavia,10,105904.0,Automatic,second,Diesel,1040000,Skoda_Octavia,Mid,10590.4,11.570297744828098
Tata,Altroz,4,12600.0,Manual,first,Petrol,575000,Tata_Altroz,Recent,3150.0,9.441531454869693
Datsun,Redi Go,6,76000.0,Manual,second,Petrol,211000,Datsun_Redi Go,Mid,12666.666666666666,11.23850177707664
Mahindra,XUV500,12,125000.0,Manual,second,Diesel,450000,Mahindra_XUV500,Old,10416.666666666666,11.736077016252437
Mercedes-Benz,E-Class,5,29800.0,Automatic,first,Diesel,4490000,Mercedes-Benz_E-Class,Recent,5960.0,10.30229722897745
Mercedes-Benz,C-Class,13,46000.0,Automatic,second,Diesel,600000,Mercedes-Benz_C-Class,Old,3538.4615384615386,10.736418414365376
Mercedes-Benz,E-Class,10,73000.0,Automatic,second,Diesel,1230000,Mercedes-Benz_E-Class,Mid,7300.0,11.19822841866684
Ford,Endeavour,7,91000.0,Automatic,second,Diesel,2050000,Ford_Endeavour,Mid,13000.0,11.418625774449598
Mahindra,Thar,4,40000.0,Automatic,first,Diesel,1350000,Mahindra_Thar,Recent,10000.0,10.596659732783579
BMW,7 Series,6,24200.0,Automatic,first,Diesel,7750000,BMW_7 Series,Mid,4033.3333333333335,10.094149233605084
Hyundai,Grand i10,11,61000.0,Manual,first,Petrol,280000,Hyundai_Grand i10,Old,5545.454545454545,11.0186455364637
BMW,3 Series GT,5,31000.0,Automatic,first,Diesel,3199999,BMW_3 Series GT,Recent,6200.0,10.34177474101152
Mercedes-Benz,E-Class,10,83000.0,Automatic,second,Diesel,1395000,Mercedes-Benz_E-Class,Mid,8300.0,11.326607934898927
Maruti Suzuki,Ritz,12,165000.0,Manual,second,Diesel,175000,Maruti Suzuki_Ritz,Old,13750.0,12.013706813470414
Maruti Suzuki,S-Presso,5,17000.0,Automatic,second,Petrol,390000,Maruti Suzuki_S-Presso,Recent,3400.0,9.741027444837728
Maruti Suzuki,Wagon-R,11,56000.0,Manual,first,Petrol,249000,Maruti Suzuki_Wagon-R,Old,5090.909090909091,10.933124826700707
Audi,A6,10,11000.0,Automatic,first,Diesel,1350000,Audi_A6,Mid,1100.0,9.305741456739435
Ford,Endeavour,6,115000.0,Automatic,first,Diesel,2250000,Ford_Endeavour,Mid,19166.666666666668,11.652696102959753
Kia,Seltos,4,49900.0,Manual,first,Petrol,999000,Kia_Seltos,Recent,12475.0,10.817796321618971
Mercedes-Benz,C-Class,11,65000.0,Automatic,second,Petrol,945000,Mercedes-Benz_C-Class,Old,5909.090909090909,11.082157933374816
Maruti Suzuki,Alto,18,79000.0,Manual,second,Petrol,69000,Maruti Suzuki_Alto,Old,4388.888888888889,11.277215789596893
Maruti Suzuki,Zen-Estilo,21,33000.0,Manual,second,Petrol,129000,Maruti Suzuki_Zen-Estilo,Old,1571.4285714285713,10.404293143019792
Kia,Seltos,3,58000.0,Automatic,first,Petrol,1299999,Kia_Seltos,Recent,19333.333333333332,10.968215530759236
Toyota,Innova,12,250000.0,Manual,second,Diesel,800000,Toyota_Innova,Old,20833.333333333332,12.429220196836383
Audi,A6,8,52000.0,Automatic,second,Diesel,1650000,Audi_A6,Mid,6500.0,10.859018228147887
Maruti Suzuki,Ciaz,4,55000.0,Manual,first,Petrol,890000,Maruti Suzuki_Ciaz,Recent,13750.0,10.915106645867503
Honda,City,10,85000.0,Manual,first,Diesel,395000,Honda_City,Mid,8500.0,11.350418300109132
Hyundai,Creta,8,62000.0,Manual,first,Petrol,645000,Hyundai_Creta,Mid,7750.0,11.034905792929415
Honda,City,8,67000.0,Manual,second,Diesel,500000,Honda_City,Mid,8375.0,11.112462823634855
Mercedes-Benz,GLA Class,5,31000.0,Automatic,first,Petrol,2765000,Mercedes-Benz_GLA Class,Recent,6200.0,10.34177474101152
BMW,5 Series,12,50800.0,Automatic,first,Diesel,1125000,BMW_5 Series,Old,4233.333333333333,10.835671318412196
Volvo,XC60,9,62000.0,Automatic,second,Diesel,1450000,Volvo_XC60,Mid,6888.888888888889,11.034905792929415
Hyundai,i20,1,11300.0,Automatic,first,Petrol,925000,Hyundai_i20,New,11300.0,9.332646496360152
Maruti Suzuki,Swift,6,105000.0,Automatic,first,Diesel,630000,Maruti Suzuki_Swift,Mid,17500.0,11.561725152903833
Tata,Hexa,7,98623.0,Automatic,first,Diesel,635000,Tata_Hexa,Mid,14089.0,11.499069918679787
Hyundai,i20,10,56000.0,Manual,first,Petrol,465000,Hyundai_i20,Mid,5600.0,10.933124826700707
Hyundai,Eon,7,68000.0,Manual,second,Petrol,255000,Hyundai_Eon,Mid,9714.285714285714,11.127277689932466
Maruti Suzuki,Swift,6,85000.0,Manual,second,Diesel,935000,Maruti Suzuki_Swift,Mid,14166.666666666666,11.350418300109132
MG,Hector,4,27000.0,Automatic,second,Petrol,1300000,MG_Hector,Recent,6750.0,10.203629181337648
Tata,Tiago,7,39065.0,Manual,first,Petrol,448000,Tata_Tiago,Mid,5580.714285714285,10.573007802464916
Maruti Suzuki,Ertiga,7,44000.0,Automatic,first,Petrol,785000,Maruti Suzuki_Ertiga,Mid,6285.714285714285,10.691967639914864
Honda,Amaze,9,89000.0,Manual,second,Petrol,420000,Honda_Amaze,Mid,9888.888888888889,11.39640288460621
Honda,City,9,120000.0,Manual,second,Petrol,600000,Honda_City,Mid,13333.333333333334,11.695255355062795
Hyundai,Venue,3,33000.0,Manual,first,Petrol,795000,Hyundai_Venue,Recent,11000.0,10.404293143019792
Toyota,Innova Crysta,2,32500.0,Manual,first,Diesel,2900000,Toyota_Innova Crysta,New,16250.0,10.389026137075234
Honda,Amaze,6,124000.0,Manual,first,Diesel,695000,Honda_Amaze,Mid,20666.666666666668,11.728044909070785
Honda,City,10,78000.0,Manual,second,Diesel,499800,Honda_City,Mid,7800.0,11.264476926102367
Honda,City,10,65374.0,Automatic,second,Petrol,545000,Honda_City,Mid,6537.4,11.087895201367225
Maruti Suzuki,Celerio,7,57000.0,Automatic,second,Petrol,319000,Maruti Suzuki_Celerio,Mid,8142.857142857143,10.950824090522445
Fiat,Linea,15,80000.0,Manual,first,Petrol,115000,Fiat_Linea,Old,5333.333333333333,11.289794413577894
Toyota,Fortuner,9,95000.0,Manual,first,Diesel,1565000,Toyota_Fortuner,Mid,10555.555555555555,11.461642696843066
Toyota,Etios Liva,12,117000.0,Manual,second,Petrol,384000,Toyota_Etios Liva,Old,9750.0,11.669937760751914
Mahindra,Thar,9,35000.0,Manual,second,Diesel,650000,Mahindra_Thar,Mid,3888.8888888888887,10.463131911491967
Maruti Suzuki,Ertiga,5,105000.0,Manual,second,Diesel,960000,Maruti Suzuki_Ertiga,Recent,21000.0,11.561725152903833
BMW,2 Series,2,14000.0,Automatic,first,Diesel,3800000,BMW_2 Series,New,7000.0,9.546884034617925
Mahindra,Thar,3,55000.0,Automatic,first,Petrol,1175000,Mahindra_Thar,Recent,18333.333333333332,10.915106645867503
Toyota,Fortuner,5,69810.0,Manual,second,Diesel,2985000,Toyota_Fortuner,Recent,13962.0,11.15354686945718
Hyundai,Venue,2,53000.0,Manual,second,Petrol,955000,Hyundai_Venue,New,26500.0,10.87806606028079
Kia,Seltos,4,86000.0,Automatic,first,Diesel,1580000,Kia_Seltos,Recent,21500.0,11.362114203075018
Hyundai,i10,14,100000.0,Manual,second,Petrol,150000,Hyundai_i10,Old,7142.857142857143,11.51293546492023
Maruti Suzuki,Vitara-Brezza,8,55000.0,Manual,first,Diesel,740000,Maruti Suzuki_Vitara-Brezza,Mid,6875.0,10.915106645867503
Mahindra,Scorpio Classic,4,47000.0,Manual,second,Diesel,1550000,Mahindra_Scorpio Classic,Recent,11750.0,10.757924157061597
Chevrolet,Beat,8,44000.0,Manual,second,Petrol,215000,Chevrolet_Beat,Mid,5500.0,10.691967639914864
Maruti Suzuki,Swift-Dzire,2,9850.0,Manual,first,Petrol,695000,Maruti Suzuki_Swift-Dzire,New,4925.0,9.19532825185568
Honda,Brio,12,50000.0,Manual,second,Petrol,239999,Honda_Brio,Old,4166.666666666667,10.819798284210286
Mercedes-Benz,GLE,2,20400.0,Automatic,first,Diesel,7200000,Mercedes-Benz_GLE,New,10200.0,9.923339198238729
Ford,Ecosport,9,125000.0,Manual,first,Petrol,445000,Ford_Ecosport,Mid,13888.888888888889,11.736077016252437
Honda,Amaze,10,52000.0,Automatic,second,Petrol,425000,Honda_Amaze,Mid,5200.0,10.859018228147887
Maruti Suzuki,Wagon-R,17,85000.0,Manual,second,Petrol,200000,Maruti Suzuki_Wagon-R,Old,5000.0,11.350418300109132
Maruti Suzuki,Esteem,19,55000.0,Manual,first,Petrol,80000,Maruti Suzuki_Esteem,Old,2894.7368421052633,10.915106645867503
Audi,A4,8,44000.0,Automatic,second,Diesel,1195000,Audi_A4,Mid,5500.0,10.691967639914864
Audi,Q3,9,100000.0,Automatic,second,Diesel,1200000,Audi_Q3,Mid,11111.111111111111,11.51293546492023
Maruti Suzuki,800,10,34500.0,Manual,second,Petrol,240000,Maruti Suzuki_800,Mid,3450.0,10.448743588106625
Hyundai,Verna,5,37000.0,Manual,second,Petrol,825000,Hyundai_Verna,Recent,7400.0,10.518700218288165
Mercedes-Benz,M-Class,13,10010.0,Automatic,second,Diesel,810000,Mercedes-Benz_M-Class,Old,770.0,9.211439767419483
Toyota,Fortuner,10,185000.0,Manual,second,Diesel,1351000,Toyota_Fortuner,Mid,18500.0,12.128116509451258
BMW,3 Series,4,25000.0,Automatic,first,Petrol,3785111,BMW_3 Series,Recent,6250.0,10.12667110305036
Maruti Suzuki,800,24,50000.0,Manual,second,Petrol,90000,Maruti Suzuki_800,Old,2083.3333333333335,10.819798284210286
Hyundai,i20,6,75000.0,Manual,second,Diesel,700000,Hyundai_i20,Mid,12500.0,11.225256725762893
Maruti Suzuki,Wagon R,12,60000.0,Manual,first,Petrol,295000,Maruti Suzuki_Wagon R,Old,5000.0,11.002116507732017
Toyota,Innova Crysta,7,120000.0,Manual,second,Diesel,1775000,Toyota_Innova Crysta,Mid,17142.85714285714,11.695255355062795
Mahindra,Alturas G4,5,71150.0,Automatic,second,Diesel,1500000,Mahindra_Alturas G4,Recent,14230.0,11.172559658233004
Honda,City,2,16000.0,Automatic,first,Petrol,1385000,Honda_City,New,8000.0,9.680406499268875
Mahindra,XUV500,7,95999.0,Automatic,first,Diesel,975000,Mahindra_XUV500,Mid,13714.142857142857,11.472103470449973
Hyundai,Verna,2,40000.0,Automatic,first,Diesel,1399000,Hyundai_Verna,New,20000.0,10.596659732783579
Mercedes-Benz,C-Class,9,68000.0,Automatic,second,Diesel,2700000,Mercedes-Benz_C-Class,Mid,7555.555555555556,11.127277689932466
Toyota,Etios,12,92000.0,Manual,second,Diesel,249999,Toyota_Etios,Old,7666.666666666667,11.429554725537322
Audi,A4,13,29300.0,Automatic,second,Petrol,799999,Audi_A4,Old,2253.846153846154,10.285376924115587
Toyota,Land Cruiser,6,60000.0,Automatic,first,Diesel,16400000,Toyota_Land Cruiser,Mid,10000.0,11.002116507732017
Mitsubishi,Outlander,14,98000.0,Automatic,first,Petrol,490000,Mitsubishi_Outlander,Old,7000.0,11.49273296168228
Maruti Suzuki,Celerio,2,39270.0,Automatic,first,Petrol,585000,Maruti Suzuki_Celerio,New,19635.0,10.578241611979182
Mercedes-Benz,GLS,7,88927.0,Automatic,first,Petrol,5500000,Mercedes-Benz_GLS,Mid,12703.857142857143,11.39558233254223
Toyota,Etios,13,78000.0,Manual,second,Petrol,190000,Toyota_Etios,Old,6000.0,11.264476926102367
Maruti Suzuki,XL6,4,38000.0,Manual,first,Petrol,1150000,Maruti Suzuki_XL6,Recent,9500.0,10.545367754151743
Maruti Suzuki,XL6,5,61231.0,Automatic,first,Petrol,825101,Maruti Suzuki_XL6,Recent,12246.2,11.022425207665483
Mercedes-Benz,GLE COUPE,3,32000.0,Automatic,second,Petrol,11800000,Mercedes-Benz_GLE COUPE,Recent,10666.666666666666,10.373522431293592
Renault,Duster,10,105000.0,Manual,second,Diesel,215000,Renault_Duster,Mid,10500.0,11.561725152903833
Kia,Carens,2,24000.0,Automatic,first,Diesel,1920000,Kia_Carens,New,12000.0,10.085850775128717
Ford,Ecosport,10,75000.0,Manual,first,Diesel,425000,Ford_Ecosport,Mid,7500.0,11.225256725762893
Maruti Suzuki,S-Presso,3,14000.0,Automatic,first,Petrol,475000,Maruti Suzuki_S-Presso,Recent,4666.666666666667,9.546884034617925
Mahindra,Scorpio,8,70013.0,Automatic,first,Diesel,1180000,Mahindra_Scorpio,Mid,8751.625,11.156450501034163
Mahindra,Marazzo,4,75000.0,Manual,second,Diesel,745000,Mahindra_Marazzo,Recent,18750.0,11.225256725762893
Tata,Tiago,7,71352.0,Manual,second,Petrol,325000,Tata_Tiago,Mid,10193.142857142857,11.17539466827194
Hyundai,Elantra,10,53000.0,Automatic,first,Petrol,575000,Hyundai_Elantra,Mid,5300.0,10.87806606028079
Hyundai,Verna,11,78000.0,Manual,second,Petrol,405000,Hyundai_Verna,Old,7090.909090909091,11.264476926102367
Audi,Q5,6,110000.0,Automatic,second,Diesel,2300000,Audi_Q5,Mid,18333.333333333332,11.608244735642321
Mahindra,XUV500,11,95000.0,Manual,second,Diesel,515000,Mahindra_XUV500,Old,8636.363636363636,11.461642696843066
Hyundai,i20,5,21000.0,Manual,first,Petrol,585000,Hyundai_i20,Recent,4200.0,9.952325334619427
Mercedes-Benz,GLS,2,95000.0,Automatic,second,Diesel,5300000,Mercedes-Benz_GLS,New,47500.0,11.461642696843066
Honda,City,20,80000.0,Manual,second,Petrol,95000,Honda_City,Old,4000.0,11.289794413577894
Honda,City,6,15000.0,Manual,first,Petrol,769999,Honda_City,Mid,2500.0,9.61587214452889
Hyundai,Creta,9,142000.0,Manual,first,Diesel,525000,Hyundai_Creta,Mid,15777.777777777777,11.863589378812122
Volkswagen,VentoTest,13,60000.0,Manual,first,Petrol,269000,Volkswagen_VentoTest,Old,4615.384615384615,11.002116507732017
Maruti Suzuki,maruti-suzuki-dzire,6,21000.0,Automatic,second,Petrol,555000,Maruti Suzuki_maruti-suzuki-dzire,Mid,3500.0,9.952325334619427
Maruti Suzuki,Ciaz,7,54000.0,Manual,first,Petrol,640000,Maruti Suzuki_Ciaz,Mid,7714.285714285715,10.896757843893464
Ford,Endeavour,6,136000.0,Automatic,first,Diesel,1990000,Ford_Endeavour,Mid,22666.666666666668,11.820417517632333
Hyundai,Verna,3,65000.0,Manual,second,Petrol,890000,Hyundai_Verna,Recent,21666.666666666668,11.082157933374816
BMW,3 Series,12,51000.0,Automatic,second,Diesel,699000,BMW_3 Series,Old,4250.0,10.839600519357369
Tata,Altroz,1,59500.0,Manual,first,Diesel,950000,Tata_Altroz,New,59500.0,10.993748398115178
Honda,City,5,49000.0,Automatic,first,Petrol,1021000,Honda_City,Recent,9800.0,10.799595985047786
Hyundai,Creta,9,72000.0,Automatic,first,Diesel,825000,Hyundai_Creta,Mid,8000.0,11.184435286790631
Renault,KWID,6,38000.0,Automatic,second,Petrol,380000,Renault_KWID,Mid,6333.333333333333,10.545367754151743
Toyota,Innova,12,0.0,Manual,second,Diesel,595000,Toyota_Innova,Old,0.0,0.0
Mahindra,Alturas G4,2,25000.0,Automatic,first,Diesel,2690000,Mahindra_Alturas G4,New,12500.0,10.12667110305036
Maruti Suzuki,Ertiga,8,65000.0,Manual,second,Diesel,560000,Maruti Suzuki_Ertiga,Mid,8125.0,11.082157933374816
Maruti Suzuki,Alto,16,100000.0,Manual,second,Petrol,98000,Maruti Suzuki_Alto,Old,6250.0,11.51293546492023
Maruti Suzuki,Swift Dzire,5,16000.0,Automatic,first,Diesel,850000,Maruti Suzuki_Swift Dzire,Recent,3200.0,9.680406499268875
Toyota,Etios Cross,8,45250.0,Manual,second,Petrol,459000,Toyota_Etios Cross,Mid,5656.25,10.719980048331397
Maruti Suzuki,Ertiga,12,73100.0,Manual,second,Petrol,535000,Maruti Suzuki_Ertiga,Old,6091.666666666667,11.199597325534862
Mahindra,Thar,2,58600.0,Automatic,first,Diesel,1800000,Mahindra_Thar,New,29300.0,10.978507040265917
Volkswagen,Polo,5,47000.0,Manual,second,Diesel,890000,Volkswagen_Polo,Recent,9400.0,10.757924157061597
Audi,A6,14,57000.0,Automatic,second,Petrol,465000,Audi_A6,Old,4071.4285714285716,10.950824090522445
Renault,KWID,3,7000.0,Manual,first,Petrol,385000,Renault_KWID,Recent,2333.3333333333335,8.853808274977197
Tata,Nexon,2,5000.0,Automatic,first,Petrol,1125000,Tata_Nexon,New,2500.0,8.517393171418904
Maruti Suzuki,Wagon-R,7,36000.0,Manual,first,Petrol,394000,Maruti Suzuki_Wagon-R,Mid,5142.857142857143,10.491301994830229
Mercedes-Benz,GLA,1,7500.0,Automatic,first,Diesel,5500000,Mercedes-Benz_GLA,New,7500.0,8.922791623969637
Honda,City,3,38000.0,Automatic,first,Petrol,1195000,Honda_City,Recent,12666.666666666666,10.545367754151743
Renault,Triber,4,27500.0,Manual,first,Petrol,520000,Renault_Triber,Recent,6875.0,10.221977646629885
Mercedes-Benz,GLE Class,8,48000.0,Automatic,second,Diesel,2875000,Mercedes-Benz_GLE Class,Mid,6000.0,10.778977123006351
Mahindra,Marazzo,6,87000.0,Manual,first,Diesel,700000,Mahindra_Marazzo,Mid,14500.0,11.373674891823535
Maruti Suzuki,Celerio,9,63000.0,Automatic,first,Petrol,385000,Maruti Suzuki_Celerio,Mid,7000.0,11.050905878263567
Mahindra,Scorpio,14,102000.0,Manual,first,Diesel,285999,Mahindra_Scorpio,Old,7285.714285714285,11.532737896139919
Honda,City,11,87000.0,Manual,second,Petrol,575000,Honda_City,Old,7909.090909090909,11.373674891823535
Jeep,Compass,6,92000.0,Manual,second,Diesel,900000,Jeep_Compass,Mid,15333.333333333334,11.429554725537322
Ford,Figo,11,82008.0,Manual,second,Diesel,128999,Ford_Figo,Old,7455.272727272727,11.314584276321192
Honda,City,6,38000.0,Automatic,second,Petrol,715000,Honda_City,Mid,6333.333333333333,10.545367754151743
Honda,City,11,79000.0,Automatic,second,Petrol,530000,Honda_City,Old,7181.818181818182,11.277215789596893
Maruti Suzuki,S-Presso,4,55000.0,Manual,second,Petrol,340000,Maruti Suzuki_S-Presso,Recent,13750.0,10.915106645867503
Mahindra,Bolero,12,138500.0,Manual,second,Diesel,609000,Mahindra_Bolero,Old,11541.666666666666,11.83863282480007
Volkswagen,Polo,8,102000.0,Manual,second,Petrol,550000,Volkswagen_Polo,Mid,12750.0,11.532737896139919
Skoda,Superb,6,0.0,Automatic,first,Petrol,1399999,Skoda_Superb,Mid,0.0,0.0
Skoda,Rapid,8,78000.0,Manual,first,Diesel,539999,Skoda_Rapid,Mid,9750.0,11.264476926102367
Kia,Sonet,2,29000.0,Automatic,first,Diesel,1260000,Kia_Sonet,New,14500.0,10.275085591132715
Chevrolet,Beat,10,85000.0,Automatic,second,Diesel,99000,Chevrolet_Beat,Mid,8500.0,11.350418300109132
Maruti Suzuki,Grand Vitara,0,2480.0,Manual,first,Petrol,1350000,Maruti Suzuki_Grand Vitara,New,2480.0,7.816416983691801
Toyota,Innova,10,155000.0,Manual,first,Diesel,825000,Toyota_Innova,Mid,15500.0,11.951186847493476
Hyundai,i20,12,180000.0,Manual,first,Diesel,299000,Hyundai_i20,Old,15000.0,12.100717685412471
Renault,Duster,10,95000.0,Manual,first,Diesel,449000,Renault_Duster,Mid,9500.0,11.461642696843066
Hyundai,Accent,15,54000.0,Manual,second,Petrol,125000,Hyundai_Accent,Old,3600.0,10.896757843893464
Maruti Suzuki,Brezza,7,68000.0,Manual,second,Diesel,570000,Maruti Suzuki_Brezza,Mid,9714.285714285714,11.127277689932466
Audi,A4,15,85120.0,Automatic,second,Petrol,975000,Audi_A4,Old,5674.666666666667,11.351829052626764
Honda,City,12,66147.0,Automatic,second,Petrol,351000,Honda_City,Old,5512.25,11.099649934770087
Mahindra,Marshal,24,55000.0,Manual,second,Diesel,15000,Mahindra_Marshal,Old,2291.6666666666665,10.915106645867503
Maruti Suzuki,Wagon-R,7,82000.0,Manual,second,Petrol,395000,Maruti Suzuki_Wagon-R,Mid,11714.285714285714,11.314486721293981
Ford,Endeavour,7,91535.0,Automatic,second,Diesel,1895000,Ford_Endeavour,Mid,13076.42857142857,11.42448761650831
Maruti Suzuki,Celerio,7,80000.0,Manual,second,Petrol,240000,Maruti Suzuki_Celerio,Mid,11428.57142857143,11.289794413577894
Maruti Suzuki,Ritz,13,78000.0,Manual,second,Petrol,310000,Maruti Suzuki_Ritz,Old,6000.0,11.264476926102367
Volkswagen,Vento,12,65000.0,Manual,first,Diesel,380000,Volkswagen_Vento,Old,5416.666666666667,11.082157933374816
Tata,Tiago,7,120000.0,Manual,first,Diesel,425000,Tata_Tiago,Mid,17142.85714285714,11.695255355062795
Maruti Suzuki,Swift,6,75000.0,Automatic,second,Diesel,525000,Maruti Suzuki_Swift,Mid,12500.0,11.225256725762893
Maruti Suzuki,Swift-Dzire-Tour,6,121331.0,Automatic,first,Diesel,525000,Maruti Suzuki_Swift-Dzire-Tour,Mid,20221.833333333332,11.7062858688794
Kia,Seltos,2,85000.0,Manual,first,Diesel,1160000,Kia_Seltos,New,42500.0,11.350418300109132
Volkswagen,VentoTest,6,68000.0,Automatic,second,Diesel,799999,Volkswagen_VentoTest,Mid,11333.333333333334,11.127277689932466
Honda,City,21,70000.0,Manual,second,Petrol,230000,Honda_City,Old,3333.3333333333335,11.156264806643742
Mahindra,Jeep,34,9000.0,Manual,second,Diesel,250000,Mahindra_Jeep,Old,264.70588235294116,9.105090961257085
BMW,7 Series,14,91000.0,Automatic,first,Diesel,999000,BMW_7 Series,Old,6500.0,11.418625774449598
Hyundai,Creta,2,48000.0,Manual,first,Diesel,1620000,Hyundai_Creta,New,24000.0,10.778977123006351
BMW,X7,2,32000.0,Automatic,first,Diesel,10700000,BMW_X7,New,16000.0,10.373522431293592
Maruti Suzuki,Ertiga,5,38500.0,Manual,second,Petrol,799000,Maruti Suzuki_Ertiga,Recent,7700.0,10.55843949396453
Honda,City,4,60766.0,Automatic,first,Petrol,1150000,Honda_City,Recent,15191.5,11.014802157447122
Hyundai,Eon,6,43000.0,Manual,second,Petrol,280000,Hyundai_Eon,Mid,7166.666666666667,10.668978650219241
Skoda,Fabia,16,80000.0,Manual,second,Petrol,235000,Skoda_Fabia,Old,5000.0,11.289794413577894
Tata,Indigo Ecs,10,95000.0,Manual,second,Diesel,250000,Tata_Indigo Ecs,Mid,9500.0,11.461642696843066
Maruti Suzuki,XL6,5,52500.0,Manual,second,Petrol,875000,Maruti Suzuki_XL6,Recent,10500.0,10.868587496017359
Audi,A5,13,90000.0,Automatic,second,Diesel,1275000,Audi_A5,Old,6923.076923076923,11.407576060361786
Renault,Duster,11,96000.0,Manual,second,Diesel,350000,Renault_Duster,Old,8727.272727272728,11.472113887062386
Toyota,Fortuner,9,155000.0,Automatic,second,Diesel,1745000,Toyota_Fortuner,Mid,17222.222222222223,11.951186847493476
Hyundai,Eon,10,62000.0,Manual,first,Petrol,185000,Hyundai_Eon,Mid,6200.0,11.034905792929415
Volkswagen,Polo,11,75000.0,Manual,second,Diesel,295000,Volkswagen_Polo,Old,6818.181818181818,11.225256725762893
BMW,5 Series,6,82000.0,Automatic,second,Diesel,2475000,BMW_5 Series,Mid,13666.666666666666,11.314486721293981
Maruti Suzuki,XL6,3,45000.0,Manual,second,Petrol,1025000,Maruti Suzuki_XL6,Recent,15000.0,10.714439990727769
Hyundai,Verna,13,132000.0,Automatic,second,Petrol,310000,Hyundai_Verna,Old,10153.846153846154,11.790564777297387
Maruti Suzuki,Sx4,15,69000.0,Manual,second,Petrol,270000,Maruti Suzuki_Sx4,Old,4600.0,11.141876276228
Maruti Suzuki,Swift-Dzire,10,58000.0,Manual,second,Petrol,425000,Maruti Suzuki_Swift-Dzire,Mid,5800.0,10.968215530759236
Honda,City,4,69000.0,Manual,first,Petrol,899000,Honda_City,Recent,17250.0,11.141876276228
Maruti Suzuki,Jimny,1,1800.0,Automatic,first,Petrol,1450000,Maruti Suzuki_Jimny,New,1800.0,7.496097345175956
Land Rover,Range Rover Sport,13,73000.0,Automatic,second,Diesel,1850000,Land Rover_Range Rover Sport,Old,5615.384615384615,11.19822841866684
Mahindra,XUV500,8,100000.0,Manual,first,Diesel,650000,Mahindra_XUV500,Mid,12500.0,11.51293546492023
Chevrolet,Tavera,16,95000.0,Automatic,second,Diesel,130000,Chevrolet_Tavera,Old,5937.5,11.461642696843066
Hyundai,Grand i10 Nios,4,40000.0,Manual,first,Petrol,565000,Hyundai_Grand i10 Nios,Recent,10000.0,10.596659732783579
Hyundai,Verna,6,110000.0,Automatic,first,Diesel,990000,Hyundai_Verna,Mid,18333.333333333332,11.608244735642321
Ford,Ecosport,7,82000.0,Automatic,first,Petrol,575000,Ford_Ecosport,Mid,11714.285714285714,11.314486721293981
Maruti Suzuki,Wagon-R,8,14352.0,Automatic,second,Petrol,372000,Maruti Suzuki_Wagon-R,Mid,1794.0,9.57171425857138
Volkswagen,CrossPolo,9,61000.0,Manual,second,Petrol,375000,Volkswagen_CrossPolo,Mid,6777.777777777777,11.0186455364637
Hyundai,Grand i10,7,42000.0,Manual,first,Petrol,445000,Hyundai_Grand i10,Mid,6000.0,10.645448706505872
Mini,Cooper Countryman,11,38000.0,Automatic,second,Petrol,2100000,Mini_Cooper Countryman,Old,3454.5454545454545,10.545367754151743
Toyota,Innova,11,146000.0,Manual,second,Diesel,649000,Toyota_Innova,Old,13272.727272727272,11.891368749982085
Maruti Suzuki,Ciaz,9,82000.0,Manual,second,Diesel,375000,Maruti Suzuki_Ciaz,Mid,9111.111111111111,11.314486721293981
Maruti Suzuki,Ritz,13,120000.0,Manual,second,Diesel,220000,Maruti Suzuki_Ritz,Old,9230.76923076923,11.695255355062795
Honda,Jazz,6,21500.0,Automatic,first,Petrol,660000,Honda_Jazz,Mid,3583.3333333333335,9.975854724662028
Maruti Suzuki,Vitara-Brezza,7,72000.0,Manual,first,Diesel,595000,Maruti Suzuki_Vitara-Brezza,Mid,10285.714285714286,11.184435286790631
Maruti Suzuki,Swift,9,100000.0,Manual,second,Diesel,525000,Maruti Suzuki_Swift,Mid,11111.111111111111,11.51293546492023
Maruti Suzuki,Swift,6,65000.0,Automatic,first,Diesel,540000,Maruti Suzuki_Swift,Mid,10833.333333333334,11.082157933374816
Honda,City,8,59000.0,Automatic,second,Petrol,725000,Honda_City,Mid,7375.0,10.985309671896763
Mahindra,Scorpio,6,84000.0,Manual,first,Diesel,1185000,Mahindra_Scorpio,Mid,14000.0,11.338583982516495
Honda,Amaze,10,110000.0,Manual,first,Petrol,365000,Honda_Amaze,Mid,11000.0,11.608244735642321
Nissan,Terrano,9,74000.0,Manual,second,Diesel,315000,Nissan_Terrano,Mid,8222.222222222223,11.211833885608513
Mercedes-Benz,E-Class,15,60000.0,Automatic,second,Petrol,550000,Mercedes-Benz_E-Class,Old,4000.0,11.002116507732017
Renault,KWID,5,34000.0,Automatic,first,Petrol,365000,Renault_KWID,Recent,6800.0,10.434145214930487
Toyota,Innova,12,12000.0,Manual,second,Diesel,950000,Toyota_Innova,Old,1000.0,9.392745258631441
Toyota,Fortuner,9,170000.0,Automatic,first,Diesel,1225000,Toyota_Fortuner,Mid,18888.88888888889,12.04355959836804
Mahindra,Marazzo,6,75000.0,Manual,second,Diesel,725000,Mahindra_Marazzo,Mid,12500.0,11.225256725762893
Hyundai,i20,8,80000.0,Manual,first,Petrol,430000,Hyundai_i20,Mid,10000.0,11.289794413577894
Mahindra,XUV500,6,15000.0,Manual,first,Diesel,1395000,Mahindra_XUV500,Mid,2500.0,9.61587214452889
Volvo,S60,9,62000.0,Automatic,first,Diesel,725000,Volvo_S60,Mid,6888.888888888889,11.034905792929415
Maruti Suzuki,Ertiga,11,99000.0,Manual,first,Diesel,590000,Maruti Suzuki_Ertiga,Old,9000.0,11.502885230075814
Honda,City,3,38000.0,Automatic,first,Petrol,1198000,Honda_City,Recent,12666.666666666666,10.545367754151743
Toyota,Innova,15,141000.0,Manual,second,Diesel,425000,Toyota_Innova,Old,9400.0,11.856522261533737
Mercedes-Benz,S-Class,10,66000.0,Automatic,second,Diesel,3800000,Mercedes-Benz_S-Class,Mid,6600.0,11.097425172408931
Hyundai,i10,15,38600.0,Manual,first,Petrol,215000,Hyundai_i10,Old,2573.3333333333335,10.5610334618531
Toyota,Corolla Altis,7,101500.0,Manual,second,Petrol,750000,Toyota_Corolla Altis,Mid,14500.0,11.527823929632195
Hyundai,Grand i10,8,64000.0,Manual,first,Petrol,410000,Hyundai_Grand i10,Mid,8000.0,11.06665398721974
Toyota,2.8 Legender 4X2,2,69000.0,Automatic,first,Diesel,4090000,Toyota_2.8 Legender 4X2,New,34500.0,11.141876276228
Toyota,Glanza,3,22000.0,Manual,second,Petrol,840000,Toyota_Glanza,Recent,7333.333333333333,9.99884318585288
Hyundai,Venue,5,50000.0,Manual,first,Diesel,955000,Hyundai_Venue,Recent,10000.0,10.819798284210286
Tata,Tiago,7,29000.0,Manual,first,Petrol,410000,Tata_Tiago,Mid,4142.857142857143,10.275085591132715
Mercedes-Benz,CLS-Class,11,129000.0,Automatic,second,Diesel,1750000,Mercedes-Benz_CLS-Class,Old,11727.272727272728,11.767575435251748
Mercedes-Benz,GLS,4,60000.0,Automatic,first,Diesel,9850000,Mercedes-Benz_GLS,Recent,15000.0,11.002116507732017
Kia,Seltos,4,50000.0,Automatic,second,Diesel,1400000,Kia_Seltos,Recent,12500.0,10.819798284210286
Hyundai,Creta,3,33000.0,Automatic,first,Petrol,1245000,Hyundai_Creta,Recent,11000.0,10.404293143019792
Toyota,Fortuner,10,96000.0,Automatic,second,Diesel,1995000,Toyota_Fortuner,Mid,9600.0,11.472113887062386
Hyundai,i20,10,62500.0,Manual,second,Petrol,349000,Hyundai_i20,Mid,6250.0,11.042937835596494
Hyundai,Santro Xing,13,130000.0,Manual,first,Petrol,185000,Hyundai_Santro Xing,Old,10000.0,11.775297421715827
Renault,Duster,6,83000.0,Automatic,second,Diesel,925000,Renault_Duster,Mid,13833.333333333334,11.326607934898927
Maruti Suzuki,S-Cross1,6,82758.0,Manual,second,Diesel,610000,Maruti Suzuki_S-Cross1,Mid,13793.0,11.32368804865453
Honda,City,8,109000.0,Manual,second,Diesel,640000,Honda_City,Mid,13625.0,11.599112335481124
Ford,Ecosport,7,65000.0,Manual,first,Diesel,525000,Ford_Ecosport,Mid,9285.714285714286,11.082157933374816
Renault,KWID,5,5800.0,Automatic,first,Petrol,299000,Renault_KWID,Recent,1160.0,8.665785595466064
Ford,Ecosport,4,92000.0,Manual,second,Diesel,830000,Ford_Ecosport,Recent,23000.0,11.429554725537322
Honda,WRV,6,59000.0,Manual,second,Diesel,845000,Honda_WRV,Mid,9833.333333333334,10.985309671896763
Mercedes-Benz,E-Class,10,84000.0,Automatic,second,Diesel,1395000,Mercedes-Benz_E-Class,Mid,8400.0,11.338583982516495
Ford,Ecosport,10,70000.0,Manual,second,Diesel,221000,Ford_Ecosport,Mid,7000.0,11.156264806643742
Maruti Suzuki,Swift,6,45000.0,Manual,first,Petrol,545000,Maruti Suzuki_Swift,Mid,7500.0,10.714439990727769
Maruti Suzuki,Wagon-R,8,48231.0,Manual,first,Petrol,335101,Maruti Suzuki_Wagon-R,Mid,6028.875,10.78377798016924
Mahindra,XUV500,3,78000.0,Automatic,first,Diesel,1500000,Mahindra_XUV500,Recent,26000.0,11.264476926102367
Maruti Suzuki,Celerio,5,65000.0,Manual,first,Petrol,480000,Maruti Suzuki_Celerio,Recent,13000.0,11.082157933374816
Hyundai,i20,1,58000.0,Manual,first,Diesel,925000,Hyundai_i20,New,58000.0,10.968215530759236
Nissan,Terrano,8,98000.0,Manual,first,Diesel,620000,Nissan_Terrano,Mid,12250.0,11.49273296168228
BMW,7 Series,3,18000.0,Automatic,first,Diesel,8400000,BMW_7 Series,Recent,6000.0,9.798182590890704
Ford,Ecosport,10,31000.0,Automatic,second,Petrol,491000,Ford_Ecosport,Mid,3100.0,10.34177474101152
Renault,Duster,7,89000.0,Manual,first,Diesel,745000,Renault_Duster,Mid,12714.285714285714,11.39640288460621
Toyota,Fortuner,3,65000.0,Automatic,first,Diesel,3851000,Toyota_Fortuner,Recent,21666.666666666668,11.082157933374816
Audi,A6,7,95000.0,Automatic,second,Diesel,1895000,Audi_A6,Mid,13571.42857142857,11.461642696843066
Honda,Jazz,7,91000.0,Automatic,first,Petrol,471000,Honda_Jazz,Mid,13000.0,11.418625774449598
Mercedes-Benz,S-Class,8,46000.0,Automatic,first,Petrol,7300000,Mercedes-Benz_S-Class,Mid,5750.0,10.736418414365376
Mercedes-Benz,AMG GLE Coupe,4,50000.0,Automatic,second,Petrol,9900000,Mercedes-Benz_AMG GLE Coupe,Recent,12500.0,10.819798284210286
Volkswagen,Polo,6,70000.0,Manual,second,Petrol,549000,Volkswagen_Polo,Mid,11666.666666666666,11.156264806643742
Honda,City,9,75000.0,Automatic,second,Petrol,585000,Honda_City,Mid,8333.333333333334,11.225256725762893
Maruti Suzuki,Swift,2,33000.0,Automatic,first,Petrol,755000,Maruti Suzuki_Swift,New,16500.0,10.404293143019792
Mini,Countryman,12,7400.0,Automatic,second,Petrol,1250000,Mini_Countryman,Old,616.6666666666666,8.909370405197466
Renault,KWID,8,13340.0,Automatic,first,Petrol,335000,Renault_KWID,Mid,1667.5,9.498597279178806
Hyundai,Creta,1,21000.0,Manual,first,Diesel,1495000,Hyundai_Creta,New,21000.0,9.952325334619427
Ford,Ecosport,7,57000.0,Manual,first,Diesel,540000,Ford_Ecosport,Mid,8142.857142857143,10.950824090522445
Hyundai,i10,16,77000.0,Manual,second,Petrol,145000,Hyundai_i10,Old,4812.5,11.251573687764477
Tata,Harrier,4,102000.0,Automatic,first,Diesel,1550000,Tata_Harrier,Recent,25500.0,11.532737896139919
Audi,A6,13,51000.0,Automatic,second,Petrol,1350000,Audi_A6,Old,3923.076923076923,10.839600519357369
Mahindra,Bolero,9,130222.0,Manual,first,Diesel,460000,Mahindra_Bolero,Mid,14469.111111111111,11.777003644461285
Maruti Suzuki,Alto-K10,9,59552.0,Automatic,second,Petrol,340000,Maruti Suzuki_Alto-K10,Mid,6616.888888888889,10.994621951348279
Tata,Nano,13,40000.0,Manual,second,Petrol,45000,Tata_Nano,Old,3076.923076923077,10.596659732783579
Hyundai,Grand i10,9,114000.0,Automatic,second,Petrol,375000,Hyundai_Grand i10,Mid,12666.666666666666,11.643962499267984
Hyundai,Creta,0,3100.0,Automatic,first,Petrol,2190000,Hyundai_Creta,New,3100.0,8.03947991910045
Audi,A6,9,82000.0,Automatic,first,Diesel,1670000,Audi_A6,Mid,9111.111111111111,11.314486721293981
Chevrolet,Sail U-VA,11,73500.0,Manual,second,Diesel,219000,Chevrolet_Sail U-VA,Old,6681.818181818182,11.205054290550551
Hyundai,Grand i10,5,68000.0,Manual,second,Petrol,475000,Hyundai_Grand i10,Recent,13600.0,11.127277689932466
Maruti Suzuki,Baleno,6,31000.0,Automatic,first,Petrol,685000,Maruti Suzuki_Baleno,Mid,5166.666666666667,10.34177474101152
Maruti Suzuki,Ertiga,5,73110.0,Manual,first,Diesel,1145000,Maruti Suzuki_Ertiga,Recent,14622.0,11.19973411321324
Mahindra,Scorpio,8,58580.0,Manual,second,Diesel,985000,Mahindra_Scorpio,Mid,7322.5,10.978165690908607
Hyundai,i20,2,13262.0,Automatic,first,Petrol,985000,Hyundai_i20,New,6631.0,9.492733482494353
Toyota,Fortuner,2,35000.0,Automatic,first,Diesel,4200000,Toyota_Fortuner,New,17500.0,10.463131911491967
Tata,Nano,9,47000.0,Automatic,second,Petrol,269000,Tata_Nano,Mid,5222.222222222223,10.757924157061597
Toyota,Innova,16,100000.0,Manual,second,Diesel,335000,Toyota_Innova,Old,6250.0,11.51293546492023
Chevrolet,Enjoy,10,150000.0,Manual,second,Diesel,350000,Chevrolet_Enjoy,Mid,15000.0,11.918397239722838
Toyota,Innova,12,200000.0,Manual,second,Diesel,599000,Toyota_Innova,Old,16666.666666666668,12.206077645517674
Mercedes-Benz,GLS,2,28000.0,Automatic,first,Petrol,11800000,Mercedes-Benz_GLS,New,14000.0,10.239995502805316
Mahindra,XUV700,1,17000.0,Automatic,first,Diesel,2570000,Mahindra_XUV700,New,17000.0,9.741027444837728
Toyota,Innova,11,130000.0,Manual,second,Diesel,985000,Toyota_Innova,Old,11818.181818181818,11.775297421715827
Honda,Mobilio,9,133000.0,Manual,second,Diesel,950000,Honda_Mobilio,Mid,14777.777777777777,11.798111925972618
Renault,Duster,7,105000.0,Manual,first,Diesel,645000,Renault_Duster,Mid,15000.0,11.561725152903833
Volkswagen,Polo,13,85000.0,Manual,second,Diesel,225000,Volkswagen_Polo,Old,6538.461538461538,11.350418300109132
Hyundai,Grand i10,7,31000.0,Manual,second,Petrol,475000,Hyundai_Grand i10,Mid,4428.571428571428,10.34177474101152
Mahindra,TUV,9,53000.0,Manual,second,Diesel,395000,Mahindra_TUV,Mid,5888.888888888889,10.87806606028079
Renault,Fluence,12,102506.0,Automatic,second,Petrol,315000,Renault_Fluence,Old,8542.166666666666,11.537686367911688
Honda,City ZX,4,70000.0,Automatic,second,Petrol,1100000,Honda_City ZX,Recent,17500.0,11.156264806643742
Maruti Suzuki,Ciaz,9,148000.0,Manual,second,Diesel,680000,Maruti Suzuki_Ciaz,Mid,16444.444444444445,11.904974309480183
Kia,Seltos,3,46000.0,Manual,first,Diesel,1085000,Kia_Seltos,Recent,15333.333333333334,10.736418414365376
Chevrolet,Beat,12,105000.0,Manual,second,Diesel,210000,Chevrolet_Beat,Old,8750.0,11.561725152903833
Nissan,Micra,8,54000.0,Automatic,first,Petrol,399000,Nissan_Micra,Mid,6750.0,10.896757843893464
Maruti Suzuki,Alto,12,20.0,Manual,second,Petrol,175000,Maruti Suzuki_Alto,Old,1.6666666666666667,3.044522437723423
Maruti Suzuki,Swift,3,15505.0,Manual,second,Petrol,590000,Maruti Suzuki_Swift,Recent,5168.333333333333,9.648982324778904
Lexus,NX,6,40000.0,Automatic,second,Petrol,4250000,Lexus_NX,Mid,6666.666666666667,10.596659732783579
Ford,Fiesta,13,96000.0,Manual,second,Diesel,110000,Ford_Fiesta,Old,7384.615384615385,11.472113887062386
Mahindra,Bolero,7,3.0,Manual,first,Diesel,350000,Mahindra_Bolero,Mid,0.42857142857142855,1.3862943611198906
Renault,Pulse,10,64000.0,Manual,second,Petrol,175000,Renault_Pulse,Mid,6400.0,11.06665398721974
Maruti Suzuki,800,18,65328.0,Manual,second,Petrol,45000,Maruti Suzuki_800,Old,3629.3333333333335,11.087191320814231
Mercedes-Benz,E-Class,14,31300.0,Automatic,first,Petrol,1800000,Mercedes-Benz_E-Class,Old,2235.714285714286,10.351405324899678
Maruti Suzuki,Ciaz,9,84000.0,Manual,second,Diesel,460000,Maruti Suzuki_Ciaz,Mid,9333.333333333334,11.338583982516495
Tata,Zest,10,86000.0,Manual,second,Diesel,379000,Tata_Zest,Mid,8600.0,11.362114203075018
Maruti Suzuki,Alto,12,85000.0,Manual,second,Petrol,145000,Maruti Suzuki_Alto,Old,7083.333333333333,11.350418300109132
Hyundai,Elite i20,6,64000.0,Manual,first,Petrol,490000,Hyundai_Elite i20,Mid,10666.666666666666,11.06665398721974
Maruti Suzuki,Alto-800,14,75200.0,Manual,second,Petrol,149999,Maruti Suzuki_Alto-800,Old,5371.428571428572,11.227919807721856
Maruti Suzuki,S-Presso,2,25000.0,Automatic,first,Petrol,525000,Maruti Suzuki_S-Presso,New,12500.0,10.12667110305036
Toyota,Innova Crysta,8,88500.0,Automatic,first,Diesel,2125000,Toyota_Innova Crysta,Mid,11062.5,11.390769130367211
Hyundai,i20 Active,9,79864.0,Manual,second,Diesel,535000,Hyundai_i20 Active,Mid,8873.777777777777,11.288092988224056
Hyundai,Santro,5,29000.0,Automatic,second,Petrol,425000,Hyundai_Santro,Recent,5800.0,10.275085591132715
Skoda,Rapid,12,87000.0,Manual,first,Diesel,320000,Skoda_Rapid,Old,7250.0,11.373674891823535
Maruti Suzuki,Eeco,11,90000.0,Manual,second,Petrol,255000,Maruti Suzuki_Eeco,Old,8181.818181818182,11.407576060361786
Hyundai,Verna,6,63000.0,Automatic,first,Diesel,1100000,Hyundai_Verna,Mid,10500.0,11.050905878263567
Maruti Suzuki,Brezza,5,84000.0,Automatic,second,Diesel,865000,Maruti Suzuki_Brezza,Recent,16800.0,11.338583982516495
Maruti Suzuki,Eeco,4,32000.0,Manual,first,Petrol,460000,Maruti Suzuki_Eeco,Recent,8000.0,10.373522431293592
Honda,City,9,41000.0,Automatic,second,Petrol,645000,Honda_City,Mid,4555.555555555556,10.62135173563291
Renault,KWID,7,60000.0,Automatic,first,Petrol,310000,Renault_KWID,Mid,8571.42857142857,11.002116507732017
Toyota,Innova Crysta,2,15000.0,Manual,first,Diesel,2340000,Toyota_Innova Crysta,New,7500.0,9.61587214452889
Hyundai,Verna,8,57000.0,Manual,first,Petrol,590000,Hyundai_Verna,Mid,7125.0,10.950824090522445
Hyundai,Elantra,10,68000.0,Manual,first,Diesel,399999,Hyundai_Elantra,Mid,6800.0,11.127277689932466
Toyota,Corolla Altis,9,68000.0,Automatic,second,Petrol,600000,Toyota_Corolla Altis,Mid,7555.555555555556,11.127277689932466
Mahindra,Scorpio,5,87000.0,Manual,first,Diesel,1450000,Mahindra_Scorpio,Recent,17400.0,11.373674891823535
Volvo,XC60,9,155600.0,Automatic,second,Diesel,1295000,Volvo_XC60,Mid,17288.88888888889,11.955050317440996
Hyundai,Sonata,10,78000.0,Automatic,second,Petrol,475000,Hyundai_Sonata,Mid,7800.0,11.264476926102367
Maruti Suzuki,Celerio,4,28000.0,Manual,first,Petrol,500000,Maruti Suzuki_Celerio,Recent,7000.0,10.239995502805316
Maruti Suzuki,Eeco,12,68000.0,Manual,first,Petrol,265000,Maruti Suzuki_Eeco,Old,5666.666666666667,11.127277689932466
Maruti Suzuki,Swift-Dzire,10,60000.0,Manual,first,Diesel,320000,Maruti Suzuki_Swift-Dzire,Mid,6000.0,11.002116507732017
Hyundai,Grand i10,9,63000.0,Automatic,second,Petrol,375000,Hyundai_Grand i10,Mid,7000.0,11.050905878263567
Volkswagen,Polo,3,57300.0,Automatic,second,Petrol,1100000,Volkswagen_Polo,Recent,19100.0,10.956073354557526
Honda,City,7,55000.0,Automatic,second,Petrol,721000,Honda_City,Mid,7857.142857142857,10.915106645867503
Renault,Duster,5,106000.0,Manual,first,Diesel,700000,Renault_Duster,Recent,21200.0,11.571203807011969
Hyundai,i10,13,58000.0,Manual,first,Petrol,290000,Hyundai_i10,Old,4461.538461538462,10.968215530759236
Hyundai,Creta,2,112000.0,Manual,first,Diesel,1375000,Hyundai_Creta,New,56000.0,11.626263078808801
Jeep,Compass,5,67000.0,Automatic,first,Petrol,1395000,Jeep_Compass,Recent,13400.0,11.112462823634855
Toyota,Innova,9,125000.0,Manual,second,Diesel,775000,Toyota_Innova,Mid,13888.888888888889,11.736077016252437
Toyota,Corolla Altis,13,128000.0,Manual,first,Diesel,369999,Toyota_Corolla Altis,Old,9846.153846153846,11.759793355371237
Maruti Suzuki,Swift-Dzire,6,27000.0,Automatic,second,Petrol,615000,Maruti Suzuki_Swift-Dzire,Mid,4500.0,10.203629181337648
Volkswagen,Polo,5,18000.0,Automatic,first,Petrol,799999,Volkswagen_Polo,Recent,3600.0,9.798182590890704
Mercedes-Benz,CLA,5,48000.0,Automatic,second,Diesel,3450000,Mercedes-Benz_CLA,Recent,9600.0,10.778977123006351
Maruti Suzuki,Wagon-R-1-0,6,64344.0,Automatic,first,Petrol,400000,Maruti Suzuki_Wagon-R-1-0,Mid,10724.0,11.072014509927765
Honda,Civic,16,12.0,Manual,second,Petrol,120000,Honda_Civic,Old,0.75,2.5649493574615367
Toyota,Fortuner,2,45000.0,Automatic,first,Diesel,4100000,Toyota_Fortuner,New,22500.0,10.714439990727769
Skoda,Rapid,12,76000.0,Manual,second,Diesel,435000,Skoda_Rapid,Old,6333.333333333333,11.23850177707664
Maruti Suzuki,Ignis,6,44000.0,Manual,first,Petrol,460000,Maruti Suzuki_Ignis,Mid,7333.333333333333,10.691967639914864
Mahindra,XUV700,2,75000.0,Automatic,first,Diesel,1800000,Mahindra_XUV700,New,37500.0,11.225256725762893
Maruti Suzuki,Swift,7,25000.0,Manual,second,Petrol,415000,Maruti Suzuki_Swift,Mid,3571.4285714285716,10.12667110305036
Hyundai,Creta,4,67000.0,Automatic,first,Petrol,1465000,Hyundai_Creta,Recent,16750.0,11.112462823634855
Honda,Amaze,9,85000.0,Manual,second,Diesel,390000,Honda_Amaze,Mid,9444.444444444445,11.350418300109132
Toyota,Innova,9,125000.0,Manual,first,Diesel,649000,Toyota_Innova,Mid,13888.888888888889,11.736077016252437
Hyundai,Verna,5,56000.0,Automatic,first,Petrol,775000,Hyundai_Verna,Recent,11200.0,10.933124826700707
Mercedes-Benz,GLA,2,20500.0,Automatic,first,Petrol,4950000,Mercedes-Benz_GLA,New,10250.0,9.928228944424575
Volkswagen,Polo,7,77142.0,Manual,second,Petrol,460000,Volkswagen_Polo,Mid,11020.285714285714,11.253416121335281
Honda,City,13,55000.0,Automatic,second,Petrol,299000,Honda_City,Old,4230.7692307692305,10.915106645867503
Nissan,Micra,12,75000.0,Manual,second,Petrol,180000,Nissan_Micra,Old,6250.0,11.225256725762893
Hyundai,Verna,12,128000.0,Manual,second,Diesel,350000,Hyundai_Verna,Old,10666.666666666666,11.759793355371237
Honda,City,7,49000.0,Automatic,first,Petrol,885000,Honda_City,Mid,7000.0,10.799595985047786
Tata,Tiago Nrg,3,65137.5,Automatic,first,Petrol,430000,Tata_Tiago Nrg,Recent,21712.5,11.084271051239332
Mahindra,XUV500,11,61000.0,Manual,first,Diesel,491000,Mahindra_XUV500,Old,5545.454545454545,11.0186455364637
Maruti Suzuki,Swift,17,111702.0,Manual,second,Petrol,190000,Maruti Suzuki_Swift,Old,6570.705882352941,11.623598842351063
Maruti Suzuki,Omni,6,46000.0,Manual,first,Petrol,289999,Maruti Suzuki_Omni,Mid,7666.666666666667,10.736418414365376
Mahindra,Scorpio,9,141000.0,Manual,second,Diesel,775000,Mahindra_Scorpio,Mid,15666.666666666666,11.856522261533737
Volkswagen,Vento,13,114000.0,Manual,second,Diesel,375000,Volkswagen_Vento,Old,8769.23076923077,11.643962499267984
Renault,KWID,7,63663.0,Automatic,second,Petrol,325000,Renault_KWID,Mid,9094.714285714286,11.06137453266671
BMW,1 Series,11,120000.0,Automatic,second,Diesel,975000,BMW_1 Series,Old,10909.09090909091,11.695255355062795
Hyundai,i20,13,36300.0,Manual,second,Petrol,195000,Hyundai_i20,Old,2792.3076923076924,10.499600568082863
Audi,Q3,7,86000.0,Automatic,second,Diesel,1700000,Audi_Q3,Mid,12285.714285714286,11.362114203075018
Hyundai,Eon,6,35000.0,Manual,first,Petrol,310000,Hyundai_Eon,Mid,5833.333333333333,10.463131911491967
Maruti Suzuki,Swift,9,80000.0,Manual,second,Diesel,360000,Maruti Suzuki_Swift,Mid,8888.888888888889,11.289794413577894
Maruti Suzuki,Swift,6,62000.0,Manual,first,Petrol,515000,Maruti Suzuki_Swift,Mid,10333.333333333334,11.034905792929415
Renault,Pulse,11,88000.0,Manual,second,Diesel,280000,Renault_Pulse,Old,8000.0,11.385103457032141
Renault,Duster,10,90200.0,Manual,first,Diesel,480000,Renault_Duster,Mid,9020.0,11.409795792463761
MG,Hector,1,20000.0,Automatic,second,Petrol,1750000,MG_Hector,New,20000.0,9.90353755128617
Maruti Suzuki,Wagon-R,7,43000.0,Automatic,second,Petrol,425000,Maruti Suzuki_Wagon-R,Mid,6142.857142857143,10.668978650219241
Volkswagen,VentoTest,13,88000.0,Manual,second,Petrol,199000,Volkswagen_VentoTest,Old,6769.2307692307695,11.385103457032141
Honda,Amaze,9,35000.0,Manual,first,Petrol,490000,Honda_Amaze,Mid,3888.8888888888887,10.463131911491967
Maruti Suzuki,Swift-Dzire,4,39800.0,Manual,first,Petrol,530000,Maruti Suzuki_Swift-Dzire,Recent,9950.0,10.591647316585027
Honda,Amaze,9,65000.0,Manual,first,Petrol,450000,Honda_Amaze,Mid,7222.222222222223,11.082157933374816
Maruti Suzuki,Alto-800,4,59000.0,Manual,second,Petrol,335000,Maruti Suzuki_Alto-800,Recent,14750.0,10.985309671896763
Skoda,Rapid,7,67000.0,Automatic,first,Diesel,745000,Skoda_Rapid,Mid,9571.42857142857,11.112462823634855
Audi,A4,9,135000.0,Automatic,second,Diesel,1650000,Audi_A4,Mid,15000.0,11.813037464800539
Tata,Nexon,4,69000.0,Automatic,first,Petrol,624000,Tata_Nexon,Recent,17250.0,11.141876276228
Honda,City,8,67000.0,Automatic,second,Petrol,675000,Honda_City,Mid,8375.0,11.112462823634855
Maruti Suzuki,Swift,0,2600.0,Automatic,first,Petrol,865000,Maruti Suzuki_Swift,New,2600.0,7.8636512654486515
BMW,X3,8,50000.0,Automatic,second,Diesel,2050000,BMW_X3,Mid,6250.0,10.819798284210286
Tata,Altroz,2,11400.0,Manual,first,Petrol,699000,Tata_Altroz,New,5700.0,9.34145634983372
Maruti Suzuki,Swift-Dzire,12,64000.0,Manual,first,Petrol,390000,Maruti Suzuki_Swift-Dzire,Old,5333.333333333333,11.06665398721974
Jeep,Compass,5,72000.0,Automatic,second,Diesel,1865000,Jeep_Compass,Recent,14400.0,11.184435286790631
Audi,A4,8,98000.0,Automatic,second,Diesel,1375000,Audi_A4,Mid,12250.0,11.49273296168228
Tata,Hexa,7,90000.0,Manual,second,Diesel,700000,Tata_Hexa,Mid,12857.142857142857,11.407576060361786
Hyundai,Creta,7,82000.0,Automatic,first,Diesel,730000,Hyundai_Creta,Mid,11714.285714285714,11.314486721293981
Hyundai,Grand i10,6,55000.0,Manual,second,Petrol,435000,Hyundai_Grand i10,Mid,9166.666666666666,10.915106645867503
Toyota,Fortuner,1,20000.0,Automatic,first,Diesel,3850000,Toyota_Fortuner,New,20000.0,9.90353755128617
Mercedes-Benz,E-Class,12,101000.0,Automatic,second,Diesel,825000,Mercedes-Benz_E-Class,Old,8416.666666666666,11.522885696764481
Mercedes-Benz,M-Class,10,86000.0,Automatic,first,Diesel,1475000,Mercedes-Benz_M-Class,Mid,8600.0,11.362114203075018
Maruti Suzuki,Ertiga,10,141000.0,Manual,first,Diesel,649000,Maruti Suzuki_Ertiga,Mid,14100.0,11.856522261533737
Volkswagen,VentoTest,8,56000.0,Automatic,second,Petrol,449000,Volkswagen_VentoTest,Mid,7000.0,10.933124826700707
Honda,Jazz,8,69000.0,Automatic,second,Petrol,510000,Honda_Jazz,Mid,8625.0,11.141876276228
Volkswagen,VentoTest,8,65000.0,Automatic,second,Petrol,499999,Volkswagen_VentoTest,Mid,8125.0,11.082157933374816
Toyota,Innova Crysta,4,108000.0,Manual,first,Diesel,1895000,Toyota_Innova Crysta,Recent,27000.0,11.58989576532275
Maruti Suzuki,Wagon-R,10,70000.0,Manual,first,Petrol,335000,Maruti Suzuki_Wagon-R,Mid,7000.0,11.156264806643742
Honda,Jazz,9,36500.0,Automatic,first,Petrol,450000,Honda_Jazz,Mid,4055.5555555555557,10.505094936455558
Volvo,S 80,12,138000.0,Automatic,first,Diesel,655000,Volvo_S 80,Old,11500.0,11.835016210489899
Maruti Suzuki,Alto-K10,7,84000.0,Manual,second,Petrol,300000,Maruti Suzuki_Alto-K10,Mid,12000.0,11.338583982516495
Maruti Suzuki,Swift-Dzire,15,160000.0,Manual,second,Diesel,300000,Maruti Suzuki_Swift-Dzire,Old,10666.666666666666,11.982935344196433
Hyundai,Elite i20,9,46000.0,Manual,second,Petrol,575000,Hyundai_Elite i20,Mid,5111.111111111111,10.736418414365376
Skoda,Octavia,7,51000.0,Automatic,first,Petrol,890000,Skoda_Octavia,Mid,7285.714285714285,10.839600519357369
Volkswagen,Polo,3,30000.0,Automatic,first,Petrol,1230000,Volkswagen_Polo,Recent,10000.0,10.308985993422082
Honda,CRV,7,113000.0,Automatic,second,Petrol,1450000,Honda_CRV,Mid,16142.857142857143,11.635151947212842
Jeep,Compass,7,65000.0,Manual,second,Diesel,875000,Jeep_Compass,Mid,9285.714285714286,11.082157933374816
Toyota,Innova,9,198000.0,Manual,first,Diesel,775000,Toyota_Innova,Mid,22000.0,12.19602736016897
Ford,Endeavour,12,116574.0,Automatic,second,Diesel,850000,Ford_Endeavour,Old,9714.5,11.666290121676521
Maruti Suzuki,Dzire,3,15000.0,Automatic,first,Petrol,795000,Maruti Suzuki_Dzire,Recent,5000.0,9.61587214452889
Maruti Suzuki,Swift-Dzire,3,64000.0,Automatic,first,Petrol,650000,Maruti Suzuki_Swift-Dzire,Recent,21333.333333333332,11.06665398721974
Honda,Jazz,6,81000.0,Automatic,first,Petrol,625000,Honda_Jazz,Mid,13500.0,11.302216779257382
Hyundai,Aura,3,20000.0,Manual,second,Petrol,565000,Hyundai_Aura,Recent,6666.666666666667,9.90353755128617
Maruti Suzuki,Swift,1,16000.0,Automatic,first,Petrol,845000,Maruti Suzuki_Swift,New,16000.0,9.680406499268875
Hyundai,i20,2,7700.0,Manual,first,Petrol,760000,Hyundai_i20,New,3850.0,8.94910546953925
Mercedes-Benz,M-Class,10,120000.0,Automatic,first,Diesel,2400000,Mercedes-Benz_M-Class,Mid,12000.0,11.695255355062795
Maruti Suzuki,Swift,1,11000.0,Automatic,first,Petrol,725000,Maruti Suzuki_Swift,New,11000.0,9.305741456739435
Maruti Suzuki,Ertiga,4,18000.0,Manual,first,Petrol,899000,Maruti Suzuki_Ertiga,Recent,4500.0,9.798182590890704
Maruti Suzuki,Eeco,4,30000.0,Automatic,first,Petrol,350000,Maruti Suzuki_Eeco,Recent,7500.0,10.308985993422082
BMW,6 Series,6,52000.0,Automatic,first,Diesel,4325111,BMW_6 Series,Mid,8666.666666666666,10.859018228147887
Toyota,Innova Crysta,6,80000.0,Manual,first,Diesel,2100000,Toyota_Innova Crysta,Mid,13333.333333333334,11.289794413577894
Toyota,Innova Crysta,6,53000.0,Automatic,second,Diesel,1399999,Toyota_Innova Crysta,Mid,8833.333333333334,10.87806606028079
Tata,Indigo Ecs,8,43500.0,Manual,second,Diesel,260000,Tata_Indigo Ecs,Mid,5437.5,10.680539205318292
Hyundai,Eon,8,50000.0,Manual,first,Petrol,335000,Hyundai_Eon,Mid,6250.0,10.819798284210286
Toyota,Fortuner,12,185000.0,Automatic,second,Diesel,1350000,Toyota_Fortuner,Old,15416.666666666666,12.128116509451258
Honda,WRV,7,84000.0,Manual,first,Diesel,525000,Honda_WRV,Mid,12000.0,11.338583982516495
Skoda,Kodiaq,3,25296.0,Automatic,first,Petrol,3299000,Skoda_Kodiaq,Recent,8432.0,10.138441090609696
Renault,Duster,5,79200.0,Automatic,first,Diesel,712000,Renault_Duster,Recent,15840.0,11.279744203985432
Skoda,Rapid,5,60110.0,Automatic,second,Petrol,545000,Skoda_Rapid,Recent,12022.0,11.003948132061856
Toyota,Fortuner,1,6400.0,Automatic,first,Diesel,4250000,Toyota_Fortuner,New,6400.0,8.764209507142004
Maruti Suzuki,Swift-Dzire,9,58200.0,Manual,second,Petrol,445000,Maruti Suzuki_Swift-Dzire,Mid,6466.666666666667,10.971657815702502
Maruti Suzuki,Alto-800,11,16231.0,Manual,first,Petrol,185101,Maruti Suzuki_Alto-800,Old,1475.5454545454545,9.694739881505651
Maruti Suzuki,Swift-Dzire,5,65000.0,Automatic,first,Diesel,615000,Maruti Suzuki_Swift-Dzire,Recent,13000.0,11.082157933374816
Hyundai,i10,15,16000.0,Automatic,first,Petrol,325000,Hyundai_i10,Old,1066.6666666666667,9.680406499268875
Hyundai,Santro Xing,18,32950.0,Manual,second,Petrol,105000,Hyundai_Santro Xing,Old,1830.5555555555557,10.402776888483789
Mercedes-Benz,GL-Class,11,100000.0,Automatic,second,Diesel,2400000,Mercedes-Benz_GL-Class,Old,9090.90909090909,11.51293546492023
Maruti Suzuki,Ertiga,7,68000.0,Manual,first,Diesel,675000,Maruti Suzuki_Ertiga,Mid,9714.285714285714,11.127277689932466
Toyota,Innova Crysta,8,125000.0,Automatic,first,Diesel,1270000,Toyota_Innova Crysta,Mid,15625.0,11.736077016252437
Hyundai,Alcazar,3,40500.0,Automatic,first,Petrol,1659000,Hyundai_Alcazar,Recent,13500.0,10.609081944147828
MG,Hector,4,45000.0,Automatic,second,Petrol,1225000,MG_Hector,Recent,11250.0,10.714439990727769
Honda,Jazz,12,59600.0,Manual,second,Petrol,250000,Honda_Jazz,Old,4966.666666666667,10.995427631436174
Hyundai,Elantra,9,80000.0,Manual,first,Petrol,585000,Hyundai_Elantra,Mid,8888.888888888889,11.289794413577894
Maruti Suzuki,Swift-Dzire-Tour,8,107000.0,Manual,second,Diesel,385000,Maruti Suzuki_Swift-Dzire-Tour,Mid,13375.0,11.580593459194764
Maruti Suzuki,Alto-K10,11,65321.0,Manual,first,Petrol,189101,Maruti Suzuki_Alto-K10,Old,5938.272727272727,11.087084165109236
Mercedes-Benz,C-Class,14,130000.0,Automatic,second,Diesel,750000,Mercedes-Benz_C-Class,Old,9285.714285714286,11.775297421715827
Jaguar,XF,8,76000.0,Automatic,second,Diesel,2500000,Jaguar_XF,Mid,9500.0,11.23850177707664
Maruti Suzuki,Swift-Dzire,7,32000.0,Automatic,second,Petrol,720000,Maruti Suzuki_Swift-Dzire,Mid,4571.428571428572,10.373522431293592
Volkswagen,VentoTest,7,56300.0,Manual,second,Petrol,599999,Volkswagen_VentoTest,Mid,8042.857142857143,10.938467575959383
Maruti Suzuki,Ritz,14,195000.0,Manual,second,Petrol,250000,Maruti Suzuki_Ritz,Old,13928.57142857143,12.180759965737863
Datsun,Redi Go,5,15698.0,Automatic,second,Petrol,280000,Datsun_Redi Go,Recent,3139.6,9.661352295040318
Maruti Suzuki,Swift,14,120000.0,Automatic,second,Diesel,130000,Maruti Suzuki_Swift,Old,8571.42857142857,11.695255355062795
MG,Hector,1,7600.0,Automatic,first,Petrol,2185000,MG_Hector,New,7600.0,8.936035096566041
Maruti Suzuki,Alto,19,60000.0,Manual,second,Petrol,75000,Maruti Suzuki_Alto,Old,3157.8947368421054,11.002116507732017
Mercedes-Benz,GLA,2,16500.0,Automatic,first,Diesel,4950000,Mercedes-Benz_GLA,New,8250.0,9.711176264112805
Mercedes-Benz,GLC,7,15000.0,Automatic,first,Diesel,4290000,Mercedes-Benz_GLC,Mid,2142.8571428571427,9.61587214452889
Jeep,Meridian,1,16000.0,Automatic,first,Diesel,3495000,Jeep_Meridian,New,16000.0,9.680406499268875
Renault,Duster,11,98325.0,Manual,second,Diesel,265000,Renault_Duster,Old,8938.636363636364,11.496043767601712
Maruti Suzuki,Alto-K10,8,75000.0,Manual,second,Petrol,238000,Maruti Suzuki_Alto-K10,Mid,9375.0,11.225256725762893
Volkswagen,Polo,3,14500.0,Manual,second,Petrol,575000,Volkswagen_Polo,Recent,4833.333333333333,9.581972891547895
Force,Motors FM Gurkha,2,21000.0,Manual,first,Diesel,1025000,Force_Motors FM Gurkha,New,10500.0,9.952325334619427
Hyundai,Santa Fe,10,62394.0,Automatic,second,Diesel,799999,Hyundai_Santa Fe,Mid,6239.4,11.041240422941955
Mahindra,XUV500,8,95000.0,Manual,first,Diesel,745000,Mahindra_XUV500,Mid,11875.0,11.461642696843066
Nissan,Kicks,5,125000.0,Manual,first,Diesel,775000,Nissan_Kicks,Recent,25000.0,11.736077016252437
Honda,City,10,61000.0,Manual,second,Petrol,475000,Honda_City,Mid,6100.0,11.0186455364637
Hyundai,i10,8,41258.0,Manual,first,Petrol,335000,Hyundai_i10,Mid,5157.25,10.627624549782817
Maruti Suzuki,Alto-K10,6,46000.0,Automatic,first,Petrol,345000,Maruti Suzuki_Alto-K10,Mid,7666.666666666667,10.736418414365376
Hyundai,Verna,11,82000.0,Manual,second,Diesel,392000,Hyundai_Verna,Old,7454.545454545455,11.314486721293981
Maruti Suzuki,Wagon-R,18,59700.0,Manual,second,Petrol,145000,Maruti Suzuki_Wagon-R,Old,3316.6666666666665,10.997104049659168
Renault,KWID,5,60000.0,Automatic,second,Petrol,320000,Renault_KWID,Recent,12000.0,11.002116507732017
Hyundai,Creta,9,76000.0,Manual,second,Diesel,865000,Hyundai_Creta,Mid,8444.444444444445,11.23850177707664
Toyota,Fortuner,9,130000.0,Manual,second,Diesel,1250000,Toyota_Fortuner,Mid,14444.444444444445,11.775297421715827
Ford,Endeavour,7,78000.0,Automatic,first,Diesel,1999000,Ford_Endeavour,Mid,11142.857142857143,11.264476926102367
Maruti Suzuki,Wagon R,15,61000.0,Manual,second,Petrol,126000,Maruti Suzuki_Wagon R,Old,4066.6666666666665,11.0186455364637
Maruti Suzuki,Swift,12,72000.0,Manual,second,Petrol,335000,Maruti Suzuki_Swift,Old,6000.0,11.184435286790631
Audi,Q5,10,77000.0,Automatic,second,Diesel,1849999,Audi_Q5,Mid,7700.0,11.251573687764477
Audi,A3,8,94000.0,Automatic,first,Diesel,1399000,Audi_A3,Mid,11750.0,11.451060699493427
Maruti Suzuki,Swift,12,125000.0,Automatic,first,Diesel,340000,Maruti Suzuki_Swift,Old,10416.666666666666,11.736077016252437
Hyundai,Verna,8,64000.0,Manual,first,Diesel,590000,Hyundai_Verna,Mid,8000.0,11.06665398721974
Hyundai,Fluidic Verna,11,64000.0,Automatic,second,Diesel,465000,Hyundai_Fluidic Verna,Old,5818.181818181818,11.06665398721974
Maruti Suzuki,Swift,10,106000.0,Manual,second,Diesel,470000,Maruti Suzuki_Swift,Mid,10600.0,11.571203807011969
Tata,Nano,8,39000.0,Automatic,first,Petrol,239999,Tata_Nano,Mid,4875.0,10.571342565808699
Maruti Suzuki,Swift,9,102000.0,Manual,second,Diesel,410000,Maruti Suzuki_Swift,Mid,11333.333333333334,11.532737896139919
Mini,Cooper Convertible,5,25000.0,Automatic,second,Petrol,3850000,Mini_Cooper Convertible,Recent,5000.0,10.12667110305036
Hyundai,Grand i10,8,25000.0,Automatic,first,Petrol,495000,Hyundai_Grand i10,Mid,3125.0,10.12667110305036
Hyundai,Elantra,9,53500.0,Manual,first,Diesel,700000,Hyundai_Elantra,Mid,5944.444444444444,10.887455624298198
Maruti Suzuki,Ertiga,5,73000.0,Manual,first,Diesel,1090000,Maruti Suzuki_Ertiga,Recent,14600.0,11.19822841866684
Mitsubishi,Outlander,15,64800.0,Automatic,second,Petrol,549200,Mitsubishi_Outlander,Old,4320.0,11.079076314320059
BMW,3 Series,11,75000.0,Automatic,second,Diesel,799000,BMW_3 Series,Old,6818.181818181818,11.225256725762893
Maruti Suzuki,Swift,15,169000.0,Manual,second,Diesel,295000,Maruti Suzuki_Swift,Old,11266.666666666666,12.037659911047468
MG,Hector,3,36000.0,Automatic,first,Petrol,1600000,MG_Hector,Recent,12000.0,10.491301994830229
Maruti Suzuki,Ciaz,9,74000.0,Manual,first,Diesel,495000,Maruti Suzuki_Ciaz,Mid,8222.222222222223,11.211833885608513
Maruti Suzuki,Wagon-R-1-0,8,44000.0,Automatic,second,Petrol,375000,Maruti Suzuki_Wagon-R-1-0,Mid,5500.0,10.691967639914864
Volkswagen,Polo,11,163000.0,Manual,first,Diesel,310000,Volkswagen_Polo,Old,14818.181818181818,12.001511614739405
Maruti Suzuki,Ertiga,8,50000.0,Manual,first,Diesel,700000,Maruti Suzuki_Ertiga,Mid,6250.0,10.819798284210286
Ford,Ecosport,7,48082.0,Automatic,first,Petrol,665000,Ford_Ecosport,Mid,6868.857142857143,10.780683963269196
Tata,Harrier,2,31000.0,Automatic,first,Diesel,2050000,Tata_Harrier,New,15500.0,10.34177474101152
Mercedes-Benz,GLE Class,6,60000.0,Automatic,second,Diesel,4500000,Mercedes-Benz_GLE Class,Mid,10000.0,11.002116507732017
Maruti Suzuki,Swift-Dzire,6,43000.0,Automatic,first,Petrol,520000,Maruti Suzuki_Swift-Dzire,Mid,7166.666666666667,10.668978650219241
Hyundai,Grand i10 Nios,2,18400.0,Automatic,first,Petrol,850000,Hyundai_Grand i10 Nios,New,9200.0,9.820160289946374
Tata,Tigor,2,4600.0,Automatic,second,Petrol,675000,Tata_Tigor,New,2300.0,8.434028950155469
Maruti Suzuki,Vitara Brezza,6,72000.0,Automatic,first,Diesel,765000,Maruti Suzuki_Vitara Brezza,Mid,12000.0,11.184435286790631
Honda,Civic,5,45000.0,Automatic,first,Petrol,1550000,Honda_Civic,Recent,9000.0,10.714439990727769
Mahindra,XUV500,7,90000.0,Manual,first,Diesel,995000,Mahindra_XUV500,Mid,12857.142857142857,11.407576060361786
Maruti Suzuki,Vitara-Brezza,6,117000.0,Automatic,second,Diesel,785000,Maruti Suzuki_Vitara-Brezza,Mid,19500.0,11.669937760751914
BMW,3 Series Gran Limousine,12,51000.0,Automatic,second,Diesel,649000,BMW_3 Series Gran Limousine,Old,4250.0,10.839600519357369
Mercedes-Benz,GLS,7,53000.0,Automatic,first,Diesel,5175111,Mercedes-Benz_GLS,Mid,7571.428571428572,10.87806606028079
Maruti Suzuki,Swift,6,66000.0,Automatic,second,Petrol,575000,Maruti Suzuki_Swift,Mid,11000.0,11.097425172408931
Volkswagen,Jetta,10,89000.0,Automatic,first,Diesel,750000,Volkswagen_Jetta,Mid,8900.0,11.39640288460621
Chevrolet,Beat,10,67000.0,Manual,second,Diesel,145000,Chevrolet_Beat,Mid,6700.0,11.112462823634855
Audi,Q5,6,57000.0,Automatic,first,Petrol,2900000,Audi_Q5,Mid,9500.0,10.950824090522445
Mercedes-Benz,C-Class,7,60000.0,Automatic,first,Diesel,3150000,Mercedes-Benz_C-Class,Mid,8571.42857142857,11.002116507732017
Toyota,Innova,14,101412.0,Manual,second,Diesel,395000,Toyota_Innova,Old,7243.714285714285,11.526956567049849
Honda,City,9,68530.0,Manual,first,Petrol,475000,Honda_City,Mid,7614.444444444444,11.13504147662283
Tata,Harrier,5,73000.0,Manual,first,Diesel,1149000,Tata_Harrier,Recent,14600.0,11.19822841866684
Maruti Suzuki,Wagon-R,6,62000.0,Manual,second,Petrol,397000,Maruti Suzuki_Wagon-R,Mid,10333.333333333334,11.034905792929415
Honda,Amaze,9,40500.0,Manual,second,Petrol,415000,Honda_Amaze,Mid,4500.0,10.609081944147828
Maruti Suzuki,800,10,48000.0,Automatic,second,Petrol,180000,Maruti Suzuki_800,Mid,4800.0,10.778977123006351
Hyundai,Verna,6,70111.0,Manual,first,Diesel,1025000,Hyundai_Verna,Mid,11685.166666666666,11.157849242395192
Hyundai,Eon,7,68000.0,Manual,second,Petrol,265000,Hyundai_Eon,Mid,9714.285714285714,11.127277689932466
BMW,3 Series,11,57000.0,Automatic,first,Diesel,1200000,BMW_3 Series,Old,5181.818181818182,10.950824090522445
Tata,Nano,9,34000.0,Manual,first,Petrol,70000,Tata_Nano,Mid,3777.777777777778,10.434145214930487
Honda,City,10,170000.0,Manual,second,Diesel,670000,Honda_City,Mid,17000.0,12.04355959836804
Land Rover,Range Rover Sport,1,18650.0,Automatic,first,Diesel,16500000,Land Rover_Range Rover Sport,New,18650.0,9.833655042937448
Volkswagen,VentoTest,12,47000.0,Manual,first,Diesel,298000,Volkswagen_VentoTest,Old,3916.6666666666665,10.757924157061597
Chevrolet,Cruze,8,65000.0,Automatic,second,Diesel,525000,Chevrolet_Cruze,Mid,8125.0,11.082157933374816
Kia,Carnival,4,61000.0,Automatic,first,Diesel,3000000,Kia_Carnival,Recent,15250.0,11.0186455364637
Hyundai,Grand i10,10,51000.0,Manual,second,Petrol,375000,Hyundai_Grand i10,Mid,5100.0,10.839600519357369
Hyundai,Venue,2,3000.0,Manual,first,Petrol,1160000,Hyundai_Venue,New,1500.0,8.006700845440367
Hyundai,Creta,4,70000.0,Automatic,second,Petrol,1155000,Hyundai_Creta,Recent,17500.0,11.156264806643742
Honda,Brio,11,76000.0,Manual,second,Petrol,185000,Honda_Brio,Old,6909.090909090909,11.23850177707664
Maruti Suzuki,Baleno,4,52450.0,Manual,first,Petrol,610000,Maruti Suzuki_Baleno,Recent,13112.5,10.867634679419623
Mahindra,XUV500,10,100000.0,Manual,second,Diesel,470000,Mahindra_XUV500,Mid,10000.0,11.51293546492023
Maruti Suzuki,Ciaz,9,83000.0,Manual,second,Diesel,425000,Maruti Suzuki_Ciaz,Mid,9222.222222222223,11.326607934898927
Hyundai,i10,14,64000.0,Manual,first,Petrol,249999,Hyundai_i10,Old,4571.428571428572,11.06665398721974
Maruti Suzuki,Wagon-R,7,95000.0,Manual,second,Petrol,280000,Maruti Suzuki_Wagon-R,Mid,13571.42857142857,11.461642696843066
Maruti Suzuki,Swift,9,52000.0,Manual,first,Petrol,345000,Maruti Suzuki_Swift,Mid,5777.777777777777,10.859018228147887
Ford,Figo,13,68000.0,Manual,first,Petrol,149000,Ford_Figo,Old,5230.7692307692305,11.127277689932466
Honda,Jazz,8,90500.0,Manual,second,Diesel,485000,Honda_Jazz,Mid,11312.5,11.413116179350727
Jeep,Compass,6,86000.0,Manual,second,Diesel,849000,Jeep_Compass,Mid,14333.333333333334,11.362114203075018
Toyota,Etios,11,85000.0,Manual,first,Diesel,275000,Toyota_Etios,Old,7727.272727272727,11.350418300109132
Maruti Suzuki,Swift,3,38000.0,Manual,first,Petrol,715000,Maruti Suzuki_Swift,Recent,12666.666666666666,10.545367754151743
Renault,Triber,2,35000.0,Automatic,first,Petrol,735000,Renault_Triber,New,17500.0,10.463131911491967
Maruti Suzuki,Vitara-Brezza,7,72000.0,Manual,first,Diesel,590000,Maruti Suzuki_Vitara-Brezza,Mid,10285.714285714286,11.184435286790631
Mahindra,XUV500,10,78000.0,Manual,second,Diesel,715000,Mahindra_XUV500,Mid,7800.0,11.264476926102367
Maruti Suzuki,Alto-K10,8,41000.0,Automatic,second,Petrol,255000,Maruti Suzuki_Alto-K10,Mid,5125.0,10.62135173563291
Fiat,Punto,12,69500.0,Manual,first,Diesel,199999,Fiat_Punto,Old,5791.666666666667,11.149096419938578
Hyundai,Fluidic Verna,4,50400.0,Manual,second,Petrol,965000,Hyundai_Fluidic Verna,Recent,12600.0,10.827766295132466
Toyota,Fortuner,6,100000.0,Manual,second,Diesel,2700000,Toyota_Fortuner,Mid,16666.666666666668,11.51293546492023
Honda,City,10,9876.0,Manual,first,Diesel,400000,Honda_City,Mid,987.6,9.197964100908127
Maruti Suzuki,Swift Dzire,12,58000.0,Automatic,second,Petrol,400000,Maruti Suzuki_Swift Dzire,Old,4833.333333333333,10.968215530759236
Jaguar,XF,6,28650.0,Automatic,second,Petrol,2850000,Jaguar_XF,Mid,4775.0,10.262943625547717
Renault,Triber,4,26700.0,Automatic,first,Petrol,624999,Renault_Triber,Recent,6675.0,10.192456296870509
Audi,A4,9,41000.0,Automatic,second,Diesel,1035000,Audi_A4,Mid,4555.555555555556,10.62135173563291
Kia,Seltos,2,20890.0,Automatic,second,Petrol,1445000,Kia_Seltos,New,10445.0,9.947073723199049
Mercedes-Benz,GLA Class,5,14700.0,Automatic,first,Diesel,3475000,Mercedes-Benz_GLA Class,Recent,2940.0,9.595670797663967
Hyundai,i20,9,54000.0,Manual,first,Petrol,375000,Hyundai_i20,Mid,6000.0,10.896757843893464
Maruti Suzuki,Ertiga,8,199600.0,Manual,second,Diesel,775000,Maruti Suzuki_Ertiga,Mid,24950.0,12.20407565286699
Mercedes-Benz,E-Class,9,34000.0,Automatic,first,Diesel,1465000,Mercedes-Benz_E-Class,Mid,3777.777777777778,10.434145214930487
Mahindra,Thar,3,26000.0,Automatic,second,Petrol,1490000,Mahindra_Thar,Recent,8666.666666666666,10.165890277802454
Mahindra,Thar,11,16872.0,Manual,second,Diesel,950000,Mahindra_Thar,Old,1533.8181818181818,9.733469990198337
Hyundai,i10,7,70000.0,Automatic,second,Diesel,450000,Hyundai_i10,Mid,10000.0,11.156264806643742
Mercedes-Benz,E-Class,0,8000.0,Automatic,first,Petrol,6175000,Mercedes-Benz_E-Class,New,8000.0,8.987321812850125
Maruti Suzuki,Ignis,2,33506.0,Manual,first,Petrol,544000,Maruti Suzuki_Ignis,New,16753.0,10.419509651208937
Hyundai,Eon,6,48000.0,Manual,second,Petrol,265000,Hyundai_Eon,Mid,8000.0,10.778977123006351
Maruti Suzuki,Ertiga,11,83000.0,Manual,second,Diesel,710000,Maruti Suzuki_Ertiga,Old,7545.454545454545,11.326607934898927
Hyundai,Venue,4,30000.0,Automatic,first,Petrol,890000,Hyundai_Venue,Recent,7500.0,10.308985993422082
Skoda,Rapid,5,72000.0,Automatic,second,Diesel,1000000,Skoda_Rapid,Recent,14400.0,11.184435286790631
Audi,Q7,8,63000.0,Automatic,first,Diesel,3850000,Audi_Q7,Mid,7875.0,11.050905878263567
Honda,City ZX,18,92000.0,Manual,second,Petrol,130000,Honda_City ZX,Old,5111.111111111111,11.429554725537322
Kia,Carnival,3,47000.0,Automatic,first,Diesel,2990000,Kia_Carnival,Recent,15666.666666666666,10.757924157061597
Maruti Suzuki,Vitara Brezza,5,35000.0,Automatic,second,Diesel,675000,Maruti Suzuki_Vitara Brezza,Recent,7000.0,10.463131911491967
Hyundai,i10,15,58496.0,Manual,second,Petrol,80000,Hyundai_i10,Old,3899.733333333333,10.976730749853697
Renault,Triber,4,26000.0,Automatic,first,Petrol,625000,Renault_Triber,Recent,6500.0,10.165890277802454
Hyundai,i10,10,29000.0,Manual,second,Petrol,260000,Hyundai_i10,Mid,2900.0,10.275085591132715
Hyundai,i10,14,74000.0,Manual,second,Petrol,99000,Hyundai_i10,Old,5285.714285714285,11.211833885608513
Audi,A6,10,113000.0,Automatic,first,Diesel,1225000,Audi_A6,Mid,11300.0,11.635151947212842
Audi,A6,10,68000.0,Automatic,second,Diesel,749999,Audi_A6,Mid,6800.0,11.127277689932466
Hyundai,Eon,10,63000.0,Manual,first,Petrol,201000,Hyundai_Eon,Mid,6300.0,11.050905878263567
Toyota,Innova Crysta,6,77000.0,Automatic,first,Diesel,1650000,Toyota_Innova Crysta,Mid,12833.333333333334,11.251573687764477
Maruti Suzuki,Swift-Dzire,6,73000.0,Manual,first,Petrol,639000,Maruti Suzuki_Swift-Dzire,Mid,12166.666666666666,11.19822841866684
BMW,2 Series,2,2000.0,Automatic,first,Petrol,3765000,BMW_2 Series,New,1000.0,7.601402334583733
Mahindra,Thar,3,34000.0,Automatic,first,Petrol,1325000,Mahindra_Thar,Recent,11333.333333333334,10.434145214930487
Toyota,Innova Crysta,7,46000.0,Automatic,second,Diesel,2300000,Toyota_Innova Crysta,Mid,6571.428571428572,10.736418414365376
Hyundai,i10,15,69000.0,Automatic,second,Petrol,288000,Hyundai_i10,Old,4600.0,11.141876276228
Maruti Suzuki,Eeco,10,81388.0,Manual,first,Petrol,275000,Maruti Suzuki_Eeco,Mid,8138.8,11.306995407723921
Hyundai,Eon,10,41500.0,Manual,first,Petrol,249000,Hyundai_Eon,Mid,4150.0,10.633472802314019
Honda,City,2,27000.0,Manual,first,Petrol,1098000,Honda_City,New,13500.0,10.203629181337648
Mercedes-Benz,C-Class,5,70000.0,Automatic,first,Diesel,3450000,Mercedes-Benz_C-Class,Recent,14000.0,11.156264806643742
Honda,Jazz,9,53000.0,Automatic,second,Petrol,449999,Honda_Jazz,Mid,5888.888888888889,10.87806606028079
Hyundai,Verna,12,53750.0,Automatic,second,Petrol,325000,Hyundai_Verna,Old,4479.166666666667,10.892117550468008
Toyota,Innova Crysta,7,171000.0,Manual,first,Diesel,1475000,Toyota_Innova Crysta,Mid,24428.571428571428,12.049424683420915
Hyundai,Grand i10 Nios,4,100000.0,Manual,first,Petrol,549000,Hyundai_Grand i10 Nios,Recent,25000.0,11.51293546492023
Maruti Suzuki,Wagon-R,7,79000.0,Automatic,first,Petrol,440000,Maruti Suzuki_Wagon-R,Mid,11285.714285714286,11.277215789596893
Maruti Suzuki,S-Cross,6,106000.0,Manual,second,Diesel,825000,Maruti Suzuki_S-Cross,Mid,17666.666666666668,11.571203807011969
Hyundai,i10,12,67000.0,Automatic,second,Petrol,298000,Hyundai_i10,Old,5583.333333333333,11.112462823634855
Toyota,Glanza,5,64000.0,Manual,first,Petrol,689000,Toyota_Glanza,Recent,12800.0,11.06665398721974
Maruti Suzuki,Vitara Brezza,8,8788.0,Automatic,first,Diesel,500000,Maruti Suzuki_Vitara Brezza,Mid,1098.5,9.081256218564645
Hyundai,Creta,8,108000.0,Manual,first,Diesel,925000,Hyundai_Creta,Mid,13500.0,11.58989576532275
Maruti Suzuki,800,12,110000.0,Manual,second,Petrol,120000,Maruti Suzuki_800,Old,9166.666666666666,11.608244735642321
Mahindra,Thar,2,27000.0,Automatic,second,Petrol,1290000,Mahindra_Thar,New,13500.0,10.203629181337648
Renault,KWID,8,23.0,Manual,second,Petrol,210000,Renault_KWID,Mid,2.875,3.1780538303479458
Honda,City,8,33950.0,Automatic,first,Petrol,650000,Honda_City,Mid,4243.75,10.432673587634051
Tata,Nexon,5,67231.0,Manual,first,Diesel,539101,Tata_Nexon,Recent,13446.2,11.115904603644728
Honda,WR-V,6,55000.0,Manual,first,Petrol,650000,Honda_WR-V,Mid,9166.666666666666,10.915106645867503
Tata,Altroz,4,74000.0,Manual,first,Petrol,580000,Tata_Altroz,Recent,18500.0,11.211833885608513
Maruti Suzuki,Wagon R,13,110858.0,Manual,first,Petrol,210000,Maruti Suzuki_Wagon R,Old,8527.538461538461,11.616014402547039
Mahindra,Scorpio N,2,29000.0,Automatic,first,Diesel,2149999,Mahindra_Scorpio N,New,14500.0,10.275085591132715
Nissan,PATROL,5,35000.0,Manual,first,Petrol,220000,Nissan_PATROL,Recent,7000.0,10.463131911491967
Mercedes-Benz,B Class,10,41000.0,Automatic,second,Petrol,1040000,Mercedes-Benz_B Class,Mid,4100.0,10.62135173563291
MG,ASTOR,2,47200.0,Automatic,first,Petrol,1190000,MG_ASTOR,New,23600.0,10.762170357789895
Maruti Suzuki,Vitara-Brezza,5,75000.0,Automatic,first,Diesel,725000,Maruti Suzuki_Vitara-Brezza,Recent,15000.0,11.225256725762893
Maruti Suzuki,Celerio,6,82000.0,Automatic,first,Petrol,425000,Maruti Suzuki_Celerio,Mid,13666.666666666666,11.314486721293981
Mahindra,TUV 300,9,53000.0,Manual,second,Diesel,425000,Mahindra_TUV 300,Mid,5888.888888888889,10.87806606028079
Toyota,Corolla Altis,9,74000.0,Automatic,second,Petrol,649000,Toyota_Corolla Altis,Mid,8222.222222222223,11.211833885608513
Maruti Suzuki,Swift,12,158000.0,Manual,second,Diesel,315000,Maruti Suzuki_Swift,Old,13166.666666666666,11.970356641102999
Skoda,Rapid,11,150000.0,Manual,second,Diesel,425000,Skoda_Rapid,Old,13636.363636363636,11.918397239722838
Toyota,Fortuner,7,190000.0,Manual,second,Diesel,2400000,Toyota_Fortuner,Mid,27142.85714285714,12.154784614286667
Maruti Suzuki,Ciaz,4,19000.0,Automatic,second,Petrol,925000,Maruti Suzuki_Ciaz,Recent,4750.0,9.852246888342531
Maruti Suzuki,maruti-suzuki-brezza,3,18000.0,Manual,first,Petrol,740000,Maruti Suzuki_maruti-suzuki-brezza,Recent,6000.0,9.798182590890704
Ford,Ecosport,9,72000.0,Automatic,second,Diesel,450000,Ford_Ecosport,Mid,8000.0,11.184435286790631
Maruti Suzuki,Ritz,13,65500.0,Manual,second,Petrol,190000,Maruti Suzuki_Ritz,Old,5038.461538461538,11.089820688682373
Toyota,Glanza,2,9000.0,Manual,first,Petrol,775000,Toyota_Glanza,New,4500.0,9.105090961257085
Chevrolet,Sail,11,27000.0,Manual,first,Petrol,175000,Chevrolet_Sail,Old,2454.5454545454545,10.203629181337648
BMW,X4,3,20000.0,Automatic,first,Petrol,6000000,BMW_X4,Recent,6666.666666666667,9.90353755128617
Maruti Suzuki,Swift-Dzire-Tour,6,120000.0,Manual,second,Diesel,499000,Maruti Suzuki_Swift-Dzire-Tour,Mid,20000.0,11.695255355062795
Hyundai,Grand i10,9,68500.0,Manual,first,Diesel,345000,Hyundai_Grand i10,Mid,7611.111111111111,11.134603622683905
MG,Hector Plus,0,15000.0,Automatic,first,Petrol,2175000,MG_Hector Plus,New,15000.0,9.61587214452889
Ford,Figo Aspire,8,37000.0,Automatic,first,Petrol,435000,Ford_Figo Aspire,Mid,4625.0,10.518700218288165
Hyundai,i10,13,51000.0,Automatic,second,Petrol,140000,Hyundai_i10,Old,3923.076923076923,10.839600519357369
BMW,3 Series,12,53000.0,Automatic,second,Diesel,735000,BMW_3 Series,Old,4416.666666666667,10.87806606028079
Mercedes-Benz,M-Class,11,68000.0,Automatic,second,Diesel,1950000,Mercedes-Benz_M-Class,Old,6181.818181818182,11.127277689932466
Kia,Seltos,2,25000.0,Automatic,first,Petrol,1525000,Kia_Seltos,New,12500.0,10.12667110305036
Toyota,Innova Crysta,7,97000.0,Manual,second,Diesel,1100000,Toyota_Innova Crysta,Mid,13857.142857142857,11.48247656671073
Mahindra,XUV500,7,59000.0,Manual,first,Diesel,1500000,Mahindra_XUV500,Mid,8428.57142857143,10.985309671896763
Hyundai,Grand i10,9,57000.0,Manual,second,Petrol,380000,Hyundai_Grand i10,Mid,6333.333333333333,10.950824090522445
Hyundai,Creta,5,64000.0,Automatic,first,Petrol,1040000,Hyundai_Creta,Recent,12800.0,11.06665398721974
Maruti Suzuki,A-Star,15,82000.0,Manual,second,Petrol,130000,Maruti Suzuki_A-Star,Old,5466.666666666667,11.314486721293981
Renault,KWID,7,65000.0,Automatic,second,Petrol,320000,Renault_KWID,Mid,9285.714285714286,11.082157933374816
Land Rover,Discovery,7,72000.0,Automatic,first,Diesel,2149000,Land Rover_Discovery,Mid,10285.714285714286,11.184435286790631
Toyota,Fortuner,6,11000.0,Manual,first,Diesel,3095000,Toyota_Fortuner,Mid,1833.3333333333333,9.305741456739435
Skoda,Superb,13,90000.0,Automatic,second,Petrol,400000,Skoda_Superb,Old,6923.076923076923,11.407576060361786
Mahindra,Marazzo,4,168000.0,Manual,second,Diesel,700000,Mahindra_Marazzo,Recent,42000.0,12.031725210748633
Maruti Suzuki,Swift,5,58900.0,Automatic,first,Petrol,495000,Maruti Suzuki_Swift,Recent,11780.0,10.983613347424248
Maruti Suzuki,Swift,2,52000.0,Automatic,first,Petrol,645000,Maruti Suzuki_Swift,New,26000.0,10.859018228147887
Mercedes-Benz,C-Class,10,86000.0,Automatic,second,Diesel,895000,Mercedes-Benz_C-Class,Mid,8600.0,11.362114203075018
Honda,City,3,43000.0,Automatic,first,Petrol,1040000,Honda_City,Recent,14333.333333333334,10.668978650219241
Skoda,Rapid,3,34000.0,Automatic,first,Petrol,840000,Skoda_Rapid,Recent,11333.333333333334,10.434145214930487
Mahindra,Scorpio,4,15.0,Automatic,first,Diesel,1350000,Mahindra_Scorpio,Recent,3.75,2.772588722239781
Hyundai,i20,9,87000.0,Manual,first,Diesel,450000,Hyundai_i20,Mid,9666.666666666666,11.373674891823535
Maruti Suzuki,Baleno,9,81000.0,Manual,second,Diesel,570000,Maruti Suzuki_Baleno,Mid,9000.0,11.302216779257382
Honda,WRV,7,47000.0,Automatic,second,Petrol,575002,Honda_WRV,Mid,6714.285714285715,10.757924157061597
MG,Hector Plus,1,15744.0,Automatic,first,Petrol,1599999,MG_Hector Plus,New,15744.0,9.664278133535126
Honda,City,10,78000.0,Manual,first,Diesel,595000,Honda_City,Mid,7800.0,11.264476926102367
Maruti Suzuki,Wagon-R,5,25000.0,Automatic,second,Petrol,525000,Maruti Suzuki_Wagon-R,Recent,5000.0,10.12667110305036
Hyundai,Verna,6,74000.0,Automatic,first,Petrol,880000,Hyundai_Verna,Mid,12333.333333333334,11.211833885608513
Hyundai,Santro,17,75000.0,Manual,second,Petrol,165000,Hyundai_Santro,Old,4411.764705882353,11.225256725762893
Toyota,Yaris,6,61000.0,Automatic,second,Petrol,580000,Toyota_Yaris,Mid,10166.666666666666,11.0186455364637
Honda,Amaze,10,62000.0,Automatic,first,Petrol,350000,Honda_Amaze,Mid,6200.0,11.034905792929415
Renault,Duster,7,130000.0,Manual,first,Diesel,590000,Renault_Duster,Mid,18571.428571428572,11.775297421715827
Toyota,Fortuner,6,130000.0,Automatic,second,Diesel,2849000,Toyota_Fortuner,Mid,21666.666666666668,11.775297421715827
Mercedes-Benz,GLC,7,151000.0,Automatic,second,Diesel,2850000,Mercedes-Benz_GLC,Mid,21571.428571428572,11.92504173829169
Mahindra,XUV500,6,95000.0,Manual,second,Diesel,1280000,Mahindra_XUV500,Mid,15833.333333333334,11.461642696843066
Audi,Q5,13,103000.0,Automatic,second,Diesel,851000,Audi_Q5,Old,7923.076923076923,11.542493975902508
Hyundai,i20,12,149175.0,Manual,second,Diesel,315000,Hyundai_i20,Old,12431.25,11.91288209590393
Toyota,Corolla Altis,13,52000.0,Manual,second,Petrol,343000,Toyota_Corolla Altis,Old,4000.0,10.859018228147887
Hyundai,Creta,4,70000.0,Manual,first,Diesel,1499000,Hyundai_Creta,Recent,17500.0,11.156264806643742
Mercedes-Benz,E-Class,15,21000.0,Automatic,second,Diesel,475000,Mercedes-Benz_E-Class,Old,1400.0,9.952325334619427
Renault,Lodgy,8,119000.0,Manual,first,Diesel,560000,Renault_Lodgy,Mid,14875.0,11.686887175419702
Mercedes-Benz,M-Class,10,135000.0,Automatic,first,Diesel,1645000,Mercedes-Benz_M-Class,Mid,13500.0,11.813037464800539
Tata,Nexon,6,52000.0,Automatic,first,Petrol,645000,Tata_Nexon,Mid,8666.666666666666,10.859018228147887
Toyota,Fortuner,4,54000.0,Automatic,first,Diesel,3400000,Toyota_Fortuner,Recent,13500.0,10.896757843893464
Maruti Suzuki,Swift,9,74566.0,Manual,second,Diesel,345000,Maruti Suzuki_Swift,Mid,8285.111111111111,11.219453329072806
Mahindra,Thar,2,32500.0,Automatic,first,Diesel,1775000,Mahindra_Thar,New,16250.0,10.389026137075234
Maruti Suzuki,Swift,2,60000.0,Manual,second,Petrol,550000,Maruti Suzuki_Swift,New,30000.0,11.002116507732017
Tata,Harrier,4,29000.0,Manual,first,Diesel,1075000,Tata_Harrier,Recent,7250.0,10.275085591132715
Skoda,Kushaq,1,17694.0,Automatic,first,Petrol,1850000,Skoda_Kushaq,New,17694.0,9.781037392779563
Maruti Suzuki,XL6,3,25524.0,Automatic,first,Petrol,1149000,Maruti Suzuki_XL6,Recent,8508.0,10.147413643032866
Honda,City,8,91000.0,Manual,first,Diesel,550000,Honda_City,Mid,11375.0,11.418625774449598
Maruti Suzuki,maruti-suzuki-dzire,11,70000.0,Manual,second,Petrol,295000,Maruti Suzuki_maruti-suzuki-dzire,Old,6363.636363636364,11.156264806643742
Renault,Duster,10,85000.0,Manual,first,Diesel,285000,Renault_Duster,Mid,8500.0,11.350418300109132
Maruti Suzuki,Zen-Estilo,20,170000.0,Manual,second,Diesel,110000,Maruti Suzuki_Zen-Estilo,Old,8500.0,12.04355959836804
Mercedes-Benz,GLE Class,0,4000.0,Automatic,first,Diesel,10200000,Mercedes-Benz_GLE Class,New,4000.0,8.294299608857235
MG,Hector,1,42000.0,Manual,first,Diesel,2025000,MG_Hector,New,42000.0,10.645448706505872
Maruti Suzuki,800,16,56000.0,Manual,second,Petrol,150000,Maruti Suzuki_800,Old,3500.0,10.933124826700707
Maruti Suzuki,Alto-800,2,25000.0,Manual,second,Petrol,345000,Maruti Suzuki_Alto-800,New,12500.0,10.12667110305036
Maruti Suzuki,Wagon-R,17,118000.0,Manual,second,Petrol,150000,Maruti Suzuki_Wagon-R,Old,6941.176470588235,11.678448377988165
Mahindra,Scorpio,8,82000.0,Manual,first,Diesel,775000,Mahindra_Scorpio,Mid,10250.0,11.314486721293981
Skoda,Superb,8,60000.0,Automatic,second,Petrol,1650000,Skoda_Superb,Mid,7500.0,11.002116507732017
Honda,CRV,11,57000.0,Automatic,second,Petrol,715000,Honda_CRV,Old,5181.818181818182,10.950824090522445
Honda,Amaze,11,45000.0,Manual,first,Petrol,395000,Honda_Amaze,Old,4090.909090909091,10.714439990727769
Honda,Amaze,2,16000.0,Manual,first,Petrol,665000,Honda_Amaze,New,8000.0,9.680406499268875
Toyota,Fortuner,3,36000.0,Automatic,first,Diesel,3750000,Toyota_Fortuner,Recent,12000.0,10.491301994830229
Maruti Suzuki,Celerio,6,55000.0,Automatic,first,Petrol,392000,Maruti Suzuki_Celerio,Mid,9166.666666666666,10.915106645867503
Toyota,Innova Crysta,8,174000.0,Automatic,second,Diesel,1550000,Toyota_Innova Crysta,Mid,21750.0,12.066816325306588
Ford,Figo Aspire,5,60000.0,Manual,first,Diesel,469000,Ford_Figo Aspire,Recent,12000.0,11.002116507732017
Tata,Sumo Grande MK II,11,42000.0,Manual,second,Diesel,275000,Tata_Sumo Grande MK II,Old,3818.181818181818,10.645448706505872
Hyundai,Grand i10,6,28000.0,Automatic,second,Petrol,525000,Hyundai_Grand i10,Mid,4666.666666666667,10.239995502805316
Maruti Suzuki,Alto-800,3,13000.0,Manual,second,Petrol,440000,Maruti Suzuki_Alto-800,Recent,4333.333333333333,9.472781556562168
Renault,KWID,8,77000.0,Manual,first,Petrol,255000,Renault_KWID,Mid,9625.0,11.251573687764477
Hyundai,Creta,3,45000.0,Automatic,first,Diesel,1699000,Hyundai_Creta,Recent,15000.0,10.714439990727769
Jeep,Compass,6,53213.0,Manual,second,Diesel,860000,Jeep_Compass,Mid,8868.833333333334,10.882076798604507
Hyundai,i20,13,53000.0,Manual,second,Petrol,230000,Hyundai_i20,Old,4076.923076923077,10.87806606028079
Maruti Suzuki,Wagon R,6,64000.0,Automatic,first,Petrol,451000,Maruti Suzuki_Wagon R,Mid,10666.666666666666,11.06665398721974
Honda,City,8,80000.0,Manual,first,Diesel,580000,Honda_City,Mid,10000.0,11.289794413577894
Mercedes-Benz,V-Class,5,20000.0,Automatic,first,Diesel,6300000,Mercedes-Benz_V-Class,Recent,4000.0,9.90353755128617
Maruti Suzuki,Celerio,7,61000.0,Automatic,second,Petrol,455000,Maruti Suzuki_Celerio,Mid,8714.285714285714,11.0186455364637
Volvo,S80,9,75000.0,Automatic,first,Diesel,1350000,Volvo_S80,Mid,8333.333333333334,11.225256725762893
Maruti Suzuki,Swift-Dzire,6,33251.0,Automatic,second,Petrol,550000,Maruti Suzuki_Swift-Dzire,Mid,5541.833333333333,10.411870194650978
Maruti Suzuki,Alto-800,10,86000.0,Manual,first,Petrol,300000,Maruti Suzuki_Alto-800,Mid,8600.0,11.362114203075018
Honda,Brio,11,54000.0,Manual,first,Petrol,335000,Honda_Brio,Old,4909.090909090909,10.896757843893464
Maruti Suzuki,Swift,8,158000.0,Manual,second,Diesel,450000,Maruti Suzuki_Swift,Mid,19750.0,11.970356641102999
Maruti Suzuki,Ertiga,11,70000.0,Manual,second,Diesel,580000,Maruti Suzuki_Ertiga,Old,6363.636363636364,11.156264806643742
Honda,Amaze,3,78000.0,Automatic,second,Diesel,1075000,Honda_Amaze,Recent,26000.0,11.264476926102367
Mahindra,Verito,11,112000.0,Manual,second,Diesel,360000,Mahindra_Verito,Old,10181.818181818182,11.626263078808801
Hyundai,Creta,5,29569.0,Automatic,first,Petrol,1100000,Hyundai_Creta,Recent,5913.8,10.294515612846523
Honda,Brio,12,92500.0,Automatic,first,Petrol,200000,Honda_Brio,Old,7708.333333333333,11.434974734252892
Toyota,Fortuner,12,220000.0,Automatic,second,Diesel,1245000,Toyota_Fortuner,Old,18333.333333333332,12.301387370778713
Hyundai,i10,16,90000.0,Manual,first,Petrol,199999,Hyundai_i10,Old,5625.0,11.407576060361786
Mahindra,Thar,0,8000.0,Manual,first,Diesel,1550000,Mahindra_Thar,New,8000.0,8.987321812850125
Nissan,Terrano,7,80000.0,Automatic,second,Diesel,745000,Nissan_Terrano,Mid,11428.57142857143,11.289794413577894
Mercedes-Benz,GL-Class,6,72000.0,Automatic,second,Diesel,4800000,Mercedes-Benz_GL-Class,Mid,12000.0,11.184435286790631
Maruti Suzuki,Grand Vitara,1,8400.0,Manual,first,Petrol,1450000,Maruti Suzuki_Grand Vitara,New,8400.0,9.036106025364846
Honda,City ZX,16,145000.0,Manual,second,Petrol,160000,Honda_City ZX,Old,9062.5,11.884495917930655
Volkswagen,Polo,4,87244.0,Manual,first,Petrol,725000,Volkswagen_Polo,Recent,21811.0,11.37647553183233
Renault,KWID,8,88000.0,Automatic,second,Petrol,180000,Renault_KWID,Mid,11000.0,11.385103457032141
Volvo,XC 90,15,94000.0,Automatic,second,Diesel,1250000,Volvo_XC 90,Old,6266.666666666667,11.451060699493427
Maruti Suzuki,Celerio X,6,38000.0,Automatic,second,Petrol,400000,Maruti Suzuki_Celerio X,Mid,6333.333333333333,10.545367754151743
Maruti Suzuki,Vitara-Brezza,7,69500.0,Manual,second,Diesel,514999,Maruti Suzuki_Vitara-Brezza,Mid,9928.57142857143,11.149096419938578
Mahindra,XUV500,8,24000.0,Manual,second,Diesel,625000,Mahindra_XUV500,Mid,3000.0,10.085850775128717
Honda,City,2,10000.0,Automatic,first,Petrol,1299000,Honda_City,New,5000.0,9.210440366976517
Tata,Nexon,4,55000.0,Automatic,first,Petrol,695000,Tata_Nexon,Recent,13750.0,10.915106645867503
Toyota,Innova,12,151000.0,Manual,first,Diesel,895000,Toyota_Innova,Old,12583.333333333334,11.92504173829169
Toyota,Fortuner,9,73500.0,Manual,second,Diesel,1390000,Toyota_Fortuner,Mid,8166.666666666667,11.205054290550551
Kia,Sonet,4,20200.0,Automatic,first,Petrol,1000000,Kia_Sonet,Recent,5050.0,9.913487387114461
Toyota,Innova Crysta,6,162000.0,Automatic,second,Diesel,1875000,Toyota_Innova Crysta,Mid,27000.0,11.995357787034976
Volkswagen,Polo,3,73000.0,Automatic,first,Petrol,891000,Volkswagen_Polo,Recent,24333.333333333332,11.19822841866684
Hyundai,EON,7,56000.0,Manual,first,Petrol,278000,Hyundai_EON,Mid,8000.0,10.933124826700707
Maruti Suzuki,Eeco,1,35000.0,Manual,second,Petrol,600000,Maruti Suzuki_Eeco,New,35000.0,10.463131911491967
Ford,Figo Aspire,8,113546.0,Automatic,second,Petrol,389999,Ford_Figo Aspire,Mid,14193.25,11.639972127105429
Kia,Seltos,3,9020.0,Manual,first,Petrol,1300000,Kia_Seltos,Recent,3006.6666666666665,9.107310471656639
Maruti Suzuki,Celerio,9,20460.0,Automatic,second,Petrol,475000,Maruti Suzuki_Celerio,Mid,2273.3333333333335,9.92627591416656
Volkswagen,Polo,13,130000.0,Manual,second,Diesel,250000,Volkswagen_Polo,Old,10000.0,11.775297421715827
Mahindra,XUV500,9,67000.0,Manual,first,Diesel,650000,Mahindra_XUV500,Mid,7444.444444444444,11.112462823634855
Hyundai,Verna,6,51000.0,Manual,second,Petrol,695000,Hyundai_Verna,Mid,8500.0,10.839600519357369
Mercedes-Benz,GLE,2,24000.0,Automatic,first,Petrol,9500000,Mercedes-Benz_GLE,New,12000.0,10.085850775128717
BMW,3 Series GT,5,44000.0,Automatic,first,Diesel,3000000,BMW_3 Series GT,Recent,8800.0,10.691967639914864
Honda,City,10,99920.0,Automatic,second,Petrol,460000,Honda_City,Mid,9992.0,11.512135152755784
Mercedes-Benz,CLA,9,69000.0,Automatic,second,Petrol,1499000,Mercedes-Benz_CLA,Mid,7666.666666666667,11.141876276228
Maruti Suzuki,Vitara-Brezza,4,62302.0,Manual,first,Petrol,729000,Maruti Suzuki_Vitara-Brezza,Recent,15575.5,11.03976485770927
Mahindra,Bolero Power Plus,13,165786.0,Manual,second,Diesel,275000,Mahindra_Bolero Power Plus,Old,12752.76923076923,12.018459110889141
Honda,Jazz,9,62000.0,Automatic,second,Petrol,490000,Honda_Jazz,Mid,6888.888888888889,11.034905792929415
Audi,A4,12,77000.0,Automatic,first,Petrol,697000,Audi_A4,Old,6416.666666666667,11.251573687764477
Jeep,Compass,6,68000.0,Automatic,first,Petrol,1049999,Jeep_Compass,Mid,11333.333333333334,11.127277689932466
Kia,Sonet,3,84000.0,Automatic,first,Petrol,875000,Kia_Sonet,Recent,28000.0,11.338583982516495
Volkswagen,Polo GTI,9,56000.0,Automatic,first,Petrol,520000,Volkswagen_Polo GTI,Mid,6222.222222222223,10.933124826700707
Mahindra,Thar,6,106000.0,Manual,first,Diesel,790000,Mahindra_Thar,Mid,17666.666666666668,11.571203807011969
Tata,Tigor,5,67321.0,Manual,first,Petrol,389101,Tata_Tigor,Recent,13464.2,11.117242356716682
Renault,KWID,3,73146.0,Manual,first,Petrol,300000,Renault_KWID,Recent,24382.0,11.200226393987311
Maruti Suzuki,Swift-Dzire,14,92000.0,Manual,first,Diesel,320000,Maruti Suzuki_Swift-Dzire,Old,6571.428571428572,11.429554725537322
Toyota,Fortuner,9,68000.0,Automatic,first,Diesel,2275000,Toyota_Fortuner,Mid,7555.555555555556,11.127277689932466
BMW,5 Series,13,100000.0,Automatic,first,Diesel,1350000,BMW_5 Series,Old,7692.307692307692,11.51293546492023
Hyundai,Verna,3,55000.0,Manual,first,Petrol,1045000,Hyundai_Verna,Recent,18333.333333333332,10.915106645867503
Kia,Seltos,3,47000.0,Automatic,first,Petrol,1475000,Kia_Seltos,Recent,15666.666666666666,10.757924157061597
Renault,Kiger,2,10000.0,Automatic,first,Petrol,695000,Renault_Kiger,New,5000.0,9.210440366976517
Maruti Suzuki,Swift-Dzire,12,69000.0,Manual,second,Petrol,365000,Maruti Suzuki_Swift-Dzire,Old,5750.0,11.141876276228
Maruti Suzuki,Swift,8,102000.0,Manual,second,Petrol,385000,Maruti Suzuki_Swift,Mid,12750.0,11.532737896139919
BMW,X7,4,25700.0,Automatic,second,Petrol,10900000,BMW_X7,Recent,6425.0,10.154285180632154
Maruti Suzuki,Ertiga,6,65000.0,Automatic,second,Petrol,675000,Maruti Suzuki_Ertiga,Mid,10833.333333333334,11.082157933374816
Ford,Fiesta,15,68000.0,Manual,second,Diesel,225000,Ford_Fiesta,Old,4533.333333333333,11.127277689932466
Skoda,Slavia,2,4950.0,Automatic,first,Petrol,1670000,Skoda_Slavia,New,2475.0,8.507344855361422
Honda,City ZX,17,56000.0,Manual,second,Petrol,99999,Honda_City ZX,Old,3294.1176470588234,10.933124826700707
Mahindra,Scorpio Classic,4,80000.0,Manual,second,Diesel,1325000,Mahindra_Scorpio Classic,Recent,20000.0,11.289794413577894
Renault,Triber,4,17000.0,Manual,first,Petrol,545000,Renault_Triber,Recent,4250.0,9.741027444837728
Toyota,Camry,11,95000.0,Automatic,first,Petrol,750000,Toyota_Camry,Old,8636.363636363636,11.461642696843066
Mahindra,XUV700,2,39000.0,Automatic,first,Petrol,1950000,Mahindra_XUV700,New,19500.0,10.571342565808699
Hyundai,Creta,5,68000.0,Automatic,second,Petrol,1175000,Hyundai_Creta,Recent,13600.0,11.127277689932466
Kia,Sonet,4,35000.0,Manual,first,Petrol,950000,Kia_Sonet,Recent,8750.0,10.463131911491967
Toyota,Etios,5,178000.0,Manual,second,Diesel,850000,Toyota_Etios,Recent,35600.0,12.08954444723597
Maruti Suzuki,Swift-Dzire,3,81000.0,Manual,first,Petrol,615000,Maruti Suzuki_Swift-Dzire,Recent,27000.0,11.302216779257382
Maruti Suzuki,Vitara Brezza,4,48000.0,Manual,first,Petrol,885000,Maruti Suzuki_Vitara Brezza,Recent,12000.0,10.778977123006351
Toyota,Etios,7,150000.0,Manual,second,Diesel,700000,Toyota_Etios,Mid,21428.571428571428,11.918397239722838
Maruti Suzuki,Alto-800,2,21000.0,Manual,first,Petrol,395000,Maruti Suzuki_Alto-800,New,10500.0,9.952325334619427
Volkswagen,Polo,7,19000.0,Manual,first,Petrol,535000,Volkswagen_Polo,Mid,2714.285714285714,9.852246888342531
Honda,City,8,74000.0,Automatic,second,Petrol,590000,Honda_City,Mid,9250.0,11.211833885608513
Hyundai,Verna,16,125000.0,Manual,first,Diesel,165000,Hyundai_Verna,Old,7812.5,11.736077016252437
Hyundai,Creta,7,60000.0,Automatic,first,Petrol,850000,Hyundai_Creta,Mid,8571.42857142857,11.002116507732017
Maruti Suzuki,Swift-Dzire,9,68000.0,Manual,first,Diesel,550000,Maruti Suzuki_Swift-Dzire,Mid,7555.555555555556,11.127277689932466
Force,Motors FM Trax Cruiser,0,18000.0,Manual,first,Diesel,1451000,Force_Motors FM Trax Cruiser,New,18000.0,9.798182590890704
Maruti Suzuki,Baleno,3,50000.0,Manual,first,Petrol,755000,Maruti Suzuki_Baleno,Recent,16666.666666666668,10.819798284210286
Hyundai,Creta,7,82000.0,Automatic,first,Petrol,830000,Hyundai_Creta,Mid,11714.285714285714,11.314486721293981
Maruti Suzuki,Alto 800,9,65000.0,Manual,second,Petrol,225000,Maruti Suzuki_Alto 800,Mid,7222.222222222223,11.082157933374816
Kia,Seltos,3,39000.0,Automatic,first,Petrol,1400000,Kia_Seltos,Recent,13000.0,10.571342565808699
Maruti Suzuki,Ertiga,6,130000.0,Manual,first,Diesel,850000,Maruti Suzuki_Ertiga,Mid,21666.666666666668,11.775297421715827
Jeep,Meridian,1,19780.0,Automatic,first,Diesel,3100000,Jeep_Meridian,New,19780.0,9.892477160016076
Honda,Civic,5,35000.0,Automatic,second,Petrol,1199000,Honda_Civic,Recent,7000.0,10.463131911491967
Tata,Nexon,5,89000.0,Automatic,first,Diesel,470000,Tata_Nexon,Recent,17800.0,11.39640288460621
Mercedes-Benz,E-Class,11,78000.0,Automatic,first,Petrol,1045000,Mercedes-Benz_E-Class,Old,7090.909090909091,11.264476926102367
Maruti Suzuki,Estilo,17,74900.0,Manual,first,Petrol,95000,Maruti Suzuki_Estilo,Old,4405.882352941177,11.223922520551032
Mahindra,XUV300,5,21000.0,Manual,second,Diesel,895000,Mahindra_XUV300,Recent,4200.0,9.952325334619427
Mini,Cooper S,7,42000.0,Automatic,second,Petrol,3350000,Mini_Cooper S,Mid,6000.0,10.645448706505872
Hyundai,Xcent,4,15000.0,Manual,first,Petrol,505000,Hyundai_Xcent,Recent,3750.0,9.61587214452889
Mahindra,Scorpio,7,86000.0,Manual,second,Diesel,700000,Mahindra_Scorpio,Mid,12285.714285714286,11.362114203075018
Tata,Indigo Cs,15,0.0,Manual,second,Diesel,160000,Tata_Indigo Cs,Old,0.0,0.0
Maruti Suzuki,Swift-Dzire,9,86000.0,Manual,first,Diesel,335000,Maruti Suzuki_Swift-Dzire,Mid,9555.555555555555,11.362114203075018
Land Rover,Range Rover Evoque,4,11264.0,Automatic,first,Diesel,5795000,Land Rover_Range Rover Evoque,Recent,2816.0,9.329455852866344
Honda,City,11,130000.0,Manual,second,Petrol,394500,Honda_City,Old,11818.181818181818,11.775297421715827
Honda,Amaze,3,78000.0,Automatic,second,Diesel,1075000,Honda_Amaze,Recent,26000.0,11.264476926102367
Renault,KWID,8,50588.0,Manual,second,Petrol,325000,Renault_KWID,Mid,6323.5,10.831489440338295
Honda,City,8,79000.0,Automatic,second,Petrol,675000,Honda_City,Mid,9875.0,11.277215789596893
Maruti Suzuki,Swift,9,94200.0,Manual,second,Diesel,495000,Maruti Suzuki_Swift,Mid,10466.666666666666,11.45318607621936
Toyota,Innova Crysta,8,160000.0,Automatic,first,Diesel,1375000,Toyota_Innova Crysta,Mid,20000.0,11.982935344196433
Maruti Suzuki,XL6,5,40000.0,Automatic,first,Petrol,1125000,Maruti Suzuki_XL6,Recent,8000.0,10.596659732783579
Mercedes-Benz,GLC,4,38000.0,Automatic,second,Diesel,4700000,Mercedes-Benz_GLC,Recent,9500.0,10.545367754151743
Tata,Nexon,1,7800.0,Automatic,first,Petrol,895000,Tata_Nexon,New,7800.0,8.962007209588313
Maruti Suzuki,Celerio,9,114000.0,Automatic,second,Petrol,395000,Maruti Suzuki_Celerio,Mid,12666.666666666666,11.643962499267984
Hyundai,Santro Xing,14,100000.0,Manual,second,Petrol,126000,Hyundai_Santro Xing,Old,7142.857142857143,11.51293546492023
Tata,Indigo Ecs,10,114109.0,Manual,second,Diesel,180000,Tata_Indigo Ecs,Mid,11410.9,11.644918174428726
Honda,Amaze,8,64000.0,Manual,second,Petrol,415000,Honda_Amaze,Mid,8000.0,11.06665398721974
Hyundai,Creta,7,66000.0,Manual,second,Petrol,675000,Hyundai_Creta,Mid,9428.57142857143,11.097425172408931
Toyota,Innova,13,150000.0,Manual,second,Diesel,400000,Toyota_Innova,Old,11538.461538461539,11.918397239722838
BMW,5 Series,6,50000.0,Automatic,first,Diesel,3900000,BMW_5 Series,Mid,8333.333333333334,10.819798284210286
Maruti Suzuki,Ritz,10,54000.0,Manual,second,Petrol,385000,Maruti Suzuki_Ritz,Mid,5400.0,10.896757843893464
Maruti Suzuki,Vitara-Brezza,4,64000.0,Manual,first,Diesel,875000,Maruti Suzuki_Vitara-Brezza,Recent,16000.0,11.06665398721974
Toyota,Innova Crysta,8,185865.0,Automatic,first,Diesel,1490000,Toyota_Innova Crysta,Mid,23233.125,12.132781262953335
Maruti Suzuki,Swift,12,82000.0,Manual,second,Diesel,225000,Maruti Suzuki_Swift,Old,6833.333333333333,11.314486721293981
Kia,Sonet,0,800.0,Manual,first,Petrol,170000,Kia_Sonet,New,800.0,6.68586094706836
Renault,KWID,7,62000.0,Automatic,first,Petrol,399999,Renault_KWID,Mid,8857.142857142857,11.034905792929415
Toyota,Innova,14,220734.0,Manual,second,Diesel,576000,Toyota_Innova,Old,15766.714285714286,12.304718165987614
Maruti Suzuki,Swift-Dzire,10,70000.0,Manual,second,Diesel,450000,Maruti Suzuki_Swift-Dzire,Mid,7000.0,11.156264806643742
Land Rover,Range Rover Evoque,11,80500.0,Automatic,second,Diesel,1590000,Land Rover_Range Rover Evoque,Old,7318.181818181818,11.296024885689746
Hyundai,i20 Active,8,50000.0,Manual,first,Petrol,540000,Hyundai_i20 Active,Mid,6250.0,10.819798284210286
Hyundai,i20,7,30000.0,Manual,second,Petrol,500000,Hyundai_i20,Mid,4285.714285714285,10.308985993422082
Toyota,Innova Crysta,7,161000.0,Automatic,first,Diesel,1650000,Toyota_Innova Crysta,Mid,23000.0,11.989165855127435
Maruti Suzuki,Alto-K10,6,72000.0,Automatic,first,Petrol,370000,Maruti Suzuki_Alto-K10,Mid,12000.0,11.184435286790631
Mercedes-Benz,GLE Class,7,49000.0,Automatic,first,Petrol,4900000,Mercedes-Benz_GLE Class,Mid,7000.0,10.799595985047786
Maruti Suzuki,Swift-Dzire,9,72000.0,Manual,second,Diesel,645000,Maruti Suzuki_Swift-Dzire,Mid,8000.0,11.184435286790631
Mercedes-Benz,E-Class,15,100000.0,Automatic,second,Diesel,625000,Mercedes-Benz_E-Class,Old,6666.666666666667,11.51293546492023
Hyundai,Fluidic Verna,11,90000.0,Manual,second,Petrol,470000,Hyundai_Fluidic Verna,Old,8181.818181818182,11.407576060361786
Hyundai,Xcent,9,56000.0,Manual,first,Petrol,365000,Hyundai_Xcent,Mid,6222.222222222223,10.933124826700707
Hyundai,i10,12,51000.0,Manual,second,Petrol,165000,Hyundai_i10,Old,4250.0,10.839600519357369
Mahindra,XUV500,9,55000.0,Manual,first,Diesel,790000,Mahindra_XUV500,Mid,6111.111111111111,10.915106645867503
Audi,Q5,5,24000.0,Automatic,second,Diesel,3475000,Audi_Q5,Recent,4800.0,10.085850775128717
Maruti Suzuki,Brezza,7,67000.0,Manual,second,Diesel,700000,Maruti Suzuki_Brezza,Mid,9571.42857142857,11.112462823634855
Toyota,Etios,11,70000.0,Manual,second,Petrol,260000,Toyota_Etios,Old,6363.636363636364,11.156264806643742
Maruti Suzuki,Wagon-R-1-0,15,80000.0,Manual,second,Petrol,110000,Maruti Suzuki_Wagon-R-1-0,Old,5333.333333333333,11.289794413577894
Maruti Suzuki,Swift,13,28082.0,Manual,first,Petrol,255000,Maruti Suzuki_Swift,Old,2160.153846153846,10.242919690039855
Porsche,Cayenne,6,70000.0,Automatic,first,Diesel,4650000,Porsche_Cayenne,Mid,11666.666666666666,11.156264806643742
Tata,Hexa,6,88000.0,Manual,first,Diesel,799999,Tata_Hexa,Mid,14666.666666666666,11.385103457032141
Maruti Suzuki,Eeco,6,68321.0,Manual,first,Petrol,335101,Maruti Suzuki_Eeco,Mid,11386.833333333334,11.13198710203866
Ford,Ecosport,7,55000.0,Manual,second,Petrol,650000,Ford_Ecosport,Mid,7857.142857142857,10.915106645867503
Hyundai,Creta,5,51000.0,Manual,first,Diesel,899000,Hyundai_Creta,Recent,10200.0,10.839600519357369
BMW,X5,5,17500.0,Automatic,first,Diesel,4500000,BMW_X5,Recent,3500.0,9.770013301136158
Maruti Suzuki,Swift-Dzire,9,84000.0,Manual,second,Petrol,425000,Maruti Suzuki_Swift-Dzire,Mid,9333.333333333334,11.338583982516495
Nissan,Sunny,13,70000.0,Manual,second,Petrol,175000,Nissan_Sunny,Old,5384.615384615385,11.156264806643742
Toyota,Innova Crysta,5,39000.0,Automatic,second,Diesel,2550000,Toyota_Innova Crysta,Recent,7800.0,10.571342565808699
BMW,7 Series,8,74000.0,Automatic,second,Diesel,5500000,BMW_7 Series,Mid,9250.0,11.211833885608513
Maruti Suzuki,Swift,8,61000.0,Manual,first,Petrol,359000,Maruti Suzuki_Swift,Mid,7625.0,11.0186455364637
Maruti Suzuki,Baleno,7,80160.0,Manual,second,Diesel,469000,Maruti Suzuki_Baleno,Mid,11451.42857142857,11.291792391290778
Ford,Ecosport,6,75000.0,Manual,first,Diesel,615000,Ford_Ecosport,Mid,12500.0,11.225256725762893
Land Rover,Range Rover Evoque,3,41788.0,Automatic,second,Diesel,4988000,Land Rover_Range Rover Evoque,Recent,13929.333333333334,10.640388425985996
Maruti Suzuki,maruti-suzuki-dzire,4,78000.0,Manual,first,Petrol,610000,Maruti Suzuki_maruti-suzuki-dzire,Recent,19500.0,11.264476926102367
Tata,Sumo Gold,11,100000.0,Automatic,second,Diesel,370000,Tata_Sumo Gold,Old,9090.90909090909,11.51293546492023
Hyundai,Eon,7,32500.0,Manual,second,Petrol,235000,Hyundai_Eon,Mid,4642.857142857143,10.389026137075234
Maruti Suzuki,Vitara-Brezza,6,92000.0,Manual,first,Diesel,798000,Maruti Suzuki_Vitara-Brezza,Mid,15333.333333333334,11.429554725537322
Honda,Amaze,10,80000.0,Manual,first,Diesel,390000,Honda_Amaze,Mid,8000.0,11.289794413577894
Hyundai,Creta,8,78800.0,Automatic,second,Diesel,799999,Hyundai_Creta,Mid,9850.0,11.274680966120778
Toyota,Etios Liva,12,93000.0,Manual,second,Diesel,440000,Toyota_Etios Liva,Old,7750.0,11.440365524765756
Toyota,Etios,12,171985.0,Manual,second,Diesel,400000,Toyota_Etios,Old,14332.083333333334,12.055168357133972
Maruti Suzuki,Wagon R,7,74000.0,Automatic,first,Petrol,449000,Maruti Suzuki_Wagon R,Mid,10571.42857142857,11.211833885608513
Toyota,Innova Crysta,7,69000.0,Automatic,first,Diesel,1815000,Toyota_Innova Crysta,Mid,9857.142857142857,11.141876276228
Volkswagen,VentoTest,12,70000.0,Manual,second,Petrol,250000,Volkswagen_VentoTest,Old,5833.333333333333,11.156264806643742
Mahindra,Thar,3,16700.0,Automatic,first,Diesel,1750000,Mahindra_Thar,Recent,5566.666666666667,9.723223876851618
Maruti Suzuki,Dzire,6,25000.0,Automatic,second,Petrol,630000,Maruti Suzuki_Dzire,Mid,4166.666666666667,10.12667110305036
Renault,Pulse,12,88300.0,Manual,first,Diesel,375000,Renault_Pulse,Old,7358.333333333333,11.388506711556236
Land Rover,Range Rover Velar,6,51000.0,Automatic,first,Petrol,4987000,Land Rover_Range Rover Velar,Mid,8500.0,10.839600519357369
Toyota,Innova Crysta,6,70000.0,Manual,second,Diesel,1850000,Toyota_Innova Crysta,Mid,11666.666666666666,11.156264806643742
Maruti Suzuki,Ritz,9,82000.0,Manual,second,Petrol,325000,Maruti Suzuki_Ritz,Mid,9111.111111111111,11.314486721293981
Maruti Suzuki,Ciaz,8,230.0,Manual,first,Diesel,460000,Maruti Suzuki_Ciaz,Mid,28.75,5.442417710521793
Chevrolet,OptraSRV,18,117000.0,Automatic,second,Petrol,145000,Chevrolet_OptraSRV,Old,6500.0,11.669937760751914
Skoda,Rapid,12,96000.0,Manual,first,Diesel,340000,Skoda_Rapid,Old,8000.0,11.472113887062386
Tata,Indica V2,17,54000.0,Manual,second,Petrol,50000,Tata_Indica V2,Old,3176.470588235294,10.896757843893464
Kia,Seltos,4,50000.0,Manual,first,Diesel,1195000,Kia_Seltos,Recent,12500.0,10.819798284210286
Hyundai,Venue,3,40000.0,Manual,first,Petrol,765000,Hyundai_Venue,Recent,13333.333333333334,10.596659732783579
Toyota,Innova,10,195000.0,Manual,second,Diesel,1020000,Toyota_Innova,Mid,19500.0,12.180759965737863
Mahindra,Scorpio Classic,1,28000.0,Manual,first,Diesel,1750000,Mahindra_Scorpio Classic,New,28000.0,10.239995502805316
BMW,X6,9,87000.0,Automatic,second,Diesel,4500000,BMW_X6,Mid,9666.666666666666,11.373674891823535
Skoda,Rapid,6,135000.0,Manual,first,Diesel,650000,Skoda_Rapid,Mid,22500.0,11.813037464800539
Toyota,Innova Crysta,6,52000.0,Automatic,first,Diesel,2195000,Toyota_Innova Crysta,Mid,8666.666666666666,10.859018228147887
Maruti Suzuki,Swift,10,96000.0,Manual,second,Petrol,380000,Maruti Suzuki_Swift,Mid,9600.0,11.472113887062386
Maruti Suzuki,Swift,4,20000.0,Manual,first,Petrol,549000,Maruti Suzuki_Swift,Recent,5000.0,9.90353755128617
Maruti Suzuki,Celerio,9,83000.0,Automatic,second,Petrol,325000,Maruti Suzuki_Celerio,Mid,9222.222222222223,11.326607934898927
Mercedes-Benz,S-Class,13,42000.0,Automatic,second,Petrol,3000000,Mercedes-Benz_S-Class,Old,3230.769230769231,10.645448706505872
Honda,City,13,77000.0,Automatic,second,Petrol,419999,Honda_City,Old,5923.076923076923,11.251573687764477
Hyundai,Elite i20,7,98000.0,Manual,first,Diesel,590000,Hyundai_Elite i20,Mid,14000.0,11.49273296168228
Volkswagen,Vento,8,80000.0,Automatic,first,Diesel,583000,Volkswagen_Vento,Mid,10000.0,11.289794413577894
Hyundai,Venue,2,32000.0,Manual,first,Petrol,975000,Hyundai_Venue,New,16000.0,10.373522431293592
Hyundai,Santa Fe,9,90000.0,Automatic,second,Diesel,625000,Hyundai_Santa Fe,Mid,10000.0,11.407576060361786
Toyota,Fortuner,10,215000.0,Automatic,second,Diesel,1075000,Toyota_Fortuner,Mid,21500.0,12.278397958261774
Maruti Suzuki,Ertiga,8,100000.0,Manual,second,Diesel,795000,Maruti Suzuki_Ertiga,Mid,12500.0,11.51293546492023
Mahindra,XUV500,12,100000.0,Manual,second,Diesel,425000,Mahindra_XUV500,Old,8333.333333333334,11.51293546492023
Toyota,Innova Crysta,3,111000.0,Automatic,first,Diesel,2425000,Toyota_Innova Crysta,Recent,37000.0,11.6172944892629
Honda,Jazz,7,64100.0,Automatic,first,Petrol,491000,Honda_Jazz,Mid,9157.142857142857,11.068215243411098
BMW,5 Series,6,20000.0,Automatic,first,Diesel,4190000,BMW_5 Series,Mid,3333.3333333333335,9.90353755128617
Maruti Suzuki,Wagon-R,9,105000.0,Manual,first,Petrol,295000,Maruti Suzuki_Wagon-R,Mid,11666.666666666666,11.561725152903833
BMW,3 Series,11,57000.0,Automatic,first,Diesel,1200000,BMW_3 Series,Old,5181.818181818182,10.950824090522445
Mini,Cooper 5 DOOR,10,24000.0,Automatic,first,Diesel,1695000,Mini_Cooper 5 DOOR,Mid,2400.0,10.085850775128717
Audi,A4,11,42000.0,Automatic,first,Diesel,790000,Audi_A4,Old,3818.181818181818,10.645448706505872
Maruti Suzuki,Omni,5,27000.0,Manual,second,Petrol,380000,Maruti Suzuki_Omni,Recent,5400.0,10.203629181337648
Maruti Suzuki,Ciaz,8,49000.0,Automatic,first,Petrol,625000,Maruti Suzuki_Ciaz,Mid,6125.0,10.799595985047786
Renault,Duster,9,52000.0,Manual,first,Diesel,425000,Renault_Duster,Mid,5777.777777777777,10.859018228147887
Maruti Suzuki,Ertiga,7,133000.0,Manual,second,Diesel,770000,Maruti Suzuki_Ertiga,Mid,19000.0,11.798111925972618
Maruti Suzuki,Ertiga,8,65000.0,Manual,first,Diesel,660000,Maruti Suzuki_Ertiga,Mid,8125.0,11.082157933374816
Jeep,Compass,4,48000.0,Automatic,first,Diesel,1740000,Jeep_Compass,Recent,12000.0,10.778977123006351
Nissan,Magnite,3,62000.0,Manual,first,Petrol,540000,Nissan_Magnite,Recent,20666.666666666668,11.034905792929415
Hyundai,Creta,6,80000.0,Manual,first,Diesel,900000,Hyundai_Creta,Mid,13333.333333333334,11.289794413577894
Honda,WRV,1,10000.0,Manual,first,Petrol,930000,Honda_WRV,New,10000.0,9.210440366976517
Hyundai,Elite i20,5,61000.0,Manual,first,Petrol,725000,Hyundai_Elite i20,Recent,12200.0,11.0186455364637
Maruti Suzuki,Baleno,2,27000.0,Manual,first,Petrol,960000,Maruti Suzuki_Baleno,New,13500.0,10.203629181337648
Skoda,Superb,8,80000.0,Automatic,first,Diesel,1625000,Skoda_Superb,Mid,10000.0,11.289794413577894
Ford,Figo,12,108000.0,Manual,second,Diesel,170000,Ford_Figo,Old,9000.0,11.58989576532275
Hyundai,Venue,5,65000.0,Manual,first,Diesel,850000,Hyundai_Venue,Recent,13000.0,11.082157933374816
Tata,Indigo Ecs,9,80000.0,Manual,second,Diesel,120000,Tata_Indigo Ecs,Mid,8888.888888888889,11.289794413577894
Maruti Suzuki,Wagon-R,10,77000.0,Manual,second,Petrol,249999,Maruti Suzuki_Wagon-R,Mid,7700.0,11.251573687764477
Mahindra,KUV 100,7,66000.0,Manual,first,Petrol,345000,Mahindra_KUV 100,Mid,9428.57142857143,11.097425172408931
Maruti Suzuki,Wagon-R,18,90000.0,Manual,second,Petrol,100000,Maruti Suzuki_Wagon-R,Old,5000.0,11.407576060361786
Hyundai,i20,8,73000.0,Manual,first,Petrol,665000,Hyundai_i20,Mid,9125.0,11.19822841866684
Honda,Amaze,2,25000.0,Manual,first,Petrol,765000,Honda_Amaze,New,12500.0,10.12667110305036
Maruti Suzuki,Baleno,4,31000.0,Manual,first,Petrol,690000,Maruti Suzuki_Baleno,Recent,7750.0,10.34177474101152
Maruti Suzuki,Wagon-R,6,48231.0,Automatic,first,Petrol,385101,Maruti Suzuki_Wagon-R,Mid,8038.5,10.78377798016924
Maruti Suzuki,Alto-K10,9,76000.0,Automatic,first,Petrol,280000,Maruti Suzuki_Alto-K10,Mid,8444.444444444445,11.23850177707664
Honda,City,13,75464.0,Automatic,second,Petrol,375000,Honda_City,Old,5804.923076923077,11.231424251593529
BMW,3 Series,8,85000.0,Automatic,second,Diesel,1650000,BMW_3 Series,Mid,10625.0,11.350418300109132
Chevrolet,Beat,14,85000.0,Manual,second,Petrol,180000,Chevrolet_Beat,Old,6071.428571428572,11.350418300109132
Mercedes-Benz,GL-Class,13,94990.0,Automatic,second,Diesel,1490000,Mercedes-Benz_GL-Class,Old,7306.923076923077,11.461537429252754
Maruti Suzuki,Baleno,6,54000.0,Manual,first,Diesel,760000,Maruti Suzuki_Baleno,Mid,9000.0,10.896757843893464
Volkswagen,Polo,11,85000.0,Manual,second,Diesel,415000,Volkswagen_Polo,Old,7727.272727272727,11.350418300109132
Hyundai,Alcazar,3,23000.0,Automatic,second,Petrol,1599999,Hyundai_Alcazar,Recent,7666.666666666667,10.043292972227004
Hyundai,Creta,2,16000.0,Manual,first,Petrol,1098000,Hyundai_Creta,New,8000.0,9.680406499268875
Volkswagen,Polo,6,88000.0,Manual,second,Petrol,650000,Volkswagen_Polo,Mid,14666.666666666666,11.385103457032141
Toyota,Etios Liva,5,130000.0,Manual,first,Diesel,765000,Toyota_Etios Liva,Recent,26000.0,11.775297421715827
Mahindra,KUV100 NXT,7,48000.0,Automatic,second,Petrol,300000,Mahindra_KUV100 NXT,Mid,6857.142857142857,10.778977123006351
Maruti Suzuki,Swift-Dzire,4,34000.0,Manual,second,Petrol,530000,Maruti Suzuki_Swift-Dzire,Recent,8500.0,10.434145214930487
Hyundai,i20,13,78000.0,Manual,second,Petrol,310000,Hyundai_i20,Old,6000.0,11.264476926102367
Toyota,Innova Crysta,6,72000.0,Automatic,second,Diesel,1850000,Toyota_Innova Crysta,Mid,12000.0,11.184435286790631
Honda,City,10,133000.0,Manual,second,Diesel,685000,Honda_City,Mid,13300.0,11.798111925972618
MG,Gloster,2,39000.0,Automatic,first,Diesel,3290000,MG_Gloster,New,19500.0,10.571342565808699
Maruti Suzuki,Wagon-R,13,140000.0,Manual,second,Petrol,250000,Maruti Suzuki_Wagon-R,Old,10769.23076923077,11.849404844423074
Hyundai,i20,14,92000.0,Manual,second,Diesel,270000,Hyundai_i20,Old,6571.428571428572,11.429554725537322
BMW,X7,0,10000.0,Automatic,first,Petrol,13500000,BMW_X7,New,10000.0,9.210440366976517
BMW,5 Series,6,64000.0,Automatic,second,Petrol,3250000,BMW_5 Series,Mid,10666.666666666666,11.06665398721974
Volkswagen,Polo,5,63000.0,Automatic,first,Petrol,895000,Volkswagen_Polo,Recent,12600.0,11.050905878263567
Nissan,Terrano,7,84000.0,Automatic,second,Diesel,755000,Nissan_Terrano,Mid,12000.0,11.338583982516495
Mini,Cooper Countryman,9,72000.0,Automatic,second,Petrol,1475000,Mini_Cooper Countryman,Mid,8000.0,11.184435286790631
Mercedes-Benz,C-Class,13,75000.0,Automatic,second,Diesel,795000,Mercedes-Benz_C-Class,Old,5769.2307692307695,11.225256725762893
Ford,Figo,13,115000.0,Manual,second,Diesel,225000,Ford_Figo,Old,8846.153846153846,11.652696102959753
Toyota,Etios,7,170000.0,Manual,first,Diesel,475000,Toyota_Etios,Mid,24285.714285714286,12.04355959836804
Honda,Amaze,5,44000.0,Manual,first,Petrol,550000,Honda_Amaze,Recent,8800.0,10.691967639914864
BMW,5 Series,6,52000.0,Automatic,second,Diesel,3850000,BMW_5 Series,Mid,8666.666666666666,10.859018228147887
Hyundai,Alcazar,3,58000.0,Automatic,first,Diesel,1985000,Hyundai_Alcazar,Recent,19333.333333333332,10.968215530759236
MG,Hector,5,72000.0,Automatic,first,Petrol,1025000,MG_Hector,Recent,14400.0,11.184435286790631
Mercedes-Benz,GLA,5,51000.0,Automatic,second,Petrol,2440000,Mercedes-Benz_GLA,Recent,10200.0,10.839600519357369
Volvo,S60 Cross Country,8,56000.0,Automatic,second,Diesel,1725000,Volvo_S60 Cross Country,Mid,7000.0,10.933124826700707
Maruti Suzuki,Swift-Dzire,13,70000.0,Manual,second,Petrol,167000,Maruti Suzuki_Swift-Dzire,Old,5384.615384615385,11.156264806643742
Hyundai,Creta,6,23000.0,Automatic,first,Petrol,985111,Hyundai_Creta,Mid,3833.3333333333335,10.043292972227004
Hyundai,Verna,11,103000.0,Manual,second,Petrol,320000,Hyundai_Verna,Old,9363.636363636364,11.542493975902508
Maruti Suzuki,Swift,11,135600.0,Manual,second,Diesel,425000,Maruti Suzuki_Swift,Old,12327.272727272728,11.817472029092508
Tata,Nexon,5,49000.0,Manual,first,Petrol,650000,Tata_Nexon,Recent,9800.0,10.799595985047786
Skoda,Superb,9,48500.0,Automatic,second,Petrol,711000,Skoda_Superb,Mid,5388.888888888889,10.789339695269716
Hyundai,i10,12,54699.0,Manual,second,Petrol,199000,Hyundai_i10,Old,4558.25,10.909618988410072
Volkswagen,Polo,9,46000.0,Manual,first,Petrol,475000,Volkswagen_Polo,Mid,5111.111111111111,10.736418414365376
Mahindra,Scorpio,5,85000.0,Manual,second,Diesel,1270000,Mahindra_Scorpio,Recent,17000.0,11.350418300109132
Hyundai,Fluidic Verna,0,170000.0,Automatic,second,Diesel,4050000,Hyundai_Fluidic Verna,New,170000.0,12.04355959836804
Ford,Ecosport,3,75000.0,Manual,first,Diesel,865000,Ford_Ecosport,Recent,25000.0,11.225256725762893
Toyota,Innova Crysta,4,61000.0,Automatic,second,Diesel,2075000,Toyota_Innova Crysta,Recent,15250.0,11.0186455364637
Toyota,Fortuner,3,78000.0,Automatic,first,Diesel,3651000,Toyota_Fortuner,Recent,26000.0,11.264476926102367
BMW,3 Series GT,7,95000.0,Automatic,first,Diesel,1850000,BMW_3 Series GT,Mid,13571.42857142857,11.461642696843066
Toyota,Innova Crysta,5,70000.0,Automatic,first,Diesel,1695000,Toyota_Innova Crysta,Recent,14000.0,11.156264806643742
Toyota,Innova Crysta,3,67000.0,Automatic,first,Diesel,1875000,Toyota_Innova Crysta,Recent,22333.333333333332,11.112462823634855
Hyundai,Eon,12,42000.0,Manual,second,Petrol,215000,Hyundai_Eon,Old,3500.0,10.645448706505872
Mahindra,Marazzo,5,110000.0,Manual,first,Diesel,470000,Mahindra_Marazzo,Recent,22000.0,11.608244735642321
Maruti Suzuki,Omni,9,80000.0,Manual,second,Petrol,255000,Maruti Suzuki_Omni,Mid,8888.888888888889,11.289794413577894
Skoda,Laura,15,108000.0,Manual,second,Diesel,198000,Skoda_Laura,Old,7200.0,11.58989576532275
Maruti Suzuki,Wagon-R,20,85000.0,Manual,second,Petrol,102000,Maruti Suzuki_Wagon-R,Old,4250.0,11.350418300109132
Volkswagen,VentoTest,12,73000.0,Automatic,second,Petrol,450000,Volkswagen_VentoTest,Old,6083.333333333333,11.19822841866684
Mercedes-Benz,E-Class,11,80500.0,Automatic,second,Diesel,1300000,Mercedes-Benz_E-Class,Old,7318.181818181818,11.296024885689746
Mahindra,Bolero,7,69000.0,Automatic,second,Diesel,780000,Mahindra_Bolero,Mid,9857.142857142857,11.141876276228
Mahindra,XUV500,5,25000.0,Manual,first,Diesel,1675000,Mahindra_XUV500,Recent,5000.0,10.12667110305036
Hyundai,Creta,2,42000.0,Manual,first,Diesel,1390000,Hyundai_Creta,New,21000.0,10.645448706505872
Hyundai,Creta,5,47000.0,Automatic,second,Diesel,1245000,Hyundai_Creta,Recent,9400.0,10.757924157061597
Hyundai,Aura,3,25000.0,Manual,second,Petrol,575000,Hyundai_Aura,Recent,8333.333333333334,10.12667110305036
Hyundai,i20,6,38900.0,Manual,first,Petrol,495000,Hyundai_i20,Mid,6483.333333333333,10.568775236216993
BMW,7 Series,6,33700.0,Automatic,first,Petrol,7000000,BMW_7 Series,Mid,5616.666666666667,10.425282789490705
Volkswagen,Polo,9,125000.0,Manual,first,Diesel,650000,Volkswagen_Polo,Mid,13888.888888888889,11.736077016252437
Toyota,Urban Cruiser Hyryder,1,8000.0,Automatic,first,Petrol,1890000,Toyota_Urban Cruiser Hyryder,New,8000.0,8.987321812850125
Hyundai,Verna,10,86123.0,Manual,second,Diesel,395000,Hyundai_Verna,Mid,8612.3,11.363543397218072
Volkswagen,Polo,11,61000.0,Automatic,first,Petrol,405000,Volkswagen_Polo,Old,5545.454545454545,11.0186455364637
Maruti Suzuki,maruti-suzuki-brezza,7,78000.0,Manual,second,Diesel,790000,Maruti Suzuki_maruti-suzuki-brezza,Mid,11142.857142857143,11.264476926102367
Hyundai,i20,13,85000.0,Manual,second,Petrol,190000,Hyundai_i20,Old,6538.461538461538,11.350418300109132
Tata,Safari Storme,10,180000.0,Manual,first,Diesel,350000,Tata_Safari Storme,Mid,18000.0,12.100717685412471
Honda,City ZX,4,27000.0,Manual,first,Petrol,1150000,Honda_City ZX,Recent,6750.0,10.203629181337648
Maruti Suzuki,Ertiga,2,22000.0,Manual,second,Petrol,960000,Maruti Suzuki_Ertiga,New,11000.0,9.99884318585288
Hyundai,i20 Active,9,62000.0,Manual,second,Diesel,350000,Hyundai_i20 Active,Mid,6888.888888888889,11.034905792929415
Toyota,Fortuner,0,24000.0,Manual,first,Diesel,4550000,Toyota_Fortuner,New,24000.0,10.085850775128717
Toyota,Innova,12,150000.0,Manual,second,Diesel,510000,Toyota_Innova,Old,12500.0,11.918397239722838
BMW,X1,7,56000.0,Automatic,second,Diesel,2700000,BMW_X1,Mid,8000.0,10.933124826700707
Maruti Suzuki,S-Cross,5,169700.0,Manual,first,Diesel,765000,Maruti Suzuki_S-Cross,Recent,33940.0,12.04179334395687
Toyota,Fortuner,8,176000.0,Manual,second,Diesel,1650000,Toyota_Fortuner,Mid,22000.0,12.07824495582233
Maruti Suzuki,Celerio,2,20000.0,Automatic,first,Diesel,625000,Maruti Suzuki_Celerio,New,10000.0,9.90353755128617
Toyota,Innova,12,250000.0,Manual,second,Diesel,799999,Toyota_Innova,Old,20833.333333333332,12.429220196836383
Maruti Suzuki,Zen-Estilo,16,65137.5,Automatic,second,Petrol,180000,Maruti Suzuki_Zen-Estilo,Old,4071.09375,11.084271051239332
Honda,Jazz,9,114000.0,Manual,second,Diesel,520000,Honda_Jazz,Mid,12666.666666666666,11.643962499267984
Hyundai,Xcent,9,114000.0,Manual,first,Diesel,400000,Hyundai_Xcent,Mid,12666.666666666666,11.643962499267984
Renault,Duster,7,80000.0,Manual,second,Diesel,625000,Renault_Duster,Mid,11428.57142857143,11.289794413577894
Honda,Civic,17,103000.0,Automatic,second,Petrol,290000,Honda_Civic,Old,6058.823529411765,11.542493975902508
Tata,Tiago,6,52000.0,Automatic,first,Petrol,495000,Tata_Tiago,Mid,8666.666666666666,10.859018228147887
Toyota,Urban Cruiser Hyryder,1,24000.0,Automatic,first,Petrol,1895000,Toyota_Urban Cruiser Hyryder,New,24000.0,10.085850775128717
Maruti Suzuki,Eeco,3,19000.0,Automatic,second,Petrol,400000,Maruti Suzuki_Eeco,Recent,6333.333333333333,9.852246888342531
Hyundai,Verna,4,95000.0,Manual,first,Diesel,1000000,Hyundai_Verna,Recent,23750.0,11.461642696843066
Toyota,Innova,10,111000.0,Manual,second,Diesel,995000,Toyota_Innova,Mid,11100.0,11.6172944892629
Maruti Suzuki,Wagon-R-1-0,8,59000.0,Automatic,first,Petrol,415000,Maruti Suzuki_Wagon-R-1-0,Mid,7375.0,10.985309671896763
Audi,Q3,9,110000.0,Automatic,first,Diesel,1650000,Audi_Q3,Mid,12222.222222222223,11.608244735642321
Kia,Sonet,4,47000.0,Automatic,first,Petrol,1165000,Kia_Sonet,Recent,11750.0,10.757924157061597
Jeep,Compass,5,52000.0,Automatic,second,Petrol,1300000,Jeep_Compass,Recent,10400.0,10.859018228147887
Toyota,Fortuner,7,112000.0,Automatic,first,Diesel,2250000,Toyota_Fortuner,Mid,16000.0,11.626263078808801
Volkswagen,Ameo,6,52000.0,Manual,second,Petrol,600000,Volkswagen_Ameo,Mid,8666.666666666666,10.859018228147887
Mahindra,Scorpio-N,1,20000.0,Automatic,first,Diesel,2550000,Mahindra_Scorpio-N,New,20000.0,9.90353755128617
Maruti Suzuki,Baleno,8,45000.0,Manual,second,Petrol,545000,Maruti Suzuki_Baleno,Mid,5625.0,10.714439990727769
Tata,Harrier,5,48000.0,Manual,first,Diesel,1045000,Tata_Harrier,Recent,9600.0,10.778977123006351
Chevrolet,Spark,15,99999.0,Automatic,second,Petrol,70000,Chevrolet_Spark,Old,6666.6,11.512925464970229
Mahindra,Bolero,9,92000.0,Manual,second,Diesel,415000,Mahindra_Bolero,Mid,10222.222222222223,11.429554725537322
Maruti Suzuki,Vitara-Brezza,5,78000.0,Manual,first,Diesel,935000,Maruti Suzuki_Vitara-Brezza,Recent,15600.0,11.264476926102367
Tata,Nano,15,23000.0,Manual,second,Petrol,60000,Tata_Nano,Old,1533.3333333333333,10.043292972227004
Hyundai,Creta,5,21000.0,Manual,first,Petrol,870000,Hyundai_Creta,Recent,4200.0,9.952325334619427
Hyundai,Grand i10,8,170000.0,Manual,second,Diesel,410000,Hyundai_Grand i10,Mid,21250.0,12.04355959836804
Audi,Q7,6,69000.0,Automatic,second,Diesel,4850000,Audi_Q7,Mid,11500.0,11.141876276228
MG,Hector,3,39652.0,Manual,first,Diesel,1305000,MG_Hector,Recent,13217.333333333334,10.587921886243642
Tata,Nexon,2,13000.0,Manual,first,Petrol,899000,Tata_Nexon,New,6500.0,9.472781556562168
Maruti Suzuki,Alto-800,1,6200.0,Manual,first,Petrol,400000,Maruti Suzuki_Alto-800,New,6200.0,8.732465848349879
Toyota,Fortuner,5,180000.0,Manual,first,Diesel,2980000,Toyota_Fortuner,Recent,36000.0,12.100717685412471
Mahindra,XUV 300,5,40000.0,Manual,first,Diesel,1025000,Mahindra_XUV 300,Recent,8000.0,10.596659732783579
Tata,Indigo Ecs,10,112000.0,Automatic,second,Diesel,100000,Tata_Indigo Ecs,Mid,11200.0,11.626263078808801
Maruti Suzuki,Baleno,6,65000.0,Manual,second,Petrol,525000,Maruti Suzuki_Baleno,Mid,10833.333333333334,11.082157933374816
Maruti Suzuki,Swift-Dzire,6,45617.0,Automatic,first,Petrol,725000,Maruti Suzuki_Swift-Dzire,Mid,7602.833333333333,10.728057654456492
BMW,X6,9,49000.0,Automatic,second,Petrol,7200000,BMW_X6,Mid,5444.444444444444,10.799595985047786
Mercedes-Benz,E-Class,10,75000.0,Automatic,second,Diesel,1169000,Mercedes-Benz_E-Class,Mid,7500.0,11.225256725762893
Nissan,Terrano,10,95000.0,Manual,second,Diesel,450000,Nissan_Terrano,Mid,9500.0,11.461642696843066
Maruti Suzuki,Swift-Dzire,14,165000.0,Manual,first,Diesel,270000,Maruti Suzuki_Swift-Dzire,Old,11785.714285714286,12.013706813470414
Maruti Suzuki,Celerio,10,37000.0,Automatic,second,Petrol,337000,Maruti Suzuki_Celerio,Mid,3700.0,10.518700218288165
MG,Hector Plus,1,27000.0,Automatic,first,Petrol,1825000,MG_Hector Plus,New,27000.0,10.203629181337648
Honda,CRV,9,90000.0,Automatic,second,Petrol,795000,Honda_CRV,Mid,10000.0,11.407576060361786
Renault,Triber,5,43000.0,Manual,first,Petrol,565000,Renault_Triber,Recent,8600.0,10.668978650219241
Maruti Suzuki,Eeco,11,27000.0,Manual,second,Petrol,299000,Maruti Suzuki_Eeco,Old,2454.5454545454545,10.203629181337648
Maruti Suzuki,Ertiga,9,110000.0,Manual,first,Diesel,665000,Maruti Suzuki_Ertiga,Mid,12222.222222222223,11.608244735642321
Honda,Brio,9,36000.0,Automatic,second,Petrol,375000,Honda_Brio,Mid,4000.0,10.491301994830229
BMW,3 Series,13,39000.0,Automatic,second,Diesel,1300000,BMW_3 Series,Old,3000.0,10.571342565808699
Volkswagen,Polo,5,15000.0,Manual,first,Petrol,575000,Volkswagen_Polo,Recent,3000.0,9.61587214452889
Hyundai,Venue,3,28000.0,Manual,first,Diesel,1050000,Hyundai_Venue,Recent,9333.333333333334,10.239995502805316
Toyota,Fortuner,13,125000.0,Manual,second,Diesel,650000,Toyota_Fortuner,Old,9615.384615384615,11.736077016252437
Maruti Suzuki,Jimny,0,11000.0,Automatic,first,Petrol,1190000,Maruti Suzuki_Jimny,New,11000.0,9.305741456739435
Land Rover,Range Rover Velar,4,46000.0,Automatic,second,Petrol,7500000,Land Rover_Range Rover Velar,Recent,11500.0,10.736418414365376
Hyundai,Creta,5,68000.0,Automatic,second,Petrol,1175000,Hyundai_Creta,Recent,13600.0,11.127277689932466
Chevrolet,Trailblazer,9,116000.0,Automatic,second,Diesel,680000,Chevrolet_Trailblazer,Mid,12888.888888888889,11.661354090741
Mahindra,Quanto,11,75000.0,Manual,first,Diesel,255000,Mahindra_Quanto,Old,6818.181818181818,11.225256725762893
Land Rover,Range Rover Sport,2,28400.0,Automatic,first,Petrol,11700000,Land Rover_Range Rover Sport,New,14200.0,10.254179634797001
Honda,Amaze,11,110000.0,Manual,first,Petrol,349999,Honda_Amaze,Old,10000.0,11.608244735642321
Hyundai,EON,10,60000.0,Manual,second,Petrol,275000,Hyundai_EON,Mid,6000.0,11.002116507732017
Ford,Endeavour,3,59000.0,Automatic,first,Diesel,3300000,Ford_Endeavour,Recent,19666.666666666668,10.985309671896763
Mahindra,Scorpio,9,90000.0,Manual,second,Diesel,850000,Mahindra_Scorpio,Mid,10000.0,11.407576060361786
Hyundai,New i20,1,7200.0,Manual,first,Petrol,900000,Hyundai_New i20,New,7200.0,8.881975184248867
BMW,X3,5,80000.0,Automatic,second,Diesel,2750000,BMW_X3,Recent,16000.0,11.289794413577894
Tata,Sumo Victa,13,285000.0,Automatic,second,Diesel,280000,Tata_Sumo Victa,Old,21923.076923076922,12.560247968016562
Mercedes-Benz,C-Class,4,29000.0,Automatic,first,Diesel,2550000,Mercedes-Benz_C-Class,Recent,7250.0,10.275085591132715
Maruti Suzuki,Alto K10,7,27000.0,Automatic,second,Petrol,380000,Maruti Suzuki_Alto K10,Mid,3857.1428571428573,10.203629181337648
Maruti Suzuki,Baleno,6,30000.0,Manual,second,Petrol,699000,Maruti Suzuki_Baleno,Mid,5000.0,10.308985993422082
Jaguar,XJ,9,80250.0,Automatic,second,Petrol,2150000,Jaguar_XJ,Mid,8916.666666666666,11.292914501973813
Honda,WRV,7,79000.0,Manual,first,Diesel,845000,Honda_WRV,Mid,11285.714285714286,11.277215789596893
Kia,Seltos,2,30000.0,Automatic,first,Diesel,1870000,Kia_Seltos,New,15000.0,10.308985993422082
Mahindra,Thar,3,41000.0,Automatic,first,Diesel,1470000,Mahindra_Thar,Recent,13666.666666666666,10.62135173563291
Volkswagen,Polo,14,90000.0,Manual,first,Petrol,250000,Volkswagen_Polo,Old,6428.571428571428,11.407576060361786
Hyundai,Eon,11,78000.0,Manual,second,Petrol,158000,Hyundai_Eon,Old,7090.909090909091,11.264476926102367
Maruti Suzuki,Vitara-Brezza,4,50000.0,Manual,first,Diesel,1050000,Maruti Suzuki_Vitara-Brezza,Recent,12500.0,10.819798284210286
Maruti Suzuki,Swift,10,80000.0,Manual,second,Diesel,411000,Maruti Suzuki_Swift,Mid,8000.0,11.289794413577894
Hyundai,Alcazar,2,37000.0,Automatic,first,Diesel,1815000,Hyundai_Alcazar,New,18500.0,10.518700218288165
Ford,Figo Aspire,7,61101.0,Manual,second,Petrol,395000,Ford_Figo Aspire,Mid,8728.714285714286,11.020299877848188
Mahindra,XUV500,9,74000.0,Manual,first,Diesel,745000,Mahindra_XUV500,Mid,8222.222222222223,11.211833885608513
BMW,X7,1,37000.0,Automatic,first,Diesel,10000000,BMW_X7,New,37000.0,10.518700218288165
Mahindra,XUV500,9,83000.0,Manual,first,Diesel,975000,Mahindra_XUV500,Mid,9222.222222222223,11.326607934898927
Maruti Suzuki,Alto-800,8,45000.0,Manual,first,Petrol,359000,Maruti Suzuki_Alto-800,Mid,5625.0,10.714439990727769
Volvo,XC60,6,110000.0,Automatic,first,Diesel,875000,Volvo_XC60,Mid,18333.333333333332,11.608244735642321
Maruti Suzuki,Vitara-Brezza,7,71000.0,Manual,first,Diesel,630000,Maruti Suzuki_Vitara-Brezza,Mid,10142.857142857143,11.170449240431308
MG,Gloster,2,84000.0,Automatic,first,Diesel,3400000,MG_Gloster,New,42000.0,11.338583982516495
Maruti Suzuki,Alto-K10,7,43400.0,Automatic,first,Petrol,275000,Maruti Suzuki_Alto-K10,Mid,6200.0,10.6782377612977
Honda,City,7,66000.0,Manual,first,Diesel,690000,Honda_City,Mid,9428.57142857143,11.097425172408931
Toyota,Innova Crysta,4,61500.0,Automatic,first,Diesel,2950000,Toyota_Innova Crysta,Recent,15375.0,11.026808713825016
Hyundai,Elite i20,5,51000.0,Automatic,first,Petrol,690000,Hyundai_Elite i20,Recent,10200.0,10.839600519357369
Skoda,Superb,9,142000.0,Automatic,first,Diesel,850000,Skoda_Superb,Mid,15777.777777777777,11.863589378812122
Mercedes-Benz,AMG GLE Coupe,3,28000.0,Automatic,second,Petrol,11500000,Mercedes-Benz_AMG GLE Coupe,Recent,9333.333333333334,10.239995502805316
Hyundai,Santro Xing,18,58645.0,Manual,second,Petrol,98000,Hyundai_Santro Xing,Old,3258.0555555555557,10.979274650562294
Hyundai,Verna,7,80000.0,Manual,first,Diesel,555000,Hyundai_Verna,Mid,11428.57142857143,11.289794413577894
Mahindra,Bolero,12,79000.0,Manual,second,Diesel,635000,Mahindra_Bolero,Old,6583.333333333333,11.277215789596893
Maruti Suzuki,Swift,5,49805.0,Manual,first,Petrol,545000,Maruti Suzuki_Swift,Recent,9961.0,10.815890737683091
Skoda,Octavia,8,80000.0,Automatic,first,Diesel,925000,Skoda_Octavia,Mid,10000.0,11.289794413577894
Audi,A6,7,52000.0,Automatic,first,Petrol,2175000,Audi_A6,Mid,7428.571428571428,10.859018228147887
Fiat,Punto,12,123600.0,Manual,second,Diesel,160000,Fiat_Punto,Old,10300.0,11.724813914587886
Tata,Indica Vista,12,125000.0,Manual,first,Diesel,82000,Tata_Indica Vista,Old,10416.666666666666,11.736077016252437
Honda,Amaze,11,55513.0,Manual,first,Petrol,330000,Honda_Amaze,Old,5046.636363636364,10.924390520176528
Maruti Suzuki,Swift,10,104000.0,Manual,second,Diesel,465000,Maruti Suzuki_Swift,Mid,10400.0,11.552155793461898
Volkswagen,VentoTest,12,73000.0,Automatic,second,Petrol,295000,Volkswagen_VentoTest,Old,6083.333333333333,11.19822841866684
Hyundai,i20 N Line,1,14800.0,Automatic,first,Petrol,1050000,Hyundai_i20 N Line,New,14800.0,9.60245002503719
MG,ASTOR,2,16000.0,Automatic,first,Petrol,1125000,MG_ASTOR,New,8000.0,9.680406499268875
BMW,3 Series GT,9,61000.0,Automatic,second,Diesel,1200000,BMW_3 Series GT,Mid,6777.777777777777,11.0186455364637
BMW,3 Series GT,7,68303.0,Automatic,second,Diesel,2100000,BMW_3 Series GT,Mid,9757.57142857143,11.131723608997744
Toyota,Fortuner,8,75000.0,Manual,first,Diesel,1400000,Toyota_Fortuner,Mid,9375.0,11.225256725762893
Maruti Suzuki,Swift-Dzire,4,53000.0,Automatic,first,Petrol,655000,Maruti Suzuki_Swift-Dzire,Recent,13250.0,10.87806606028079
Skoda,Superb,9,68000.0,Manual,second,Petrol,565000,Skoda_Superb,Mid,7555.555555555556,11.127277689932466
Maruti Suzuki,Vitara-Brezza,7,84000.0,Manual,first,Diesel,870000,Maruti Suzuki_Vitara-Brezza,Mid,12000.0,11.338583982516495
Maruti Suzuki,Swift,3,34000.0,Manual,second,Petrol,670000,Maruti Suzuki_Swift,Recent,11333.333333333334,10.434145214930487
Volvo,S60 Cross Country,6,100000.0,Automatic,first,Diesel,1600000,Volvo_S60 Cross Country,Mid,16666.666666666668,11.51293546492023
Mahindra,Jeep,28,50000.0,Manual,second,Diesel,299000,Mahindra_Jeep,Old,1785.7142857142858,10.819798284210286
Maruti Suzuki,Baleno,4,40000.0,Manual,first,Petrol,695000,Maruti Suzuki_Baleno,Recent,10000.0,10.596659732783579
Hyundai,i10,14,75000.0,Manual,second,Petrol,120000,Hyundai_i10,Old,5357.142857142857,11.225256725762893
BMW,5 Series,11,82000.0,Automatic,second,Diesel,1295000,BMW_5 Series,Old,7454.545454545455,11.314486721293981
BMW,5 Series,9,68000.0,Automatic,second,Diesel,1425000,BMW_5 Series,Mid,7555.555555555556,11.127277689932466
Mahindra,Marazzo,6,39000.0,Manual,second,Diesel,750000,Mahindra_Marazzo,Mid,6500.0,10.571342565808699
MG,Hector,5,49067.0,Automatic,first,Petrol,1475000,MG_Hector,Recent,9813.4,10.800962370152643
Maruti Suzuki,Ertiga,11,57899.0,Manual,second,Petrol,429999,Maruti Suzuki_Ertiga,Old,5263.545454545455,10.966472663561087
Mercedes-Benz,E-Class,12,73000.0,Automatic,second,Diesel,990000,Mercedes-Benz_E-Class,Old,6083.333333333333,11.19822841866684
Maruti Suzuki,Vitara-Brezza,6,25000.0,Automatic,first,Diesel,735000,Maruti Suzuki_Vitara-Brezza,Mid,4166.666666666667,10.12667110305036
Tata,Nexon,3,25945.0,Automatic,first,Petrol,1045000,Tata_Nexon,Recent,8648.333333333334,10.163772734130958
Hyundai,i10,14,38278.0,Automatic,first,Petrol,240000,Hyundai_i10,Old,2734.1428571428573,10.552656721923686
Maruti Suzuki,Swift,7,91000.0,Manual,first,Diesel,565000,Maruti Suzuki_Swift,Mid,13000.0,11.418625774449598
Mercedes-Benz,E-Class,6,38000.0,Automatic,second,Diesel,3750000,Mercedes-Benz_E-Class,Mid,6333.333333333333,10.545367754151743
Chevrolet,Cruze,12,45000.0,Automatic,second,Diesel,563000,Chevrolet_Cruze,Old,3750.0,10.714439990727769
Maruti Suzuki,Baleno,2,54000.0,Manual,first,Petrol,725000,Maruti Suzuki_Baleno,New,27000.0,10.896757843893464
Volvo,XC 90,8,102000.0,Automatic,first,Diesel,3799000,Volvo_XC 90,Mid,12750.0,11.532737896139919
Toyota,Glanza,2,51321.0,Manual,first,Petrol,625101,Toyota_Glanza,New,25660.5,10.845874789131557
Tata,Xenon XT,7,45000.0,Manual,second,Diesel,510000,Tata_Xenon XT,Mid,6428.571428571428,10.714439990727769
Maruti Suzuki,Celerio,6,45000.0,Automatic,second,Petrol,475000,Maruti Suzuki_Celerio,Mid,7500.0,10.714439990727769
Maruti Suzuki,Ciaz,10,51957.0,Manual,second,Petrol,500000,Maruti Suzuki_Ciaz,Mid,5195.7,10.858190978896696
Ford,Ecosport,10,75000.0,Manual,first,Diesel,445000,Ford_Ecosport,Mid,7500.0,11.225256725762893
Maruti Suzuki,Swift,4,37540.0,Automatic,first,Petrol,640000,Maruti Suzuki_Swift,Recent,9385.0,10.533188948038239
Toyota,Fortuner,8,160000.0,Manual,second,Diesel,1575000,Toyota_Fortuner,Mid,20000.0,11.982935344196433
BMW,5 Series,13,85000.0,Automatic,second,Diesel,650000,BMW_5 Series,Old,6538.461538461538,11.350418300109132
BMW,5 Series,6,41000.0,Automatic,second,Diesel,2990000,BMW_5 Series,Mid,6833.333333333333,10.62135173563291
Renault,KWID,6,42000.0,Manual,first,Petrol,360000,Renault_KWID,Mid,7000.0,10.645448706505872
Tata,Nano,11,20000.0,Manual,first,Petrol,85000,Tata_Nano,Old,1818.1818181818182,9.90353755128617
Ford,Ecosport,9,52000.0,Manual,first,Petrol,525000,Ford_Ecosport,Mid,5777.777777777777,10.859018228147887
Maruti Suzuki,Celerio,9,113000.0,Automatic,second,Petrol,340000,Maruti Suzuki_Celerio,Mid,12555.555555555555,11.635151947212842
BMW,3 Series GT,8,75000.0,Automatic,second,Diesel,1799000,BMW_3 Series GT,Mid,9375.0,11.225256725762893
Mitsubishi,Lancer,25,225000.0,Manual,second,Diesel,90000,Mitsubishi_Lancer,Old,9000.0,12.323860125621126
Maruti Suzuki,Alto,13,42000.0,Manual,second,Petrol,150000,Maruti Suzuki_Alto,Old,3230.769230769231,10.645448706505872
Toyota,Fortuner,5,93000.0,Automatic,first,Diesel,2525000,Toyota_Fortuner,Recent,18600.0,11.440365524765756
Hyundai,Verna,10,71000.0,Manual,second,Diesel,350000,Hyundai_Verna,Mid,7100.0,11.170449240431308
Mercedes-Benz,GL-Class,10,52300.0,Automatic,second,Diesel,2950000,Mercedes-Benz_GL-Class,Mid,5230.0,10.86477077032911
Mercedes-Benz,E-Class,12,74000.0,Automatic,first,Diesel,888000,Mercedes-Benz_E-Class,Old,6166.666666666667,11.211833885608513
Maruti Suzuki,Swift,6,22000.0,Manual,second,Petrol,590000,Maruti Suzuki_Swift,Mid,3666.6666666666665,9.99884318585288
Maruti Suzuki,S-Presso,3,65137.5,Automatic,first,Petrol,425000,Maruti Suzuki_S-Presso,Recent,21712.5,11.084271051239332
Mercedes-Benz,GLA,8,121000.0,Automatic,second,Diesel,1351000,Mercedes-Benz_GLA,Mid,15125.0,11.703554089007538
Skoda,Slavia,0,3000.0,Automatic,first,Petrol,1650000,Skoda_Slavia,New,3000.0,8.006700845440367
BMW,X1,12,62000.0,Automatic,second,Petrol,599000,BMW_X1,Old,5166.666666666667,11.034905792929415
Toyota,Land Cruiser Prado,10,180000.0,Automatic,second,Diesel,4750000,Toyota_Land Cruiser Prado,Mid,18000.0,12.100717685412471
MG,Hector,4,80000.0,Automatic,first,Petrol,1250000,MG_Hector,Recent,20000.0,11.289794413577894
BMW,X1,7,83000.0,Automatic,first,Diesel,1900000,BMW_X1,Mid,11857.142857142857,11.326607934898927
Hyundai,i10,11,56000.0,Manual,second,Petrol,290000,Hyundai_i10,Old,5090.909090909091,10.933124826700707
BMW,5 Series,13,65000.0,Automatic,second,Diesel,525000,BMW_5 Series,Old,5000.0,11.082157933374816
Maruti Suzuki,Swift,13,60000.0,Manual,second,Petrol,190000,Maruti Suzuki_Swift,Old,4615.384615384615,11.002116507732017
Skoda,Laura,13,71225.0,Manual,second,Petrol,543000,Skoda_Laura,Old,5478.846153846154,11.173613199281588
Hyundai,Verna,12,68000.0,Manual,second,Petrol,345000,Hyundai_Verna,Old,5666.666666666667,11.127277689932466
Jeep,Compass,7,78600.0,Manual,first,Diesel,1150000,Jeep_Compass,Mid,11228.57142857143,11.272139700982676
Hyundai,Aura,4,53000.0,Manual,first,Petrol,650000,Hyundai_Aura,Recent,13250.0,10.87806606028079
Maruti Suzuki,Alto-800,3,18000.0,Manual,first,Petrol,377000,Maruti Suzuki_Alto-800,Recent,6000.0,9.798182590890704
Maruti Suzuki,Swift-Dzire,5,25.0,Manual,second,Diesel,420000,Maruti Suzuki_Swift-Dzire,Recent,5.0,3.258096538021482
Tata,Bolt,7,48000.0,Automatic,second,Petrol,220000,Tata_Bolt,Mid,6857.142857142857,10.778977123006351
BMW,3 Series GT,9,55000.0,Automatic,second,Diesel,2500000,BMW_3 Series GT,Mid,6111.111111111111,10.915106645867503
Honda,City,6,70000.0,Manual,second,Petrol,595000,Honda_City,Mid,11666.666666666666,11.156264806643742
Ford,Figo,10,89500.0,Manual,second,Diesel,129999,Ford_Figo,Mid,8950.0,11.402005077384885
Honda,City,13,53000.0,Automatic,first,Petrol,455000,Honda_City,Old,4076.923076923077,10.87806606028079
Hyundai,Grand i10,7,39000.0,Automatic,second,Petrol,460000,Hyundai_Grand i10,Mid,5571.428571428572,10.571342565808699
Toyota,Etios,9,168000.0,Manual,second,Diesel,425000,Toyota_Etios,Mid,18666.666666666668,12.031725210748633
Hyundai,i20,0,1500.0,Manual,first,Petrol,925000,Hyundai_i20,New,1500.0,7.313886831633462
Honda,City,6,76000.0,Automatic,second,Petrol,850000,Honda_City,Mid,12666.666666666666,11.23850177707664
Honda,WRV,7,70000.0,Manual,first,Diesel,650000,Honda_WRV,Mid,10000.0,11.156264806643742
Maruti Suzuki,Alto-K10,12,32000.0,Manual,second,Petrol,225000,Maruti Suzuki_Alto-K10,Old,2666.6666666666665,10.373522431293592
Toyota,Etios,6,146000.0,Manual,second,Diesel,595000,Toyota_Etios,Mid,24333.333333333332,11.891368749982085
Hyundai,i10,11,90000.0,Manual,first,Petrol,199000,Hyundai_i10,Old,8181.818181818182,11.407576060361786
Volkswagen,Polo,6,50000.0,Manual,first,Petrol,395000,Volkswagen_Polo,Mid,8333.333333333334,10.819798284210286
Hyundai,Elantra,8,85000.0,Automatic,first,Petrol,960000,Hyundai_Elantra,Mid,10625.0,11.350418300109132
Tata,Nexon,5,36788.0,Automatic,second,Petrol,780000,Tata_Nexon,Recent,7357.6,10.512954166430136
Hyundai,Grand i10,7,79000.0,Manual,second,Diesel,280000,Hyundai_Grand i10,Mid,11285.714285714286,11.277215789596893
Maruti Suzuki,Ciaz,9,79000.0,Manual,first,Diesel,600000,Maruti Suzuki_Ciaz,Mid,8777.777777777777,11.277215789596893
Skoda,Superb,6,62000.0,Automatic,first,Diesel,1850000,Skoda_Superb,Mid,10333.333333333334,11.034905792929415
Maruti Suzuki,Swift,5,53000.0,Manual,first,Petrol,500000,Maruti Suzuki_Swift,Recent,10600.0,10.87806606028079
Toyota,Innova Crysta,6,79000.0,Automatic,first,Diesel,1725000,Toyota_Innova Crysta,Mid,13166.666666666666,11.277215789596893
Audi,A4,4,38000.0,Automatic,first,Petrol,2850000,Audi_A4,Recent,9500.0,10.545367754151743
Toyota,Innova Crysta,3,43000.0,Automatic,first,Diesel,2100000,Toyota_Innova Crysta,Recent,14333.333333333334,10.668978650219241
Honda,City ZX,4,49000.0,Automatic,second,Petrol,1255000,Honda_City ZX,Recent,12250.0,10.799595985047786
Kia,Seltos,4,52000.0,Automatic,first,Petrol,1225000,Kia_Seltos,Recent,13000.0,10.859018228147887
Mahindra,XUV 300,2,44000.0,Manual,first,Diesel,810000,Mahindra_XUV 300,New,22000.0,10.691967639914864
Mercedes-Benz,M-Class,12,175000.0,Automatic,second,Diesel,1299000,Mercedes-Benz_M-Class,Old,14583.333333333334,12.07254696717504
Maruti Suzuki,800,18,26500.0,Manual,second,Petrol,125000,Maruti Suzuki_800,Old,1472.2222222222222,10.184937747111391
Mahindra,Scorpio,6,67000.0,Manual,first,Diesel,1230000,Mahindra_Scorpio,Mid,11166.666666666666,11.112462823634855
Hyundai,i20,9,54500.0,Manual,second,Diesel,490000,Hyundai_i20,Mid,6055.555555555556,10.905974329106854
Maruti Suzuki,Swift-Dzire,14,121000.0,Manual,first,Diesel,385000,Maruti Suzuki_Swift-Dzire,Old,8642.857142857143,11.703554089007538
Hyundai,Venue,5,68216.0,Manual,second,Petrol,650000,Hyundai_Venue,Recent,13643.2,11.130449079631902
Nissan,Terrano,9,78000.0,Manual,first,Diesel,275000,Nissan_Terrano,Mid,8666.666666666666,11.264476926102367
Maruti Suzuki,Swift,10,72000.0,Manual,second,Petrol,390000,Maruti Suzuki_Swift,Mid,7200.0,11.184435286790631
Ford,Figo,14,48000.0,Manual,second,Petrol,140000,Ford_Figo,Old,3428.5714285714284,10.778977123006351
Renault,KWID,8,77000.0,Automatic,second,Petrol,195000,Renault_KWID,Mid,9625.0,11.251573687764477
Toyota,Fortuner,6,158000.0,Automatic,first,Diesel,2900000,Toyota_Fortuner,Mid,26333.333333333332,11.970356641102999
Tata,Safari,2,42000.0,Manual,first,Diesel,1770000,Tata_Safari,New,21000.0,10.645448706505872
Hyundai,i10,14,78000.0,Manual,second,Petrol,265000,Hyundai_i10,Old,5571.428571428572,11.264476926102367
Volkswagen,Ameo,6,68533.0,Manual,first,Petrol,515600,Volkswagen_Ameo,Mid,11422.166666666666,11.135085251474184
Renault,Duster,6,83000.0,Automatic,second,Diesel,950000,Renault_Duster,Mid,13833.333333333334,11.326607934898927
Tata,Indigo Ecs,10,190555.0,Manual,second,Diesel,220000,Tata_Indigo Ecs,Mid,19055.5,12.157701393604754
Tata,Zest,6,150000.0,Manual,second,Diesel,410000,Tata_Zest,Mid,25000.0,11.918397239722838
Skoda,Superb,7,138000.0,Automatic,second,Diesel,1900000,Skoda_Superb,Mid,19714.285714285714,11.835016210489899
Toyota,Etios Liva,9,250000.0,Manual,first,Diesel,500000,Toyota_Etios Liva,Mid,27777.777777777777,12.429220196836383
Maruti Suzuki,Swift-Dzire,9,59200.0,Manual,second,Petrol,445000,Maruti Suzuki_Swift-Dzire,Mid,6577.777777777777,10.988693712621323
Volkswagen,Taigun,2,55000.0,Automatic,second,Petrol,1425000,Volkswagen_Taigun,New,27500.0,10.915106645867503
Honda,City,9,53370.0,Automatic,first,Petrol,621000,Honda_City,Mid,5930.0,10.885022806270683
Skoda,Octavia,8,92000.0,Automatic,second,Petrol,800000,Skoda_Octavia,Mid,11500.0,11.429554725537322
Kia,Sonet,3,61000.0,Automatic,second,Petrol,795000,Kia_Sonet,Recent,20333.333333333332,11.0186455364637
Tata,Nano,9,23000.0,Automatic,second,Petrol,275000,Tata_Nano,Mid,2555.5555555555557,10.043292972227004
Maruti Suzuki,Wagon-R,15,150000.0,Manual,second,Petrol,150000,Maruti Suzuki_Wagon-R,Old,10000.0,11.918397239722838
Toyota,Innova Crysta,5,65000.0,Automatic,first,Diesel,2695000,Toyota_Innova Crysta,Recent,13000.0,11.082157933374816
Maruti Suzuki,Wagon-R-1-0,8,77000.0,Automatic,second,Petrol,350000,Maruti Suzuki_Wagon-R-1-0,Mid,9625.0,11.251573687764477
Maruti Suzuki,Swift-Dzire,14,100000.0,Manual,second,Diesel,160000,Maruti Suzuki_Swift-Dzire,Old,7142.857142857143,11.51293546492023
Maruti Suzuki,Swift,6,80000.0,Automatic,second,Diesel,650000,Maruti Suzuki_Swift,Mid,13333.333333333334,11.289794413577894
Ford,Ecosport,6,72000.0,Manual,first,Diesel,875000,Ford_Ecosport,Mid,12000.0,11.184435286790631
Skoda,Kodiaq,6,92000.0,Automatic,second,Diesel,2945111,Skoda_Kodiaq,Mid,15333.333333333334,11.429554725537322
Audi,A6,3,22000.0,Automatic,first,Petrol,4425000,Audi_A6,Recent,7333.333333333333,9.99884318585288
Maruti Suzuki,Ciaz,10,86265.0,Manual,second,Diesel,390000,Maruti Suzuki_Ciaz,Mid,8626.5,11.365190824935642
Mahindra,XUV500,10,170000.0,Manual,second,Diesel,385000,Mahindra_XUV500,Mid,17000.0,12.04355959836804
Maruti Suzuki,Celerio,8,42114.0,Automatic,first,Petrol,395000,Maruti Suzuki_Celerio,Mid,5264.25,10.648159250749464
Hyundai,Grand i10 Nios,3,51000.0,Manual,first,Petrol,650000,Hyundai_Grand i10 Nios,Recent,17000.0,10.839600519357369
MG,Hector,3,48000.0,Automatic,second,Petrol,1375000,MG_Hector,Recent,16000.0,10.778977123006351
Hyundai,i20,1,13000.0,Automatic,first,Petrol,975000,Hyundai_i20,New,13000.0,9.472781556562168
Maruti Suzuki,Swift,7,57000.0,Manual,second,Petrol,399500,Maruti Suzuki_Swift,Mid,8142.857142857143,10.950824090522445
Maruti Suzuki,Alto-K10,13,67000.0,Manual,second,Petrol,155000,Maruti Suzuki_Alto-K10,Old,5153.846153846154,11.112462823634855
Ford,Ecosport,7,123000.0,Manual,first,Diesel,675000,Ford_Ecosport,Mid,17571.428571428572,11.719947764402807
Maruti Suzuki,Eeco,2,40000.0,Manual,second,Petrol,525000,Maruti Suzuki_Eeco,New,20000.0,10.596659732783579
Mini,Cooper Convertible,5,24000.0,Automatic,first,Petrol,4500000,Mini_Cooper Convertible,Recent,4800.0,10.085850775128717
Mahindra,Bolero,14,90000.0,Manual,second,Diesel,160000,Mahindra_Bolero,Old,6428.571428571428,11.407576060361786
Skoda,Slavia,2,72000.0,Manual,first,Petrol,1189000,Skoda_Slavia,New,36000.0,11.184435286790631
Mahindra,Scorpio,4,72586.0,Manual,first,Diesel,1440000,Mahindra_Scorpio,Recent,18146.5,11.192541121418248
Toyota,Innova,11,200000.0,Manual,second,Diesel,610000,Toyota_Innova,Old,18181.81818181818,12.206077645517674
Maruti Suzuki,Baleno,5,46000.0,Automatic,first,Petrol,649000,Maruti Suzuki_Baleno,Recent,9200.0,10.736418414365376
Mercedes-Benz,C-Class,6,65000.0,Automatic,second,Diesel,2525111,Mercedes-Benz_C-Class,Mid,10833.333333333334,11.082157933374816
Skoda,Superb,10,92000.0,Automatic,second,Petrol,460000,Skoda_Superb,Mid,9200.0,11.429554725537322
Hyundai,New i20,9,62000.0,Manual,second,Petrol,360000,Hyundai_New i20,Mid,6888.888888888889,11.034905792929415
Land Rover,Discovery Sport,8,76000.0,Automatic,second,Diesel,2060000,Land Rover_Discovery Sport,Mid,9500.0,11.23850177707664
Mahindra,XUV500,7,114000.0,Manual,second,Diesel,659000,Mahindra_XUV500,Mid,16285.714285714286,11.643962499267984
Maruti Suzuki,Wagon-R,3,21000.0,Manual,first,Petrol,565000,Maruti Suzuki_Wagon-R,Recent,7000.0,9.952325334619427
Mercedes-Benz,GLA,0,4700.0,Automatic,first,Petrol,4550000,Mercedes-Benz_GLA,New,4700.0,8.45553053102413
Maruti Suzuki,Swift,4,63110.0,Automatic,first,Petrol,595000,Maruti Suzuki_Swift,Recent,15777.5,11.052650359802138
Maruti Suzuki,Wagon R,13,88000.0,Manual,first,Petrol,270000,Maruti Suzuki_Wagon R,Old,6769.2307692307695,11.385103457032141
Toyota,Fortuner,2,22310.0,Automatic,first,Diesel,4400000,Toyota_Fortuner,New,11155.0,10.01283510937141
Maruti Suzuki,Swift,6,60000.0,Automatic,second,Petrol,513000,Maruti Suzuki_Swift,Mid,10000.0,11.002116507732017
Maruti Suzuki,Swift,7,120000.0,Manual,first,Petrol,490000,Maruti Suzuki_Swift,Mid,17142.85714285714,11.695255355062795
Toyota,Fortuner,5,64000.0,Automatic,first,Diesel,3075000,Toyota_Fortuner,Recent,12800.0,11.06665398721974
Honda,Amaze,7,75600.0,Manual,first,Petrol,490000,Honda_Amaze,Mid,10800.0,11.233224789593368
Maruti Suzuki,S-Cross,7,75000.0,Manual,first,Diesel,595000,Maruti Suzuki_S-Cross,Mid,10714.285714285714,11.225256725762893
Maruti Suzuki,Ertiga,8,92000.0,Manual,first,Petrol,695000,Maruti Suzuki_Ertiga,Mid,11500.0,11.429554725537322
Maruti Suzuki,Baleno,6,34184.0,Automatic,second,Petrol,725000,Maruti Suzuki_Baleno,Mid,5697.333333333333,10.439542230347895
Tata,Nexon,5,66800.0,Manual,second,Petrol,650000,Tata_Nexon,Recent,13360.0,11.109473329472568
Toyota,Fortuner,7,83000.0,Automatic,first,Diesel,2650000,Toyota_Fortuner,Mid,11857.142857142857,11.326607934898927
Maruti Suzuki,800,19,7.0,Manual,second,Petrol,40000,Maruti Suzuki_800,Old,0.3684210526315789,2.0794415416798357
Renault,Duster,8,80000.0,Automatic,second,Diesel,425000,Renault_Duster,Mid,10000.0,11.289794413577894
Hyundai,Creta,5,78000.0,Manual,second,Diesel,815000,Hyundai_Creta,Recent,15600.0,11.264476926102367
Chevrolet,Beat,14,77000.0,Manual,second,Petrol,199000,Chevrolet_Beat,Old,5500.0,11.251573687764477
BMW,X3,5,63000.0,Automatic,first,Diesel,4151111,BMW_X3,Recent,12600.0,11.050905878263567
Mahindra,XUV500,10,74000.0,Manual,second,Diesel,560000,Mahindra_XUV500,Mid,7400.0,11.211833885608513
Hyundai,Verna,7,47000.0,Automatic,first,Diesel,895000,Hyundai_Verna,Mid,6714.285714285715,10.757924157061597
Mahindra,XUV500,11,75000.0,Manual,first,Diesel,410000,Mahindra_XUV500,Old,6818.181818181818,11.225256725762893
Nissan,Magnite,1,30000.0,Manual,first,Petrol,560000,Nissan_Magnite,New,30000.0,10.308985993422082
Maruti Suzuki,Wagon-R,6,19300.0,Manual,first,Petrol,461000,Maruti Suzuki_Wagon-R,Mid,3216.6666666666665,9.867912187022208
Mahindra,Thar,4,65000.0,Automatic,first,Petrol,1310000,Mahindra_Thar,Recent,16250.0,11.082157933374816
Tata,Altroz,3,62000.0,Manual,first,Petrol,511000,Tata_Altroz,Recent,20666.666666666668,11.034905792929415
Maruti Suzuki,Baleno,1,13000.0,Automatic,first,Petrol,925000,Maruti Suzuki_Baleno,New,13000.0,9.472781556562168
Mercedes-Benz,CLA,7,36250.0,Automatic,second,Petrol,1650000,Mercedes-Benz_CLA,Mid,5178.571428571428,10.498222246109226
Maruti Suzuki,Ertiga,7,100000.0,Manual,second,Diesel,725000,Maruti Suzuki_Ertiga,Mid,14285.714285714286,11.51293546492023
Maruti Suzuki,Wagon-R,11,66000.0,Manual,first,Petrol,310000,Maruti Suzuki_Wagon-R,Old,6000.0,11.097425172408931
BMW,X1,5,98000.0,Automatic,first,Diesel,1825000,BMW_X1,Recent,19600.0,11.49273296168228
Renault,Duster,8,61500.0,Automatic,first,Diesel,685000,Renault_Duster,Mid,7687.5,11.026808713825016
Jeep,Compass,6,38000.0,Automatic,first,Petrol,1095000,Jeep_Compass,Mid,6333.333333333333,10.545367754151743
Mercedes-Benz,GL-Class,11,92000.0,Automatic,second,Diesel,2390000,Mercedes-Benz_GL-Class,Old,8363.636363636364,11.429554725537322
Renault,KWID,7,65563.0,Automatic,second,Petrol,325000,Renault_KWID,Mid,9366.142857142857,11.09078204380925
Tata,Harrier,2,17800.0,Automatic,first,Diesel,1999999,Tata_Harrier,New,8900.0,9.787009914477434
Hyundai,Creta,6,82500.0,Automatic,first,Diesel,795000,Hyundai_Creta,Mid,13750.0,11.320565693461432
Hyundai,i10,12,56874.0,Automatic,second,Petrol,270000,Hyundai_i10,Old,4739.5,10.948611156253252
Hyundai,Xcent,9,27.0,Manual,second,Diesel,199999,Hyundai_Xcent,Mid,3.0,3.332204510175204
Nissan,Terrano,10,50000.0,Manual,first,Diesel,575000,Nissan_Terrano,Mid,5000.0,10.819798284210286
BMW,X3,8,120000.0,Automatic,first,Diesel,1899999,BMW_X3,Mid,15000.0,11.695255355062795
Hyundai,i10,7,78000.0,Manual,second,Diesel,350000,Hyundai_i10,Mid,11142.857142857143,11.264476926102367
Ford,Ecosport,9,80000.0,Manual,second,Diesel,540000,Ford_Ecosport,Mid,8888.888888888889,11.289794413577894
Hyundai,Grand i10,8,114399.0,Manual,second,Diesel,485000,Hyundai_Grand i10,Mid,14299.875,11.647456357927835
Maruti Suzuki,A-Star,11,78000.0,Automatic,second,Petrol,295000,Maruti Suzuki_A-Star,Old,7090.909090909091,11.264476926102367
Kia,Seltos,4,30000.0,Automatic,first,Diesel,1499000,Kia_Seltos,Recent,7500.0,10.308985993422082
Toyota,VELLFIRE,3,42000.0,Automatic,first,Petrol,8500000,Toyota_VELLFIRE,Recent,14000.0,10.645448706505872
Honda,City,7,18110.0,Automatic,second,Petrol,575000,Honda_City,Mid,2587.1428571428573,9.804274767464536
Nissan,Micra,7,86000.0,Automatic,second,Petrol,170000,Nissan_Micra,Mid,12285.714285714286,11.362114203075018
Renault,KWID,7,70000.0,Automatic,first,Petrol,350000,Renault_KWID,Mid,10000.0,11.156264806643742
Honda,City,9,81000.0,Manual,first,Diesel,540000,Honda_City,Mid,9000.0,11.302216779257382
Tata,Tiago,4,44118.0,Manual,first,Petrol,470000,Tata_Tiago,Recent,11029.5,10.694645807652732
Maruti Suzuki,Celerio,8,45000.0,Automatic,second,Petrol,320000,Maruti Suzuki_Celerio,Mid,5625.0,10.714439990727769
Maruti Suzuki,Baleno,6,65137.5,Manual,first,Petrol,485000,Maruti Suzuki_Baleno,Mid,10856.25,11.084271051239332
Maruti Suzuki,Baleno,7,51000.0,Manual,first,Petrol,485000,Maruti Suzuki_Baleno,Mid,7285.714285714285,10.839600519357369
Volkswagen,Polo,6,131000.0,Automatic,second,Petrol,685000,Volkswagen_Polo,Mid,21833.333333333332,11.782960235741939
Toyota,Fortuner,6,69000.0,Automatic,first,Diesel,2520000,Toyota_Fortuner,Mid,11500.0,11.141876276228
Mercedes-Benz,S-Class,10,80000.0,Automatic,second,Diesel,5000000,Mercedes-Benz_S-Class,Mid,8000.0,11.289794413577894
Tata,Tiago,7,73555.0,Manual,second,Petrol,295555,Tata_Tiago,Mid,10507.857142857143,11.205802299860744
Hyundai,Creta,3,60000.0,Manual,second,Diesel,1240000,Hyundai_Creta,Recent,20000.0,11.002116507732017
Honda,City,15,88000.0,Manual,second,Petrol,269999,Honda_City,Old,5866.666666666667,11.385103457032141
Toyota,Innova,14,71000.0,Manual,second,Diesel,775000,Toyota_Innova,Old,5071.428571428572,11.170449240431308
Maruti Suzuki,Alto-K10,11,70000.0,Automatic,first,Petrol,180000,Maruti Suzuki_Alto-K10,Old,6363.636363636364,11.156264806643742
Maruti Suzuki,Ritz,12,86239.0,Manual,second,Petrol,240000,Maruti Suzuki_Ritz,Old,7186.583333333333,11.364889386142824
Honda,Amaze,5,52000.0,Manual,first,Petrol,645000,Honda_Amaze,Recent,10400.0,10.859018228147887
Maruti Suzuki,Zen Estilo,11,70000.0,Manual,first,Petrol,175000,Maruti Suzuki_Zen Estilo,Old,6363.636363636364,11.156264806643742
Maruti Suzuki,Wagon-R,5,65000.0,Automatic,first,Petrol,450000,Maruti Suzuki_Wagon-R,Recent,13000.0,11.082157933374816
Hyundai,Verna,4,55000.0,Automatic,second,Petrol,890000,Hyundai_Verna,Recent,13750.0,10.915106645867503
Hyundai,Santro Xing,13,75000.0,Manual,first,Petrol,130000,Hyundai_Santro Xing,Old,5769.2307692307695,11.225256725762893
Maruti Suzuki,Swift-Dzire,5,50000.0,Manual,first,Petrol,465000,Maruti Suzuki_Swift-Dzire,Recent,10000.0,10.819798284210286
Maruti Suzuki,Omni,13,106000.0,Manual,second,Petrol,99999,Maruti Suzuki_Omni,Old,8153.846153846154,11.571203807011969
Honda,Brio,12,80000.0,Manual,first,Petrol,325000,Honda_Brio,Old,6666.666666666667,11.289794413577894
Mini,Cooper Clubman,7,22000.0,Automatic,second,Petrol,2875000,Mini_Cooper Clubman,Mid,3142.8571428571427,9.99884318585288
Audi,Q3,8,47000.0,Automatic,second,Diesel,1499000,Audi_Q3,Mid,5875.0,10.757924157061597
Maruti Suzuki,Ertiga,1,52895.0,Manual,first,Petrol,1130000,Maruti Suzuki_Ertiga,New,52895.0,10.876083000620751
Skoda,Kushaq,2,30000.0,Automatic,first,Petrol,1450000,Skoda_Kushaq,New,15000.0,10.308985993422082
Maruti Suzuki,S-Cross,6,70013.0,Manual,first,Diesel,675000,Maruti Suzuki_S-Cross,Mid,11668.833333333334,11.156450501034163
Maruti Suzuki,Baleno,0,9000.0,Manual,first,Petrol,18500,Maruti Suzuki_Baleno,New,9000.0,9.105090961257085
Volkswagen,Beetle,14,34000.0,Automatic,second,Petrol,1449000,Volkswagen_Beetle,Old,2428.5714285714284,10.434145214930487
Kia,Seltos,4,46000.0,Manual,first,Petrol,1070000,Kia_Seltos,Recent,11500.0,10.736418414365376
Maruti Suzuki,Alto,18,65789.0,Manual,first,Petrol,69999,Maruti Suzuki_Alto,Old,3654.9444444444443,11.094223130080044
Mahindra,Thar,9,29000.0,Manual,second,Diesel,670000,Mahindra_Thar,Mid,3222.222222222222,10.275085591132715
Toyota,Fortuner,11,105000.0,Automatic,second,Diesel,1690000,Toyota_Fortuner,Old,9545.454545454546,11.561725152903833
Mercedes-Benz,GLC,4,47000.0,Automatic,first,Diesel,4900000,Mercedes-Benz_GLC,Recent,11750.0,10.757924157061597
Volkswagen,Polo,4,45000.0,Manual,first,Petrol,685000,Volkswagen_Polo,Recent,11250.0,10.714439990727769
Mercedes-Benz,E-Class,9,69000.0,Automatic,second,Diesel,1575000,Mercedes-Benz_E-Class,Mid,7666.666666666667,11.141876276228
Tata,Nexon,2,44000.0,Automatic,first,Petrol,810000,Tata_Nexon,New,22000.0,10.691967639914864
Hyundai,Grand i10,7,31000.0,Manual,second,Petrol,475000,Hyundai_Grand i10,Mid,4428.571428571428,10.34177474101152
Tata,Nexon,6,14000.0,Manual,second,Petrol,750000,Tata_Nexon,Mid,2333.3333333333335,9.546884034617925
Mercedes-Benz,E-Class,13,133000.0,Automatic,second,Diesel,1500000,Mercedes-Benz_E-Class,Old,10230.76923076923,11.798111925972618
Maruti Suzuki,Swift-Dzire,13,68000.0,Manual,first,Petrol,184000,Maruti Suzuki_Swift-Dzire,Old,5230.7692307692305,11.127277689932466
BMW,3 Series Gran Limousine,9,61000.0,Automatic,second,Diesel,1500000,BMW_3 Series Gran Limousine,Mid,6777.777777777777,11.0186455364637
Honda,City,9,72500.0,Automatic,second,Petrol,450000,Honda_City,Mid,8055.555555555556,11.19135563385109
Kia,Seltos,3,97000.0,Manual,first,Petrol,1250000,Kia_Seltos,Recent,32333.333333333332,11.48247656671073
Renault,KWID,7,65858.0,Manual,second,Petrol,150000,Renault_KWID,Mid,9408.285714285714,11.095271372092032
Toyota,Fortuner,11,119000.0,Automatic,first,Diesel,1449000,Toyota_Fortuner,Old,10818.181818181818,11.686887175419702
Maruti Suzuki,Eeco,10,98000.0,Manual,second,Petrol,260000,Maruti Suzuki_Eeco,Mid,9800.0,11.49273296168228
Honda,City,10,65000.0,Manual,first,Petrol,499999,Honda_City,Mid,6500.0,11.082157933374816
Mercedes-Benz,GLE Class,7,59000.0,Automatic,second,Petrol,4385000,Mercedes-Benz_GLE Class,Mid,8428.57142857143,10.985309671896763
Maruti Suzuki,Vitara-Brezza,7,120000.0,Manual,first,Diesel,630000,Maruti Suzuki_Vitara-Brezza,Mid,17142.85714285714,11.695255355062795
Maruti Suzuki,Wagon-R,8,65000.0,Manual,second,Petrol,310000,Maruti Suzuki_Wagon-R,Mid,8125.0,11.082157933374816
BMW,6 Series,5,39000.0,Automatic,first,Petrol,4590000,BMW_6 Series,Recent,7800.0,10.571342565808699
Hyundai,Verna,5,145000.0,Manual,first,Diesel,845000,Hyundai_Verna,Recent,29000.0,11.884495917930655
Maruti Suzuki,Swift,5,50000.0,Automatic,second,Petrol,521111,Maruti Suzuki_Swift,Recent,10000.0,10.819798284210286
BMW,X1,3,35061.0,Automatic,first,Diesel,3249000,BMW_X1,Recent,11687.0,10.46487320191382
Tata,Hexa,7,89000.0,Automatic,second,Diesel,949000,Tata_Hexa,Mid,12714.285714285714,11.39640288460621
Toyota,Fortuner,6,75000.0,Manual,second,Diesel,2575000,Toyota_Fortuner,Mid,12500.0,11.225256725762893
Mercedes-Benz,A-Class Limousine,1,3000.0,Automatic,first,Diesel,4000000,Mercedes-Benz_A-Class Limousine,New,3000.0,8.006700845440367
Maruti Suzuki,Brezza,6,59000.0,Manual,second,Diesel,825000,Maruti Suzuki_Brezza,Mid,9833.333333333334,10.985309671896763
Maruti Suzuki,Swift-Dzire,12,97000.0,Manual,second,Diesel,395000,Maruti Suzuki_Swift-Dzire,Old,8083.333333333333,11.48247656671073
Audi,A6,9,108000.0,Automatic,second,Diesel,1580000,Audi_A6,Mid,12000.0,11.58989576532275
Mahindra,XUV700,2,28581.0,Automatic,first,Petrol,2550000,Mahindra_XUV700,New,14290.5,10.26053242804174
Toyota,Fortuner,11,169000.0,Automatic,first,Diesel,1295000,Toyota_Fortuner,Old,15363.636363636364,12.037659911047468
Mahindra,XUV500,6,89000.0,Automatic,second,Diesel,1294000,Mahindra_XUV500,Mid,14833.333333333334,11.39640288460621
Hyundai,Creta,3,62000.0,Manual,second,Diesel,1390000,Hyundai_Creta,Recent,20666.666666666668,11.034905792929415
Volkswagen,Vento,9,60000.0,Automatic,first,Petrol,453000,Volkswagen_Vento,Mid,6666.666666666667,11.002116507732017
Toyota,Etios Cross,9,60000.0,Manual,first,Petrol,510000,Toyota_Etios Cross,Mid,6666.666666666667,11.002116507732017
Maruti Suzuki,Swift,18,72000.0,Manual,second,Petrol,250000,Maruti Suzuki_Swift,Old,4000.0,11.184435286790631
Honda,Amaze,10,53000.0,Automatic,first,Petrol,375000,Honda_Amaze,Mid,5300.0,10.87806606028079
Jaguar,XE,6,75000.0,Automatic,first,Diesel,1950000,Jaguar_XE,Mid,12500.0,11.225256725762893
Hyundai,Santro,15,70000.0,Manual,second,Petrol,99000,Hyundai_Santro,Old,4666.666666666667,11.156264806643742
MG,ASTOR,0,36000.0,Automatic,first,Petrol,1550000,MG_ASTOR,New,36000.0,10.491301994830229
Nissan,Sunny,12,77695.0,Manual,second,Diesel,265000,Nissan_Sunny,Old,6474.583333333333,11.260559054979115
Hyundai,Grand i10,7,47827.0,Automatic,second,Petrol,475000,Hyundai_Grand i10,Mid,6832.428571428572,10.775366521039471
Maruti Suzuki,Ertiga,9,63000.0,Manual,second,Petrol,499000,Maruti Suzuki_Ertiga,Mid,7000.0,11.050905878263567
Mercedes-Benz,GLS,4,59000.0,Automatic,second,Diesel,7675000,Mercedes-Benz_GLS,Recent,14750.0,10.985309671896763
Kia,Seltos,5,61000.0,Automatic,first,Petrol,1049000,Kia_Seltos,Recent,12200.0,11.0186455364637
Maruti Suzuki,Swift,7,65000.0,Manual,first,Petrol,421000,Maruti Suzuki_Swift,Mid,9285.714285714286,11.082157933374816
Maruti Suzuki,Baleno,7,45000.0,Manual,first,Petrol,474000,Maruti Suzuki_Baleno,Mid,6428.571428571428,10.714439990727769
Mahindra,Bolero Neo,2,45000.0,Manual,first,Diesel,990000,Mahindra_Bolero Neo,New,22500.0,10.714439990727769
Audi,A4,13,86000.0,Automatic,second,Diesel,575000,Audi_A4,Old,6615.384615384615,11.362114203075018
Maruti Suzuki,Wagon R,4,91000.0,Manual,second,Petrol,524999,Maruti Suzuki_Wagon R,Recent,22750.0,11.418625774449598
Chevrolet,Beat,7,70000.0,Manual,second,Petrol,180000,Chevrolet_Beat,Mid,10000.0,11.156264806643742
Ford,Ecosport,11,75000.0,Manual,first,Diesel,320000,Ford_Ecosport,Old,6818.181818181818,11.225256725762893
Hyundai,i10,14,32308.0,Manual,first,Petrol,210000,Hyundai_i10,Old,2307.714285714286,10.38310110816935
Honda,City ZX,16,71500.0,Manual,second,Petrol,109000,Honda_City ZX,Old,4468.75,11.177466714598282
Maruti Suzuki,Ciaz,9,72000.0,Automatic,first,Petrol,535111,Maruti Suzuki_Ciaz,Mid,8000.0,11.184435286790631
Hyundai,Eon,12,94000.0,Manual,second,Petrol,150000,Hyundai_Eon,Old,7833.333333333333,11.451060699493427
Kia,Seltos,3,54000.0,Manual,first,Petrol,1190000,Kia_Seltos,Recent,18000.0,10.896757843893464
Toyota,Innova Crysta,8,142500.0,Automatic,second,Diesel,1581000,Toyota_Innova Crysta,Mid,17812.5,11.86710429621008
Jeep,Compass,7,57000.0,Manual,first,Diesel,890000,Jeep_Compass,Mid,8142.857142857143,10.950824090522445
Hyundai,Verna,12,95000.0,Manual,first,Diesel,225000,Hyundai_Verna,Old,7916.666666666667,11.461642696843066
Tata,Harrier,4,116000.0,Automatic,first,Diesel,1375000,Tata_Harrier,Recent,29000.0,11.661354090741
Hyundai,Grand i10,7,55000.0,Automatic,second,Petrol,395000,Hyundai_Grand i10,Mid,7857.142857142857,10.915106645867503
Maruti Suzuki,Swift-Dzire,6,65000.0,Manual,first,Diesel,700000,Maruti Suzuki_Swift-Dzire,Mid,10833.333333333334,11.082157933374816
Ford,Fiesta,13,120000.0,Manual,second,Diesel,225000,Ford_Fiesta,Old,9230.76923076923,11.695255355062795
Land Rover,Range Rover Evoque,13,120000.0,Automatic,second,Diesel,1575000,Land Rover_Range Rover Evoque,Old,9230.76923076923,11.695255355062795
Maruti Suzuki,Celerio,10,62000.0,Automatic,second,Petrol,330000,Maruti Suzuki_Celerio,Mid,6200.0,11.034905792929415
Maruti Suzuki,Wagon-R-1-0,17,202000.0,Manual,second,Petrol,150000,Maruti Suzuki_Wagon-R-1-0,Old,11882.35294117647,12.216027926866138
Hyundai,i20,9,58000.0,Manual,first,Petrol,468000,Hyundai_i20,Mid,6444.444444444444,10.968215530759236
Mahindra,Thar,3,10000.0,Automatic,second,Petrol,1345000,Mahindra_Thar,Recent,3333.3333333333335,9.210440366976517
Maruti Suzuki,Baleno,8,63100.0,Automatic,second,Petrol,585000,Maruti Suzuki_Baleno,Mid,7887.5,11.052491896264268
Mahindra,XUV500,8,85800.0,Automatic,second,Diesel,1175000,Mahindra_XUV500,Mid,10725.0,11.359785940419789
Volkswagen,VentoTest,6,74000.0,Automatic,second,Petrol,539999,Volkswagen_VentoTest,Mid,12333.333333333334,11.211833885608513
Toyota,Innova Crysta,7,174000.0,Automatic,second,Diesel,1985000,Toyota_Innova Crysta,Mid,24857.14285714286,12.066816325306588
Hyundai,Santa Fe,10,72000.0,Automatic,second,Diesel,715000,Hyundai_Santa Fe,Mid,7200.0,11.184435286790631
Honda,Amaze,8,7500.0,Manual,first,Petrol,439999,Honda_Amaze,Mid,937.5,8.922791623969637
Toyota,Fortuner,5,90000.0,Manual,first,Diesel,2750000,Toyota_Fortuner,Recent,18000.0,11.407576060361786
Renault,Triber,3,39000.0,Automatic,first,Petrol,650000,Renault_Triber,Recent,13000.0,10.571342565808699
Mahindra,Thar,3,48700.0,Manual,first,Petrol,1290000,Mahindra_Thar,Recent,16233.333333333334,10.793454842740767
Kia,Seltos,5,103000.0,Automatic,first,Diesel,1225000,Kia_Seltos,Recent,20600.0,11.542493975902508
Mercedes-Benz,GLE COUPE,7,38700.0,Automatic,second,Petrol,5490000,Mercedes-Benz_GLE COUPE,Mid,5528.571428571428,10.563620718477313
Maruti Suzuki,S-Cross,6,117000.0,Manual,first,Diesel,799000,Maruti Suzuki_S-Cross,Mid,19500.0,11.669937760751914
Mahindra,Bolero,9,119860.0,Manual,second,Diesel,760000,Mahindra_Bolero,Mid,13317.777777777777,11.694088017044285
Tata,Indica Vista,11,64000.0,Manual,second,Diesel,135000,Tata_Indica Vista,Old,5818.181818181818,11.06665398721974
Volkswagen,VentoTest,9,96000.0,Automatic,first,Diesel,445000,Volkswagen_VentoTest,Mid,10666.666666666666,11.472113887062386
Tata,Tiago,4,33000.0,Automatic,second,Petrol,495000,Tata_Tiago,Recent,8250.0,10.404293143019792
Maruti Suzuki,Wagon-R,8,34000.0,Automatic,first,Petrol,425000,Maruti Suzuki_Wagon-R,Mid,4250.0,10.434145214930487
Honda,City,7,59000.0,Automatic,first,Petrol,875000,Honda_City,Mid,8428.57142857143,10.985309671896763
Hyundai,i20 Active,9,80000.0,Manual,second,Petrol,374999,Hyundai_i20 Active,Mid,8888.888888888889,11.289794413577894
Hyundai,Venue N Line,1,9000.0,Automatic,first,Petrol,1290000,Hyundai_Venue N Line,New,9000.0,9.105090961257085
BMW,3 Series GT,8,60000.0,Automatic,second,Diesel,2575000,BMW_3 Series GT,Mid,7500.0,11.002116507732017
MG,Hector,5,23000.0,Automatic,first,Petrol,1195000,MG_Hector,Recent,4600.0,10.043292972227004
Hyundai,Verna,13,60000.0,Automatic,second,Petrol,285000,Hyundai_Verna,Old,4615.384615384615,11.002116507732017
Mercedes-Benz,GLS,5,79000.0,Automatic,second,Diesel,5300000,Mercedes-Benz_GLS,Recent,15800.0,11.277215789596893
Maruti Suzuki,S-Cross1,6,140000.0,Manual,second,Diesel,650000,Maruti Suzuki_S-Cross1,Mid,23333.333333333332,11.849404844423074
Hyundai,i20,11,59000.0,Manual,second,Petrol,259000,Hyundai_i20,Old,5363.636363636364,10.985309671896763
Tata,Tiago,6,64000.0,Automatic,first,Petrol,490000,Tata_Tiago,Mid,10666.666666666666,11.06665398721974
Hyundai,Creta,4,38000.0,Manual,first,Diesel,1130000,Hyundai_Creta,Recent,9500.0,10.545367754151743
Hyundai,Grand i10,10,94000.0,Automatic,second,Petrol,465000,Hyundai_Grand i10,Mid,9400.0,11.451060699493427
Hyundai,i10,13,69000.0,Manual,second,Petrol,210000,Hyundai_i10,Old,5307.692307692308,11.141876276228
Hyundai,i20,4,43000.0,Manual,first,Petrol,675000,Hyundai_i20,Recent,10750.0,10.668978650219241
Renault,Kiger,3,12000.0,Automatic,first,Petrol,875000,Renault_Kiger,Recent,4000.0,9.392745258631441
Maruti Suzuki,Ciaz,7,58234.0,Manual,first,Diesel,619999,Maruti Suzuki_Ciaz,Mid,8319.142857142857,10.972241827536752
Hyundai,Alcazar,3,53000.0,Automatic,first,Diesel,1860000,Hyundai_Alcazar,Recent,17666.666666666668,10.87806606028079
Mercedes-Benz,C-Class,7,42000.0,Automatic,first,Petrol,2665000,Mercedes-Benz_C-Class,Mid,6000.0,10.645448706505872
Renault,KWID,6,110000.0,Manual,second,Petrol,285000,Renault_KWID,Mid,18333.333333333332,11.608244735642321
Honda,CR-V,17,45000.0,Automatic,first,Petrol,499000,Honda_CR-V,Old,2647.0588235294117,10.714439990727769
Hyundai,i20,3,62000.0,Manual,first,Diesel,775000,Hyundai_i20,Recent,20666.666666666668,11.034905792929415
Hyundai,Grand i10,10,55000.0,Manual,second,Petrol,315000,Hyundai_Grand i10,Mid,5500.0,10.915106645867503
Hyundai,Elite i20,8,42000.0,Manual,first,Diesel,725000,Hyundai_Elite i20,Mid,5250.0,10.645448706505872
Maruti Suzuki,Ertiga,12,100000.0,Manual,first,Diesel,535000,Maruti Suzuki_Ertiga,Old,8333.333333333334,11.51293546492023
Maruti Suzuki,Ciaz,5,81000.0,Automatic,first,Petrol,690000,Maruti Suzuki_Ciaz,Recent,16200.0,11.302216779257382
Maruti Suzuki,maruti-suzuki-brezza,5,100000.0,Manual,second,Diesel,825000,Maruti Suzuki_maruti-suzuki-brezza,Recent,20000.0,11.51293546492023
Volkswagen,Taigun,3,20000.0,Automatic,first,Petrol,1620000,Volkswagen_Taigun,Recent,6666.666666666667,9.90353755128617
Hyundai,Creta,4,40000.0,Manual,first,Petrol,1165000,Hyundai_Creta,Recent,10000.0,10.596659732783579
Hyundai,Creta,7,83000.0,Manual,first,Diesel,760000,Hyundai_Creta,Mid,11857.142857142857,11.326607934898927
Mahindra,XUV500,7,118000.0,Automatic,second,Diesel,749000,Mahindra_XUV500,Mid,16857.14285714286,11.678448377988165
Maruti Suzuki,Swift,7,69300.0,Manual,first,Petrol,530000,Maruti Suzuki_Swift,Mid,9900.0,11.146214615088313
Kia,Sonet,2,13000.0,Manual,first,Diesel,1090000,Kia_Sonet,New,6500.0,9.472781556562168
MG,ASTOR,1,8900.0,Automatic,first,Petrol,1325000,MG_ASTOR,New,8900.0,9.093918908958932
Ford,Figo,13,140000.0,Manual,first,Diesel,119000,Ford_Figo,Old,10769.23076923077,11.849404844423074
Toyota,Fortuner,7,130000.0,Automatic,first,Diesel,2845000,Toyota_Fortuner,Mid,18571.428571428572,11.775297421715827
Toyota,Corolla Altis,8,115000.0,Automatic,second,Petrol,725000,Toyota_Corolla Altis,Mid,14375.0,11.652696102959753
Tata,tata-punch,1,5800.0,Automatic,first,Petrol,839999,Tata_tata-punch,New,5800.0,8.665785595466064
Land Rover,Discovery Sport,5,64256.0,Automatic,first,Diesel,3250000,Land Rover_Discovery Sport,Recent,12851.2,11.070645946239251
Toyota,Camry,8,130000.0,Automatic,second,Petrol,1275000,Toyota_Camry,Mid,16250.0,11.775297421715827
Mahindra,XUV 300,4,79000.0,Manual,second,Diesel,991000,Mahindra_XUV 300,Recent,19750.0,11.277215789596893
Hyundai,Xcent,9,63300.0,Manual,second,Diesel,305000,Hyundai_Xcent,Mid,7033.333333333333,11.055656405795794
Hyundai,i20,5,83300.0,Manual,first,Diesel,665000,Hyundai_i20,Recent,16660.0,11.330215832884798
Maruti Suzuki,Ritz,10,100000.0,Manual,second,Diesel,365000,Maruti Suzuki_Ritz,Mid,10000.0,11.51293546492023
Maruti Suzuki,Wagon-R-1-0,6,32000.0,Automatic,second,Petrol,490000,Maruti Suzuki_Wagon-R-1-0,Mid,5333.333333333333,10.373522431293592
Maruti Suzuki,Celerio,7,62000.0,Automatic,first,Petrol,370000,Maruti Suzuki_Celerio,Mid,8857.142857142857,11.034905792929415
Mahindra,XUV500,7,59000.0,Automatic,first,Diesel,1275000,Mahindra_XUV500,Mid,8428.57142857143,10.985309671896763
Toyota,Innova Crysta,8,120000.0,Automatic,second,Diesel,1600000,Toyota_Innova Crysta,Mid,15000.0,11.695255355062795
Nissan,Magnite,1,15000.0,Manual,first,Petrol,650000,Nissan_Magnite,New,15000.0,9.61587214452889
Maruti Suzuki,Swift-Dzire,5,25000.0,Automatic,first,Petrol,690000,Maruti Suzuki_Swift-Dzire,Recent,5000.0,10.12667110305036
Land Rover,Range Rover Sport,6,99000.0,Automatic,first,Diesel,7500000,Land Rover_Range Rover Sport,Mid,16500.0,11.502885230075814
Hyundai,EON,6,33000.0,Manual,first,Petrol,280000,Hyundai_EON,Mid,5500.0,10.404293143019792
Kia,Seltos,5,78000.0,Automatic,first,Diesel,1245000,Kia_Seltos,Recent,15600.0,11.264476926102367
Maruti Suzuki,Swift,11,68554.0,Manual,second,Diesel,332000,Maruti Suzuki_Swift,Old,6232.181818181818,11.135391621790756
Mercedes-Benz,C-Class,2,220000.0,Automatic,first,Diesel,5900000,Mercedes-Benz_C-Class,New,110000.0,12.301387370778713
Toyota,Innova Crysta,8,56000.0,Automatic,first,Diesel,1550000,Toyota_Innova Crysta,Mid,7000.0,10.933124826700707
Toyota,Innova,12,250000.0,Manual,second,Diesel,675000,Toyota_Innova,Old,20833.333333333332,12.429220196836383
Maruti Suzuki,Wagon-R-1-0,5,42500.0,Manual,second,Petrol,360000,Maruti Suzuki_Wagon-R-1-0,Recent,8500.0,10.657282884047461
Volkswagen,Polo,7,20000.0,Manual,first,Petrol,570000,Volkswagen_Polo,Mid,2857.1428571428573,9.90353755128617
Hyundai,Venue,5,41973.0,Automatic,second,Petrol,749991,Hyundai_Venue,Recent,8394.6,10.644805657957367
Mahindra,Bolero,6,82000.0,Manual,first,Diesel,651000,Mahindra_Bolero,Mid,13666.666666666666,11.314486721293981
Maruti Suzuki,Wagon-R,14,140849.0,Manual,first,Petrol,175000,Maruti Suzuki_Wagon-R,Old,10060.642857142857,11.855450773304518
Maruti Suzuki,Ertiga,10,141500.0,Manual,first,Diesel,665000,Maruti Suzuki_Ertiga,Mid,14150.0,11.860062063178267
Mahindra,XUV500,10,80879.0,Manual,second,Diesel,500000,Mahindra_XUV500,Mid,8087.9,11.300721853694354
Renault,Duster,11,104000.0,Manual,first,Diesel,290000,Renault_Duster,Old,9454.545454545454,11.552155793461898
Hyundai,Venue,1,6000.0,Manual,first,Petrol,890000,Hyundai_Venue,New,6000.0,8.699681400989514
BMW,5 Series,6,88000.0,Automatic,second,Diesel,2900000,BMW_5 Series,Mid,14666.666666666666,11.385103457032141
Volkswagen,Passat,14,78000.0,Manual,second,Petrol,299999,Volkswagen_Passat,Old,5571.428571428572,11.264476926102367
Mercedes-Benz,C-Class,7,42000.0,Automatic,second,Petrol,2275000,Mercedes-Benz_C-Class,Mid,6000.0,10.645448706505872
Honda,City,11,115000.0,Manual,second,Petrol,450000,Honda_City,Old,10454.545454545454,11.652696102959753
Hyundai,Grand i10,10,47000.0,Automatic,second,Petrol,455000,Hyundai_Grand i10,Mid,4700.0,10.757924157061597
Maruti Suzuki,Celerio,5,45000.0,Automatic,second,Petrol,450000,Maruti Suzuki_Celerio,Recent,9000.0,10.714439990727769
Maruti Suzuki,maruti-suzuki-brezza,7,116000.0,Manual,first,Diesel,750000,Maruti Suzuki_maruti-suzuki-brezza,Mid,16571.428571428572,11.661354090741
Toyota,Innova Crysta,6,85000.0,Manual,second,Diesel,1420000,Toyota_Innova Crysta,Mid,14166.666666666666,11.350418300109132
Hyundai,Fluidic Verna,6,76000.0,Automatic,first,Diesel,875000,Hyundai_Fluidic Verna,Mid,12666.666666666666,11.23850177707664
BMW,5 Series,5,38000.0,Automatic,first,Diesel,4900000,BMW_5 Series,Recent,7600.0,10.545367754151743
Maruti Suzuki,Ertiga,5,92000.0,Manual,first,Diesel,1071000,Maruti Suzuki_Ertiga,Recent,18400.0,11.429554725537322
Honda,City,11,43000.0,Manual,first,Petrol,275000,Honda_City,Old,3909.090909090909,10.668978650219241
Porsche,Cayenne Coupe,3,19000.0,Automatic,second,Petrol,11000000,Porsche_Cayenne Coupe,Recent,6333.333333333333,9.852246888342531
Honda,Amaze,9,66000.0,Manual,second,Diesel,340000,Honda_Amaze,Mid,7333.333333333333,11.097425172408931
Isuzu,D-Max V-Cross,6,95000.0,Manual,first,Diesel,1275000,Isuzu_D-Max V-Cross,Mid,15833.333333333334,11.461642696843066
BMW,X1,6,81000.0,Automatic,second,Diesel,1875000,BMW_X1,Mid,13500.0,11.302216779257382
Toyota,Fortuner,9,85000.0,Automatic,first,Diesel,1490000,Toyota_Fortuner,Mid,9444.444444444445,11.350418300109132
Volkswagen,Virtus,1,17000.0,Automatic,first,Petrol,1800000,Volkswagen_Virtus,New,17000.0,9.741027444837728
Mahindra,Bolero,2,13500.0,Manual,first,Diesel,865000,Mahindra_Bolero,New,6750.0,9.510519035757246
Hyundai,Creta,9,140000.0,Automatic,first,Diesel,845000,Hyundai_Creta,Mid,15555.555555555555,11.849404844423074
Kia,Carens,2,11000.0,Manual,first,Petrol,1125000,Kia_Carens,New,5500.0,9.305741456739435
Kia,Seltos,3,26000.0,Automatic,second,Petrol,1275000,Kia_Seltos,Recent,8666.666666666666,10.165890277802454
Mahindra,Xylo,6,69863.0,Manual,first,Diesel,685000,Mahindra_Xylo,Mid,11643.833333333334,11.154305774093569
Hyundai,Elite i20,10,39000.0,Manual,first,Petrol,479999,Hyundai_Elite i20,Mid,3900.0,10.571342565808699
Maruti Suzuki,Vitara-Brezza,7,50000.0,Manual,first,Diesel,755000,Maruti Suzuki_Vitara-Brezza,Mid,7142.857142857143,10.819798284210286
Skoda,Rapid,8,40000.0,Manual,first,Petrol,469000,Skoda_Rapid,Mid,5000.0,10.596659732783579
Toyota,Urban Cruiser Hyryder,1,9100.0,Automatic,first,Petrol,2120000,Toyota_Urban Cruiser Hyryder,New,9100.0,9.116139576577355
Toyota,Innova Crysta,4,45000.0,Automatic,first,Diesel,2199000,Toyota_Innova Crysta,Recent,11250.0,10.714439990727769
Hyundai,i20,9,25.0,Automatic,second,Diesel,450000,Hyundai_i20,Mid,2.7777777777777777,3.258096538021482
Hyundai,Elite i20,9,140000.0,Manual,first,Diesel,585000,Hyundai_Elite i20,Mid,15555.555555555555,11.849404844423074
Chevrolet,Beat,13,57400.0,Manual,second,Petrol,99000,Chevrolet_Beat,Old,4415.384615384615,10.957817003758691
Honda,City,13,76000.0,Automatic,second,Petrol,295000,Honda_City,Old,5846.153846153846,11.23850177707664
Volkswagen,Polo,10,75000.0,Manual,second,Diesel,345000,Volkswagen_Polo,Mid,7500.0,11.225256725762893
Tata,Safari,1,41000.0,Manual,first,Diesel,1695000,Tata_Safari,New,41000.0,10.62135173563291
Maruti Suzuki,800,19,65000.0,Manual,second,Petrol,96000,Maruti Suzuki_800,Old,3421.0526315789475,11.082157933374816
Nissan,Terrano,10,90000.0,Manual,first,Diesel,420000,Nissan_Terrano,Mid,9000.0,11.407576060361786
Tata,Indigo Ecs,11,90000.0,Automatic,second,Diesel,65000,Tata_Indigo Ecs,Old,8181.818181818182,11.407576060361786
Maruti Suzuki,Eeco,2,8500.0,Manual,second,Petrol,550000,Maruti Suzuki_Eeco,New,4250.0,9.04793908261736
Mini,Cooper Convertible,6,28000.0,Automatic,second,Petrol,4099000,Mini_Cooper Convertible,Mid,4666.666666666667,10.239995502805316
Maruti Suzuki,Swift,14,95000.0,Manual,second,Diesel,227000,Maruti Suzuki_Swift,Old,6785.714285714285,11.461642696843066
BMW,X1,5,60000.0,Automatic,second,Diesel,2150000,BMW_X1,Recent,12000.0,11.002116507732017
Ford,Fiesta,16,122000.0,Manual,second,Petrol,150000,Ford_Fiesta,Old,7625.0,11.711784520403112
Hyundai,Santro Xing,13,114032.0,Manual,second,Petrol,125000,Hyundai_Santro Xing,Old,8771.692307692309,11.64424315917142
Hyundai,Verna,8,65426.0,Automatic,second,Petrol,570000,Hyundai_Verna,Mid,8178.25,11.088690296285336
Honda,City ZX,2,38000.0,Automatic,second,Petrol,1450000,Honda_City ZX,New,19000.0,10.545367754151743
Mercedes-Benz,E-Class,7,69000.0,Automatic,first,Diesel,3075000,Mercedes-Benz_E-Class,Mid,9857.142857142857,11.141876276228
Hyundai,Creta,5,24000.0,Automatic,second,Petrol,1175000,Hyundai_Creta,Recent,4800.0,10.085850775128717
Mahindra,Thar,1,26000.0,Manual,first,Diesel,1490000,Mahindra_Thar,New,26000.0,10.165890277802454
Hyundai,Creta,7,54000.0,Automatic,first,Petrol,940000,Hyundai_Creta,Mid,7714.285714285715,10.896757843893464
Hyundai,Fluidic Verna,6,25000.0,Manual,first,Petrol,840000,Hyundai_Fluidic Verna,Mid,4166.666666666667,10.12667110305036
Maruti Suzuki,Wagon-R,1,10000.0,Manual,first,Petrol,525000,Maruti Suzuki_Wagon-R,New,10000.0,9.210440366976517
Hyundai,EON,7,56000.0,Manual,first,Petrol,277000,Hyundai_EON,Mid,8000.0,10.933124826700707
Maruti Suzuki,XL6,5,57000.0,Automatic,second,Petrol,1150000,Maruti Suzuki_XL6,Recent,11400.0,10.950824090522445
Maruti Suzuki,Ciaz,5,24000.0,Automatic,second,Petrol,855000,Maruti Suzuki_Ciaz,Recent,4800.0,10.085850775128717
Renault,KWID,7,59000.0,Manual,second,Petrol,350000,Renault_KWID,Mid,8428.57142857143,10.985309671896763
Porsche,Cayenne,7,49650.0,Automatic,second,Petrol,5850000,Porsche_Cayenne,Mid,7092.857142857143,10.8127738102574
Mercedes-Benz,GLS,1,16000.0,Automatic,first,Diesel,15900000,Mercedes-Benz_GLS,New,16000.0,9.680406499268875
Mercedes-Benz,E-Class,11,50000.0,Automatic,second,Diesel,1090000,Mercedes-Benz_E-Class,Old,4545.454545454545,10.819798284210286
Hyundai,Venue,5,82000.0,Manual,first,Diesel,1025000,Hyundai_Venue,Recent,16400.0,11.314486721293981
Hyundai,Verna,7,70000.0,Automatic,first,Diesel,650000,Hyundai_Verna,Mid,10000.0,11.156264806643742
Toyota,Etios,13,39000.0,Manual,first,Petrol,425000,Toyota_Etios,Old,3000.0,10.571342565808699
Kia,Seltos,4,16800.0,Automatic,first,Petrol,1540000,Kia_Seltos,Recent,4200.0,9.729193687429403
Jaguar,F-Pace,6,57900.0,Automatic,second,Diesel,3550000,Jaguar_F-Pace,Mid,9650.0,10.96648993456911
Mercedes-Benz,E-Class,7,35000.0,Automatic,first,Diesel,3800000,Mercedes-Benz_E-Class,Mid,5000.0,10.463131911491967
Audi,Q3,8,114000.0,Automatic,second,Diesel,1750000,Audi_Q3,Mid,14250.0,11.643962499267984
Hyundai,i10,14,91000.0,Automatic,first,Petrol,340000,Hyundai_i10,Old,6500.0,11.418625774449598
Hyundai,Creta,7,85000.0,Automatic,first,Petrol,669000,Hyundai_Creta,Mid,12142.857142857143,11.350418300109132
Mercedes-Benz,C-Class,8,47000.0,Automatic,second,Diesel,1999999,Mercedes-Benz_C-Class,Mid,5875.0,10.757924157061597
Tata,Tiago,7,39629.0,Automatic,first,Petrol,450000,Tata_Tiago,Mid,5661.285714285715,10.58734168618448
Audi,Q3,6,56000.0,Automatic,first,Diesel,3450000,Audi_Q3,Mid,9333.333333333334,10.933124826700707
Maruti Suzuki,Wagon-R,13,90000.0,Manual,second,Petrol,150000,Maruti Suzuki_Wagon-R,Old,6923.076923076923,11.407576060361786
Maruti Suzuki,Vitara-Brezza,8,70000.0,Manual,second,Diesel,460000,Maruti Suzuki_Vitara-Brezza,Mid,8750.0,11.156264806643742
Mahindra,Bolero Neo,1,5500.0,Manual,first,Diesel,1050000,Mahindra_Bolero Neo,New,5500.0,8.612685172875459
Maruti Suzuki,maruti-suzuki-dzire,6,58000.0,Manual,second,Petrol,575000,Maruti Suzuki_maruti-suzuki-dzire,Mid,9666.666666666666,10.968215530759236
Maruti Suzuki,Baleno,1,40600.0,Manual,first,Petrol,755000,Maruti Suzuki_Baleno,New,40600.0,10.611547975828369
Hyundai,Verna,12,198.0,Manual,second,Petrol,190000,Hyundai_Verna,Old,16.5,5.293304824724492
Toyota,Corolla Altis,10,70000.0,Automatic,second,Petrol,590000,Toyota_Corolla Altis,Mid,7000.0,11.156264806643742
Audi,A4,6,63000.0,Automatic,second,Petrol,2350000,Audi_A4,Mid,10500.0,11.050905878263567
Honda,City,12,52000.0,Manual,second,Petrol,285000,Honda_City,Old,4333.333333333333,10.859018228147887
Tata,Sumo Victa,11,85000.0,Manual,second,Diesel,159000,Tata_Sumo Victa,Old,7727.272727272727,11.350418300109132
Toyota,Innova,11,120000.0,Manual,first,Diesel,1050000,Toyota_Innova,Old,10909.09090909091,11.695255355062795
Honda,City,6,38000.0,Manual,first,Petrol,730000,Honda_City,Mid,6333.333333333333,10.545367754151743
Mercedes-Benz,C-Class,9,90000.0,Automatic,second,Diesel,1490000,Mercedes-Benz_C-Class,Mid,10000.0,11.407576060361786
Renault,Triber,4,42000.0,Manual,first,Petrol,525000,Renault_Triber,Recent,10500.0,10.645448706505872
Tata,Indica Ev2,9,13527.0,Manual,second,Diesel,100000,Tata_Indica Ev2,Mid,1503.0,9.512516890578416
Mercedes-Benz,GLC Class,3,15650.0,Automatic,first,Petrol,5100000,Mercedes-Benz_GLC Class,Recent,5216.666666666667,9.658290091690503
Ford,Figo,12,149500.0,Manual,second,Diesel,170000,Ford_Figo,Old,12458.333333333334,11.915058360753719
Hyundai,Xcent,10,90000.0,Manual,second,Diesel,445000,Hyundai_Xcent,Mid,9000.0,11.407576060361786
Kia,Carnival,4,60000.0,Manual,first,Diesel,3250000,Kia_Carnival,Recent,15000.0,11.002116507732017
BMW,X1,12,33000.0,Automatic,first,Diesel,450000,BMW_X1,Old,2750.0,10.404293143019792
Fiat,Grand Punto,14,65000.0,Manual,first,Diesel,175000,Fiat_Grand Punto,Old,4642.857142857143,11.082157933374816
Hyundai,i20,15,68000.0,Manual,second,Petrol,221000,Hyundai_i20,Old,4533.333333333333,11.127277689932466
Audi,A6,12,48000.0,Automatic,first,Diesel,941000,Audi_A6,Old,4000.0,10.778977123006351
Maruti Suzuki,Swift,5,70000.0,Automatic,first,Petrol,675000,Maruti Suzuki_Swift,Recent,14000.0,11.156264806643742
Hyundai,Verna,4,50400.0,Manual,second,Petrol,965000,Hyundai_Verna,Recent,12600.0,10.827766295132466
Toyota,Innova,9,93200.0,Manual,first,Diesel,859999,Toyota_Innova,Mid,10355.555555555555,11.442513730229855
Honda,Jazz,8,44000.0,Manual,second,Petrol,490000,Honda_Jazz,Mid,5500.0,10.691967639914864
Mercedes-Benz,S-Class,17,77000.0,Automatic,second,Petrol,699999,Mercedes-Benz_S-Class,Old,4529.411764705882,11.251573687764477
Maruti Suzuki,Baleno,6,68000.0,Manual,first,Diesel,490000,Maruti Suzuki_Baleno,Mid,11333.333333333334,11.127277689932466
Volkswagen,Polo,8,115000.0,Manual,first,Diesel,640000,Volkswagen_Polo,Mid,14375.0,11.652696102959753
Maruti Suzuki,Ritz,14,152000.0,Manual,first,Petrol,160000,Maruti Suzuki_Ritz,Old,10857.142857142857,11.931642378754141
Hyundai,Eon,12,50400.0,Manual,first,Petrol,165000,Hyundai_Eon,Old,4200.0,10.827766295132466
BMW,5 Series,11,60000.0,Automatic,second,Diesel,1395000,BMW_5 Series,Old,5454.545454545455,11.002116507732017
Toyota,Fortuner,7,112000.0,Automatic,first,Diesel,2950000,Toyota_Fortuner,Mid,16000.0,11.626263078808801
Renault,Lodgy,9,70000.0,Manual,first,Diesel,525000,Renault_Lodgy,Mid,7777.777777777777,11.156264806643742
Honda,Jazz,8,34000.0,Manual,first,Petrol,425000,Honda_Jazz,Mid,4250.0,10.434145214930487
Mercedes-Benz,GLS,6,59950.0,Automatic,first,Diesel,6211000,Mercedes-Benz_GLS,Mid,9991.666666666666,11.00128284088368
Volvo,S60,8,115000.0,Automatic,first,Diesel,1790000,Volvo_S60,Mid,14375.0,11.652696102959753
Audi,A6,10,99000.0,Automatic,first,Diesel,849000,Audi_A6,Mid,9900.0,11.502885230075814
BMW,5 Series,10,70000.0,Automatic,second,Diesel,1550000,BMW_5 Series,Mid,7000.0,11.156264806643742
Maruti Suzuki,Alto-K10,13,71500.0,Automatic,second,Petrol,175000,Maruti Suzuki_Alto-K10,Old,5500.0,11.177466714598282
Hyundai,Aura,3,38000.0,Manual,second,Petrol,485000,Hyundai_Aura,Recent,12666.666666666666,10.545367754151743
Datsun,GO,5,34000.0,Manual,first,Petrol,300000,Datsun_GO,Recent,6800.0,10.434145214930487
BMW,X1,8,69000.0,Automatic,second,Diesel,1525111,BMW_X1,Mid,8625.0,11.141876276228
Honda,WRV,6,85000.0,Manual,second,Diesel,600000,Honda_WRV,Mid,14166.666666666666,11.350418300109132
Honda,Civic,17,10645.0,Manual,second,Petrol,180000,Honda_Civic,Old,626.1764705882352,9.272939513732704
Mahindra,XUV700,2,31000.0,Automatic,first,Petrol,1695000,Mahindra_XUV700,New,15500.0,10.34177474101152
Maruti Suzuki,Esteem,23,87000.0,Manual,second,Petrol,72000,Maruti Suzuki_Esteem,Old,3782.608695652174,11.373674891823535
Ford,Figo,9,120000.0,Manual,second,Diesel,320000,Ford_Figo,Mid,13333.333333333334,11.695255355062795
Maruti Suzuki,Swift,4,33000.0,Manual,first,Petrol,625000,Maruti Suzuki_Swift,Recent,8250.0,10.404293143019792
Rolls-Royce,Phantom Series II,9,11500.0,Automatic,second,Petrol,42500000,Rolls-Royce_Phantom Series II,Mid,1277.7777777777778,9.350189267092581
Mahindra,Thar,4,45000.0,Automatic,second,Diesel,1380000,Mahindra_Thar,Recent,11250.0,10.714439990727769
Fiat,Punto,14,117500.0,Manual,second,Diesel,149900,Fiat_Punto,Old,8392.857142857143,11.674202123168433
Mahindra,XUV500,9,17000.0,Manual,second,Diesel,750000,Mahindra_XUV500,Mid,1888.888888888889,9.741027444837728
Honda,City,8,37000.0,Automatic,first,Petrol,690000,Honda_City,Mid,4625.0,10.518700218288165
Toyota,Innova Crysta,3,72000.0,Manual,first,Diesel,2630000,Toyota_Innova Crysta,Recent,24000.0,11.184435286790631
Toyota,Etios,7,115.0,Manual,second,Diesel,425000,Toyota_Etios,Mid,16.428571428571427,4.7535901911063645
Maruti Suzuki,Wagon R,2,12000.0,Manual,first,Petrol,550000,Maruti Suzuki_Wagon R,New,6000.0,9.392745258631441
Mercedes-Benz,C-Class,13,64321.0,Automatic,second,Diesel,975000,Mercedes-Benz_C-Class,Old,4947.7692307692305,11.071656997896786
Kia,Seltos,2,30000.0,Automatic,first,Petrol,1325000,Kia_Seltos,New,15000.0,10.308985993422082
Mercedes-Benz,CLA,5,63000.0,Automatic,second,Diesel,2150000,Mercedes-Benz_CLA,Recent,12600.0,11.050905878263567
Hyundai,i20,12,78695.0,Manual,second,Diesel,285000,Hyundai_i20,Old,6557.916666666667,11.273347607192594
Hyundai,i20,11,85000.0,Manual,second,Diesel,330000,Hyundai_i20,Old,7727.272727272727,11.350418300109132
Kia,Seltos,4,35231.0,Manual,first,Petrol,849101,Kia_Seltos,Recent,8807.75,10.469710039522406
BMW,5 Series,11,68000.0,Automatic,second,Diesel,1525111,BMW_5 Series,Old,6181.818181818182,11.127277689932466
Honda,Jazz,6,59000.0,Automatic,second,Petrol,620000,Honda_Jazz,Mid,9833.333333333334,10.985309671896763
Audi,A6,12,72000.0,Automatic,first,Diesel,975000,Audi_A6,Old,6000.0,11.184435286790631
Land Rover,Range Rover Evoque,11,69000.0,Automatic,second,Diesel,2400000,Land Rover_Range Rover Evoque,Old,6272.727272727273,11.141876276228
Hyundai,Verna,6,57000.0,Automatic,first,Petrol,851000,Hyundai_Verna,Mid,9500.0,10.950824090522445
Volkswagen,Polo,2,27000.0,Manual,second,Petrol,849000,Volkswagen_Polo,New,13500.0,10.203629181337648
Honda,City,10,70000.0,Automatic,second,Petrol,525000,Honda_City,Mid,7000.0,11.156264806643742
Hyundai,Creta,7,67000.0,Automatic,first,Diesel,899999,Hyundai_Creta,Mid,9571.42857142857,11.112462823634855
Hyundai,i20,7,125000.0,Manual,second,Diesel,609000,Hyundai_i20,Mid,17857.14285714286,11.736077016252437
Toyota,Innova Crysta,5,68000.0,Automatic,second,Diesel,1745000,Toyota_Innova Crysta,Recent,13600.0,11.127277689932466
Tata,Safari Storme,7,77000.0,Manual,first,Diesel,725000,Tata_Safari Storme,Mid,11000.0,11.251573687764477
Skoda,Fabia,13,95000.0,Manual,first,Petrol,175000,Skoda_Fabia,Old,7307.692307692308,11.461642696843066
Toyota,Innova,12,70000.0,Manual,first,Diesel,750000,Toyota_Innova,Old,5833.333333333333,11.156264806643742
Mahindra,Xylo,6,42000.0,Manual,second,Diesel,870000,Mahindra_Xylo,Mid,7000.0,10.645448706505872
Ambassador,Ambassador,16,65137.5,Manual,first,Diesel,150000,Ambassador_Ambassador,Old,4071.09375,11.084271051239332
Renault,Duster,5,51000.0,Automatic,second,Petrol,550000,Renault_Duster,Recent,10200.0,10.839600519357369
Toyota,Innova Crysta,2,6100.0,Manual,first,Diesel,2195000,Toyota_Innova Crysta,New,3050.0,8.716207971151853
Kia,Seltos,5,19000.0,Manual,first,Petrol,1170000,Kia_Seltos,Recent,3800.0,9.852246888342531
Renault,KWID,5,89000.0,Manual,first,Petrol,265000,Renault_KWID,Recent,17800.0,11.39640288460621
Fiat,Linea,10,154000.0,Manual,second,Petrol,265000,Fiat_Linea,Mid,15400.0,11.944714374881176
Mahindra,XUV500,7,125000.0,Automatic,first,Diesel,1100000,Mahindra_XUV500,Mid,17857.14285714286,11.736077016252437
Maruti Suzuki,A-Star,14,78000.0,Manual,second,Petrol,234999,Maruti Suzuki_A-Star,Old,5571.428571428572,11.264476926102367
Hyundai,i20,14,72000.0,Automatic,second,Petrol,275000,Hyundai_i20,Old,5142.857142857143,11.184435286790631
Hyundai,Santro,4,32000.0,Automatic,second,Petrol,460000,Hyundai_Santro,Recent,8000.0,10.373522431293592
Maruti Suzuki,Alto-800,11,80000.0,Manual,second,Petrol,135000,Maruti Suzuki_Alto-800,Old,7272.727272727273,11.289794413577894
Toyota,Fortuner,10,70000.0,Automatic,first,Diesel,1895000,Toyota_Fortuner,Mid,7000.0,11.156264806643742
Mercedes-Benz,E-Class,5,40000.0,Automatic,first,Diesel,5500000,Mercedes-Benz_E-Class,Recent,8000.0,10.596659732783579
Mahindra,Scorpio Classic,5,97000.0,Manual,first,Diesel,1300000,Mahindra_Scorpio Classic,Recent,19400.0,11.48247656671073
Honda,Jazz,6,32000.0,Manual,first,Petrol,465000,Honda_Jazz,Mid,5333.333333333333,10.373522431293592
Mercedes-Benz,GLC,5,39000.0,Automatic,second,Diesel,3750000,Mercedes-Benz_GLC,Recent,7800.0,10.571342565808699
Maruti Suzuki,Vitara-Brezza,5,105919.0,Manual,first,Diesel,890000,Maruti Suzuki_Vitara-Brezza,Recent,21183.8,11.570439371170835
Maruti Suzuki,Ritz,9,64000.0,Manual,second,Petrol,295000,Maruti Suzuki_Ritz,Mid,7111.111111111111,11.06665398721974
Maruti Suzuki,Celerio,5,82000.0,Automatic,first,Petrol,490000,Maruti Suzuki_Celerio,Recent,16400.0,11.314486721293981
Skoda,Rapid,3,40000.0,Automatic,second,Petrol,900000,Skoda_Rapid,Recent,13333.333333333334,10.596659732783579
Maruti Suzuki,Wagon-R,8,39000.0,Automatic,second,Petrol,445000,Maruti Suzuki_Wagon-R,Mid,4875.0,10.571342565808699
Hyundai,Verna,6,90000.0,Manual,first,Diesel,999000,Hyundai_Verna,Mid,15000.0,11.407576060361786
Maruti Suzuki,Fronx,0,4500.0,Automatic,first,Petrol,850000,Maruti Suzuki_Fronx,New,4500.0,8.412054873292933
Kia,Seltos,1,10000.0,Automatic,first,Diesel,2030000,Kia_Seltos,New,10000.0,9.210440366976517
Toyota,Fortuner,3,40000.0,Automatic,first,Diesel,4050000,Toyota_Fortuner,Recent,13333.333333333334,10.596659732783579
Nissan,Sunny,12,114000.0,Manual,second,Diesel,335000,Nissan_Sunny,Old,9500.0,11.643962499267984
Tata,Nexon,4,30500.0,Automatic,second,Petrol,900000,Tata_Nexon,Recent,7625.0,10.32551474894327
Maruti Suzuki,Swift,8,63653.0,Manual,second,Diesel,615000,Maruti Suzuki_Swift,Mid,7956.625,11.061217445687326
Volkswagen,Polo,8,67500.0,Automatic,second,Petrol,591000,Volkswagen_Polo,Mid,8437.5,11.119897691565697
Hyundai,i20,3,14000.0,Automatic,first,Petrol,795000,Hyundai_i20,Recent,4666.666666666667,9.546884034617925
Hyundai,i20,6,63000.0,Manual,first,Petrol,595000,Hyundai_i20,Mid,10500.0,11.050905878263567
Mini,Cooper 3 DOOR,3,19500.0,Automatic,first,Petrol,5200000,Mini_Cooper 3 DOOR,Recent,6500.0,9.87822102528824
Mahindra,TUV,9,58000.0,Manual,first,Diesel,460000,Mahindra_TUV,Mid,6444.444444444444,10.968215530759236
Mahindra,XUV700,2,79000.0,Automatic,first,Diesel,2350000,Mahindra_XUV700,New,39500.0,11.277215789596893
Audi,Q3,10,92000.0,Automatic,second,Diesel,795000,Audi_Q3,Mid,9200.0,11.429554725537322
Maruti Suzuki,Baleno,8,55000.0,Automatic,second,Petrol,445000,Maruti Suzuki_Baleno,Mid,6875.0,10.915106645867503
BMW,5 Series,7,95000.0,Automatic,first,Diesel,2090000,BMW_5 Series,Mid,13571.42857142857,11.461642696843066
Hyundai,i10,16,70000.0,Automatic,second,Petrol,110000,Hyundai_i10,Old,4375.0,11.156264806643742
Tata,Harrier,4,46000.0,Automatic,second,Diesel,1735000,Tata_Harrier,Recent,11500.0,10.736418414365376
Hyundai,Creta,5,94000.0,Automatic,first,Diesel,1051000,Hyundai_Creta,Recent,18800.0,11.451060699493427
Honda,City,7,70000.0,Automatic,first,Petrol,825000,Honda_City,Mid,10000.0,11.156264806643742
Hyundai,Venue,3,50000.0,Manual,first,Diesel,875000,Hyundai_Venue,Recent,16666.666666666668,10.819798284210286
Datsun,GO,5,70000.0,Automatic,second,Petrol,190000,Datsun_GO,Recent,14000.0,11.156264806643742
Hyundai,Creta,3,85000.0,Manual,first,Diesel,1221000,Hyundai_Creta,Recent,28333.333333333332,11.350418300109132
Hyundai,Grand i10 Nios,4,27500.0,Manual,second,Petrol,540000,Hyundai_Grand i10 Nios,Recent,6875.0,10.221977646629885
Tata,Harrier,4,85000.0,Automatic,second,Diesel,1495000,Tata_Harrier,Recent,21250.0,11.350418300109132
Honda,Accord,12,45000.0,Manual,first,Petrol,425000,Honda_Accord,Old,3750.0,10.714439990727769
Maruti Suzuki,Ciaz,9,76222.0,Manual,first,Diesel,570000,Maruti Suzuki_Ciaz,Mid,8469.111111111111,11.241418533401374
Honda,City,8,85000.0,Automatic,second,Petrol,649999,Honda_City,Mid,10625.0,11.350418300109132
Honda,Civic,14,86000.0,Automatic,second,Petrol,238000,Honda_Civic,Old,6142.857142857143,11.362114203075018
Maruti Suzuki,Alto-K10,6,64000.0,Automatic,first,Petrol,330000,Maruti Suzuki_Alto-K10,Mid,10666.666666666666,11.06665398721974
Maruti Suzuki,Ritz,13,110067.0,Manual,first,Diesel,190000,Maruti Suzuki_Ritz,Old,8466.692307692309,11.608853635597065
Honda,City,23,65137.5,Manual,second,Petrol,55000,Honda_City,Old,2832.0652173913045,11.084271051239332
Hyundai,Verna,10,73000.0,Manual,second,Petrol,465000,Hyundai_Verna,Mid,7300.0,11.19822841866684
Mahindra,Bolero,8,113000.0,Manual,second,Diesel,739000,Mahindra_Bolero,Mid,14125.0,11.635151947212842
Hyundai,Creta,3,29997.0,Manual,first,Petrol,1300000,Hyundai_Creta,Recent,9999.0,10.308885991755306
Maruti Suzuki,Swift-Dzire,10,43000.0,Automatic,second,Petrol,395000,Maruti Suzuki_Swift-Dzire,Mid,4300.0,10.668978650219241
Maruti Suzuki,Ciaz,5,51000.0,Automatic,second,Petrol,725000,Maruti Suzuki_Ciaz,Recent,10200.0,10.839600519357369
Toyota,Fortuner,6,67000.0,Manual,second,Diesel,2875000,Toyota_Fortuner,Mid,11166.666666666666,11.112462823634855
Maruti Suzuki,Swift,6,32321.0,Manual,first,Petrol,489101,Maruti Suzuki_Swift,Mid,5386.833333333333,10.383503391908588
Maruti Suzuki,Baleno,2,30000.0,Manual,first,Petrol,825000,Maruti Suzuki_Baleno,New,15000.0,10.308985993422082
Maruti Suzuki,Wagon-R,17,75000.0,Manual,second,Petrol,135000,Maruti Suzuki_Wagon-R,Old,4411.764705882353,11.225256725762893
Toyota,Fortuner,10,159000.0,Automatic,second,Diesel,1350000,Toyota_Fortuner,Mid,15900.0,11.976665770490767
Honda,City,15,110000.0,Automatic,second,Petrol,375000,Honda_City,Old,7333.333333333333,11.608244735642321
Volkswagen,Polo,10,92100.0,Automatic,first,Petrol,525000,Volkswagen_Polo,Mid,9210.0,11.430641079947755
Hyundai,Venue,1,12000.0,Automatic,first,Petrol,1195000,Hyundai_Venue,New,12000.0,9.392745258631441
Mahindra,Bolero,13,127000.0,Manual,second,Diesel,525000,Mahindra_Bolero,Old,9769.23076923077,11.751950239425476
Maruti Suzuki,maruti-suzuki-dzire,8,54615.0,Manual,first,Petrol,475000,Maruti Suzuki_maruti-suzuki-dzire,Mid,6826.875,10.908082159098116
Maruti Suzuki,Wagon-R,15,62000.0,Manual,second,Petrol,125000,Maruti Suzuki_Wagon-R,Old,4133.333333333333,11.034905792929415
Honda,City,7,67555.0,Automatic,first,Petrol,695000,Honda_City,Mid,9650.714285714286,11.120712162537812
MG,Hector Plus,2,11001.0,Automatic,first,Petrol,1850001,MG_Hector Plus,New,5500.5,9.305832353435404
Hyundai,Creta,5,47000.0,Automatic,first,Diesel,980000,Hyundai_Creta,Recent,9400.0,10.757924157061597
Maruti Suzuki,Swift,9,48000.0,Manual,first,Diesel,350000,Maruti Suzuki_Swift,Mid,5333.333333333333,10.778977123006351
Hyundai,Creta,8,65000.0,Manual,second,Petrol,875000,Hyundai_Creta,Mid,8125.0,11.082157933374816
BMW,5 Series Gt,15,123000.0,Automatic,first,Diesel,1095000,BMW_5 Series Gt,Old,8200.0,11.719947764402807
Ford,Figo,13,122361.0,Manual,second,Diesel,240000,Ford_Figo,Old,9412.384615384615,11.714739143342111
Honda,Jazz,8,46000.0,Automatic,second,Petrol,450000,Honda_Jazz,Mid,5750.0,10.736418414365376
Mahindra,Scorpio,4,74000.0,Manual,first,Diesel,1325000,Mahindra_Scorpio,Recent,18500.0,11.211833885608513
Toyota,Innova Crysta,7,86100.0,Automatic,first,Diesel,1600000,Toyota_Innova Crysta,Mid,12300.0,11.363276304750233
Skoda,Rapid,6,104000.0,Automatic,first,Petrol,825000,Skoda_Rapid,Mid,17333.333333333332,11.552155793461898
Land Rover,Defender,1,20000.0,Automatic,first,Petrol,10700000,Land Rover_Defender,New,20000.0,9.90353755128617
Maruti Suzuki,Alto-K10,8,38000.0,Automatic,second,Petrol,335000,Maruti Suzuki_Alto-K10,Mid,4750.0,10.545367754151743
Hyundai,Grand i10,8,26000.0,Automatic,second,Petrol,400000,Hyundai_Grand i10,Mid,3250.0,10.165890277802454
Toyota,Fortuner,6,70000.0,Automatic,first,Diesel,3000000,Toyota_Fortuner,Mid,11666.666666666666,11.156264806643742
Hyundai,Elantra,9,65000.0,Automatic,first,Diesel,550000,Hyundai_Elantra,Mid,7222.222222222223,11.082157933374816
Toyota,Corolla Altis,13,52000.0,Manual,second,Petrol,275000,Toyota_Corolla Altis,Old,4000.0,10.859018228147887
Maruti Suzuki,Eeco,2,26080.0,Manual,first,Petrol,570000,Maruti Suzuki_Eeco,New,13040.0,10.168962358863777
Hyundai,Grand i10 Nios,4,35000.0,Automatic,second,Petrol,625000,Hyundai_Grand i10 Nios,Recent,8750.0,10.463131911491967
Maruti Suzuki,Vitara-Brezza,6,183000.0,Manual,first,Diesel,851000,Maruti Suzuki_Vitara-Brezza,Mid,30500.0,12.117246896289503
Jeep,Compass,7,59000.0,Manual,second,Diesel,1050000,Jeep_Compass,Mid,8428.57142857143,10.985309671896763
Toyota,Etios,6,80000.0,Manual,first,Diesel,575000,Toyota_Etios,Mid,13333.333333333334,11.289794413577894
Jeep,Compass,5,65000.0,Manual,first,Diesel,1449000,Jeep_Compass,Recent,13000.0,11.082157933374816
Maruti Suzuki,Ertiga,7,92000.0,Manual,first,Diesel,935000,Maruti Suzuki_Ertiga,Mid,13142.857142857143,11.429554725537322
Mercedes-Benz,GLA Class,5,50000.0,Automatic,second,Petrol,2485000,Mercedes-Benz_GLA Class,Recent,10000.0,10.819798284210286
Tata,Venture,11,100000.0,Manual,second,Diesel,180000,Tata_Venture,Old,9090.90909090909,11.51293546492023
Ford,Aspire,6,47000.0,Manual,first,Diesel,460000,Ford_Aspire,Mid,7833.333333333333,10.757924157061597
Mahindra,XUV500,8,100000.0,Manual,first,Diesel,900000,Mahindra_XUV500,Mid,12500.0,11.51293546492023
Mercedes-Benz,GLA,8,41000.0,Automatic,second,Diesel,2225000,Mercedes-Benz_GLA,Mid,5125.0,10.62135173563291
Tata,Harrier,2,21000.0,Manual,first,Diesel,1750000,Tata_Harrier,New,10500.0,9.952325334619427
Hyundai,Verna,12,83000.0,Manual,second,Petrol,285000,Hyundai_Verna,Old,6916.666666666667,11.326607934898927
Honda,City,2,13000.0,Automatic,first,Petrol,1175000,Honda_City,New,6500.0,9.472781556562168
Toyota,Corolla,20,76000.0,Automatic,second,Petrol,145000,Toyota_Corolla,Old,3800.0,11.23850177707664
Hyundai,Grand i10,5,69000.0,Manual,first,Diesel,495000,Hyundai_Grand i10,Recent,13800.0,11.141876276228
Mercedes-Benz,C-Class,12,76000.0,Automatic,first,Petrol,1125000,Mercedes-Benz_C-Class,Old,6333.333333333333,11.23850177707664
Maruti Suzuki,Baleno,5,65000.0,Manual,first,Petrol,575000,Maruti Suzuki_Baleno,Recent,13000.0,11.082157933374816
Mini,Cooper Countryman,9,76000.0,Automatic,second,Diesel,1850000,Mini_Cooper Countryman,Mid,8444.444444444445,11.23850177707664
Renault,Triber,3,25152.0,Manual,first,Petrol,615000,Renault_Triber,Recent,8384.0,10.132732452708314
Maruti Suzuki,Swift-Dzire,7,110000.0,Manual,first,Diesel,710000,Maruti Suzuki_Swift-Dzire,Mid,15714.285714285714,11.608244735642321
Maruti Suzuki,Zen-Estilo,14,25370.0,Manual,first,Petrol,145000,Maruti Suzuki_Zen-Estilo,Old,1812.142857142857,10.141362068450333
Renault,KWID,7,100000.0,Manual,second,Petrol,190000,Renault_KWID,Mid,14285.714285714286,11.51293546492023
Mahindra,Scorpio,1,79000.0,Manual,first,Diesel,1690000,Mahindra_Scorpio,New,79000.0,11.277215789596893
Maruti Suzuki,Swift-Dzire,15,125000.0,Manual,first,Diesel,210000,Maruti Suzuki_Swift-Dzire,Old,8333.333333333334,11.736077016252437
Kia,Carens,0,2700.0,Automatic,first,Petrol,1750000,Kia_Carens,New,2700.0,7.901377353792616
Hyundai,Creta,8,71000.0,Manual,first,Diesel,594999,Hyundai_Creta,Mid,8875.0,11.170449240431308
Mahindra,XUV500,8,115000.0,Manual,second,Diesel,675000,Mahindra_XUV500,Mid,14375.0,11.652696102959753
BMW,5 Series,11,67000.0,Automatic,second,Diesel,1290000,BMW_5 Series,Old,6090.909090909091,11.112462823634855
Kia,Seltos,3,70000.0,Manual,first,Diesel,1150000,Kia_Seltos,Recent,23333.333333333332,11.156264806643742
Mercedes-Benz,CLA,8,58400.0,Automatic,second,Diesel,1522000,Mercedes-Benz_CLA,Mid,7300.0,10.975088291957388
Toyota,Urban Cruiser,2,11000.0,Automatic,first,Petrol,950000,Toyota_Urban Cruiser,New,5500.0,9.305741456739435
Mahindra,Scorpio,8,90000.0,Manual,first,Diesel,1050000,Mahindra_Scorpio,Mid,11250.0,11.407576060361786
Mahindra,Xylo,9,78000.0,Manual,second,Diesel,265000,Mahindra_Xylo,Mid,8666.666666666666,11.264476926102367
Mahindra,Scorpio,11,108000.0,Manual,first,Diesel,650000,Mahindra_Scorpio,Old,9818.181818181818,11.58989576532275
Hyundai,Alcazar,25,16000.0,Manual,first,Petrol,1595000,Hyundai_Alcazar,Old,640.0,9.680406499268875
Chevrolet,Cruze,9,57000.0,Automatic,first,Diesel,525000,Chevrolet_Cruze,Mid,6333.333333333333,10.950824090522445
Mahindra,XUV500,7,85000.0,Automatic,second,Diesel,770000,Mahindra_XUV500,Mid,12142.857142857143,11.350418300109132
Maruti Suzuki,Vitara-Brezza,6,90000.0,Manual,second,Diesel,475000,Maruti Suzuki_Vitara-Brezza,Mid,15000.0,11.407576060361786
Honda,Brio,7,42000.0,Automatic,second,Petrol,435000,Honda_Brio,Mid,6000.0,10.645448706505872
Skoda,Kushaq,1,16000.0,Manual,second,Petrol,1250000,Skoda_Kushaq,New,16000.0,9.680406499268875
Hyundai,Creta,2,27000.0,Automatic,second,Petrol,1425000,Hyundai_Creta,New,13500.0,10.203629181337648
Porsche,Cayenne,10,70000.0,Automatic,second,Petrol,6500000,Porsche_Cayenne,Mid,7000.0,11.156264806643742
Honda,City,12,80000.0,Manual,second,Petrol,361000,Honda_City,Old,6666.666666666667,11.289794413577894
Mahindra,Scorpio N,2,18900.0,Automatic,first,Petrol,1965000,Mahindra_Scorpio N,New,9450.0,9.846970109700957
Hyundai,Alcazar,1,16000.0,Automatic,first,Diesel,2250000,Hyundai_Alcazar,New,16000.0,9.680406499268875
Maruti Suzuki,Swift-Dzire,9,51700.0,Manual,second,Petrol,445000,Maruti Suzuki_Swift-Dzire,Mid,5744.444444444444,10.853232402669228
Jeep,Compass,3,14000.0,Automatic,first,Diesel,2550000,Jeep_Compass,Recent,4666.666666666667,9.546884034617925
Maruti Suzuki,maruti-suzuki-dzire,10,90000.0,Manual,first,Diesel,590000,Maruti Suzuki_maruti-suzuki-dzire,Mid,9000.0,11.407576060361786
Ford,Figo,13,78000.0,Manual,second,Diesel,155000,Ford_Figo,Old,6000.0,11.264476926102367
Mahindra,TUV,6,80000.0,Manual,first,Diesel,630000,Mahindra_TUV,Mid,13333.333333333334,11.289794413577894
Maruti Suzuki,Swift,5,26000.0,Automatic,first,Petrol,680000,Maruti Suzuki_Swift,Recent,5200.0,10.165890277802454
Maruti Suzuki,Vitara-Brezza,6,61000.0,Manual,second,Diesel,645000,Maruti Suzuki_Vitara-Brezza,Mid,10166.666666666666,11.0186455364637
Toyota,Fortuner,10,75000.0,Automatic,second,Diesel,1100000,Toyota_Fortuner,Mid,7500.0,11.225256725762893
Renault,Duster,4,72000.0,Automatic,first,Petrol,810000,Renault_Duster,Recent,18000.0,11.184435286790631
Kia,Seltos,4,50693.0,Automatic,first,Petrol,1395000,Kia_Seltos,Recent,12673.25,10.8335628393809
Kia,Sonet,4,72000.0,Manual,first,Diesel,850000,Kia_Sonet,Recent,18000.0,11.184435286790631
Maruti Suzuki,Swift-Dzire,6,52000.0,Manual,first,Petrol,475000,Maruti Suzuki_Swift-Dzire,Mid,8666.666666666666,10.859018228147887
Maruti Suzuki,Vitara-Brezza,7,94000.0,Manual,second,Diesel,708500,Maruti Suzuki_Vitara-Brezza,Mid,13428.57142857143,11.451060699493427
Toyota,Innova,9,250000.0,Manual,second,Diesel,707786,Toyota_Innova,Mid,27777.777777777777,12.429220196836383
Mahindra,Scorpio,6,80000.0,Manual,first,Diesel,1495000,Mahindra_Scorpio,Mid,13333.333333333334,11.289794413577894
Hyundai,Creta,4,44000.0,Automatic,first,Petrol,1535000,Hyundai_Creta,Recent,11000.0,10.691967639914864
Skoda,Rapid,9,151000.0,Automatic,second,Diesel,500000,Skoda_Rapid,Mid,16777.777777777777,11.92504173829169
Tata,Hexa,6,85000.0,Automatic,second,Diesel,775000,Tata_Hexa,Mid,14166.666666666666,11.350418300109132
Lexus,LS,13,45000.0,Automatic,second,Petrol,2600000,Lexus_LS,Old,3461.5384615384614,10.714439990727769
Renault,Kiger,2,49000.0,Automatic,first,Petrol,640000,Renault_Kiger,New,24500.0,10.799595985047786
Hyundai,i20,11,35000.0,Manual,second,Petrol,235000,Hyundai_i20,Old,3181.818181818182,10.463131911491967
Fiat,Punto,6,80000.0,Manual,first,Diesel,510000,Fiat_Punto,Mid,13333.333333333334,11.289794413577894
Kia,Seltos,2,62000.0,Manual,first,Petrol,1450000,Kia_Seltos,New,31000.0,11.034905792929415
MG,Hector,3,20530.0,Automatic,first,Petrol,1587000,MG_Hector,Recent,6843.333333333333,9.929691218032765
Honda,Jazz,7,65000.0,Manual,second,Diesel,350000,Honda_Jazz,Mid,9285.714285714286,11.082157933374816
Skoda,Octavia,19,173500.0,Manual,first,Diesel,500000,Skoda_Octavia,Old,9131.578947368422,12.063938642041201
Hyundai,Grand i10 Nios,3,7200.0,Automatic,second,Petrol,725000,Hyundai_Grand i10 Nios,Recent,2400.0,8.881975184248867
Hyundai,Creta Facelift,3,119267.0,Manual,first,Diesel,1050000,Hyundai_Creta Facelift,Recent,39755.666666666664,11.689128340756007
Maruti Suzuki,Sx4,15,92000.0,Automatic,second,Petrol,132000,Maruti Suzuki_Sx4,Old,6133.333333333333,11.429554725537322
Ford,Endeavour,3,55000.0,Automatic,first,Diesel,2999000,Ford_Endeavour,Recent,18333.333333333332,10.915106645867503
Honda,Civic,18,43519.0,Automatic,first,Petrol,235000,Honda_Civic,Old,2417.722222222222,10.680975881529823
Volkswagen,Polo,10,78000.0,Manual,first,Petrol,318000,Volkswagen_Polo,Mid,7800.0,11.264476926102367
Hyundai,Fluidic Verna,5,54000.0,Manual,second,Petrol,640000,Hyundai_Fluidic Verna,Recent,10800.0,10.896757843893464
Hyundai,i10,12,80444.0,Automatic,first,Petrol,325000,Hyundai_i10,Old,6703.666666666667,11.295329000085136
Maruti Suzuki,Swift,7,55000.0,Manual,first,Petrol,570000,Maruti Suzuki_Swift,Mid,7857.142857142857,10.915106645867503
Mahindra,XUV300,5,41000.0,Manual,first,Petrol,825000,Mahindra_XUV300,Recent,8200.0,10.62135173563291
Maruti Suzuki,Celerio,9,28120.0,Manual,first,Petrol,400000,Maruti Suzuki_Celerio,Mid,3124.4444444444443,10.24427190716996
Tata,Nexon,2,13000.0,Manual,first,Petrol,1250000,Tata_Nexon,New,6500.0,9.472781556562168
Maruti Suzuki,Swift-Dzire,10,70000.0,Manual,second,Petrol,325000,Maruti Suzuki_Swift-Dzire,Mid,7000.0,11.156264806643742
Audi,Q3,7,65000.0,Automatic,first,Diesel,1575000,Audi_Q3,Mid,9285.714285714286,11.082157933374816
Nissan,Terrano,9,95000.0,Manual,first,Diesel,500000,Nissan_Terrano,Mid,10555.555555555555,11.461642696843066
Ford,Mustang,5,30000.0,Automatic,second,Petrol,7900000,Ford_Mustang,Recent,6000.0,10.308985993422082
Mercedes-Benz,GLE COUPE,5,30000.0,Automatic,first,Petrol,8000000,Mercedes-Benz_GLE COUPE,Recent,6000.0,10.308985993422082
Toyota,Innova Crysta,7,125888.0,Manual,first,Diesel,1275000,Toyota_Innova Crysta,Mid,17984.0,11.743155845286067
Mercedes-Benz,CLA,9,55000.0,Automatic,first,Diesel,1521111,Mercedes-Benz_CLA,Mid,6111.111111111111,10.915106645867503
Mahindra,XUV500,12,115000.0,Manual,second,Diesel,425000,Mahindra_XUV500,Old,9583.333333333334,11.652696102959753
Mini,Cooper S,1,9500.0,Automatic,first,Petrol,4950000,Mini_Cooper S,New,9500.0,9.15915233520675
Maruti Suzuki,Swift,14,99860.0,Manual,second,Diesel,245000,Maruti Suzuki_Swift,Old,7132.857142857143,11.511534498024087
Kia,Carnival,4,45000.0,Automatic,second,Diesel,2550000,Kia_Carnival,Recent,11250.0,10.714439990727769
Hyundai,Elantra,9,78000.0,Automatic,first,Diesel,675000,Hyundai_Elantra,Mid,8666.666666666666,11.264476926102367
Mahindra,XUV500,5,44000.0,Manual,first,Diesel,1125000,Mahindra_XUV500,Recent,8800.0,10.691967639914864
Maruti Suzuki,Ertiga,2,27000.0,Manual,second,Petrol,1070000,Maruti Suzuki_Ertiga,New,13500.0,10.203629181337648
Maruti Suzuki,Vitara-Brezza,5,71000.0,Automatic,first,Diesel,995000,Maruti Suzuki_Vitara-Brezza,Recent,14200.0,11.170449240431308
Mahindra,Thar,2,27000.0,Automatic,first,Diesel,1550000,Mahindra_Thar,New,13500.0,10.203629181337648
Tata,Safari Storme,9,93000.0,Manual,second,Diesel,555555,Tata_Safari Storme,Mid,10333.333333333334,11.440365524765756
Maruti Suzuki,Wagon-R,16,42000.0,Manual,second,Petrol,100000,Maruti Suzuki_Wagon-R,Old,2625.0,10.645448706505872
Mahindra,Xylo,11,55000.0,Automatic,second,Diesel,285000,Mahindra_Xylo,Old,5000.0,10.915106645867503
Chevrolet,Spark,15,89566.0,Manual,first,Petrol,99000,Chevrolet_Spark,Old,5971.066666666667,11.402742227551174
Maruti Suzuki,Celerio,5,37710.0,Automatic,first,Petrol,540000,Maruti Suzuki_Celerio,Recent,7542.0,10.537707108065746
Tata,Nano,10,35000.0,Manual,second,Petrol,110000,Tata_Nano,Mid,3500.0,10.463131911491967
Renault,Duster,11,95000.0,Manual,first,Diesel,290000,Renault_Duster,Old,8636.363636363636,11.461642696843066
Mahindra,Thar,3,20000.0,Automatic,second,Petrol,1425000,Mahindra_Thar,Recent,6666.666666666667,9.90353755128617
Renault,KWID,7,55000.0,Automatic,second,Petrol,365000,Renault_KWID,Mid,7857.142857142857,10.915106645867503
Renault,KWID,5,94000.0,Automatic,first,Petrol,390000,Renault_KWID,Recent,18800.0,11.451060699493427
Hyundai,Venue,1,7500.0,Automatic,first,Petrol,1350000,Hyundai_Venue,New,7500.0,8.922791623969637
MG,Hector,3,61000.0,Automatic,first,Petrol,990000,MG_Hector,Recent,20333.333333333332,11.0186455364637
Hyundai,i20,12,82000.0,Manual,second,Diesel,195000,Hyundai_i20,Old,6833.333333333333,11.314486721293981
Renault,Triber,3,80000.0,Manual,first,Petrol,555000,Renault_Triber,Recent,26666.666666666668,11.289794413577894
Chevrolet,Cruze,11,75000.0,Automatic,second,Diesel,645000,Chevrolet_Cruze,Old,6818.181818181818,11.225256725762893
Volkswagen,Tiguan All Space,1,25000.0,Automatic,first,Petrol,3200000,Volkswagen_Tiguan All Space,New,25000.0,10.12667110305036
Volkswagen,Polo,8,78000.0,Automatic,first,Petrol,545000,Volkswagen_Polo,Mid,9750.0,11.264476926102367
Mahindra,Bolero,2,30800.0,Manual,first,Diesel,850000,Mahindra_Bolero,New,15400.0,10.335302435967074
Maruti Suzuki,Grand Vitara,1,50000.0,Automatic,first,Petrol,1950000,Maruti Suzuki_Grand Vitara,New,50000.0,10.819798284210286
Lexus,ES,2,24000.0,Automatic,first,Petrol,6000000,Lexus_ES,New,12000.0,10.085850775128717
Hyundai,i20,2,63110.0,Manual,first,Diesel,795000,Hyundai_i20,New,31555.0,11.052650359802138
Maruti Suzuki,Vitara-Brezza,7,93000.0,Manual,first,Diesel,450000,Maruti Suzuki_Vitara-Brezza,Mid,13285.714285714286,11.440365524765756
Honda,City,3,38000.0,Automatic,first,Petrol,1199000,Honda_City,Recent,12666.666666666666,10.545367754151743
Nissan,Micra,7,18000.0,Manual,first,Petrol,240000,Nissan_Micra,Mid,2571.4285714285716,9.798182590890704
Tata,Tiago,5,49000.0,Automatic,first,Petrol,495000,Tata_Tiago,Recent,9800.0,10.799595985047786
Honda,City,9,78000.0,Manual,first,Petrol,460000,Honda_City,Mid,8666.666666666666,11.264476926102367
Mercedes-Benz,GLE,6,70000.0,Automatic,first,Diesel,3298000,Mercedes-Benz_GLE,Mid,11666.666666666666,11.156264806643742
Toyota,Innova Crysta,6,68500.0,Automatic,first,Diesel,1525000,Toyota_Innova Crysta,Mid,11416.666666666666,11.134603622683905
Volkswagen,Polo,10,96000.0,Manual,second,Diesel,410000,Volkswagen_Polo,Mid,9600.0,11.472113887062386
Toyota,Innova Crysta,7,115000.0,Manual,first,Diesel,1451000,Toyota_Innova Crysta,Mid,16428.571428571428,11.652696102959753
Maruti Suzuki,Swift-Dzire,10,93000.0,Manual,second,Diesel,521000,Maruti Suzuki_Swift-Dzire,Mid,9300.0,11.440365524765756
Toyota,Camry,9,96000.0,Automatic,second,Petrol,1350000,Toyota_Camry,Mid,10666.666666666666,11.472113887062386
Mitsubishi,Pajero Sport,7,125000.0,Automatic,second,Diesel,1099000,Mitsubishi_Pajero Sport,Mid,17857.14285714286,11.736077016252437
Honda,City,7,81000.0,Automatic,second,Petrol,770000,Honda_City,Mid,11571.42857142857,11.302216779257382
Toyota,Innova Crysta,4,105000.0,Automatic,second,Diesel,1850000,Toyota_Innova Crysta,Recent,26250.0,11.561725152903833
Maruti Suzuki,Vitara-Brezza,4,56000.0,Manual,second,Petrol,725000,Maruti Suzuki_Vitara-Brezza,Recent,14000.0,10.933124826700707
Honda,City,9,90000.0,Manual,first,Diesel,480000,Honda_City,Mid,10000.0,11.407576060361786
Maruti Suzuki,Wagon-R,6,35000.0,Manual,first,Petrol,375000,Maruti Suzuki_Wagon-R,Mid,5833.333333333333,10.463131911491967
Hyundai,Creta,2,40000.0,Automatic,first,Diesel,1850000,Hyundai_Creta,New,20000.0,10.596659732783579
Hyundai,Alcazar,1,13000.0,Automatic,first,Diesel,1990000,Hyundai_Alcazar,New,13000.0,9.472781556562168
Hyundai,Venue,4,52000.0,Automatic,first,Petrol,750000,Hyundai_Venue,Recent,13000.0,10.859018228147887
Toyota,Etios,12,67000.0,Manual,first,Petrol,265000,Toyota_Etios,Old,5583.333333333333,11.112462823634855
Hyundai,Grand i10,7,18000.0,Automatic,first,Petrol,575000,Hyundai_Grand i10,Mid,2571.4285714285716,9.798182590890704
Mahindra,Xylo,12,76269.0,Manual,second,Diesel,425000,Mahindra_Xylo,Old,6355.75,11.242034955158283
Mahindra,XUV700,1,25095.0,Automatic,first,Diesel,1990000,Mahindra_XUV700,New,25095.0,10.130463749870515
Ford,Figo,13,88000.0,Manual,second,Diesel,255000,Ford_Figo,Old,6769.2307692307695,11.385103457032141
Maruti Suzuki,Brezza,7,89000.0,Manual,second,Diesel,665000,Maruti Suzuki_Brezza,Mid,12714.285714285714,11.39640288460621
Ford,Ecosport,10,51000.0,Automatic,second,Petrol,525000,Ford_Ecosport,Mid,5100.0,10.839600519357369
Mahindra,XUV500,10,97122.0,Manual,second,Diesel,585000,Mahindra_XUV500,Mid,9712.2,11.483733495437338
Ford,Free Style,5,138000.0,Manual,first,Diesel,529000,Ford_Free Style,Recent,27600.0,11.835016210489899
Mahindra,XUV500,3,116000.0,Manual,first,Diesel,1530000,Mahindra_XUV500,Recent,38666.666666666664,11.661354090741
Porsche,Cayenne,11,66000.0,Automatic,first,Petrol,2950000,Porsche_Cayenne,Old,6000.0,11.097425172408931
Maruti Suzuki,Ertiga,7,81000.0,Manual,first,Diesel,875000,Maruti Suzuki_Ertiga,Mid,11571.42857142857,11.302216779257382
Kia,Seltos,2,36500.0,Automatic,first,Diesel,1950000,Kia_Seltos,New,18250.0,10.505094936455558
Mahindra,Bolero,2,55800.0,Automatic,second,Diesel,590000,Mahindra_Bolero,New,27900.0,10.929547069355774
Hyundai,Grand i10,7,73157.0,Automatic,second,Petrol,450000,Hyundai_Grand i10,Mid,10451.0,11.20037676478832
Hyundai,Santro Xing,16,82000.0,Manual,first,Petrol,209000,Hyundai_Santro Xing,Old,5125.0,11.314486721293981
MG,Hector,4,70000.0,Manual,first,Diesel,1390000,MG_Hector,Recent,17500.0,11.156264806643742
Toyota,Corolla Altis,10,99000.0,Manual,first,Diesel,670000,Toyota_Corolla Altis,Mid,9900.0,11.502885230075814
Toyota,Fortuner,6,53000.0,Automatic,second,Diesel,2350000,Toyota_Fortuner,Mid,8833.333333333334,10.87806606028079
Honda,Amaze,1,16173.0,Automatic,first,Petrol,846000,Honda_Amaze,New,16173.0,9.691160293655768
Audi,A6,5,98000.0,Automatic,second,Diesel,1900000,Audi_A6,Recent,19600.0,11.49273296168228
Maruti Suzuki,Wagon-R,1,17000.0,Automatic,first,Petrol,699000,Maruti Suzuki_Wagon-R,New,17000.0,9.741027444837728
Mercedes-Benz,E-Class,12,59693.0,Automatic,second,Diesel,1545000,Mercedes-Benz_E-Class,Old,4974.416666666667,10.996986791817415
Toyota,2.8 Legender 4X2,3,93000.0,Automatic,first,Diesel,3851000,Toyota_2.8 Legender 4X2,Recent,31000.0,11.440365524765756
Volkswagen,Polo,10,82864.0,Manual,second,Diesel,465000,Volkswagen_Polo,Mid,8286.4,11.324968056557644
Mercedes-Benz,CLA,8,95000.0,Automatic,first,Diesel,1751000,Mercedes-Benz_CLA,Mid,11875.0,11.461642696843066
Toyota,Innova Crysta,3,38000.0,Automatic,second,Petrol,2000000,Toyota_Innova Crysta,Recent,12666.666666666666,10.545367754151743
Mahindra,Scorpio,12,80000.0,Manual,second,Diesel,275000,Mahindra_Scorpio,Old,6666.666666666667,11.289794413577894
Tata,Tiago,8,110818.0,Manual,second,Petrol,325000,Tata_Tiago,Mid,13852.25,11.615653518738686
Maruti Suzuki,Alto,12,39000.0,Manual,first,Petrol,158000,Maruti Suzuki_Alto,Old,3250.0,10.571342565808699
Volkswagen,Polo,11,51000.0,Automatic,second,Petrol,525000,Volkswagen_Polo,Old,4636.363636363636,10.839600519357369
Maruti Suzuki,Alto,15,150.0,Manual,second,Petrol,110000,Maruti Suzuki_Alto,Old,10.0,5.017279836814924
Jaguar,XE,8,22500.0,Automatic,first,Petrol,1950000,Jaguar_XE,Mid,2812.5,10.021315031649332
Hyundai,Fluidic Verna,10,68000.0,Manual,second,Petrol,425000,Hyundai_Fluidic Verna,Mid,6800.0,11.127277689932466
Honda,Accord,11,42000.0,Automatic,second,Petrol,490000,Honda_Accord,Old,3818.181818181818,10.645448706505872
Hyundai,i10,14,100000.0,Manual,second,Petrol,150000,Hyundai_i10,Old,7142.857142857143,11.51293546492023
Jeep,Compass,7,60000.0,Manual,first,Diesel,850000,Jeep_Compass,Mid,8571.42857142857,11.002116507732017
Hyundai,Venue,4,51055.0,Automatic,first,Petrol,899999,Hyundai_Venue,Recent,12763.75,10.840678348518026
Tata,Hexa,6,115000.0,Manual,second,Diesel,650000,Tata_Hexa,Mid,19166.666666666668,11.652696102959753
Fiat,Punto,15,76000.0,Manual,first,Petrol,190000,Fiat_Punto,Old,5066.666666666667,11.23850177707664
Mahindra,Thar,4,16000.0,Manual,first,Diesel,1415000,Mahindra_Thar,Recent,4000.0,9.680406499268875
BMW,X1,4,107001.0,Automatic,first,Diesel,2300000,BMW_X1,Recent,26750.25,11.580602804858144
Tata,Safari Storme,7,75000.0,Manual,first,Diesel,690000,Tata_Safari Storme,Mid,10714.285714285714,11.225256725762893
Hyundai,Creta,6,50000.0,Manual,second,Petrol,750000,Hyundai_Creta,Mid,8333.333333333334,10.819798284210286
Hyundai,Tucson,7,72400.0,Automatic,second,Diesel,1050000,Hyundai_Tucson,Mid,10342.857142857143,11.189975390433117
Mahindra,TUV,5,57000.0,Automatic,second,Diesel,825000,Mahindra_TUV,Recent,11400.0,10.950824090522445
Skoda,Superb,11,65000.0,Manual,second,Petrol,425000,Skoda_Superb,Old,5909.090909090909,11.082157933374816
Toyota,Corolla Altis,7,60043.0,Automatic,second,Petrol,875000,Toyota_Corolla Altis,Mid,8577.57142857143,11.002832905780068
Ford,Ecosport,7,70300.0,Manual,first,Diesel,650000,Ford_Ecosport,Mid,10042.857142857143,11.160541302448653
Tata,Nexon,4,48000.0,Manual,first,Diesel,845000,Tata_Nexon,Recent,12000.0,10.778977123006351
Tata,Harrier,5,68000.0,Manual,first,Diesel,1190000,Tata_Harrier,Recent,13600.0,11.127277689932466
Honda,City,6,75000.0,Manual,second,Petrol,865000,Honda_City,Mid,12500.0,11.225256725762893
Maruti Suzuki,Ignis,6,28200.0,Manual,first,Petrol,435000,Maruti Suzuki_Ignis,Mid,4700.0,10.247112717290387
Toyota,Fortuner,2,40000.0,Automatic,first,Diesel,4275000,Toyota_Fortuner,New,20000.0,10.596659732783579
Mahindra,Scorpio Classic,1,20500.0,Manual,second,Diesel,1685000,Mahindra_Scorpio Classic,New,20500.0,9.928228944424575
Maruti Suzuki,Ciaz,8,99000.0,Automatic,second,Petrol,450000,Maruti Suzuki_Ciaz,Mid,12375.0,11.502885230075814
Renault,KWID,6,57000.0,Manual,first,Petrol,295000,Renault_KWID,Mid,9500.0,10.950824090522445
Hyundai,Venue,5,53000.0,Manual,second,Petrol,869000,Hyundai_Venue,Recent,10600.0,10.87806606028079
Maruti Suzuki,Celerio-X,4,60000.0,Manual,second,Petrol,420000,Maruti Suzuki_Celerio-X,Recent,15000.0,11.002116507732017
Chevrolet,Beat,11,45000.0,Manual,second,Diesel,325000,Chevrolet_Beat,Old,4090.909090909091,10.714439990727769
Maruti Suzuki,Ignis,6,36000.0,Automatic,second,Petrol,570000,Maruti Suzuki_Ignis,Mid,6000.0,10.491301994830229
Volkswagen,Polo,7,76000.0,Manual,first,Petrol,550000,Volkswagen_Polo,Mid,10857.142857142857,11.23850177707664
Maruti Suzuki,Wagon-R,15,70326.0,Automatic,first,Petrol,280000,Maruti Suzuki_Wagon-R,Old,4688.4,11.16091107234222
Volvo,XC60,4,25500.0,Automatic,second,Diesel,4500000,Volvo_XC60,Recent,6375.0,10.146472946063877
Toyota,Glanza,1,42000.0,Manual,first,Petrol,825000,Toyota_Glanza,New,42000.0,10.645448706505872
Maruti Suzuki,Alto K10,8,63000.0,Automatic,second,Petrol,375000,Maruti Suzuki_Alto K10,Mid,7875.0,11.050905878263567
Tata,H5x,5,29250.0,Manual,first,Diesel,1081111,Tata_H5x,Recent,5850.0,10.283669040109793
Mercedes-Benz,GLC Class,3,19000.0,Automatic,first,Diesel,6800000,Mercedes-Benz_GLC Class,Recent,6333.333333333333,9.852246888342531
Hyundai,Alcazar,1,13000.0,Automatic,first,Petrol,2195000,Hyundai_Alcazar,New,13000.0,9.472781556562168
Maruti Suzuki,800,11,75893.0,Manual,second,Petrol,50000,Maruti Suzuki_800,Old,6899.363636363636,11.237092908875598
BMW,5 Series,7,42000.0,Automatic,second,Diesel,1695000,BMW_5 Series,Mid,6000.0,10.645448706505872
Maruti Suzuki,Alto-800,5,42312.0,Manual,first,Petrol,310000,Maruti Suzuki_Alto-800,Recent,8462.4,10.652849646423808
Maruti Suzuki,XL6,3,20858.0,Manual,first,Petrol,1051000,Maruti Suzuki_XL6,Recent,6952.666666666667,9.945540788767127
Toyota,Innova Crysta,7,100000.0,Automatic,second,Diesel,1911111,Toyota_Innova Crysta,Mid,14285.714285714286,11.51293546492023
Ford,Ecosport,5,45000.0,Manual,second,Petrol,750000,Ford_Ecosport,Recent,9000.0,10.714439990727769
Hyundai,Creta,6,79200.0,Manual,first,Diesel,725000,Hyundai_Creta,Mid,13200.0,11.279744203985432
Maruti Suzuki,Brezza,4,37000.0,Automatic,first,Petrol,950000,Maruti Suzuki_Brezza,Recent,9250.0,10.518700218288165
Toyota,Camry,2,40000.0,Automatic,second,Petrol,3475000,Toyota_Camry,New,20000.0,10.596659732783579
Mercedes-Benz,GLE Class,8,81881.0,Automatic,second,Diesel,3500000,Mercedes-Benz_GLE Class,Mid,10235.125,11.313034465466169
Honda,City,9,80000.0,Manual,second,Diesel,615000,Honda_City,Mid,8888.888888888889,11.289794413577894
Tata,Safari,12,64000.0,Manual,second,Diesel,197777,Tata_Safari,Old,5333.333333333333,11.06665398721974
BMW,5 Series,7,59000.0,Automatic,first,Diesel,3295000,BMW_5 Series,Mid,8428.57142857143,10.985309671896763
Tata,Nexon,4,90000.0,Manual,first,Petrol,630000,Tata_Nexon,Recent,22500.0,11.407576060361786
Maruti Suzuki,Estilo,14,39231.0,Manual,first,Petrol,155101,Maruti Suzuki_Estilo,Old,2802.214285714286,10.577248019295883
Hyundai,Verna,6,74000.0,Manual,second,Diesel,850000,Hyundai_Verna,Mid,12333.333333333334,11.211833885608513
Kia,Seltos,4,46000.0,Automatic,first,Diesel,1278000,Kia_Seltos,Recent,11500.0,10.736418414365376
Honda,Amaze,1,28756.0,Automatic,first,Petrol,830000,Honda_Amaze,New,28756.0,10.266636494850344
Maruti Suzuki,Baleno,4,72000.0,Manual,first,Petrol,620000,Maruti Suzuki_Baleno,Recent,18000.0,11.184435286790631
Skoda,Rapid,12,148600.0,Manual,second,Diesel,319000,Skoda_Rapid,Old,12383.333333333334,11.909020140718255
Renault,Duster,9,127215.0,Manual,second,Diesel,445000,Renault_Duster,Mid,14135.0,11.753641708141265
Hyundai,Verna,11,83000.0,Manual,second,Diesel,345000,Hyundai_Verna,Old,7545.454545454545,11.326607934898927
Mercedes-Benz,CLS-Class,8,96000.0,Automatic,first,Diesel,2190000,Mercedes-Benz_CLS-Class,Mid,12000.0,11.472113887062386
Mahindra,Quanto,11,101000.0,Manual,second,Diesel,235000,Mahindra_Quanto,Old,9181.818181818182,11.522885696764481
Volkswagen,Polo,4,30000.0,Automatic,second,Petrol,1100000,Volkswagen_Polo,Recent,7500.0,10.308985993422082
MG,ASTOR,1,40000.0,Manual,first,Petrol,1395000,MG_ASTOR,New,40000.0,10.596659732783579
Volkswagen,Polo,14,111300.0,Manual,second,Diesel,245000,Volkswagen_Polo,Old,7950.0,11.61999352194924
Toyota,Innova Crysta,8,95000.0,Manual,first,Diesel,1390000,Toyota_Innova Crysta,Mid,11875.0,11.461642696843066
Hyundai,i20,8,85000.0,Manual,second,Petrol,615000,Hyundai_i20,Mid,10625.0,11.350418300109132
BMW,X1,8,71000.0,Automatic,second,Diesel,1695000,BMW_X1,Mid,8875.0,11.170449240431308
Tata,Tiago,2,11000.0,Automatic,first,Petrol,685000,Tata_Tiago,New,5500.0,9.305741456739435
Maruti Suzuki,Swift,4,44566.0,Manual,first,Petrol,565000,Maruti Suzuki_Swift,Recent,11141.5,10.704748953825517
Maruti Suzuki,Wagon-R-1-0,15,78686.0,Manual,second,Petrol,108000,Maruti Suzuki_Wagon-R-1-0,Old,5245.733333333334,11.273233236517111
Toyota,Innova Crysta,4,51000.0,Manual,first,Diesel,1975000,Toyota_Innova Crysta,Recent,12750.0,10.839600519357369
Maruti Suzuki,Vitara-Brezza,6,56000.0,Manual,second,Diesel,790000,Maruti Suzuki_Vitara-Brezza,Mid,9333.333333333334,10.933124826700707
Skoda,Rapid,9,11000.0,Manual,first,Diesel,545000,Skoda_Rapid,Mid,1222.2222222222222,9.305741456739435
BMW,3 Series Gran Limousine,1,5800.0,Automatic,first,Petrol,5400000,BMW_3 Series Gran Limousine,New,5800.0,8.665785595466064
Maruti Suzuki,Ciaz,8,48000.0,Automatic,first,Petrol,635000,Maruti Suzuki_Ciaz,Mid,6000.0,10.778977123006351
Maruti Suzuki,Vitara-Brezza,4,76000.0,Manual,second,Diesel,799000,Maruti Suzuki_Vitara-Brezza,Recent,19000.0,11.23850177707664
Renault,KWID,7,51000.0,Automatic,first,Petrol,365000,Renault_KWID,Mid,7285.714285714285,10.839600519357369
Volkswagen,Jetta,14,136000.0,Manual,second,Diesel,249999,Volkswagen_Jetta,Old,9714.285714285714,11.820417517632333
Skoda,Kodiaq,6,63000.0,Automatic,first,Diesel,2199999,Skoda_Kodiaq,Mid,10500.0,11.050905878263567
MG,Hector,5,45000.0,Automatic,second,Petrol,1290000,MG_Hector,Recent,9000.0,10.714439990727769
Audi,Q7,7,76000.0,Automatic,second,Diesel,3700000,Audi_Q7,Mid,10857.142857142857,11.23850177707664
Maruti Suzuki,Alto-800,8,56000.0,Manual,second,Petrol,269000,Maruti Suzuki_Alto-800,Mid,7000.0,10.933124826700707
Hyundai,Grand i10,6,50000.0,Manual,second,Petrol,435000,Hyundai_Grand i10,Mid,8333.333333333334,10.819798284210286
Toyota,Innova,14,140000.0,Manual,second,Diesel,375000,Toyota_Innova,Old,10000.0,11.849404844423074
Hyundai,i20,7,70000.0,Manual,second,Petrol,550000,Hyundai_i20,Mid,10000.0,11.156264806643742
Honda,Brio,7,34000.0,Manual,first,Petrol,430000,Honda_Brio,Mid,4857.142857142857,10.434145214930487
Maruti Suzuki,Swift-Dzire,6,62000.0,Automatic,second,Petrol,650000,Maruti Suzuki_Swift-Dzire,Mid,10333.333333333334,11.034905792929415
Maruti Suzuki,Swift,2,9000.0,Manual,second,Petrol,670000,Maruti Suzuki_Swift,New,4500.0,9.105090961257085
Maruti Suzuki,Vitara-Brezza,7,85100.0,Manual,first,Diesel,499000,Maruti Suzuki_Vitara-Brezza,Mid,12157.142857142857,11.35159406537374
Skoda,Superb,10,50000.0,Automatic,second,Petrol,1000000,Skoda_Superb,Mid,5000.0,10.819798284210286
Mercedes-Benz,GLA Class,5,32354.0,Automatic,first,Petrol,2975000,Mercedes-Benz_GLA Class,Recent,6470.8,10.384523847491366
Hyundai,Santro Xing,19,90000.0,Manual,second,Petrol,90000,Hyundai_Santro Xing,Old,4736.8421052631575,11.407576060361786
Hyundai,Santro Xing,23,128000.0,Manual,second,Petrol,60000,Hyundai_Santro Xing,Old,5565.217391304348,11.759793355371237
Mahindra,Bolero Power Plus,9,65137.5,Automatic,second,Diesel,450000,Mahindra_Bolero Power Plus,Mid,7237.5,11.084271051239332
Maruti Suzuki,Swift,11,74000.0,Manual,second,Diesel,435000,Maruti Suzuki_Swift,Old,6727.272727272727,11.211833885608513
Mahindra,XUV 300,5,65000.0,Manual,first,Diesel,650000,Mahindra_XUV 300,Recent,13000.0,11.082157933374816
Maruti Suzuki,Swift,19,90000.0,Manual,second,Petrol,199999,Maruti Suzuki_Swift,Old,4736.8421052631575,11.407576060361786
Mahindra,TUV,7,103000.0,Automatic,second,Diesel,630000,Mahindra_TUV,Mid,14714.285714285714,11.542493975902508
Maruti Suzuki,Swift-Dzire,14,102500.0,Manual,first,Petrol,150000,Maruti Suzuki_Swift-Dzire,Old,7321.428571428572,11.537627833610571
Maruti Suzuki,Swift,12,70000.0,Manual,second,Petrol,360000,Maruti Suzuki_Swift,Old,5833.333333333333,11.156264806643742
Ford,Fiesta,17,125000.0,Manual,second,Petrol,190000,Ford_Fiesta,Old,7352.941176470588,11.736077016252437
Hyundai,Verna,3,30000.0,Manual,first,Diesel,950000,Hyundai_Verna,Recent,10000.0,10.308985993422082
Maruti Suzuki,A-Star,12,69321.0,Automatic,second,Petrol,260000,Maruti Suzuki_A-Star,Old,5776.75,11.14651759511559
Mahindra,Scorpio Classic,9,140000.0,Manual,second,Diesel,835000,Mahindra_Scorpio Classic,Mid,15555.555555555555,11.849404844423074
Hyundai,Grand i10,10,71000.0,Manual,first,Petrol,345000,Hyundai_Grand i10,Mid,7100.0,11.170449240431308
MG,ASTOR,1,27000.0,Automatic,first,Petrol,1275000,MG_ASTOR,New,27000.0,10.203629181337648
Hyundai,Creta,6,68000.0,Automatic,first,Petrol,850000,Hyundai_Creta,Mid,11333.333333333334,11.127277689932466
Maruti Suzuki,800,20,29000.0,Manual,second,Petrol,90000,Maruti Suzuki_800,Old,1450.0,10.275085591132715
Toyota,Innova Crysta,5,53000.0,Manual,first,Diesel,1600000,Toyota_Innova Crysta,Recent,10600.0,10.87806606028079
Hyundai,Elantra,12,71380.0,Automatic,second,Petrol,450000,Hyundai_Elantra,Old,5948.333333333333,11.175787006472497
Toyota,Corolla Altis,15,95000.0,Automatic,second,Petrol,199000,Toyota_Corolla Altis,Old,6333.333333333333,11.461642696843066
Maruti Suzuki,Swift,9,94000.0,Manual,first,Diesel,500000,Maruti Suzuki_Swift,Mid,10444.444444444445,11.451060699493427
Hyundai,i20 Active,9,96000.0,Manual,second,Diesel,449000,Hyundai_i20 Active,Mid,10666.666666666666,11.472113887062386
Hyundai,i20,11,118000.0,Manual,second,Diesel,350000,Hyundai_i20,Old,10727.272727272728,11.678448377988165
Toyota,Corolla Altis,8,102200.0,Automatic,second,Petrol,750000,Toyota_Corolla Altis,Mid,12775.0,11.534696741439683
Maruti Suzuki,Vitara Brezza,5,69000.0,Automatic,second,Diesel,995000,Maruti Suzuki_Vitara Brezza,Recent,13800.0,11.141876276228
Mahindra,Thar,1,25000.0,Manual,first,Petrol,1200000,Mahindra_Thar,New,25000.0,10.12667110305036
Honda,Amaze,7,41000.0,Manual,second,Petrol,425000,Honda_Amaze,Mid,5857.142857142857,10.62135173563291
Hyundai,Fluidic Verna,3,36000.0,Manual,first,Petrol,1075000,Hyundai_Fluidic Verna,Recent,12000.0,10.491301994830229
BMW,X1,7,58000.0,Automatic,first,Diesel,2099999,BMW_X1,Mid,8285.714285714286,10.968215530759236
Volvo,XC90,8,102000.0,Automatic,first,Diesel,3749000,Volvo_XC90,Mid,12750.0,11.532737896139919
Audi,A4,8,36000.0,Automatic,first,Diesel,1250001,Audi_A4,Mid,4500.0,10.491301994830229
Hyundai,Eon,10,48000.0,Manual,second,Petrol,165000,Hyundai_Eon,Mid,4800.0,10.778977123006351
Volkswagen,Polo,6,44000.0,Automatic,second,Petrol,950000,Volkswagen_Polo,Mid,7333.333333333333,10.691967639914864
Mahindra,Bolero,13,110000.0,Manual,second,Diesel,545000,Mahindra_Bolero,Old,8461.538461538461,11.608244735642321
Honda,Jazz,7,81000.0,Automatic,second,Petrol,590000,Honda_Jazz,Mid,11571.42857142857,11.302216779257382
Hyundai,Santro Xing,15,68000.0,Manual,first,Petrol,195000,Hyundai_Santro Xing,Old,4533.333333333333,11.127277689932466
Mercedes-Benz,GLC Class,3,45000.0,Automatic,first,Petrol,6500000,Mercedes-Benz_GLC Class,Recent,15000.0,10.714439990727769
Toyota,Innova,10,177000.0,Manual,second,Diesel,1250000,Toyota_Innova,Mid,17700.0,12.083910661257521
Maruti Suzuki,Vitara-Brezza,7,110000.0,Manual,second,Diesel,650000,Maruti Suzuki_Vitara-Brezza,Mid,15714.285714285714,11.608244735642321
Maruti Suzuki,Wagon-R,1,15000.0,Manual,first,Petrol,800000,Maruti Suzuki_Wagon-R,New,15000.0,9.61587214452889
Hyundai,i20 Active,9,42000.0,Manual,second,Petrol,410000,Hyundai_i20 Active,Mid,4666.666666666667,10.645448706505872
Maruti Suzuki,Wagon R,15,43058.0,Manual,first,Petrol,141000,Maruti Suzuki_Wagon R,Old,2870.5333333333333,10.67032654723949
Maruti Suzuki,Wagon-R,20,95000.0,Manual,second,Petrol,120000,Maruti Suzuki_Wagon-R,Old,4750.0,11.461642696843066
Hyundai,i20,12,130000.0,Manual,second,Diesel,330000,Hyundai_i20,Old,10833.333333333334,11.775297421715827
Maruti Suzuki,Dzire,8,71000.0,Automatic,second,Diesel,560000,Maruti Suzuki_Dzire,Mid,8875.0,11.170449240431308
BMW,5 Series,14,58400.0,Automatic,first,Diesel,536003,BMW_5 Series,Old,4171.428571428572,10.975088291957388
Maruti Suzuki,Baleno,6,110000.0,Manual,second,Diesel,550000,Maruti Suzuki_Baleno,Mid,18333.333333333332,11.608244735642321
Renault,Pulse,9,48000.0,Manual,second,Diesel,395000,Renault_Pulse,Mid,5333.333333333333,10.778977123006351
Maruti Suzuki,Swift-Dzire,9,72000.0,Manual,first,Diesel,325000,Maruti Suzuki_Swift-Dzire,Mid,8000.0,11.184435286790631
Skoda,Rapid,11,54000.0,Automatic,second,Petrol,425000,Skoda_Rapid,Old,4909.090909090909,10.896757843893464
Maruti Suzuki,Swift,15,65000.0,Manual,first,Petrol,190000,Maruti Suzuki_Swift,Old,4333.333333333333,11.082157933374816
Hyundai,Xcent,7,180000.0,Manual,first,Diesel,400000,Hyundai_Xcent,Mid,25714.285714285714,12.100717685412471
Hyundai,Tucson,7,98000.0,Automatic,first,Diesel,1075000,Hyundai_Tucson,Mid,14000.0,11.49273296168228
Jeep,Compass,7,82000.0,Manual,second,Diesel,850000,Jeep_Compass,Mid,11714.285714285714,11.314486721293981
Tata,Nano Genx,12,28000.0,Manual,first,Petrol,110000,Tata_Nano Genx,Old,2333.3333333333335,10.239995502805316
Maruti Suzuki,Swift,3,54000.0,Manual,first,Petrol,589000,Maruti Suzuki_Swift,Recent,18000.0,10.896757843893464
Hyundai,Creta,7,160000.0,Automatic,second,Petrol,845000,Hyundai_Creta,Mid,22857.14285714286,11.982935344196433
Mahindra,Thar,3,18000.0,Automatic,first,Diesel,1495000,Mahindra_Thar,Recent,6000.0,9.798182590890704
Honda,City ZX,16,65000.0,Automatic,second,Petrol,175000,Honda_City ZX,Old,4062.5,11.082157933374816
MG,Hector,5,52000.0,Automatic,first,Petrol,1350000,MG_Hector,Recent,10400.0,10.859018228147887
Toyota,Innova Crysta,5,25000.0,Automatic,first,Diesel,2825000,Toyota_Innova Crysta,Recent,5000.0,10.12667110305036
Hyundai,i10,11,26000.0,Automatic,first,Petrol,275111,Hyundai_i10,Old,2363.6363636363635,10.165890277802454
Hyundai,Verna,5,68580.0,Automatic,second,Petrol,850000,Hyundai_Verna,Recent,13716.0,11.135770807421247
Maruti Suzuki,Alto-K10,9,71051.0,Manual,first,Petrol,197000,Maruti Suzuki_Alto-K10,Mid,7894.555555555556,11.171167282319777
Tata,Nexon,5,29000.0,Manual,second,Petrol,644999,Tata_Nexon,Recent,5800.0,10.275085591132715
Honda,Amaze,5,50000.0,Manual,second,Petrol,525000,Honda_Amaze,Recent,10000.0,10.819798284210286
Datsun,RediGO,4,50600.0,Manual,second,Petrol,225000,Datsun_RediGO,Recent,12650.0,10.831726617926124
Hyundai,i20 Active,8,68000.0,Manual,first,Petrol,465000,Hyundai_i20 Active,Mid,8500.0,11.127277689932466
Jaguar,XJ,11,35000.0,Automatic,first,Diesel,3000000,Jaguar_XJ,Old,3181.818181818182,10.463131911491967
BMW,3 Series GT,8,60000.0,Automatic,second,Diesel,2250000,BMW_3 Series GT,Mid,7500.0,11.002116507732017
Hyundai,Aura,4,29000.0,Manual,first,Hybrid/CNG,650000,Hyundai_Aura,Recent,7250.0,10.275085591132715
Maruti Suzuki,Ciaz,8,82000.0,Automatic,first,Petrol,595000,Maruti Suzuki_Ciaz,Mid,10250.0,11.314486721293981
Maruti Suzuki,Swift-Dzire,4,98000.0,Manual,second,Hybrid/CNG,590000,Maruti Suzuki_Swift-Dzire,Recent,24500.0,11.49273296168228
Volkswagen,VentoTest,7,74528.0,Automatic,first,Petrol,775000,Volkswagen_VentoTest,Mid,10646.857142857143,11.21894359036992
Maruti Suzuki,Alto-K10,9,72000.0,Manual,first,Hybrid/CNG,269900,Maruti Suzuki_Alto-K10,Mid,8000.0,11.184435286790631
Hyundai,Grand i10,6,25818.0,Automatic,first,Petrol,498000,Hyundai_Grand i10,Mid,4303.0,10.158865933983696
Hyundai,Grand i10,7,54000.0,Automatic,second,Petrol,475000,Hyundai_Grand i10,Mid,7714.285714285715,10.896757843893464
Mercedes-Benz,C Class,9,105000.0,Automatic,second,Petrol,1795000,Mercedes-Benz_C Class,Mid,11666.666666666666,11.561725152903833
Maruti Suzuki,Wagon-R,11,80000.0,Manual,first,Hybrid/CNG,325000,Maruti Suzuki_Wagon-R,Old,7272.727272727273,11.289794413577894
Mahindra,TUV 300-plus,6,80787.0,Manual,first,Diesel,625000,Mahindra_TUV 300-plus,Mid,13464.5,11.299583718628279
Hyundai,New Santro,16,110705.0,Automatic,second,Petrol,89000,Hyundai_New Santro,Old,6919.0625,11.614633317769938
Hyundai,i20 Active,8,64000.0,Manual,second,Hybrid/CNG,425000,Hyundai_i20 Active,Mid,8000.0,11.06665398721974
Mercedes-Benz,CLA,9,95000.0,Automatic,first,Diesel,1661000,Mercedes-Benz_CLA,Mid,10555.555555555555,11.461642696843066
Mahindra,TUV,7,169450.0,Automatic,first,Diesel,587999,Mahindra_TUV,Mid,24207.14285714286,12.040319078463638
Honda,City ZX,2,45000.0,Manual,first,Petrol,1340000,Honda_City ZX,New,22500.0,10.714439990727769
Maruti Suzuki,Ciaz,7,34358.0,Manual,first,Petrol,551355,Maruti Suzuki_Ciaz,Mid,4908.285714285715,10.444619272065825
Maruti Suzuki,Alto,13,100000.0,Manual,second,Hybrid/CNG,165000,Maruti Suzuki_Alto,Old,7692.307692307692,11.51293546492023
Toyota,2.8 Legender 4X2,3,33000.0,Automatic,first,Diesel,3950000,Toyota_2.8 Legender 4X2,Recent,11000.0,10.404293143019792
Land Rover,Discovery Sport,5,53546.0,Automatic,first,Diesel,2740000,Land Rover_Discovery Sport,Recent,10709.2,10.888315051897617
Tata,Safari,3,45000.0,Manual,first,Diesel,1750000,Tata_Safari,Recent,15000.0,10.714439990727769
Maruti Suzuki,Alto,13,61000.0,Automatic,second,Hybrid/CNG,191000,Maruti Suzuki_Alto,Old,4692.307692307692,11.0186455364637
Honda,Brio,12,90000.0,Manual,second,Hybrid/CNG,195000,Honda_Brio,Old,7500.0,11.407576060361786
Hyundai,Verna,13,108000.0,Automatic,second,Hybrid/CNG,319999,Hyundai_Verna,Old,8307.692307692309,11.58989576532275
Maruti Suzuki,Baleno,5,38923.0,Automatic,first,Petrol,695000,Maruti Suzuki_Baleno,Recent,7784.6,10.56936630594188
Mahindra,Bolero,8,7688.0,Manual,first,Diesel,500000,Mahindra_Bolero,Mid,961.0,8.94754601503218
Hyundai,Creta,4,42000.0,Manual,first,Diesel,1120000,Hyundai_Creta,Recent,10500.0,10.645448706505872
Volvo,S90,7,60000.0,Automatic,first,Diesel,3200000,Volvo_S90,Mid,8571.42857142857,11.002116507732017
Toyota,Innova Crysta,5,116250.0,Automatic,second,Diesel,1625000,Toyota_Innova Crysta,Recent,23250.0,11.663506925563143
Toyota,Innova Hycross,0,18000.0,Automatic,first,Hybrid/CNG,3485000,Toyota_Innova Hycross,New,18000.0,9.798182590890704
BMW,3 Series,12,78000.0,Automatic,second,Diesel,571000,BMW_3 Series,Old,6500.0,11.264476926102367
Toyota,Innova,13,103008.0,Manual,second,Diesel,570000,Toyota_Innova,Old,7923.692307692308,11.54257164203526
Mercedes-Benz,GLA Class,9,65000.0,Automatic,first,Petrol,1690000,Mercedes-Benz_GLA Class,Mid,7222.222222222223,11.082157933374816
Maruti Suzuki,Ertiga,7,68350.0,Manual,second,Hybrid/CNG,675000,Maruti Suzuki_Ertiga,Mid,9764.285714285714,11.132411472622978
Skoda,Superb,7,65000.0,Automatic,first,Petrol,1050000,Skoda_Superb,Mid,9285.714285714286,11.082157933374816
MG,ASTOR,2,63000.0,Automatic,first,Petrol,1245000,MG_ASTOR,New,31500.0,11.050905878263567
Maruti Suzuki,Swift-Dzire,6,104000.0,Manual,first,Hybrid/CNG,600000,Maruti Suzuki_Swift-Dzire,Mid,17333.333333333332,11.552155793461898
Toyota,Innova Hycross,1,18000.0,Automatic,first,Diesel,2245000,Toyota_Innova Hycross,New,18000.0,9.798182590890704
Hyundai,Santro Xing,10,70000.0,Manual,second,Petrol,190000,Hyundai_Santro Xing,Mid,7000.0,11.156264806643742
Toyota,Corolla Altis,10,80000.0,Automatic,first,Petrol,494999,Toyota_Corolla Altis,Mid,8000.0,11.289794413577894
Maruti Suzuki,Alto,15,85000.0,Manual,second,Hybrid/CNG,60000,Maruti Suzuki_Alto,Old,5666.666666666667,11.350418300109132
Maruti Suzuki,Esteem,17,65137.5,Manual,second,Hybrid/CNG,100000,Maruti Suzuki_Esteem,Old,3831.6176470588234,11.084271051239332
Maruti Suzuki,Wagon-R-1-0,9,72000.0,Manual,second,Hybrid/CNG,255000,Maruti Suzuki_Wagon-R-1-0,Mid,8000.0,11.184435286790631
Honda,Jazz,9,95000.0,Automatic,first,Hybrid/CNG,450000,Honda_Jazz,Mid,10555.555555555555,11.461642696843066
Toyota,Etios,11,150000.0,Manual,second,Diesel,280000,Toyota_Etios,Old,13636.363636363636,11.918397239722838
Datsun,Redi Go,5,42849.0,Manual,first,Petrol,345000,Datsun_Redi Go,Recent,8569.8,10.665460924025925
Maruti Suzuki,Wagon-R,10,59530.0,Manual,first,Petrol,345000,Maruti Suzuki_Wagon-R,Mid,5953.0,10.99425246425933
Mercedes-Benz,GLA Class,7,32600.0,Automatic,second,Petrol,1750000,Mercedes-Benz_GLA Class,Mid,4657.142857142857,10.392098241730961
Audi,Q3,9,55406.0,Automatic,first,Diesel,1290000,Audi_Q3,Mid,6156.222222222223,10.92246121854402
Honda,Amaze,9,96000.0,Manual,second,Petrol,360000,Honda_Amaze,Mid,10666.666666666666,11.472113887062386
Maruti Suzuki,Ciaz,5,52380.0,Manual,second,Petrol,645000,Maruti Suzuki_Ciaz,Recent,10476.0,10.866299209135672
Toyota,Yaris,5,59000.0,Automatic,first,Petrol,745000,Toyota_Yaris,Recent,11800.0,10.985309671896763
Maruti Suzuki,Wagon-R,3,44000.0,Automatic,first,Hybrid/CNG,585000,Maruti Suzuki_Wagon-R,Recent,14666.666666666666,10.691967639914864
Maruti Suzuki,Ertiga,10,77000.0,Manual,second,Diesel,684000,Maruti Suzuki_Ertiga,Mid,7700.0,11.251573687764477
Maruti Suzuki,Wagon R 1.0,6,47000.0,Manual,first,Hybrid/CNG,425000,Maruti Suzuki_Wagon R 1.0,Mid,7833.333333333333,10.757924157061597
Honda,City,9,108000.0,Manual,second,Hybrid/CNG,475000,Honda_City,Mid,12000.0,11.58989576532275
Maruti Suzuki,Celerio,10,56000.0,Manual,second,Petrol,355000,Maruti Suzuki_Celerio,Mid,5600.0,10.933124826700707
Maruti Suzuki,Ertiga,12,92500.0,Manual,second,Hybrid/CNG,510000,Maruti Suzuki_Ertiga,Old,7708.333333333333,11.434974734252892
Hyundai,Grand i10 Nios,2,80000.0,Automatic,first,Hybrid/CNG,600000,Hyundai_Grand i10 Nios,New,40000.0,11.289794413577894
Honda,Mobilio,9,61000.0,Manual,first,Diesel,245000,Honda_Mobilio,Mid,6777.777777777777,11.0186455364637
Maruti Suzuki,Ertiga,2,56000.0,Manual,first,Hybrid/CNG,1170000,Maruti Suzuki_Ertiga,New,28000.0,10.933124826700707
Ford,Ecosport,6,69000.0,Automatic,second,Petrol,399999,Ford_Ecosport,Mid,11500.0,11.141876276228
Maruti Suzuki,Ertiga,5,112000.0,Manual,first,Diesel,900000,Maruti Suzuki_Ertiga,Recent,22400.0,11.626263078808801
Maruti Suzuki,Alto,19,135000.0,Automatic,second,Petrol,85000,Maruti Suzuki_Alto,Old,7105.263157894737,11.813037464800539
Audi,Q3,11,95000.0,Automatic,second,Diesel,1299999,Audi_Q3,Old,8636.363636363636,11.461642696843066
Land Rover,Discovery Sport,7,65000.0,Automatic,first,Diesel,2273000,Land Rover_Discovery Sport,Mid,9285.714285714286,11.082157933374816
Honda,City,6,57700.0,Manual,first,Hybrid/CNG,890000,Honda_City,Mid,9616.666666666666,10.96302978336854
Honda,Amaze,4,68000.0,Automatic,first,Petrol,595000,Honda_Amaze,Recent,17000.0,11.127277689932466
BMW,5 Series,7,55000.0,Automatic,first,Diesel,2650000,BMW_5 Series,Mid,7857.142857142857,10.915106645867503
Mercedes-Benz,AMG C 43,2,14000.0,Automatic,first,Petrol,7500000,Mercedes-Benz_AMG C 43,New,7000.0,9.546884034617925
Toyota,Corolla Altis,12,116000.0,Manual,second,Petrol,525000,Toyota_Corolla Altis,Old,9666.666666666666,11.661354090741
Maruti Suzuki,Ertiga,2,50000.0,Manual,first,Hybrid/CNG,1050000,Maruti Suzuki_Ertiga,New,25000.0,10.819798284210286
Jeep,Compass,6,59000.0,Automatic,second,Petrol,1174900,Jeep_Compass,Mid,9833.333333333334,10.985309671896763
Toyota,2.8 Legender 4X2,7,28000.0,Automatic,first,Petrol,2500000,Toyota_2.8 Legender 4X2,Mid,4000.0,10.239995502805316
Honda,City,11,109000.0,Automatic,second,Hybrid/CNG,410000,Honda_City,Old,9909.09090909091,11.599112335481124
Mahindra,Bolero,4,120000.0,Manual,first,Diesel,785000,Mahindra_Bolero,Recent,30000.0,11.695255355062795
Hyundai,Eon,11,72000.0,Manual,second,Petrol,155000,Hyundai_Eon,Old,6545.454545454545,11.184435286790631
Maruti Suzuki,Baleno,9,60000.0,Automatic,first,Hybrid/CNG,550000,Maruti Suzuki_Baleno,Mid,6666.666666666667,11.002116507732017
Mercedes-Benz,GLS,3,100000.0,Automatic,first,Diesel,38000,Mercedes-Benz_GLS,Recent,33333.333333333336,11.51293546492023
Maruti Suzuki,Ciaz,8,96000.0,Manual,second,Diesel,615000,Maruti Suzuki_Ciaz,Mid,12000.0,11.472113887062386
Hyundai,Xcent,9,65000.0,Manual,first,Hybrid/CNG,340000,Hyundai_Xcent,Mid,7222.222222222223,11.082157933374816
Hyundai,Santro Xing,15,110000.0,Manual,second,Petrol,156999,Hyundai_Santro Xing,Old,7333.333333333333,11.608244735642321
Skoda,Rapid,7,55000.0,Automatic,second,Hybrid/CNG,575000,Skoda_Rapid,Mid,7857.142857142857,10.915106645867503
BMW,5 Series,7,59000.0,Automatic,first,Diesel,3650000,BMW_5 Series,Mid,8428.57142857143,10.985309671896763
Volkswagen,VentoTest,13,98000.0,Manual,first,Diesel,440000,Volkswagen_VentoTest,Old,7538.461538461538,11.49273296168228
Tata,Nexon,5,52000.0,Automatic,first,Hybrid/CNG,510000,Tata_Nexon,Recent,10400.0,10.859018228147887
Maruti Suzuki,Ritz,10,91440.0,Manual,second,Hybrid/CNG,335000,Maruti Suzuki_Ritz,Mid,9144.0,11.423449234541877
Maruti Suzuki,maruti-suzuki-brezza,0,2000.0,Manual,first,Hybrid/CNG,1395000,Maruti Suzuki_maruti-suzuki-brezza,New,2000.0,7.601402334583733
Toyota,Fortuner,7,110000.0,Automatic,first,Diesel,2700000,Toyota_Fortuner,Mid,15714.285714285714,11.608244735642321
Hyundai,Santro,6,35000.0,Automatic,first,Hybrid/CNG,450000,Hyundai_Santro,Mid,5833.333333333333,10.463131911491967
Maruti Suzuki,Celerio,7,57000.0,Automatic,first,Hybrid/CNG,399000,Maruti Suzuki_Celerio,Mid,8142.857142857143,10.950824090522445
Hyundai,i20,10,38000.0,Automatic,first,Petrol,415000,Hyundai_i20,Mid,3800.0,10.545367754151743
Honda,BRV,6,66000.0,Automatic,second,Hybrid/CNG,680000,Honda_BRV,Mid,11000.0,11.097425172408931
Maruti Suzuki,Estilo,15,99000.0,Manual,second,Hybrid/CNG,130000,Maruti Suzuki_Estilo,Old,6600.0,11.502885230075814
Maruti Suzuki,Omni,16,65137.5,Manual,second,Hybrid/CNG,51786,Maruti Suzuki_Omni,Old,4071.09375,11.084271051239332
Chevrolet,Trailblazer,9,116000.0,Manual,second,Diesel,685000,Chevrolet_Trailblazer,Mid,12888.888888888889,11.661354090741
Honda,BRV,6,81001.0,Manual,first,Diesel,751000,Honda_BRV,Mid,13500.166666666666,11.302229124707774
Hyundai,Creta,1,27500.0,Manual,first,Petrol,1200000,Hyundai_Creta,New,27500.0,10.221977646629885
Toyota,Corolla,16,52000.0,Automatic,second,Petrol,295000,Toyota_Corolla,Old,3250.0,10.859018228147887
Hyundai,Grand i10,11,67000.0,Manual,second,Petrol,295000,Hyundai_Grand i10,Old,6090.909090909091,11.112462823634855
Honda,Civic,13,77000.0,Automatic,second,Hybrid/CNG,190000,Honda_Civic,Old,5923.076923076923,11.251573687764477
Hyundai,Verna,5,39500.0,Automatic,second,Hybrid/CNG,825000,Hyundai_Verna,Recent,7900.0,10.584081267024454
Honda,Jazz,9,95000.0,Automatic,first,Hybrid/CNG,450000,Honda_Jazz,Mid,10555.555555555555,11.461642696843066
Hyundai,Santro Xing,19,130000.0,Manual,second,Petrol,94999,Hyundai_Santro Xing,Old,6842.105263157895,11.775297421715827
Maruti Suzuki,Swift,6,82500.0,Automatic,first,Diesel,650000,Maruti Suzuki_Swift,Mid,13750.0,11.320565693461432
Maruti Suzuki,Celerio,6,85000.0,Manual,first,Hybrid/CNG,421000,Maruti Suzuki_Celerio,Mid,14166.666666666666,11.350418300109132
Land Rover,Discovery Sport,6,51000.0,Automatic,first,Diesel,2890000,Land Rover_Discovery Sport,Mid,8500.0,10.839600519357369
Hyundai,Grand i10,7,48000.0,Manual,first,Hybrid/CNG,350000,Hyundai_Grand i10,Mid,6857.142857142857,10.778977123006351
Mercedes-Benz,E-Class,7,56000.0,Automatic,first,Diesel,2790000,Mercedes-Benz_E-Class,Mid,8000.0,10.933124826700707
Hyundai,Accent,13,71000.0,Manual,second,Hybrid/CNG,240000,Hyundai_Accent,Old,5461.538461538462,11.170449240431308
Tata,Hexa,7,97000.0,Automatic,first,Diesel,1300000,Tata_Hexa,Mid,13857.142857142857,11.48247656671073
Maruti Suzuki,Grand Vitara,1,17000.0,Manual,first,Petrol,1300000,Maruti Suzuki_Grand Vitara,New,17000.0,9.741027444837728
Honda,City,7,76000.0,Manual,first,Hybrid/CNG,549000,Honda_City,Mid,10857.142857142857,11.23850177707664
Skoda,Superb,9,99000.0,Automatic,second,Petrol,789999,Skoda_Superb,Mid,11000.0,11.502885230075814
Honda,Civic,17,85000.0,Automatic,second,Hybrid/CNG,150000,Honda_Civic,Old,5000.0,11.350418300109132
Honda,City,14,70000.0,Manual,first,Hybrid/CNG,290000,Honda_City,Old,5000.0,11.156264806643742
Honda,City,12,56320.0,Automatic,second,Hybrid/CNG,335000,Honda_City,Old,4693.333333333333,10.938822746356111
Honda,City,7,61000.0,Manual,second,Hybrid/CNG,590000,Honda_City,Mid,8714.285714285714,11.0186455364637
Toyota,Land Cruiser,10,90000.0,Automatic,first,Diesel,7499000,Toyota_Land Cruiser,Mid,9000.0,11.407576060361786
Nissan,Micra,6,49900.0,Manual,second,Diesel,430000,Nissan_Micra,Mid,8316.666666666666,10.817796321618971
Maruti Suzuki,Swift,1,16700.0,Manual,second,Petrol,650000,Maruti Suzuki_Swift,New,16700.0,9.723223876851618
Honda,Civic,15,76000.0,Automatic,second,Petrol,240000,Honda_Civic,Old,5066.666666666667,11.23850177707664
Maruti Suzuki,Celerio,7,75000.0,Automatic,second,Hybrid/CNG,300000,Maruti Suzuki_Celerio,Mid,10714.285714285714,11.225256725762893
Mahindra,Thar,2,25000.0,Automatic,first,Diesel,1553000,Mahindra_Thar,New,12500.0,10.12667110305036
Renault,KWID,5,25000.0,Automatic,first,Hybrid/CNG,375000,Renault_KWID,Recent,5000.0,10.12667110305036
Maruti Suzuki,Ciaz,7,72000.0,Manual,first,Diesel,650000,Maruti Suzuki_Ciaz,Mid,10285.714285714286,11.184435286790631
Honda,City ZX,16,119000.0,Automatic,second,Hybrid/CNG,145000,Honda_City ZX,Old,7437.5,11.686887175419702
Maruti Suzuki,Alto-K10,7,52385.0,Automatic,first,Hybrid/CNG,299000,Maruti Suzuki_Alto-K10,Mid,7483.571428571428,10.866394659038862
Honda,City,2,21000.0,Manual,second,Petrol,1190000,Honda_City,New,10500.0,9.952325334619427
Maruti Suzuki,Swift Dzire,6,68955.0,Automatic,first,Petrol,610000,Maruti Suzuki_Swift Dzire,Mid,11492.5,11.14122389901487
Maruti Suzuki,Ertiga,2,68000.0,Manual,second,Hybrid/CNG,950000,Maruti Suzuki_Ertiga,New,34000.0,11.127277689932466
Audi,Q7,6,75000.0,Automatic,second,Diesel,4150000,Audi_Q7,Mid,12500.0,11.225256725762893
Maruti Suzuki,Wagon-R,10,75000.0,Manual,first,Hybrid/CNG,195000,Maruti Suzuki_Wagon-R,Mid,7500.0,11.225256725762893
Renault,KWID,1,14543.0,Automatic,first,Petrol,670000,Renault_KWID,New,14543.0,9.58493381641726
Honda,CRV,11,106000.0,Automatic,second,Hybrid/CNG,540000,Honda_CRV,Old,9636.363636363636,11.571203807011969
Maruti Suzuki,Swift,16,130000.0,Manual,second,Hybrid/CNG,170000,Maruti Suzuki_Swift,Old,8125.0,11.775297421715827
Volkswagen,VentoTest,10,72900.0,Automatic,second,Diesel,511000,Volkswagen_VentoTest,Mid,7290.0,11.196857635323791
Volkswagen,VentoTest,9,92000.0,Manual,second,Diesel,450000,Volkswagen_VentoTest,Mid,10222.222222222223,11.429554725537322
Mahindra,Xylo,8,130000.0,Manual,second,Diesel,475000,Mahindra_Xylo,Mid,16250.0,11.775297421715827
Hyundai,i20,13,68000.0,Manual,first,Diesel,310000,Hyundai_i20,Old,5230.7692307692305,11.127277689932466
Mahindra,Scorpio-N,2,9500.0,Automatic,first,Petrol,2250000,Mahindra_Scorpio-N,New,4750.0,9.15915233520675
Hyundai,Elantra,10,91000.0,Automatic,second,Diesel,550000,Hyundai_Elantra,Mid,9100.0,11.418625774449598
Volkswagen,Polo,13,53000.0,Manual,second,Diesel,271000,Volkswagen_Polo,Old,4076.923076923077,10.87806606028079
Ford,Figo,12,118000.0,Manual,second,Diesel,235000,Ford_Figo,Old,9833.333333333334,11.678448377988165
Maruti Suzuki,Wagon-R,7,96000.0,Automatic,first,Hybrid/CNG,350000,Maruti Suzuki_Wagon-R,Mid,13714.285714285714,11.472113887062386
Mahindra,Scorpio,7,81000.0,Manual,second,Diesel,875000,Mahindra_Scorpio,Mid,11571.42857142857,11.302216779257382
MG,Hector Plus,3,32000.0,Automatic,second,Petrol,1550000,MG_Hector Plus,Recent,10666.666666666666,10.373522431293592
Mahindra,Scorpio N,16,142200.0,Manual,second,Diesel,198500,Mahindra_Scorpio N,Old,8887.5,11.864996828675356
Land Rover,Freelander 2,12,145000.0,Automatic,second,Diesel,675000,Land Rover_Freelander 2,Old,12083.333333333334,11.884495917930655
Hyundai,Creta,5,50000.0,Manual,first,Diesel,1050000,Hyundai_Creta,Recent,10000.0,10.819798284210286
Toyota,Glanza,4,15000.0,Automatic,first,Petrol,845000,Toyota_Glanza,Recent,3750.0,9.61587214452889
Land Rover,Range Rover Evoque,3,37000.0,Automatic,second,Diesel,4950000,Land Rover_Range Rover Evoque,Recent,12333.333333333334,10.518700218288165
Maruti Suzuki,Wagon-R-1-0,8,62000.0,Automatic,second,Petrol,445000,Maruti Suzuki_Wagon-R-1-0,Mid,7750.0,11.034905792929415
Hyundai,Grand i10,9,75000.0,Automatic,second,Hybrid/CNG,260000,Hyundai_Grand i10,Mid,8333.333333333334,11.225256725762893
Maruti Suzuki,XL6,5,53110.0,Automatic,second,Petrol,895000,Maruti Suzuki_XL6,Recent,10622.0,10.880139342084975
Maruti Suzuki,Celerio,4,50000.0,Automatic,first,Petrol,330000,Maruti Suzuki_Celerio,Recent,12500.0,10.819798284210286
BMW,5 Series,10,90000.0,Automatic,second,Diesel,1251000,BMW_5 Series,Mid,9000.0,11.407576060361786
Maruti Suzuki,Sx4,13,89926.0,Automatic,second,Hybrid/CNG,250000,Maruti Suzuki_Sx4,Old,6917.384615384615,11.406753509072688
Tata,Altroz,4,39000.0,Manual,first,Petrol,475000,Tata_Altroz,Recent,9750.0,10.571342565808699
Maruti Suzuki,S-Presso,2,49530.0,Manual,first,Petrol,440000,Maruti Suzuki_S-Presso,New,24765.0,10.810354015162442
Maruti Suzuki,Celerio,5,74000.0,Manual,second,Petrol,470000,Maruti Suzuki_Celerio,Recent,14800.0,11.211833885608513
Maruti Suzuki,Sx4,14,90000.0,Automatic,first,Hybrid/CNG,185000,Maruti Suzuki_Sx4,Old,6428.571428571428,11.407576060361786
Maruti Suzuki,Grand Vitara,1,20000.0,Automatic,first,Hybrid/CNG,1800000,Maruti Suzuki_Grand Vitara,New,20000.0,9.90353755128617
Mercedes-Benz,GLE COUPE,7,59956.0,Automatic,first,Diesel,6199000,Mercedes-Benz_GLE COUPE,Mid,8565.142857142857,11.001382917609254
Mahindra,Scorpio,7,67000.0,Manual,first,Diesel,935000,Mahindra_Scorpio,Mid,9571.42857142857,11.112462823634855
BMW,X3,5,60000.0,Automatic,first,Diesel,3450000,BMW_X3,Recent,12000.0,11.002116507732017
Honda,Civic,5,77000.0,Automatic,first,Petrol,1375000,Honda_Civic,Recent,15400.0,11.251573687764477
Maruti Suzuki,Celerio,6,42000.0,Automatic,first,Petrol,425000,Maruti Suzuki_Celerio,Mid,7000.0,10.645448706505872
Land Rover,Range Rover Evoque,9,65000.0,Automatic,first,Diesel,1699000,Land Rover_Range Rover Evoque,Mid,7222.222222222223,11.082157933374816
Mahindra,Xylo,13,105000.0,Manual,second,Diesel,550000,Mahindra_Xylo,Old,8076.923076923077,11.561725152903833
Skoda,Superb,8,55000.0,Automatic,first,Petrol,1350000,Skoda_Superb,Mid,6875.0,10.915106645867503
Audi,Q3,9,86000.0,Automatic,first,Diesel,1750000,Audi_Q3,Mid,9555.555555555555,11.362114203075018
Toyota,Innova Crysta,3,81499.0,Automatic,first,Diesel,2100000,Toyota_Innova Crysta,Recent,27166.333333333332,11.308358299228955
Toyota,Corolla Altis,7,95000.0,Automatic,second,Petrol,875000,Toyota_Corolla Altis,Mid,13571.42857142857,11.461642696843066
Maruti Suzuki,Celerio,10,65000.0,Manual,first,Hybrid/CNG,350000,Maruti Suzuki_Celerio,Mid,6500.0,11.082157933374816
Skoda,Rapid,7,100000.0,Automatic,second,Diesel,635000,Skoda_Rapid,Mid,14285.714285714286,11.51293546492023
Maruti Suzuki,Celerio,8,60000.0,Manual,second,Hybrid/CNG,350000,Maruti Suzuki_Celerio,Mid,7500.0,11.002116507732017
Maruti Suzuki,Wagon R,6,39000.0,Manual,first,Petrol,340000,Maruti Suzuki_Wagon R,Mid,6500.0,10.571342565808699
Mercedes-Benz,C-Class,8,96000.0,Automatic,second,Diesel,2000000,Mercedes-Benz_C-Class,Mid,12000.0,11.472113887062386
Toyota,Etios,12,30000.0,Automatic,second,Diesel,350000,Toyota_Etios,Old,2500.0,10.308985993422082
Maruti Suzuki,Wagon-R,12,58000.0,Automatic,first,Hybrid/CNG,245000,Maruti Suzuki_Wagon-R,Old,4833.333333333333,10.968215530759236
Maruti Suzuki,Wagon-R,9,104300.0,Manual,second,Petrol,290000,Maruti Suzuki_Wagon-R,Mid,11588.888888888889,11.55503622867061
Maruti Suzuki,Swift-Dzire,12,105000.0,Manual,second,Hybrid/CNG,230000,Maruti Suzuki_Swift-Dzire,Old,8750.0,11.561725152903833
Renault,Scala,11,61000.0,Manual,first,Petrol,275000,Renault_Scala,Old,5545.454545454545,11.0186455364637
Hyundai,Santro Xing,13,82000.0,Manual,second,Hybrid/CNG,105000,Hyundai_Santro Xing,Old,6307.692307692308,11.314486721293981
Mahindra,Thar,2,27000.0,Automatic,first,Diesel,1775000,Mahindra_Thar,New,13500.0,10.203629181337648
Maruti Suzuki,Baleno,4,30211.0,Manual,first,Petrol,650000,Maruti Suzuki_Baleno,Recent,7552.75,10.315994475433339
Hyundai,i20,7,42000.0,Manual,first,Hybrid/CNG,560000,Hyundai_i20,Mid,6000.0,10.645448706505872
Maruti Suzuki,Alto K10,12,113000.0,Manual,second,Hybrid/CNG,225000,Maruti Suzuki_Alto K10,Old,9416.666666666666,11.635151947212842
Honda,Jazz,5,65000.0,Automatic,first,Petrol,670000,Honda_Jazz,Recent,13000.0,11.082157933374816
Toyota,Glanza,4,60000.0,Manual,second,Petrol,699000,Toyota_Glanza,Recent,15000.0,11.002116507732017
Mahindra,TUV,9,65000.0,Automatic,second,Diesel,599999,Mahindra_TUV,Mid,7222.222222222223,11.082157933374816
Toyota,Etios Liva,13,160000.0,Manual,second,Petrol,295000,Toyota_Etios Liva,Old,12307.692307692309,11.982935344196433
Maruti Suzuki,Eeco,7,66000.0,Manual,second,Petrol,380000,Maruti Suzuki_Eeco,Mid,9428.57142857143,11.097425172408931
Mahindra,KUV100 NXT,5,23600.0,Manual,second,Petrol,325000,Mahindra_KUV100 NXT,Recent,4720.0,10.069044362997353
Hyundai,Grand i10,9,53000.0,Automatic,first,Hybrid/CNG,429000,Hyundai_Grand i10,Mid,5888.888888888889,10.87806606028079
Jeep,Meridian,18,86000.0,Automatic,second,Diesel,420000,Jeep_Meridian,Old,4777.777777777777,11.362114203075018
Mahindra,Verito,12,220000.0,Manual,second,Diesel,240000,Mahindra_Verito,Old,18333.333333333332,12.301387370778713
Maruti Suzuki,Swift,2,34000.0,Manual,first,Hybrid/CNG,599000,Maruti Suzuki_Swift,New,17000.0,10.434145214930487
Hyundai,i20 Active,8,95000.0,Manual,second,Diesel,559000,Hyundai_i20 Active,Mid,11875.0,11.461642696843066
Skoda,Octavia,4,31008.0,Automatic,second,Petrol,1515000,Skoda_Octavia,Recent,7752.0,10.342032763912483
Nissan,Sunny,11,56850.0,Automatic,second,Hybrid/CNG,185000,Nissan_Sunny,Old,5168.181818181818,10.948189089173493
Toyota,Fortuner,5,33000.0,Automatic,first,Diesel,3445000,Toyota_Fortuner,Recent,6600.0,10.404293143019792
Mahindra,Thar,1,32000.0,Automatic,first,Diesel,1500000,Mahindra_Thar,New,32000.0,10.373522431293592
Maruti Suzuki,Eeco,3,41000.0,Automatic,first,Hybrid/CNG,425000,Maruti Suzuki_Eeco,Recent,13666.666666666666,10.62135173563291
Maruti Suzuki,Wagon-R,16,43000.0,Manual,second,Hybrid/CNG,149000,Maruti Suzuki_Wagon-R,Old,2687.5,10.668978650219241
Toyota,Fortuner,5,81000.0,Automatic,first,Diesel,3175000,Toyota_Fortuner,Recent,16200.0,11.302216779257382
Hyundai,Grand i10,7,57000.0,Automatic,first,Hybrid/CNG,515000,Hyundai_Grand i10,Mid,8142.857142857143,10.950824090522445
Hyundai,i20,5,81000.0,Manual,second,Hybrid/CNG,465000,Hyundai_i20,Recent,16200.0,11.302216779257382
Tata,Tiago,2,35000.0,Manual,first,Hybrid/CNG,600000,Tata_Tiago,New,17500.0,10.463131911491967
Maruti Suzuki,Estilo,11,55000.0,Automatic,first,Hybrid/CNG,260000,Maruti Suzuki_Estilo,Old,5000.0,10.915106645867503
Maruti Suzuki,Ertiga,4,55000.0,Automatic,first,Petrol,990000,Maruti Suzuki_Ertiga,Recent,13750.0,10.915106645867503
Audi,A6,5,22000.0,Automatic,first,Petrol,3100000,Audi_A6,Recent,4400.0,9.99884318585288
Volkswagen,Polo,12,123000.0,Manual,second,Diesel,399000,Volkswagen_Polo,Old,10250.0,11.719947764402807
Maruti Suzuki,Baleno,6,128000.0,Manual,first,Diesel,670000,Maruti Suzuki_Baleno,Mid,21333.333333333332,11.759793355371237
Nissan,Terrano,10,132228.0,Manual,second,Diesel,450000,Nissan_Terrano,Mid,13222.8,11.792290546941919
Maruti Suzuki,Wagon-R,7,50000.0,Automatic,first,Hybrid/CNG,435000,Maruti Suzuki_Wagon-R,Mid,7142.857142857143,10.819798284210286
Maruti Suzuki,Zen-Estilo,14,80000.0,Manual,second,Petrol,170000,Maruti Suzuki_Zen-Estilo,Old,5714.285714285715,11.289794413577894
Maruti Suzuki,Swift-Dzire,10,70927.0,Manual,second,Petrol,325000,Maruti Suzuki_Swift-Dzire,Mid,7092.7,11.169420556984834
Tata,Tiago,6,32000.0,Manual,first,Diesel,545000,Tata_Tiago,Mid,5333.333333333333,10.373522431293592
Mercedes-Benz,GLC,7,102000.0,Automatic,first,Diesel,2775000,Mercedes-Benz_GLC,Mid,14571.42857142857,11.532737896139919
Honda,CR-V,12,92000.0,Automatic,first,Hybrid/CNG,400000,Honda_CR-V,Old,7666.666666666667,11.429554725537322
Maruti Suzuki,Ertiga,7,80000.0,Manual,first,Diesel,750000,Maruti Suzuki_Ertiga,Mid,11428.57142857143,11.289794413577894
Ford,Endeavour,8,93000.0,Automatic,second,Diesel,2100000,Ford_Endeavour,Mid,11625.0,11.440365524765756
Hyundai,New Elantra,9,73000.0,Automatic,first,Diesel,775000,Hyundai_New Elantra,Mid,8111.111111111111,11.19822841866684
Ford,Ecosport,5,41868.0,Automatic,first,Hybrid/CNG,775000,Ford_Ecosport,Recent,8373.6,10.642300975279205
Honda,WRV,4,55000.0,Manual,first,Petrol,675000,Honda_WRV,Recent,13750.0,10.915106645867503
Toyota,Innova Hycross,1,20000.0,Automatic,first,Hybrid/CNG,3300000,Toyota_Innova Hycross,New,20000.0,9.90353755128617
Audi,Q3,8,120000.0,Automatic,second,Diesel,1475000,Audi_Q3,Mid,15000.0,11.695255355062795
Maruti Suzuki,Eeco,13,96369.0,Manual,second,Hybrid/CNG,120000,Maruti Suzuki_Eeco,Old,7413.0,11.475950228845333
Hyundai,i10,13,62000.0,Automatic,first,Petrol,275000,Hyundai_i10,Old,4769.2307692307695,11.034905792929415
Hyundai,Verna,10,93000.0,Manual,second,Diesel,520000,Hyundai_Verna,Mid,9300.0,11.440365524765756
Hyundai,Elite i20,5,79000.0,Manual,second,Hybrid/CNG,465000,Hyundai_Elite i20,Recent,15800.0,11.277215789596893
MG,Hector,3,23000.0,Automatic,first,Petrol,1475000,MG_Hector,Recent,7666.666666666667,10.043292972227004
Maruti Suzuki,Wagon-R,9,62000.0,Automatic,second,Hybrid/CNG,120000,Maruti Suzuki_Wagon-R,Mid,6888.888888888889,11.034905792929415
Toyota,Innova Crysta,5,97000.0,Manual,first,Diesel,1521000,Toyota_Innova Crysta,Recent,19400.0,11.48247656671073
Ford,Endeavour,5,85000.0,Automatic,second,Diesel,2150000,Ford_Endeavour,Recent,17000.0,11.350418300109132
Honda,City ZX,16,82700.0,Manual,second,Petrol,285000,Honda_City ZX,Old,5168.75,11.322986972837104
Maruti Suzuki,Alto K10,5,78000.0,Automatic,first,Petrol,475000,Maruti Suzuki_Alto K10,Recent,15600.0,11.264476926102367
BMW,3 Series GT,7,95000.0,Automatic,first,Diesel,2100000,BMW_3 Series GT,Mid,13571.42857142857,11.461642696843066
Mahindra,Thar,5,10000.0,Manual,first,Diesel,795000,Mahindra_Thar,Recent,2000.0,9.210440366976517
Honda,Amaze,10,62000.0,Manual,first,Hybrid/CNG,385000,Honda_Amaze,Mid,6200.0,11.034905792929415
Maruti Suzuki,Alto-800,4,25000.0,Manual,first,Hybrid/CNG,325000,Maruti Suzuki_Alto-800,Recent,6250.0,10.12667110305036
Maruti Suzuki,maruti-suzuki-dzire,3,62000.0,Manual,second,Hybrid/CNG,680000,Maruti Suzuki_maruti-suzuki-dzire,Recent,20666.666666666668,11.034905792929415
Maruti Suzuki,Wagon-R,9,90000.0,Manual,second,Hybrid/CNG,290000,Maruti Suzuki_Wagon-R,Mid,10000.0,11.407576060361786
Renault,Duster,8,83409.0,Automatic,second,Diesel,625000,Renault_Duster,Mid,10426.125,11.331523485235657
Maruti Suzuki,Zen-Estilo,11,78000.0,Manual,second,Petrol,150000,Maruti Suzuki_Zen-Estilo,Old,7090.909090909091,11.264476926102367
Mercedes-Benz,C-Class,6,42000.0,Automatic,first,Diesel,2700000,Mercedes-Benz_C-Class,Mid,7000.0,10.645448706505872
Maruti Suzuki,Swift-Dzire,7,79000.0,Automatic,first,Petrol,569000,Maruti Suzuki_Swift-Dzire,Mid,11285.714285714286,11.277215789596893
Maruti Suzuki,Wagon-R,5,72500.0,Manual,first,Hybrid/CNG,425000,Maruti Suzuki_Wagon-R,Recent,14500.0,11.19135563385109
Maruti Suzuki,Wagon-R,13,95000.0,Manual,second,Hybrid/CNG,220000,Maruti Suzuki_Wagon-R,Old,7307.692307692308,11.461642696843066
Toyota,Corolla Altis,11,77000.0,Automatic,second,Hybrid/CNG,365000,Toyota_Corolla Altis,Old,7000.0,11.251573687764477
Maruti Suzuki,Ciaz,5,73500.0,Automatic,first,Petrol,750000,Maruti Suzuki_Ciaz,Recent,14700.0,11.205054290550551
Hyundai,Santro Xing,13,70000.0,Automatic,first,Hybrid/CNG,120000,Hyundai_Santro Xing,Old,5384.615384615385,11.156264806643742
Maruti Suzuki,Celerio,5,120000.0,Automatic,second,Hybrid/CNG,300000,Maruti Suzuki_Celerio,Recent,24000.0,11.695255355062795
Toyota,Innova,13,175000.0,Manual,second,Diesel,650000,Toyota_Innova,Old,13461.538461538461,12.07254696717504
Maruti Suzuki,Baleno,7,50000.0,Automatic,first,Petrol,425000,Maruti Suzuki_Baleno,Mid,7142.857142857143,10.819798284210286
Hyundai,Grand i10,4,44681.0,Manual,first,Petrol,525155,Hyundai_Grand i10,Recent,11170.25,10.707326014938701
Land Rover,Range Rover,4,48000.0,Automatic,first,Petrol,16500000,Land Rover_Range Rover,Recent,12000.0,10.778977123006351
Force,Motors FM Force One Test,8,70000.0,Automatic,first,Hybrid/CNG,560000,Force_Motors FM Force One Test,Mid,8750.0,11.156264806643742
Mahindra,Thar,2,19000.0,Manual,first,Diesel,1599000,Mahindra_Thar,New,9500.0,9.852246888342531
Toyota,Innova,16,122000.0,Manual,first,Diesel,390000,Toyota_Innova,Old,7625.0,11.711784520403112
Mitsubishi,Pajero Sport,7,79000.0,Automatic,second,Diesel,1075000,Mitsubishi_Pajero Sport,Mid,11285.714285714286,11.277215789596893
Maruti Suzuki,Swift-Dzire,9,52000.0,Manual,first,Petrol,450000,Maruti Suzuki_Swift-Dzire,Mid,5777.777777777777,10.859018228147887
Hyundai,Creta,1,15000.0,Automatic,first,Petrol,1690000,Hyundai_Creta,New,15000.0,9.61587214452889
Jeep,Compass,6,75000.0,Manual,second,Diesel,1500000,Jeep_Compass,Mid,12500.0,11.225256725762893
Maruti Suzuki,maruti-suzuki-dzire,4,28000.0,Automatic,first,Hybrid/CNG,725000,Maruti Suzuki_maruti-suzuki-dzire,Recent,7000.0,10.239995502805316
Honda,Amaze,9,104000.0,Automatic,first,Hybrid/CNG,400000,Honda_Amaze,Mid,11555.555555555555,11.552155793461898
Maruti Suzuki,Ertiga,9,52000.0,Manual,first,Hybrid/CNG,685000,Maruti Suzuki_Ertiga,Mid,5777.777777777777,10.859018228147887
Ford,Ecosport,5,70000.0,Manual,first,Diesel,590000,Ford_Ecosport,Recent,14000.0,11.156264806643742
Maruti Suzuki,Swift,8,47500.0,Manual,first,Petrol,530000,Maruti Suzuki_Swift,Mid,5937.5,10.768506042432708
Honda,Jazz,8,93000.0,Automatic,second,Hybrid/CNG,425000,Honda_Jazz,Mid,11625.0,11.440365524765756
Volkswagen,Polo,10,149000.0,Automatic,second,Petrol,530000,Volkswagen_Polo,Mid,14900.0,11.91170829631447
Maruti Suzuki,Ertiga,10,70000.0,Manual,second,Hybrid/CNG,455000,Maruti Suzuki_Ertiga,Mid,7000.0,11.156264806643742
Hyundai,Elantra,11,100000.0,Manual,second,Diesel,465000,Hyundai_Elantra,Old,9090.90909090909,11.51293546492023
BMW,7 Series,7,24000.0,Automatic,second,Diesel,4450000,BMW_7 Series,Mid,3428.5714285714284,10.085850775128717
Maruti Suzuki,Wagon-R-1-0,5,81000.0,Manual,first,Hybrid/CNG,490000,Maruti Suzuki_Wagon-R-1-0,Recent,16200.0,11.302216779257382
Hyundai,i10,11,56000.0,Manual,second,Petrol,290000,Hyundai_i10,Old,5090.909090909091,10.933124826700707
Hyundai,Accent,24,120400.0,Manual,second,Petrol,74000,Hyundai_Accent,Old,5016.666666666667,11.698583117470207
Audi,Q3,12,90000.0,Automatic,second,Diesel,890000,Audi_Q3,Old,7500.0,11.407576060361786
Volkswagen,Polo,6,23000.0,Manual,second,Diesel,545000,Volkswagen_Polo,Mid,3833.3333333333335,10.043292972227004
Mahindra,KUV 100,7,90000.0,Automatic,second,Hybrid/CNG,220000,Mahindra_KUV 100,Mid,12857.142857142857,11.407576060361786
Maruti Suzuki,Swift-Dzire,0,5500.0,Automatic,first,Hybrid/CNG,411000,Maruti Suzuki_Swift-Dzire,New,5500.0,8.612685172875459
Hyundai,Grand i10,8,62000.0,Automatic,second,Hybrid/CNG,440000,Hyundai_Grand i10,Mid,7750.0,11.034905792929415
Maruti Suzuki,New-gen Swift,1,15000.0,Automatic,second,Hybrid/CNG,800000,Maruti Suzuki_New-gen Swift,New,15000.0,9.61587214452889
Hyundai,Creta,2,44000.0,Manual,first,Petrol,1350000,Hyundai_Creta,New,22000.0,10.691967639914864
Maruti Suzuki,XL6,4,78000.0,Automatic,first,Petrol,1050000,Maruti Suzuki_XL6,Recent,19500.0,11.264476926102367
Maruti Suzuki,Ciaz,4,75000.0,Automatic,second,Hybrid/CNG,550000,Maruti Suzuki_Ciaz,Recent,18750.0,11.225256725762893
Hyundai,Verna,13,86000.0,Manual,second,Diesel,335000,Hyundai_Verna,Old,6615.384615384615,11.362114203075018
Mahindra,Thar,3,28500.0,Automatic,second,Petrol,1300000,Mahindra_Thar,Recent,9500.0,10.25769445336048
Mahindra,XUV500,12,175000.0,Manual,first,Diesel,710000,Mahindra_XUV500,Old,14583.333333333334,12.07254696717504
Chevrolet,Spark,11,50000.0,Manual,second,Petrol,149000,Chevrolet_Spark,Old,4545.454545454545,10.819798284210286
Hyundai,i20,5,80000.0,Manual,first,Petrol,625000,Hyundai_i20,Recent,16000.0,11.289794413577894
Maruti Suzuki,Swift,2,75000.0,Manual,first,Petrol,575000,Maruti Suzuki_Swift,New,37500.0,11.225256725762893
Volkswagen,VentoTest,10,72000.0,Automatic,second,Petrol,450000,Volkswagen_VentoTest,Mid,7200.0,11.184435286790631
Hyundai,Santro Xing,15,130000.0,Automatic,second,Hybrid/CNG,70000,Hyundai_Santro Xing,Old,8666.666666666666,11.775297421715827
Hyundai,i10,12,68000.0,Automatic,second,Petrol,294000,Hyundai_i10,Old,5666.666666666667,11.127277689932466
Maruti Suzuki,Swift,0,18950.0,Automatic,first,Petrol,950000,Maruti Suzuki_Swift,New,18950.0,9.84961197956681
Hyundai,Creta,3,90000.0,Automatic,first,Diesel,1650000,Hyundai_Creta,Recent,30000.0,11.407576060361786
Maruti Suzuki,Eeco,1,53000.0,Automatic,first,Hybrid/CNG,580000,Maruti Suzuki_Eeco,New,53000.0,10.87806606028079
Volkswagen,Jetta,8,120000.0,Manual,first,Diesel,825000,Volkswagen_Jetta,Mid,15000.0,11.695255355062795
Maruti Suzuki,Eeco,4,63000.0,Automatic,first,Hybrid/CNG,349000,Maruti Suzuki_Eeco,Recent,15750.0,11.050905878263567
Tata,Safari Storme,7,72400.0,Manual,first,Diesel,745000,Tata_Safari Storme,Mid,10342.857142857143,11.189975390433117
Hyundai,Elite i20,9,46000.0,Manual,second,Petrol,575000,Hyundai_Elite i20,Mid,5111.111111111111,10.736418414365376
Hyundai,Elite i20,3,57555.0,Manual,first,Petrol,705000,Hyundai_Elite i20,Recent,19185.0,10.960513665883308
Hyundai,Grand i10,8,42000.0,Manual,first,Petrol,320000,Hyundai_Grand i10,Mid,5250.0,10.645448706505872
Maruti Suzuki,Celerio-X,6,40000.0,Manual,first,Petrol,500000,Maruti Suzuki_Celerio-X,Mid,6666.666666666667,10.596659732783579
Maruti Suzuki,Omni,5,55846.0,Manual,second,Petrol,285000,Maruti Suzuki_Omni,Recent,11169.2,10.930371087745765
Hyundai,Grand i10 Nios,1,10000.0,Manual,second,Petrol,635000,Hyundai_Grand i10 Nios,New,10000.0,9.210440366976517
Honda,Amaze,8,86000.0,Manual,second,Hybrid/CNG,425000,Honda_Amaze,Mid,10750.0,11.362114203075018
Maruti Suzuki,800,16,70000.0,Manual,second,Petrol,80000,Maruti Suzuki_800,Old,4375.0,11.156264806643742
Hyundai,i20,2,31851.0,Manual,first,Petrol,647000,Hyundai_i20,New,15925.5,10.368855453377336
Honda,CRV,9,103000.0,Automatic,second,Hybrid/CNG,775000,Honda_CRV,Mid,11444.444444444445,11.542493975902508
Mercedes-Benz,C-Class,4,59001.0,Automatic,first,Diesel,3690000,Mercedes-Benz_C-Class,Recent,14750.25,10.985326620618407
Maruti Suzuki,Swift,13,130000.0,Manual,second,Petrol,310000,Maruti Suzuki_Swift,Old,10000.0,11.775297421715827
Mercedes-Benz,GLS,7,66000.0,Automatic,second,Diesel,5400000,Mercedes-Benz_GLS,Mid,9428.57142857143,11.097425172408931
Tata,Tiago,4,52252.0,Manual,first,Hybrid/CNG,340000,Tata_Tiago,Recent,13063.0,10.863852584446748
Honda,Civic,11,84000.0,Automatic,second,Petrol,400000,Honda_Civic,Old,7636.363636363636,11.338583982516495
Audi,Q3,5,44000.0,Automatic,first,Diesel,3200000,Audi_Q3,Recent,8800.0,10.691967639914864
Toyota,Etios,11,81530.0,Manual,second,Diesel,425000,Toyota_Etios,Old,7411.818181818182,11.308738595005508
Maruti Suzuki,Omni,7,57215.0,Automatic,first,Hybrid/CNG,245000,Maruti Suzuki_Omni,Mid,8173.571428571428,10.954588858533185
Hyundai,Eon,12,10000.0,Automatic,second,Petrol,140000,Hyundai_Eon,Old,833.3333333333334,9.210440366976517
Kia,Sonet,3,34000.0,Automatic,first,Hybrid/CNG,899000,Kia_Sonet,Recent,11333.333333333334,10.434145214930487
Ford,Ecosport,11,78300.0,Manual,first,Diesel,310000,Ford_Ecosport,Old,7118.181818181818,11.268315653289422
Kia,Seltos,2,30000.0,Automatic,first,Diesel,2075000,Kia_Seltos,New,15000.0,10.308985993422082
Volkswagen,Polo,7,94000.0,Automatic,second,Petrol,790000,Volkswagen_Polo,Mid,13428.57142857143,11.451060699493427
Hyundai,Santro Xing,21,130000.0,Manual,second,Petrol,75000,Hyundai_Santro Xing,Old,6190.476190476191,11.775297421715827
Honda,CRV,5,124000.0,Automatic,first,Petrol,1499000,Honda_CRV,Recent,24800.0,11.728044909070785
Hyundai,Eon,9,55000.0,Manual,second,Petrol,265000,Hyundai_Eon,Mid,6111.111111111111,10.915106645867503
Maruti Suzuki,Baleno,7,20300.0,Automatic,first,Petrol,525000,Maruti Suzuki_Baleno,Mid,2900.0,9.918425424900335
Honda,City,11,55000.0,Manual,second,Hybrid/CNG,310000,Honda_City,Old,5000.0,10.915106645867503
Maruti Suzuki,Swift-Dzire,9,60000.0,Manual,first,Diesel,420000,Maruti Suzuki_Swift-Dzire,Mid,6666.666666666667,11.002116507732017
Maruti Suzuki,Swift-Dzire,8,68000.0,Manual,first,Hybrid/CNG,365000,Maruti Suzuki_Swift-Dzire,Mid,8500.0,11.127277689932466
Maruti Suzuki,S-Presso,4,35000.0,Manual,first,Petrol,420000,Maruti Suzuki_S-Presso,Recent,8750.0,10.463131911491967
Maruti Suzuki,Ciaz,8,59000.0,Manual,first,Petrol,545000,Maruti Suzuki_Ciaz,Mid,7375.0,10.985309671896763
Mercedes-Benz,M-Class,12,129000.0,Automatic,first,Diesel,1750000,Mercedes-Benz_M-Class,Old,10750.0,11.767575435251748
Skoda,Slavia,2,22940.0,Manual,first,Petrol,1195000,Skoda_Slavia,New,11470.0,10.040680981712335
Fiat,Punto Pure,8,94000.0,Manual,second,Hybrid/CNG,221000,Fiat_Punto Pure,Mid,11750.0,11.451060699493427
Volkswagen,VentoTest,13,70000.0,Automatic,second,Hybrid/CNG,290000,Volkswagen_VentoTest,Old,5384.615384615385,11.156264806643742
Hyundai,Eon,11,56000.0,Manual,second,Petrol,195000,Hyundai_Eon,Old,5090.909090909091,10.933124826700707
Hyundai,Aura,3,49000.0,Manual,first,Diesel,790000,Hyundai_Aura,Recent,16333.333333333334,10.799595985047786
Toyota,2.8 Legender 4X2,0,6000.0,Automatic,first,Diesel,5495000,Toyota_2.8 Legender 4X2,New,6000.0,8.699681400989514
Maruti Suzuki,Celerio,10,65000.0,Manual,first,Petrol,270000,Maruti Suzuki_Celerio,Mid,6500.0,11.082157933374816
Volkswagen,Polo,13,152000.0,Manual,second,Diesel,370000,Volkswagen_Polo,Old,11692.307692307691,11.931642378754141
Renault,Duster,10,98000.0,Manual,second,Diesel,450000,Renault_Duster,Mid,9800.0,11.49273296168228
Jeep,Compass,3,32000.0,Automatic,first,Petrol,1899000,Jeep_Compass,Recent,10666.666666666666,10.373522431293592
Hyundai,Grand i10 Nios,3,55000.0,Manual,first,Hybrid/CNG,625000,Hyundai_Grand i10 Nios,Recent,18333.333333333332,10.915106645867503
Maruti Suzuki,Swift-Dzire,2,45000.0,Automatic,first,Hybrid/CNG,840000,Maruti Suzuki_Swift-Dzire,New,22500.0,10.714439990727769
Honda,Jazz,9,68000.0,Manual,second,Diesel,399000,Honda_Jazz,Mid,7555.555555555556,11.127277689932466
Maruti Suzuki,Celerio,7,62000.0,Automatic,first,Hybrid/CNG,411000,Maruti Suzuki_Celerio,Mid,8857.142857142857,11.034905792929415
ICML,Rhino Rx,14,65137.5,Manual,second,Diesel,195000,ICML_Rhino Rx,Old,4652.678571428572,11.084271051239332
Hyundai,i10,13,45000.0,Manual,second,Petrol,315000,Hyundai_i10,Old,3461.5384615384614,10.714439990727769
Mahindra,Thar,3,51000.0,Automatic,second,Diesel,1590000,Mahindra_Thar,Recent,17000.0,10.839600519357369
Renault,Duster,9,75000.0,Manual,second,Diesel,560000,Renault_Duster,Mid,8333.333333333334,11.225256725762893
Tata,Tigor,1,20000.0,Manual,second,Hybrid/CNG,730000,Tata_Tigor,New,20000.0,9.90353755128617
Maruti Suzuki,Wagon-R,5,45640.0,Manual,second,Petrol,460000,Maruti Suzuki_Wagon-R,Recent,9128.0,10.72856171434071
Hyundai,i10,13,71303.0,Automatic,second,Petrol,325000,Hyundai_i10,Old,5484.846153846154,11.174707705810553
Maruti Suzuki,Zen-Estilo,13,73500.0,Manual,first,Hybrid/CNG,70000,Maruti Suzuki_Zen-Estilo,Old,5653.846153846154,11.205054290550551
Hyundai,Grand i10,7,90001.0,Manual,first,Diesel,430000,Hyundai_Grand i10,Mid,12857.285714285714,11.407587171287714
Isuzu,D-Max V-Cross,2,15000.0,Automatic,first,Diesel,2000000,Isuzu_D-Max V-Cross,New,7500.0,9.61587214452889
Maruti Suzuki,Wagon-R,12,56000.0,Manual,first,Hybrid/CNG,195000,Maruti Suzuki_Wagon-R,Old,4666.666666666667,10.933124826700707
Hyundai,Creta,4,123000.0,Automatic,first,Petrol,1150000,Hyundai_Creta,Recent,30750.0,11.719947764402807
Toyota,Innova Hycross,0,1600.0,Automatic,first,Petrol,2285000,Toyota_Innova Hycross,New,1600.0,7.3783837129967145
Honda,City,10,87000.0,Manual,first,Diesel,495000,Honda_City,Mid,8700.0,11.373674891823535
Hyundai,Creta,7,67879.0,Manual,first,Diesel,730000,Hyundai_Creta,Mid,9697.0,11.125496719348163
Maruti Suzuki,Alto-800,4,72000.0,Automatic,second,Hybrid/CNG,375000,Maruti Suzuki_Alto-800,Recent,18000.0,11.184435286790631
Volkswagen,Polo,3,59000.0,Automatic,second,Petrol,1100000,Volkswagen_Polo,Recent,19666.666666666668,10.985309671896763
Honda,CRV,9,104000.0,Automatic,second,Hybrid/CNG,775000,Honda_CRV,Mid,11555.555555555555,11.552155793461898
Mercedes-Benz,C-Class,13,65000.0,Automatic,first,Diesel,1150000,Mercedes-Benz_C-Class,Old,5000.0,11.082157933374816
Jeep,Compass,7,80000.0,Manual,first,Diesel,850000,Jeep_Compass,Mid,11428.57142857143,11.289794413577894
Honda,City,9,78300.0,Automatic,first,Hybrid/CNG,611000,Honda_City,Mid,8700.0,11.268315653289422
Volkswagen,Polo,14,140000.0,Manual,second,Diesel,350000,Volkswagen_Polo,Old,10000.0,11.849404844423074
Volkswagen,Polo,8,75000.0,Automatic,second,Petrol,530000,Volkswagen_Polo,Mid,9375.0,11.225256725762893
Maruti Suzuki,Swift-Dzire,7,63000.0,Automatic,second,Hybrid/CNG,550000,Maruti Suzuki_Swift-Dzire,Mid,9000.0,11.050905878263567
Tata,Tiago,6,42000.0,Automatic,first,Hybrid/CNG,535000,Tata_Tiago,Mid,7000.0,10.645448706505872
Fiat,Punto,10,80000.0,Automatic,second,Petrol,179001,Fiat_Punto,Mid,8000.0,11.289794413577894
Mahindra,XUV500,11,81000.0,Manual,first,Diesel,571000,Mahindra_XUV500,Old,7363.636363636364,11.302216779257382
Maruti Suzuki,Swift-Dzire,7,65500.0,Automatic,first,Hybrid/CNG,550000,Maruti Suzuki_Swift-Dzire,Mid,9357.142857142857,11.089820688682373
Mahindra,Scorpio,8,67000.0,Manual,second,Diesel,675000,Mahindra_Scorpio,Mid,8375.0,11.112462823634855
Maruti Suzuki,Wagon-R,3,60000.0,Manual,first,Hybrid/CNG,510000,Maruti Suzuki_Wagon-R,Recent,20000.0,11.002116507732017
Toyota,Camry,11,90000.0,Automatic,first,Petrol,775000,Toyota_Camry,Old,8181.818181818182,11.407576060361786
Mercedes-Benz,C-Class,5,58000.0,Automatic,first,Diesel,2951000,Mercedes-Benz_C-Class,Recent,11600.0,10.968215530759236
Volvo,S60,11,56000.0,Automatic,second,Diesel,1250000,Volvo_S60,Old,5090.909090909091,10.933124826700707
Maruti Suzuki,Wagon R 1.0,3,89000.0,Manual,first,Hybrid/CNG,560000,Maruti Suzuki_Wagon R 1.0,Recent,29666.666666666668,11.39640288460621
Honda,New Accord,14,75000.0,Automatic,second,Hybrid/CNG,225000,Honda_New Accord,Old,5357.142857142857,11.225256725762893
Maruti Suzuki,Ertiga,4,51000.0,Automatic,second,Hybrid/CNG,950000,Maruti Suzuki_Ertiga,Recent,12750.0,10.839600519357369
Maruti Suzuki,Alto-800,15,70000.0,Manual,second,Petrol,130000,Maruti Suzuki_Alto-800,Old,4666.666666666667,11.156264806643742
Hyundai,Verna,10,71900.0,Automatic,second,Hybrid/CNG,450000,Hyundai_Verna,Mid,7190.0,11.183045451818261
Renault,KWID,7,22000.0,Manual,second,Petrol,285000,Renault_KWID,Mid,3142.8571428571427,9.99884318585288
Maruti Suzuki,Eeco,4,70000.0,Manual,second,Petrol,450000,Maruti Suzuki_Eeco,Recent,17500.0,11.156264806643742
Maruti Suzuki,Swift-Dzire,10,25500.0,Manual,first,Diesel,574000,Maruti Suzuki_Swift-Dzire,Mid,2550.0,10.146472946063877
Volkswagen,Polo,6,78000.0,Automatic,second,Petrol,775000,Volkswagen_Polo,Mid,13000.0,11.264476926102367
Toyota,Innova Crysta,4,75000.0,Automatic,first,Diesel,2000000,Toyota_Innova Crysta,Recent,18750.0,11.225256725762893
Maruti Suzuki,Baleno,3,17532.0,Manual,first,Petrol,704429,Maruti Suzuki_Baleno,Recent,5844.0,9.771840098470129
Ford,Figo,13,97000.0,Manual,second,Petrol,130000,Ford_Figo,Old,7461.538461538462,11.48247656671073
Honda,City,12,66000.0,Automatic,first,Hybrid/CNG,350000,Honda_City,Old,5500.0,11.097425172408931
Toyota,Innova Crysta,2,16800.0,Automatic,first,Diesel,3400000,Toyota_Innova Crysta,New,8400.0,9.729193687429403
Maruti Suzuki,Eeco,12,50000.0,Manual,second,Hybrid/CNG,275000,Maruti Suzuki_Eeco,Old,4166.666666666667,10.819798284210286
Maruti Suzuki,S-Cross1,7,69000.0,Manual,first,Diesel,499999,Maruti Suzuki_S-Cross1,Mid,9857.142857142857,11.141876276228
Skoda,Kushaq,3,34000.0,Manual,first,Petrol,1250000,Skoda_Kushaq,Recent,11333.333333333334,10.434145214930487
Jeep,Compass,7,78000.0,Automatic,first,Petrol,975000,Jeep_Compass,Mid,11142.857142857143,11.264476926102367
Audi,Q7,10,92000.0,Automatic,second,Diesel,1025000,Audi_Q7,Mid,9200.0,11.429554725537322
Volkswagen,Polo,7,130000.0,Automatic,second,Petrol,850000,Volkswagen_Polo,Mid,18571.428571428572,11.775297421715827
Hyundai,Santro,4,65000.0,Automatic,second,Hybrid/CNG,435000,Hyundai_Santro,Recent,16250.0,11.082157933374816
Maruti Suzuki,Baleno,6,19000.0,Manual,first,Petrol,525000,Maruti Suzuki_Baleno,Mid,3166.6666666666665,9.852246888342531
Hyundai,Grand i10 Nios,3,65900.0,Automatic,first,Hybrid/CNG,651000,Hyundai_Grand i10 Nios,Recent,21966.666666666668,11.095908894882296
Tata,Harrier,3,52000.0,Automatic,first,Petrol,2050000,Tata_Harrier,Recent,17333.333333333332,10.859018228147887
Maruti Suzuki,Wagon-R-1-0,12,65000.0,Manual,first,Petrol,195000,Maruti Suzuki_Wagon-R-1-0,Old,5416.666666666667,11.082157933374816
Maruti Suzuki,maruti-suzuki-dzire,7,84500.0,Manual,second,Diesel,490000,Maruti Suzuki_maruti-suzuki-dzire,Mid,12071.42857142857,11.344518647594766
Maruti Suzuki,Wagon-R,13,109500.0,Automatic,first,Hybrid/CNG,245000,Maruti Suzuki_Wagon-R,Old,8423.076923076924,11.603688960617083
BMW,3 Series,8,59000.0,Automatic,first,Diesel,1650000,BMW_3 Series,Mid,7375.0,10.985309671896763
Tata,Harrier,2,50000.0,Manual,first,Diesel,1750000,Tata_Harrier,New,25000.0,10.819798284210286
Maruti Suzuki,Wagon-R,8,89700.0,Manual,second,Petrol,369000,Maruti Suzuki_Wagon-R,Mid,11212.5,11.404237196256764
Maruti Suzuki,Wagon-R,1,35000.0,Automatic,first,Hybrid/CNG,750000,Maruti Suzuki_Wagon-R,New,35000.0,10.463131911491967
Honda,City,9,93000.0,Manual,first,Diesel,445000,Honda_City,Mid,10333.333333333334,11.440365524765756
Maruti Suzuki,Swift,17,25.0,Automatic,first,Hybrid/CNG,70000,Maruti Suzuki_Swift,Old,1.4705882352941178,3.258096538021482
Maruti Suzuki,Ciaz,7,51000.0,Automatic,first,Petrol,555000,Maruti Suzuki_Ciaz,Mid,7285.714285714285,10.839600519357369
Maruti Suzuki,Eeco,8,51000.0,Manual,second,Petrol,400000,Maruti Suzuki_Eeco,Mid,6375.0,10.839600519357369
Ford,Ecosport,11,73000.0,Manual,second,Diesel,395000,Ford_Ecosport,Old,6636.363636363636,11.19822841866684
Chevrolet,Beat,12,99000.0,Manual,second,Diesel,130000,Chevrolet_Beat,Old,8250.0,11.502885230075814
Maruti Suzuki,Wagon-R-1-0,8,95000.0,Manual,second,Hybrid/CNG,375000,Maruti Suzuki_Wagon-R-1-0,Mid,11875.0,11.461642696843066
Nissan,PATROL,12,32000.0,Automatic,second,Hybrid/CNG,270000,Nissan_PATROL,Old,2666.6666666666665,10.373522431293592
Maruti Suzuki,Wagon-R,5,76000.0,Manual,first,Hybrid/CNG,450000,Maruti Suzuki_Wagon-R,Recent,15200.0,11.23850177707664
Maruti Suzuki,Ertiga,4,64185.0,Manual,first,Hybrid/CNG,985000,Maruti Suzuki_Ertiga,Recent,16046.25,11.069540397361827
Hyundai,Elite i20,9,38000.0,Manual,second,Petrol,490000,Hyundai_Elite i20,Mid,4222.222222222223,10.545367754151743
Maruti Suzuki,Swift-Dzire,6,150000.0,Manual,first,Diesel,724999,Maruti Suzuki_Swift-Dzire,Mid,25000.0,11.918397239722838
Maruti Suzuki,Alto-800,5,75000.0,Manual,first,Hybrid/CNG,320000,Maruti Suzuki_Alto-800,Recent,15000.0,11.225256725762893
Mahindra,XUV500,12,133000.0,Manual,second,Diesel,500000,Mahindra_XUV500,Old,11083.333333333334,11.798111925972618
Mitsubishi,Pajero Sport,10,150000.0,Manual,second,Diesel,975000,Mitsubishi_Pajero Sport,Mid,15000.0,11.918397239722838
Ford,Ecosport,10,53000.0,Manual,first,Diesel,365000,Ford_Ecosport,Mid,5300.0,10.87806606028079
Maruti Suzuki,Alto,14,92000.0,Manual,second,Hybrid/CNG,105000,Maruti Suzuki_Alto,Old,6571.428571428572,11.429554725537322
Renault,KWID,4,45011.0,Manual,first,Petrol,375000,Renault_KWID,Recent,11252.75,10.714684399869888
Hyundai,i10,15,13570.0,Automatic,first,Hybrid/CNG,155000,Hyundai_i10,Old,904.6666666666666,9.51569044208137
Mahindra,Scorpio Classic,2,11000.0,Manual,first,Diesel,1768000,Mahindra_Scorpio Classic,New,5500.0,9.305741456739435
Maruti Suzuki,Ertiga,2,5000.0,Manual,first,Petrol,1060000,Maruti Suzuki_Ertiga,New,2500.0,8.517393171418904
Honda,Accord,13,64000.0,Automatic,second,Hybrid/CNG,444444,Honda_Accord,Old,4923.076923076923,11.06665398721974
Skoda,Rapid,11,75000.0,Automatic,first,Hybrid/CNG,295000,Skoda_Rapid,Old,6818.181818181818,11.225256725762893
Maruti Suzuki,Baleno,8,120000.0,Manual,first,Hybrid/CNG,590000,Maruti Suzuki_Baleno,Mid,15000.0,11.695255355062795
Hyundai,Eon,11,66500.0,Manual,first,Petrol,245000,Hyundai_Eon,Old,6045.454545454545,11.104972264124868
Maruti Suzuki,Eeco,1,20000.0,Manual,second,Hybrid/CNG,600000,Maruti Suzuki_Eeco,New,20000.0,9.90353755128617
Maruti Suzuki,Wagon-R,5,65000.0,Automatic,first,Petrol,600000,Maruti Suzuki_Wagon-R,Recent,13000.0,11.082157933374816
Mahindra,Scorpio,15,145000.0,Manual,first,Diesel,315000,Mahindra_Scorpio,Old,9666.666666666666,11.884495917930655
Chevrolet,Sail,11,77000.0,Manual,second,Hybrid/CNG,250000,Chevrolet_Sail,Old,7000.0,11.251573687764477
Hyundai,Eon,6,50000.0,Manual,first,Petrol,269991,Hyundai_Eon,Mid,8333.333333333334,10.819798284210286
Hyundai,Creta,6,88652.0,Manual,second,Diesel,785000,Hyundai_Creta,Mid,14775.333333333334,11.392485151877308
Hyundai,i20,7,37638.0,Manual,first,Diesel,580000,Hyundai_i20,Mid,5376.857142857143,10.535796025864991
Maruti Suzuki,Ertiga,0,3000.0,Manual,first,Hybrid/CNG,1199000,Maruti Suzuki_Ertiga,New,3000.0,8.006700845440367
Audi,Q3,7,65000.0,Automatic,second,Diesel,1690000,Audi_Q3,Mid,9285.714285714286,11.082157933374816
Maruti Suzuki,Celerio,6,42000.0,Automatic,second,Hybrid/CNG,550000,Maruti Suzuki_Celerio,Mid,7000.0,10.645448706505872
Maruti Suzuki,Baleno,6,66000.0,Automatic,second,Hybrid/CNG,535000,Maruti Suzuki_Baleno,Mid,11000.0,11.097425172408931
Audi,A6,12,119812.0,Automatic,second,Diesel,780000,Audi_A6,Old,9984.333333333334,11.693687472966564
Renault,Duster,8,64000.0,Manual,second,Diesel,325000,Renault_Duster,Mid,8000.0,11.06665398721974
Maruti Suzuki,Grand Vitara,1,9000.0,Manual,first,Petrol,1450000,Maruti Suzuki_Grand Vitara,New,9000.0,9.105090961257085
Mahindra,Scorpio,10,110000.0,Manual,second,Diesel,625000,Mahindra_Scorpio,Mid,11000.0,11.608244735642321
Maruti Suzuki,Wagon R 1.0,9,68000.0,Manual,first,Hybrid/CNG,380000,Maruti Suzuki_Wagon R 1.0,Mid,7555.555555555556,11.127277689932466
Volkswagen,Tiguan,0,1.0,Automatic,first,Petrol,3175000,Volkswagen_Tiguan,New,1.0,0.6931471805599453
Lexus,RX,6,132000.0,Automatic,first,Hybrid/CNG,3850000,Lexus_RX,Mid,22000.0,11.790564777297387
Hyundai,Creta,6,23000.0,Automatic,first,Petrol,1035111,Hyundai_Creta,Mid,3833.3333333333335,10.043292972227004
Hyundai,Xcent Prime,6,94000.0,Manual,second,Diesel,350000,Hyundai_Xcent Prime,Mid,15666.666666666666,11.451060699493427
Hyundai,Elite i20,5,91571.0,Manual,first,Petrol,681000,Hyundai_Elite i20,Recent,18314.2,11.424880827077633
Honda,BRV,6,32000.0,Manual,second,Hybrid/CNG,700000,Honda_BRV,Mid,5333.333333333333,10.373522431293592
Maruti Suzuki,Wagon-R-1-0,9,75000.0,Manual,first,Hybrid/CNG,349999,Maruti Suzuki_Wagon-R-1-0,Mid,8333.333333333334,11.225256725762893
Maruti Suzuki,Swift,13,68000.0,Automatic,second,Hybrid/CNG,165000,Maruti Suzuki_Swift,Old,5230.7692307692305,11.127277689932466
Maruti Suzuki,Ertiga,8,114000.0,Manual,second,Hybrid/CNG,619000,Maruti Suzuki_Ertiga,Mid,14250.0,11.643962499267984
Mahindra,Scorpio,6,85000.0,Manual,second,Diesel,1385000,Mahindra_Scorpio,Mid,14166.666666666666,11.350418300109132
Mercedes-Benz,GLC Class,3,47000.0,Automatic,first,Diesel,4500000,Mercedes-Benz_GLC Class,Recent,15666.666666666666,10.757924157061597
Maruti Suzuki,Vitara-Brezza,3,72375.0,Manual,first,Hybrid/CNG,690000,Maruti Suzuki_Vitara-Brezza,Recent,24125.0,11.189630031705578
Kia,Seltos,5,79000.0,Manual,second,Petrol,1095000,Kia_Seltos,Recent,15800.0,11.277215789596893
Maruti Suzuki,Eeco,8,152000.0,Automatic,second,Hybrid/CNG,380786,Maruti Suzuki_Eeco,Mid,19000.0,11.931642378754141
Maruti Suzuki,Jimny,1,5500.0,Manual,first,Petrol,955000,Maruti Suzuki_Jimny,New,5500.0,8.612685172875459
Hyundai,Verna,11,60000.0,Manual,second,Petrol,350000,Hyundai_Verna,Old,5454.545454545455,11.002116507732017
Maruti Suzuki,Wagon-R-1-0,1,56000.0,Automatic,first,Hybrid/CNG,560000,Maruti Suzuki_Wagon-R-1-0,New,56000.0,10.933124826700707
Maruti Suzuki,Baleno,7,65000.0,Automatic,second,Hybrid/CNG,570000,Maruti Suzuki_Baleno,Mid,9285.714285714286,11.082157933374816
Maruti Suzuki,Eeco,12,105000.0,Automatic,second,Hybrid/CNG,220000,Maruti Suzuki_Eeco,Old,8750.0,11.561725152903833
Volkswagen,Polo,8,37000.0,Automatic,second,Petrol,649000,Volkswagen_Polo,Mid,4625.0,10.518700218288165
Maruti Suzuki,Alto-K10,9,52000.0,Automatic,second,Hybrid/CNG,349000,Maruti Suzuki_Alto-K10,Mid,5777.777777777777,10.859018228147887
Toyota,Corolla Altis,9,54419.0,Manual,second,Hybrid/CNG,699000,Toyota_Corolla Altis,Mid,6046.555555555556,10.904487012337237
Mahindra,Scorpio,8,90000.0,Manual,second,Diesel,1040000,Mahindra_Scorpio,Mid,11250.0,11.407576060361786
Maruti Suzuki,Ertiga,5,64000.0,Automatic,second,Hybrid/CNG,820000,Maruti Suzuki_Ertiga,Recent,12800.0,11.06665398721974
Mahindra,XUV 300,5,85000.0,Automatic,first,Diesel,875000,Mahindra_XUV 300,Recent,17000.0,11.350418300109132
Hyundai,Creta,9,66698.0,Manual,second,Diesel,745000,Hyundai_Creta,Mid,7410.888888888889,11.107945239287579
Hyundai,New i20,4,47000.0,Manual,second,Diesel,750000,Hyundai_New i20,Recent,11750.0,10.757924157061597
Toyota,Urban Cruiser Hyryder,0,1900.0,Automatic,first,Hybrid/CNG,2125000,Toyota_Urban Cruiser Hyryder,New,1900.0,7.550135342488429
Toyota,Innova Crysta,6,150000.0,Manual,first,Diesel,1235000,Toyota_Innova Crysta,Mid,25000.0,11.918397239722838
Maruti Suzuki,Baleno,8,25000.0,Manual,first,Petrol,515000,Maruti Suzuki_Baleno,Mid,3125.0,10.12667110305036
Honda,WRV,7,56000.0,Manual,first,Diesel,480000,Honda_WRV,Mid,8000.0,10.933124826700707
Maruti Suzuki,Alto-800,7,54000.0,Manual,second,Hybrid/CNG,215000,Maruti Suzuki_Alto-800,Mid,7714.285714285715,10.896757843893464
Hyundai,Verna,0,8499.0,Automatic,first,Petrol,1574999,Hyundai_Verna,New,8499.0,9.047821442478408
Hyundai,Elite i20,6,63512.0,Manual,first,Petrol,555000,Hyundai_Elite i20,Mid,10585.333333333334,11.05899988833705
Maruti Suzuki,Wagon-R,8,57000.0,Automatic,first,Petrol,399000,Maruti Suzuki_Wagon-R,Mid,7125.0,10.950824090522445
Skoda,Fabia,14,88000.0,Automatic,second,Petrol,170000,Skoda_Fabia,Old,6285.714285714285,11.385103457032141
Hyundai,i10,11,62000.0,Manual,second,Hybrid/CNG,325000,Hyundai_i10,Old,5636.363636363636,11.034905792929415
Hyundai,Grand i10,9,53000.0,Automatic,first,Hybrid/CNG,429000,Hyundai_Grand i10,Mid,5888.888888888889,10.87806606028079
Skoda,Octavia,9,150000.0,Automatic,first,Diesel,899000,Skoda_Octavia,Mid,16666.666666666668,11.918397239722838
Maruti Suzuki,Alto,16,82000.0,Manual,second,Petrol,154000,Maruti Suzuki_Alto,Old,5125.0,11.314486721293981
Honda,Amaze,8,39000.0,Manual,second,Petrol,285000,Honda_Amaze,Mid,4875.0,10.571342565808699
Maruti Suzuki,Baleno,5,110000.0,Automatic,first,Petrol,475000,Maruti Suzuki_Baleno,Recent,22000.0,11.608244735642321
Maruti Suzuki,Omni,6,80000.0,Automatic,first,Hybrid/CNG,220000,Maruti Suzuki_Omni,Mid,13333.333333333334,11.289794413577894
Maruti Suzuki,Ertiga,10,75871.0,Manual,second,Hybrid/CNG,575000,Maruti Suzuki_Ertiga,Mid,7587.1,11.236802988865133
Hyundai,Creta,8,106000.0,Automatic,second,Diesel,985000,Hyundai_Creta,Mid,13250.0,11.571203807011969
Hyundai,i20,8,62000.0,Manual,second,Petrol,465000,Hyundai_i20,Mid,7750.0,11.034905792929415
Maruti Suzuki,Wagon-R-1-0,10,97000.0,Manual,second,Hybrid/CNG,300000,Maruti Suzuki_Wagon-R-1-0,Mid,9700.0,11.48247656671073
Maruti Suzuki,Wagon-R,12,146000.0,Manual,second,Hybrid/CNG,210000,Maruti Suzuki_Wagon-R,Old,12166.666666666666,11.891368749982085
Jeep,Compass,6,69000.0,Manual,first,Diesel,921000,Jeep_Compass,Mid,11500.0,11.141876276228
Honda,City,9,67000.0,Automatic,second,Hybrid/CNG,565000,Honda_City,Mid,7444.444444444444,11.112462823634855
Maruti Suzuki,S-Cross,5,53000.0,Manual,first,Diesel,700000,Maruti Suzuki_S-Cross,Recent,10600.0,10.87806606028079
Maruti Suzuki,Alto-800,9,81000.0,Automatic,second,Hybrid/CNG,255000,Maruti Suzuki_Alto-800,Mid,9000.0,11.302216779257382
Honda,City Hybrid eHEV,6,55000.0,Automatic,second,Petrol,690000,Honda_City Hybrid eHEV,Mid,9166.666666666666,10.915106645867503
Maruti Suzuki,Swift,13,111000.0,Manual,second,Diesel,330000,Maruti Suzuki_Swift,Old,8538.461538461539,11.6172944892629
Honda,City,12,96266.0,Manual,first,Petrol,395000,Honda_City,Old,8022.166666666667,11.474880859930582
Audi,A6,6,85000.0,Automatic,first,Diesel,2471000,Audi_A6,Mid,14166.666666666666,11.350418300109132
Mitsubishi,Pajero Sport,11,164000.0,Manual,first,Diesel,1200000,Mitsubishi_Pajero Sport,Old,14909.09090909091,12.00762780434872
Maruti Suzuki,Swift,6,78000.0,Manual,first,Diesel,499999,Maruti Suzuki_Swift,Mid,13000.0,11.264476926102367
Hyundai,Eon,12,49000.0,Manual,first,Petrol,185000,Hyundai_Eon,Old,4083.3333333333335,10.799595985047786
Hyundai,i10,14,76000.0,Manual,first,Petrol,285000,Hyundai_i10,Old,5428.571428571428,11.23850177707664
Maruti Suzuki,Ciaz,5,52000.0,Manual,second,Petrol,675000,Maruti Suzuki_Ciaz,Recent,10400.0,10.859018228147887
Hyundai,Grand i10,9,53000.0,Automatic,first,Hybrid/CNG,429000,Hyundai_Grand i10,Mid,5888.888888888889,10.87806606028079
Honda,Amaze,7,55000.0,Manual,first,Petrol,395000,Honda_Amaze,Mid,7857.142857142857,10.915106645867503
Toyota,Etios,8,50000.0,Manual,first,Hybrid/CNG,355000,Toyota_Etios,Mid,6250.0,10.819798284210286
Maruti Suzuki,Vitara Brezza,6,67000.0,Automatic,first,Diesel,695000,Maruti Suzuki_Vitara Brezza,Mid,11166.666666666666,11.112462823634855
BMW,X1,5,49000.0,Automatic,first,Diesel,2550000,BMW_X1,Recent,9800.0,10.799595985047786
Renault,KWID,8,85000.0,Manual,first,Hybrid/CNG,179000,Renault_KWID,Mid,10625.0,11.350418300109132
Maruti Suzuki,S-Presso,2,7253.0,Manual,first,Petrol,495000,Maruti Suzuki_S-Presso,New,3626.5,8.889308319842847
Mercedes-Benz,S-Class,10,74000.0,Automatic,second,Diesel,4475000,Mercedes-Benz_S-Class,Mid,7400.0,11.211833885608513
Hyundai,i20,9,35000.0,Manual,first,Diesel,570000,Hyundai_i20,Mid,3888.8888888888887,10.463131911491967
Maruti Suzuki,Ertiga,11,56000.0,Manual,second,Hybrid/CNG,475000,Maruti Suzuki_Ertiga,Old,5090.909090909091,10.933124826700707
Mahindra,XUV500,11,81453.0,Manual,first,Diesel,460000,Mahindra_XUV500,Old,7404.818181818182,11.307793722707704
Maruti Suzuki,Swift-Dzire,5,82000.0,Manual,first,Diesel,795000,Maruti Suzuki_Swift-Dzire,Recent,16400.0,11.314486721293981
Honda,CR-V,9,70000.0,Automatic,first,Hybrid/CNG,811000,Honda_CR-V,Mid,7777.777777777777,11.156264806643742
Mahindra,TUV,8,200000.0,Automatic,second,Diesel,420000,Mahindra_TUV,Mid,25000.0,12.206077645517674
Maruti Suzuki,Ertiga,5,63000.0,Automatic,second,Hybrid/CNG,820000,Maruti Suzuki_Ertiga,Recent,12600.0,11.050905878263567
Maruti Suzuki,Wagon-R,2,65000.0,Automatic,second,Hybrid/CNG,595000,Maruti Suzuki_Wagon-R,New,32500.0,11.082157933374816
Maruti Suzuki,Alto-800,9,73000.0,Manual,second,Petrol,230000,Maruti Suzuki_Alto-800,Mid,8111.111111111111,11.19822841866684
Honda,City,10,153000.0,Manual,first,Petrol,460000,Honda_City,Mid,15300.0,11.938199736300925
Maruti Suzuki,Celerio,9,55000.0,Manual,second,Hybrid/CNG,349000,Maruti Suzuki_Celerio,Mid,6111.111111111111,10.915106645867503
Hyundai,Xcent,9,85000.0,Manual,first,Petrol,295000,Hyundai_Xcent,Mid,9444.444444444445,11.350418300109132
Toyota,Innova Crysta,7,163000.0,Manual,first,Diesel,1779999,Toyota_Innova Crysta,Mid,23285.714285714286,12.001511614739405
Honda,City,14,86000.0,Manual,second,Hybrid/CNG,210000,Honda_City,Old,6142.857142857143,11.362114203075018
Hyundai,Creta,7,58789.0,Manual,first,Diesel,880000,Hyundai_Creta,Mid,8398.42857142857,10.9817270513963
Maruti Suzuki,Estilo,13,88000.0,Manual,first,Petrol,160000,Maruti Suzuki_Estilo,Old,6769.2307692307695,11.385103457032141
Maruti Suzuki,Celerio,5,78000.0,Manual,first,Hybrid/CNG,530000,Maruti Suzuki_Celerio,Recent,15600.0,11.264476926102367
Maruti Suzuki,Alto-K10,13,78000.0,Automatic,first,Hybrid/CNG,150000,Maruti Suzuki_Alto-K10,Old,6000.0,11.264476926102367
Maruti Suzuki,Baleno,6,66000.0,Automatic,second,Hybrid/CNG,515000,Maruti Suzuki_Baleno,Mid,11000.0,11.097425172408931
Maruti Suzuki,Alto-800,8,57000.0,Manual,first,Petrol,300000,Maruti Suzuki_Alto-800,Mid,7125.0,10.950824090522445
Nissan,Terrano,6,121000.0,Manual,first,Diesel,599000,Nissan_Terrano,Mid,20166.666666666668,11.703554089007538
Tata,Zest,9,76000.0,Manual,first,Diesel,299000,Tata_Zest,Mid,8444.444444444445,11.23850177707664
Volkswagen,Polo,11,100000.0,Manual,second,Diesel,230000,Volkswagen_Polo,Old,9090.90909090909,11.51293546492023
Renault,KWID,5,42000.0,Automatic,second,Hybrid/CNG,380000,Renault_KWID,Recent,8400.0,10.645448706505872
Hyundai,Verna,5,39000.0,Automatic,first,Hybrid/CNG,825000,Hyundai_Verna,Recent,7800.0,10.571342565808699
Mercedes-Benz,GL-Class,14,143000.0,Automatic,second,Diesel,1395000,Mercedes-Benz_GL-Class,Old,10214.285714285714,11.870606902224587
Land Rover,Discovery Sport,8,70000.0,Automatic,first,Diesel,3000000,Land Rover_Discovery Sport,Mid,8750.0,11.156264806643742
Maruti Suzuki,Alto-K10,6,58296.0,Automatic,first,Petrol,420000,Maruti Suzuki_Alto-K10,Mid,9716.0,10.97330591303859
Maruti Suzuki,Swift-Dzire,6,118000.0,Manual,second,Diesel,650000,Maruti Suzuki_Swift-Dzire,Mid,19666.666666666668,11.678448377988165
Toyota,Innova Hycross,1,38100.0,Automatic,first,Hybrid/CNG,3799000,Toyota_Innova Hycross,New,38100.0,10.547995807489514
Tata,Tigor,6,54750.0,Automatic,first,Hybrid/CNG,450000,Tata_Tigor,Mid,9125.0,10.91055091235213
Volkswagen,VentoTest,12,116000.0,Manual,first,Diesel,464000,Volkswagen_VentoTest,Old,9666.666666666666,11.661354090741
Hyundai,Creta,2,16000.0,Manual,first,Petrol,1300000,Hyundai_Creta,New,8000.0,9.680406499268875
Toyota,Fortuner,9,98000.0,Manual,second,Diesel,1545000,Toyota_Fortuner,Mid,10888.888888888889,11.49273296168228
Hyundai,i20,11,71000.0,Manual,second,Hybrid/CNG,425000,Hyundai_i20,Old,6454.545454545455,11.170449240431308
Maruti Suzuki,Sx4,15,99000.0,Manual,second,Hybrid/CNG,295000,Maruti Suzuki_Sx4,Old,6600.0,11.502885230075814
Mahindra,E-20,7,46550.0,Automatic,first,Petrol,222000,Mahindra_E-20,Mid,6650.0,10.748303764751594
Maruti Suzuki,Alto-800,8,72000.0,Manual,second,Hybrid/CNG,245000,Maruti Suzuki_Alto-800,Mid,9000.0,11.184435286790631
Toyota,Innova Crysta,6,200000.0,Automatic,second,Diesel,1850000,Toyota_Innova Crysta,Mid,33333.333333333336,12.206077645517674
Honda,City,7,70000.0,Automatic,second,Hybrid/CNG,775000,Honda_City,Mid,10000.0,11.156264806643742
Maruti Suzuki,Swift,9,32000.0,Manual,first,Petrol,495000,Maruti Suzuki_Swift,Mid,3555.5555555555557,10.373522431293592
Honda,City,5,78000.0,Automatic,second,Hybrid/CNG,810000,Honda_City,Recent,15600.0,11.264476926102367
Bajaj,RE60,17,1500.0,Automatic,first,Hybrid/CNG,370000,Bajaj_RE60,Old,88.23529411764706,7.313886831633462
Volvo,XC60,2,32000.0,Automatic,first,Petrol,6300000,Volvo_XC60,New,16000.0,10.373522431293592
Hyundai,i20,8,57000.0,Manual,second,Petrol,575000,Hyundai_i20,Mid,7125.0,10.950824090522445
Honda,City,13,70000.0,Automatic,second,Hybrid/CNG,331000,Honda_City,Old,5384.615384615385,11.156264806643742
Kia,Seltos,2,8690.0,Manual,first,Petrol,1495000,Kia_Seltos,New,4345.0,9.07004328643746
Maruti Suzuki,Wagon-R-1-0,2,21878.0,Manual,first,Hybrid/CNG,640000,Maruti Suzuki_Wagon-R-1-0,New,10939.0,9.993282551652342
Maruti Suzuki,Ertiga,5,65000.0,Automatic,second,Hybrid/CNG,820000,Maruti Suzuki_Ertiga,Recent,13000.0,11.082157933374816
Maruti Suzuki,Omni,15,46000.0,Automatic,second,Hybrid/CNG,165000,Maruti Suzuki_Omni,Old,3066.6666666666665,10.736418414365376
Ford,Figo,7,102500.0,Manual,first,Diesel,400000,Ford_Figo,Mid,14642.857142857143,11.537627833610571
Ford,Ecosport,6,77000.0,Manual,first,Petrol,720000,Ford_Ecosport,Mid,12833.333333333334,11.251573687764477
Hyundai,Grand i10,7,76000.0,Manual,first,Petrol,460000,Hyundai_Grand i10,Mid,10857.142857142857,11.23850177707664
Kia,Sonet,1,8100.0,Automatic,first,Petrol,1175000,Kia_Sonet,New,8100.0,8.999742789830492
Tata,Tiago,3,19000.0,Automatic,first,Petrol,665000,Tata_Tiago,Recent,6333.333333333333,9.852246888342531
Mahindra,XUV500,10,80000.0,Manual,second,Diesel,475000,Mahindra_XUV500,Mid,8000.0,11.289794413577894
Mahindra,XUV500,9,90000.0,Manual,first,Diesel,475000,Mahindra_XUV500,Mid,10000.0,11.407576060361786
Volkswagen,Polo,5,72000.0,Manual,first,Petrol,690000,Volkswagen_Polo,Recent,14400.0,11.184435286790631
Audi,Q7,7,85000.0,Automatic,first,Diesel,2698000,Audi_Q7,Mid,12142.857142857143,11.350418300109132
Hyundai,Aura,1,1234.0,Automatic,first,Hybrid/CNG,250000,Hyundai_Aura,New,1234.0,7.118826249062078
Toyota,Corolla Altis,13,71000.0,Automatic,second,Petrol,345000,Toyota_Corolla Altis,Old,5461.538461538462,11.170449240431308
Renault,New Duster,11,85000.0,Manual,second,Diesel,311000,Renault_New Duster,Old,7727.272727272727,11.350418300109132
Maruti Suzuki,Ignis,3,42000.0,Automatic,first,Hybrid/CNG,540000,Maruti Suzuki_Ignis,Recent,14000.0,10.645448706505872
Land Rover,Range Rover Evoque,7,90000.0,Automatic,first,Diesel,3100000,Land Rover_Range Rover Evoque,Mid,12857.142857142857,11.407576060361786
Skoda,Rapid,12,70000.0,Manual,second,Diesel,299000,Skoda_Rapid,Old,5833.333333333333,11.156264806643742
Hyundai,i10,15,170000.0,Manual,second,Petrol,179000,Hyundai_i10,Old,11333.333333333334,12.04355959836804
Tata,Tiago,6,68000.0,Automatic,first,Petrol,399000,Tata_Tiago,Mid,11333.333333333334,11.127277689932466
Maruti Suzuki,Wagon-R,4,72500.0,Manual,first,Hybrid/CNG,425000,Maruti Suzuki_Wagon-R,Recent,18125.0,11.19135563385109
Hyundai,Grand i10,8,70000.0,Manual,first,Hybrid/CNG,425000,Hyundai_Grand i10,Mid,8750.0,11.156264806643742
Mahindra,XUV500,12,110000.0,Manual,second,Diesel,740000,Mahindra_XUV500,Old,9166.666666666666,11.608244735642321
Maruti Suzuki,Celerio,7,80000.0,Automatic,second,Hybrid/CNG,450000,Maruti Suzuki_Celerio,Mid,11428.57142857143,11.289794413577894
Hyundai,Grand i10,6,65000.0,Manual,second,Petrol,465000,Hyundai_Grand i10,Mid,10833.333333333334,11.082157933374816
Honda,Jazz,7,57000.0,Automatic,second,Hybrid/CNG,535000,Honda_Jazz,Mid,8142.857142857143,10.950824090522445
Maruti Suzuki,Baleno,8,77000.0,Automatic,second,Hybrid/CNG,489999,Maruti Suzuki_Baleno,Mid,9625.0,11.251573687764477
Hyundai,i10,12,20000.0,Automatic,second,Petrol,210000,Hyundai_i10,Old,1666.6666666666667,9.90353755128617
Maruti Suzuki,Celerio,6,92000.0,Automatic,second,Petrol,425000,Maruti Suzuki_Celerio,Mid,15333.333333333334,11.429554725537322
Honda,WRV,2,29000.0,Manual,first,Petrol,950000,Honda_WRV,New,14500.0,10.275085591132715
Hyundai,Xcent,10,65000.0,Manual,second,Hybrid/CNG,410000,Hyundai_Xcent,Mid,6500.0,11.082157933374816
Mahindra,Ssangyong-Rexton,11,115000.0,Automatic,first,Diesel,669888,Mahindra_Ssangyong-Rexton,Old,10454.545454545454,11.652696102959753
Hyundai,i20,6,65000.0,Manual,first,Petrol,475000,Hyundai_i20,Mid,10833.333333333334,11.082157933374816
Maruti Suzuki,Celerio,8,45000.0,Automatic,second,Petrol,325000,Maruti Suzuki_Celerio,Mid,5625.0,10.714439990727769
Tata,Tiago,4,37000.0,Automatic,second,Petrol,435000,Tata_Tiago,Recent,9250.0,10.518700218288165
Hyundai,Venue,4,92000.0,Manual,first,Diesel,960000,Hyundai_Venue,Recent,23000.0,11.429554725537322
Volkswagen,Tiguan,6,141000.0,Automatic,second,Diesel,1699999,Volkswagen_Tiguan,Mid,23500.0,11.856522261533737
Maruti Suzuki,Vitara-Brezza,4,78000.0,Automatic,first,Diesel,980000,Maruti Suzuki_Vitara-Brezza,Recent,19500.0,11.264476926102367
Maruti Suzuki,Ertiga,7,92000.0,Manual,first,Diesel,599000,Maruti Suzuki_Ertiga,Mid,13142.857142857143,11.429554725537322
Maruti Suzuki,Celerio,5,86000.0,Manual,first,Hybrid/CNG,390000,Maruti Suzuki_Celerio,Recent,17200.0,11.362114203075018
Maruti Suzuki,S-Cross,9,135000.0,Manual,first,Diesel,640000,Maruti Suzuki_S-Cross,Mid,15000.0,11.813037464800539
Maruti Suzuki,Swift-Dzire,7,180000.0,Automatic,first,Hybrid/CNG,260000,Maruti Suzuki_Swift-Dzire,Mid,25714.285714285714,12.100717685412471
Ford,Ecosport,10,82000.0,Manual,first,Diesel,450000,Ford_Ecosport,Mid,8200.0,11.314486721293981
Mercedes-Benz,M-Class,11,81000.0,Automatic,second,Diesel,1599000,Mercedes-Benz_M-Class,Old,7363.636363636364,11.302216779257382
Maruti Suzuki,Alto-K10,10,89000.0,Manual,first,Petrol,250000,Maruti Suzuki_Alto-K10,Mid,8900.0,11.39640288460621
Toyota,Glanza,5,28000.0,Automatic,first,Petrol,625000,Toyota_Glanza,Recent,5600.0,10.239995502805316
Maruti Suzuki,Swift,9,59000.0,Manual,second,Petrol,451000,Maruti Suzuki_Swift,Mid,6555.555555555556,10.985309671896763
Maruti Suzuki,Swift,12,60000.0,Manual,second,Diesel,250000,Maruti Suzuki_Swift,Old,5000.0,11.002116507732017
Toyota,Corolla Altis,11,65000.0,Manual,first,Petrol,329000,Toyota_Corolla Altis,Old,5909.090909090909,11.082157933374816
Hyundai,Grand i10 Prime,9,30.0,Automatic,second,Hybrid/CNG,280000,Hyundai_Grand i10 Prime,Mid,3.3333333333333335,3.4339872044851463
Tata,Altroz,2,23000.0,Manual,first,Diesel,950000,Tata_Altroz,New,11500.0,10.043292972227004
Land Rover,Freelander 2,11,99000.0,Automatic,second,Diesel,875000,Land Rover_Freelander 2,Old,9000.0,11.502885230075814
Maruti Suzuki,Wagon-R-1-0,7,85000.0,Automatic,second,Hybrid/CNG,265000,Maruti Suzuki_Wagon-R-1-0,Mid,12142.857142857143,11.350418300109132
Maruti Suzuki,Ertiga,5,67999.0,Manual,first,Hybrid/CNG,963000,Maruti Suzuki_Ertiga,Recent,13599.8,11.127262984158243
Maruti Suzuki,Swift,15,78500.0,Manual,second,Petrol,119000,Maruti Suzuki_Swift,Old,5233.333333333333,11.270866642542865
Renault,Triber,4,28000.0,Manual,first,Petrol,589000,Renault_Triber,Recent,7000.0,10.239995502805316
Maruti Suzuki,Celerio,7,64000.0,Automatic,second,Hybrid/CNG,320000,Maruti Suzuki_Celerio,Mid,9142.857142857143,11.06665398721974
Hyundai,New Elantra,10,64000.0,Manual,second,Petrol,459000,Hyundai_New Elantra,Mid,6400.0,11.06665398721974
Maruti Suzuki,Alto-K10,8,75000.0,Automatic,second,Hybrid/CNG,260000,Maruti Suzuki_Alto-K10,Mid,9375.0,11.225256725762893
Mercedes-Benz,E-Class,12,54000.0,Automatic,second,Petrol,875000,Mercedes-Benz_E-Class,Old,4500.0,10.896757843893464
Maruti Suzuki,Alto-800,11,75000.0,Manual,first,Hybrid/CNG,235000,Maruti Suzuki_Alto-800,Old,6818.181818181818,11.225256725762893
Maruti Suzuki,Wagon-R,6,85000.0,Manual,second,Petrol,390000,Maruti Suzuki_Wagon-R,Mid,14166.666666666666,11.350418300109132
Maruti Suzuki,Ertiga,2,25000.0,Manual,first,Hybrid/CNG,1140000,Maruti Suzuki_Ertiga,New,12500.0,10.12667110305036
Maruti Suzuki,Dzire,1,1234.0,Manual,first,Hybrid/CNG,250000,Maruti Suzuki_Dzire,New,1234.0,7.118826249062078
BMW,X1,5,90000.0,Automatic,second,Diesel,1900000,BMW_X1,Recent,18000.0,11.407576060361786
Mahindra,Bolero,3,48000.0,Manual,first,Diesel,950000,Mahindra_Bolero,Recent,16000.0,10.778977123006351
Honda,City,10,58000.0,Automatic,first,Hybrid/CNG,460000,Honda_City,Mid,5800.0,10.968215530759236
Maruti Suzuki,Omni,5,31000.0,Manual,first,Petrol,325000,Maruti Suzuki_Omni,Recent,6200.0,10.34177474101152
Toyota,Fortuner,10,144000.0,Manual,first,Diesel,1500000,Toyota_Fortuner,Mid,14400.0,11.87757552297847
Toyota,Innova Crysta,8,145000.0,Automatic,first,Diesel,1820000,Toyota_Innova Crysta,Mid,18125.0,11.884495917930655
Hyundai,Creta,7,118000.0,Automatic,second,Diesel,899000,Hyundai_Creta,Mid,16857.14285714286,11.678448377988165
Hyundai,Grand i10,5,65473.0,Manual,first,Hybrid/CNG,525000,Hyundai_Grand i10,Recent,13094.6,11.089408396254315
Hyundai,Grand i10,9,59000.0,Automatic,second,Hybrid/CNG,480000,Hyundai_Grand i10,Mid,6555.555555555556,10.985309671896763
Hyundai,Verna,11,99000.0,Manual,first,Diesel,450000,Hyundai_Verna,Old,9000.0,11.502885230075814
Maruti Suzuki,Ertiga,11,85000.0,Manual,first,Diesel,470000,Maruti Suzuki_Ertiga,Old,7727.272727272727,11.350418300109132
Maruti Suzuki,Alto-K10,1,51000.0,Manual,first,Hybrid/CNG,550000,Maruti Suzuki_Alto-K10,New,51000.0,10.839600519357369
Mahindra,XUV500,6,83000.0,Manual,first,Diesel,1175000,Mahindra_XUV500,Mid,13833.333333333334,11.326607934898927
Hyundai,i10,15,73000.0,Automatic,second,Hybrid/CNG,260000,Hyundai_i10,Old,4866.666666666667,11.19822841866684
Maruti Suzuki,Wagon-R,3,35312.0,Manual,first,Hybrid/CNG,595000,Maruti Suzuki_Wagon-R,Recent,11770.666666666666,10.47200644708059
Maruti Suzuki,XL6,3,26716.0,Manual,first,Petrol,1065000,Maruti Suzuki_XL6,Recent,8905.333333333334,10.19305534589812
Honda,WRV,7,36000.0,Manual,first,Petrol,680000,Honda_WRV,Mid,5142.857142857143,10.491301994830229
Maruti Suzuki,Swift,3,52000.0,Automatic,first,Hybrid/CNG,649000,Maruti Suzuki_Swift,Recent,17333.333333333332,10.859018228147887
Honda,City,15,91000.0,Automatic,second,Hybrid/CNG,96000,Honda_City,Old,6066.666666666667,11.418625774449598
Maruti Suzuki,Swift,10,90000.0,Manual,second,Diesel,420000,Maruti Suzuki_Swift,Mid,9000.0,11.407576060361786
Hyundai,Grand i10,5,65000.0,Manual,second,Petrol,432000,Hyundai_Grand i10,Recent,13000.0,11.082157933374816
Toyota,Innova Hycross,1,33000.0,Automatic,first,Hybrid/CNG,3600000,Toyota_Innova Hycross,New,33000.0,10.404293143019792
Renault,Duster,7,43000.0,Manual,second,Diesel,451500,Renault_Duster,Mid,6142.857142857143,10.668978650219241
Hyundai,Creta,8,205828.0,Manual,first,Diesel,700000,Hyundai_Creta,Mid,25728.5,12.234801005962971
Mitsubishi,Pajero Sport,9,135000.0,Automatic,second,Diesel,950000,Mitsubishi_Pajero Sport,Mid,15000.0,11.813037464800539
Chevrolet,Beat,12,76000.0,Manual,second,Diesel,138000,Chevrolet_Beat,Old,6333.333333333333,11.23850177707664
Maruti Suzuki,Ritz,8,172000.0,Manual,first,Diesel,325000,Maruti Suzuki_Ritz,Mid,21500.0,12.055255569732177
Maruti Suzuki,Eeco,12,100212.0,Automatic,second,Hybrid/CNG,241000,Maruti Suzuki_Eeco,Old,8351.0,11.51505319973629
Maruti Suzuki,Alto-K10,9,52000.0,Automatic,second,Hybrid/CNG,350000,Maruti Suzuki_Alto-K10,Mid,5777.777777777777,10.859018228147887
Maruti Suzuki,Alto-K10,9,23000.0,Manual,second,Petrol,249999,Maruti Suzuki_Alto-K10,Mid,2555.5555555555557,10.043292972227004
Toyota,Fortuner,11,143000.0,Automatic,first,Diesel,1425000,Toyota_Fortuner,Old,13000.0,11.870606902224587
Toyota,Innova Crysta,8,147000.0,Manual,second,Diesel,1499000,Toyota_Innova Crysta,Mid,18375.0,11.898194668458823
Honda,Civic,17,96000.0,Automatic,second,Hybrid/CNG,147000,Honda_Civic,Old,5647.058823529412,11.472113887062386
Hyundai,Santro,17,42000.0,Manual,second,Petrol,135000,Hyundai_Santro,Old,2470.5882352941176,10.645448706505872
Tata,Nexon,5,90000.0,Automatic,second,Hybrid/CNG,650000,Tata_Nexon,Recent,18000.0,11.407576060361786
Maruti Suzuki,800,19,97000.0,Manual,second,Petrol,110000,Maruti Suzuki_800,Old,5105.263157894737,11.48247656671073
Nissan,Micra,7,70805.0,Automatic,second,Petrol,483000,Nissan_Micra,Mid,10115.0,11.167699021853803
Honda,Amaze,6,61000.0,Manual,first,Diesel,549000,Honda_Amaze,Mid,10166.666666666666,11.0186455364637
Porsche,Cayenne,13,60000.0,Automatic,second,Petrol,2399000,Porsche_Cayenne,Old,4615.384615384615,11.002116507732017
Maruti Suzuki,Celerio,5,41000.0,Automatic,first,Hybrid/CNG,511000,Maruti Suzuki_Celerio,Recent,8200.0,10.62135173563291
Maruti Suzuki,Alto-K10,8,41000.0,Manual,first,Petrol,325000,Maruti Suzuki_Alto-K10,Mid,5125.0,10.62135173563291
Hyundai,EON,11,32000.0,Manual,first,Petrol,240000,Hyundai_EON,Old,2909.090909090909,10.373522431293592
Hyundai,Elite i20,5,35000.0,Manual,first,Petrol,465000,Hyundai_Elite i20,Recent,7000.0,10.463131911491967
Volkswagen,Vento,10,40000.0,Automatic,first,Petrol,475000,Volkswagen_Vento,Mid,4000.0,10.596659732783579
Maruti Suzuki,Alto-800,10,36000.0,Automatic,first,Hybrid/CNG,260000,Maruti Suzuki_Alto-800,Mid,3600.0,10.491301994830229
Skoda,Superb,6,19788.0,Automatic,second,Petrol,1750000,Skoda_Superb,Mid,3298.0,9.892881506748903
Hyundai,Elite i20,8,50000.0,Manual,first,Petrol,540000,Hyundai_Elite i20,Mid,6250.0,10.819798284210286
Maruti Suzuki,Eeco,3,40000.0,Automatic,first,Hybrid/CNG,440000,Maruti Suzuki_Eeco,Recent,13333.333333333334,10.596659732783579
Maruti Suzuki,Baleno,2,51000.0,Manual,first,Hybrid/CNG,800000,Maruti Suzuki_Baleno,New,25500.0,10.839600519357369
Maruti Suzuki,Swift-Dzire,10,120000.0,Manual,first,Diesel,475000,Maruti Suzuki_Swift-Dzire,Mid,12000.0,11.695255355062795
Mahindra,Thar,3,50922.0,Automatic,second,Diesel,1645000,Mahindra_Thar,Recent,16974.0,10.838069966882449
Maruti Suzuki,Baleno,6,65000.0,Automatic,second,Hybrid/CNG,565000,Maruti Suzuki_Baleno,Mid,10833.333333333334,11.082157933374816
Honda,City,7,70000.0,Automatic,first,Petrol,810000,Honda_City,Mid,10000.0,11.156264806643742
Maruti Suzuki,Wagon-R,9,46545.0,Manual,first,Petrol,425000,Maruti Suzuki_Wagon-R,Mid,5171.666666666667,10.74819634990461
Maruti Suzuki,Celerio,7,45000.0,Automatic,second,Hybrid/CNG,350000,Maruti Suzuki_Celerio,Mid,6428.571428571428,10.714439990727769
Hyundai,Venue,5,90208.0,Manual,first,Diesel,800000,Hyundai_Venue,Recent,18041.6,11.409884479343704
Maruti Suzuki,Swift-Dzire,8,50470.0,Manual,first,Petrol,500000,Maruti Suzuki_Swift-Dzire,Mid,6308.75,10.829154192888762
Mercedes-Benz,E-Class,9,130000.0,Automatic,first,Diesel,1875000,Mercedes-Benz_E-Class,Mid,14444.444444444445,11.775297421715827
Maruti Suzuki,Swift-Dzire,13,77500.0,Manual,second,Petrol,235000,Maruti Suzuki_Swift-Dzire,Old,5961.538461538462,11.258046118484
Hyundai,Grand i10,5,40000.0,Automatic,second,Hybrid/CNG,525000,Hyundai_Grand i10,Recent,8000.0,10.596659732783579
Maruti Suzuki,Baleno,5,66510.0,Automatic,first,Petrol,690000,Maruti Suzuki_Baleno,Recent,13302.0,11.10512262649847
Volkswagen,Polo,12,61000.0,Manual,second,Petrol,260000,Volkswagen_Polo,Old,5083.333333333333,11.0186455364637
Honda,Jazz,7,65900.0,Manual,second,Petrol,585000,Honda_Jazz,Mid,9414.285714285714,11.095908894882296
Maruti Suzuki,Swift Dzire,7,77000.0,Manual,second,Diesel,600000,Maruti Suzuki_Swift Dzire,Mid,11000.0,11.251573687764477
Toyota,Innova Hycross,1,17000.0,Automatic,first,Hybrid/CNG,3750000,Toyota_Innova Hycross,New,17000.0,9.741027444837728
Maruti Suzuki,Alto,18,90000.0,Manual,second,Petrol,70000,Maruti Suzuki_Alto,Old,5000.0,11.407576060361786
Mercedes-Benz,C-Class,8,80000.0,Automatic,second,Diesel,1900000,Mercedes-Benz_C-Class,Mid,10000.0,11.289794413577894
Hyundai,i10,10,79609.0,Manual,first,Petrol,400000,Hyundai_i10,Mid,7960.9,11.284894992082624
Hyundai,Xcent Prime,5,60000.0,Manual,first,Hybrid/CNG,425000,Hyundai_Xcent Prime,Recent,12000.0,11.002116507732017
Maruti Suzuki,Celerio,8,62477.0,Manual,second,Hybrid/CNG,295000,Maruti Suzuki_Celerio,Mid,7809.625,11.04256977375795
Hyundai,New i20,3,34500.0,Automatic,first,Petrol,795000,Hyundai_New i20,Recent,11500.0,10.448743588106625
Honda,Brio,12,75000.0,Manual,first,Petrol,260000,Honda_Brio,Old,6250.0,11.225256725762893
Maruti Suzuki,Wagon-R,16,1.0,Manual,second,Hybrid/CNG,135000,Maruti Suzuki_Wagon-R,Old,0.0625,0.6931471805599453
Maruti Suzuki,maruti-suzuki-dzire,5,49000.0,Automatic,first,Petrol,660000,Maruti Suzuki_maruti-suzuki-dzire,Recent,9800.0,10.799595985047786
Maruti Suzuki,Wagon-R,8,95000.0,Automatic,second,Hybrid/CNG,264999,Maruti Suzuki_Wagon-R,Mid,11875.0,11.461642696843066
Ford,Endeavour,8,88000.0,Automatic,first,Diesel,2700000,Ford_Endeavour,Mid,11000.0,11.385103457032141
Maruti Suzuki,Eeco,2,49000.0,Manual,first,Hybrid/CNG,565000,Maruti Suzuki_Eeco,New,24500.0,10.799595985047786
Kia,Seltos,4,65000.0,Manual,first,Diesel,985000,Kia_Seltos,Recent,16250.0,11.082157933374816
Hyundai,Elantra,7,37000.0,Automatic,first,Petrol,1240000,Hyundai_Elantra,Mid,5285.714285714285,10.518700218288165
Hyundai,Grand i10 Nios,4,54000.0,Automatic,first,Hybrid/CNG,625000,Hyundai_Grand i10 Nios,Recent,13500.0,10.896757843893464
Toyota,Urban Cruiser,2,30000.0,Automatic,first,Petrol,1090000,Toyota_Urban Cruiser,New,15000.0,10.308985993422082
Mahindra,Thar,9,46000.0,Manual,second,Diesel,725000,Mahindra_Thar,Mid,5111.111111111111,10.736418414365376
Toyota,Glanza,5,28146.0,Manual,first,Petrol,650000,Toyota_Glanza,Recent,5629.2,10.245196055952587
Mercedes-Benz,GLC,8,93000.0,Automatic,first,Diesel,2800000,Mercedes-Benz_GLC,Mid,11625.0,11.440365524765756
Tata,Harrier,3,129000.0,Automatic,first,Diesel,1650000,Tata_Harrier,Recent,43000.0,11.767575435251748
Isuzu,MUX,5,99156.0,Automatic,first,Diesel,1950000,Isuzu_MUX,Recent,19831.2,11.504459731556729
Maruti Suzuki,Swift-Dzire,6,70000.0,Automatic,first,Petrol,560000,Maruti Suzuki_Swift-Dzire,Mid,11666.666666666666,11.156264806643742
Maruti Suzuki,Alto-800,11,24500.0,Manual,first,Petrol,199000,Maruti Suzuki_Alto-800,Old,2227.2727272727275,10.106469212026385
Mahindra,XUV 300,5,65000.0,Manual,first,Diesel,975000,Mahindra_XUV 300,Recent,13000.0,11.082157933374816
Maruti Suzuki,Ertiga,1,30000.0,Automatic,first,Hybrid/CNG,1190000,Maruti Suzuki_Ertiga,New,30000.0,10.308985993422082
Maruti Suzuki,Eeco,2,55000.0,Automatic,second,Hybrid/CNG,550000,Maruti Suzuki_Eeco,New,27500.0,10.915106645867503
Audi,Q7,7,99000.0,Automatic,first,Diesel,2800000,Audi_Q7,Mid,14142.857142857143,11.502885230075814
Hyundai,Creta,4,35000.0,Automatic,first,Petrol,1190000,Hyundai_Creta,Recent,8750.0,10.463131911491967
Hyundai,Venue,1,27000.0,Automatic,first,Petrol,1250000,Hyundai_Venue,New,27000.0,10.203629181337648
Hyundai,Creta,8,55000.0,Manual,second,Petrol,675000,Hyundai_Creta,Mid,6875.0,10.915106645867503
Maruti Suzuki,Swift,10,76000.0,Manual,first,Diesel,470000,Maruti Suzuki_Swift,Mid,7600.0,11.23850177707664
Maruti Suzuki,Omni,11,107968.0,Manual,second,Hybrid/CNG,180000,Maruti Suzuki_Omni,Old,9815.272727272728,11.589599427866304
Tata,Safari,3,51000.0,Automatic,second,Diesel,1790000,Tata_Safari,Recent,17000.0,10.839600519357369
Hyundai,i10,12,79810.0,Manual,second,Hybrid/CNG,200000,Hyundai_i10,Old,6650.833333333333,11.287416618549733
Maruti Suzuki,Eeco,2,20000.0,Manual,first,Petrol,485000,Maruti Suzuki_Eeco,New,10000.0,9.90353755128617
Hyundai,Santro,22,28000.0,Manual,first,Petrol,160000,Hyundai_Santro,Old,1272.7272727272727,10.239995502805316
Kia,Sonet,4,32000.0,Automatic,second,Diesel,1125000,Kia_Sonet,Recent,8000.0,10.373522431293592
Hyundai,Verna,11,96000.0,Manual,first,Diesel,425000,Hyundai_Verna,Old,8727.272727272728,11.472113887062386
Hyundai,Xcent Prime,6,156000.0,Manual,first,Hybrid/CNG,350000,Hyundai_Xcent Prime,Mid,26000.0,11.957617696467539
Maruti Suzuki,Alto-800,7,55125.0,Manual,first,Petrol,265000,Maruti Suzuki_Alto-800,Mid,7875.0,10.917376753174178
MG,ASTOR,2,67000.0,Automatic,second,Hybrid/CNG,1150000,MG_ASTOR,New,33500.0,11.112462823634855
Honda,City,8,74381.0,Automatic,first,Hybrid/CNG,599999,Honda_City,Mid,9297.625,11.216969256066202
Tata,Nexon,3,33000.0,Manual,first,Diesel,845000,Tata_Nexon,Recent,11000.0,10.404293143019792
Maruti Suzuki,Celerio,5,60000.0,Automatic,first,Hybrid/CNG,385000,Maruti Suzuki_Celerio,Recent,12000.0,11.002116507732017
Hyundai,Grand i10,6,56000.0,Manual,first,Hybrid/CNG,475000,Hyundai_Grand i10,Mid,9333.333333333334,10.933124826700707
Maruti Suzuki,Wagon-R-1-0,8,41258.0,Manual,second,Hybrid/CNG,365000,Maruti Suzuki_Wagon-R-1-0,Mid,5157.25,10.627624549782817
Mahindra,Scorpio,13,110000.0,Manual,first,Diesel,650008,Mahindra_Scorpio,Old,8461.538461538461,11.608244735642321
Hyundai,Xcent,8,54200.0,Automatic,first,Petrol,399000,Hyundai_Xcent,Mid,6775.0,10.900454637442037
Skoda,Rapid,9,99000.0,Automatic,second,Diesel,485000,Skoda_Rapid,Mid,11000.0,11.502885230075814
Maruti Suzuki,Swift,11,73000.0,Manual,second,Petrol,300000,Maruti Suzuki_Swift,Old,6636.363636363636,11.19822841866684
Renault,KWID,9,53000.0,Manual,first,Petrol,245000,Renault_KWID,Mid,5888.888888888889,10.87806606028079
Hyundai,Verna,12,80000.0,Automatic,second,Hybrid/CNG,300000,Hyundai_Verna,Old,6666.666666666667,11.289794413577894
Maruti Suzuki,Eeco,2,19000.0,Manual,first,Petrol,610000,Maruti Suzuki_Eeco,New,9500.0,9.852246888342531
Skoda,Fabia,12,25000.0,Manual,second,Petrol,179000,Skoda_Fabia,Old,2083.3333333333335,10.12667110305036
Maruti Suzuki,Baleno,6,54000.0,Manual,first,Petrol,497000,Maruti Suzuki_Baleno,Mid,9000.0,10.896757843893464
Skoda,Octavia,4,31010.0,Automatic,second,Petrol,1515000,Skoda_Octavia,Recent,7752.5,10.342097259236594
Skoda,Rapid,6,54000.0,Automatic,first,Diesel,945000,Skoda_Rapid,Mid,9000.0,10.896757843893464
Toyota,Corolla Altis,9,104000.0,Automatic,second,Hybrid/CNG,625000,Toyota_Corolla Altis,Mid,11555.555555555555,11.552155793461898
Mercedes-Benz,M-Class,8,85000.0,Automatic,second,Diesel,2450000,Mercedes-Benz_M-Class,Mid,10625.0,11.350418300109132
Maruti Suzuki,Omni,6,52500.0,Manual,second,Petrol,240000,Maruti Suzuki_Omni,Mid,8750.0,10.868587496017359
Tata,Indica,13,100413.0,Manual,first,Diesel,85000,Tata_Indica,Old,7724.076923076923,11.517056918749677
Maruti Suzuki,Alto-800,12,66000.0,Manual,second,Petrol,175000,Maruti Suzuki_Alto-800,Old,5500.0,11.097425172408931
Maruti Suzuki,S-Cross,7,72000.0,Manual,first,Diesel,695000,Maruti Suzuki_S-Cross,Mid,10285.714285714286,11.184435286790631
Ford,Mustang,7,19000.0,Automatic,first,Petrol,8275000,Ford_Mustang,Mid,2714.285714285714,9.852246888342531
Maruti Suzuki,Celerio,8,39000.0,Automatic,second,Petrol,325000,Maruti Suzuki_Celerio,Mid,4875.0,10.571342565808699
Maruti Suzuki,Baleno,8,60000.0,Manual,second,Hybrid/CNG,485000,Maruti Suzuki_Baleno,Mid,7500.0,11.002116507732017
Mahindra,Bolero Neo,2,90000.0,Manual,first,Diesel,800000,Mahindra_Bolero Neo,New,45000.0,11.407576060361786
Maruti Suzuki,Baleno,1,10500.0,Manual,first,Petrol,830000,Maruti Suzuki_Baleno,New,10500.0,9.259225769705994
Mercedes-Benz,B Class,10,79000.0,Automatic,second,Diesel,599000,Mercedes-Benz_B Class,Mid,7900.0,11.277215789596893
Maruti Suzuki,Eeco,4,70000.0,Manual,second,Hybrid/CNG,450000,Maruti Suzuki_Eeco,Recent,17500.0,11.156264806643742
Jeep,Wrangler,2,65000.0,Automatic,second,Petrol,5600000,Jeep_Wrangler,New,32500.0,11.082157933374816
Volvo,S60,12,122000.0,Automatic,second,Diesel,885000,Volvo_S60,Old,10166.666666666666,11.711784520403112
Maruti Suzuki,Ignis,6,65000.0,Automatic,second,Hybrid/CNG,475000,Maruti Suzuki_Ignis,Mid,10833.333333333334,11.082157933374816
Toyota,Innova Crysta,5,94000.0,Manual,first,Diesel,1875000,Toyota_Innova Crysta,Recent,18800.0,11.451060699493427
Maruti Suzuki,Celerio,8,72000.0,Manual,second,Petrol,370000,Maruti Suzuki_Celerio,Mid,9000.0,11.184435286790631
Maruti Suzuki,Wagon R 1.0,7,66000.0,Manual,first,Hybrid/CNG,370000,Maruti Suzuki_Wagon R 1.0,Mid,9428.57142857143,11.097425172408931
Renault,Kiger,1,19800.0,Automatic,first,Hybrid/CNG,850000,Renault_Kiger,New,19800.0,9.893487720457795
Hyundai,i20,7,80000.0,Manual,second,Petrol,545000,Hyundai_i20,Mid,11428.57142857143,11.289794413577894
Honda,Accord,14,93000.0,Automatic,first,Hybrid/CNG,235000,Honda_Accord,Old,6642.857142857143,11.440365524765756
Maruti Suzuki,Celerio,2,29000.0,Automatic,first,Petrol,570000,Maruti Suzuki_Celerio,New,14500.0,10.275085591132715
Maruti Suzuki,Ignis,5,59000.0,Automatic,first,Petrol,690000,Maruti Suzuki_Ignis,Recent,11800.0,10.985309671896763
Maruti Suzuki,Alto-800,4,80000.0,Manual,first,Hybrid/CNG,210000,Maruti Suzuki_Alto-800,Recent,20000.0,11.289794413577894
Hyundai,Grand i10,7,62000.0,Manual,second,Hybrid/CNG,425000,Hyundai_Grand i10,Mid,8857.142857142857,11.034905792929415
Maruti Suzuki,Alto-800,9,76000.0,Automatic,second,Petrol,179999,Maruti Suzuki_Alto-800,Mid,8444.444444444445,11.23850177707664
Maruti Suzuki,Ignis,6,105000.0,Automatic,second,Hybrid/CNG,380000,Maruti Suzuki_Ignis,Mid,17500.0,11.561725152903833
Maruti Suzuki,Baleno,4,49000.0,Manual,first,Petrol,540000,Maruti Suzuki_Baleno,Recent,12250.0,10.799595985047786
Honda,Amaze,8,60000.0,Manual,second,Diesel,520000,Honda_Amaze,Mid,7500.0,11.002116507732017
Tata,Tigor,6,53550.0,Automatic,first,Hybrid/CNG,450000,Tata_Tigor,Mid,8925.0,10.888389749837856
Maruti Suzuki,Brezza,5,48000.0,Manual,first,Diesel,870000,Maruti Suzuki_Brezza,Recent,9600.0,10.778977123006351
Maruti Suzuki,Wagon-R,4,40000.0,Automatic,first,Petrol,610000,Maruti Suzuki_Wagon-R,Recent,10000.0,10.596659732783579
Toyota,Etios,9,200000.0,Manual,second,Diesel,440000,Toyota_Etios,Mid,22222.222222222223,12.206077645517674
Datsun,RediGO,6,45213.0,Manual,first,Petrol,225001,Datsun_RediGO,Mid,7535.5,10.719162052375765
Hyundai,i20,11,50000.0,Manual,first,Hybrid/CNG,185000,Hyundai_i20,Old,4545.454545454545,10.819798284210286
Maruti Suzuki,Alto,5,81000.0,Manual,second,Petrol,260000,Maruti Suzuki_Alto,Recent,16200.0,11.302216779257382
Hyundai,Elantra,8,100000.0,Automatic,second,Hybrid/CNG,775000,Hyundai_Elantra,Mid,12500.0,11.51293546492023
Maruti Suzuki,Wagon-R,12,100000.0,Automatic,second,Hybrid/CNG,140000,Maruti Suzuki_Wagon-R,Old,8333.333333333334,11.51293546492023
Hyundai,Grand i10,9,68000.0,Manual,second,Hybrid/CNG,375000,Hyundai_Grand i10,Mid,7555.555555555556,11.127277689932466
Mercedes-Benz,GL-Class,9,159000.0,Automatic,second,Diesel,2975000,Mercedes-Benz_GL-Class,Mid,17666.666666666668,11.976665770490767
Mahindra,Marazzo,4,72045.0,Manual,first,Diesel,780000,Mahindra_Marazzo,Recent,18011.25,11.18506008288446
Maruti Suzuki,Baleno,8,77000.0,Automatic,second,Hybrid/CNG,489999,Maruti Suzuki_Baleno,Mid,9625.0,11.251573687764477
Honda,Amaze,7,40000.0,Manual,second,Hybrid/CNG,400000,Honda_Amaze,Mid,5714.285714285715,10.596659732783579
Toyota,Innova Crysta,5,28000.0,Automatic,first,Petrol,1499000,Toyota_Innova Crysta,Recent,5600.0,10.239995502805316
Toyota,Corolla Altis,13,82000.0,Manual,second,Hybrid/CNG,275000,Toyota_Corolla Altis,Old,6307.692307692308,11.314486721293981
Ford,Aspire,7,61101.0,Manual,second,Hybrid/CNG,375000,Ford_Aspire,Mid,8728.714285714286,11.020299877848188
Audi,A6,11,70334.0,Automatic,second,Diesel,950000,Audi_A6,Old,6394.0,11.161024820191797
Hyundai,Elite i20,7,120000.0,Manual,second,Diesel,630000,Hyundai_Elite i20,Mid,17142.85714285714,11.695255355062795
Audi,A3,8,75000.0,Automatic,second,Diesel,999999,Audi_A3,Mid,9375.0,11.225256725762893
Hyundai,Alcazar,2,19523.0,Automatic,first,Petrol,1799999,Hyundai_Alcazar,New,9761.5,9.879399757007038
BMW,X1,8,55100.0,Automatic,second,Diesel,1895000,BMW_X1,Mid,6887.5,10.916923143796645
Hyundai,Verna,8,51200.0,Automatic,second,Petrol,539000,Hyundai_Verna,Mid,6400.0,10.843514342086866
Maruti Suzuki,Sx4,15,83000.0,Manual,second,Hybrid/CNG,169000,Maruti Suzuki_Sx4,Old,5533.333333333333,11.326607934898927
Kia,Seltos,5,39000.0,Manual,first,Petrol,1075000,Kia_Seltos,Recent,7800.0,10.571342565808699
Ford,Ecosport,10,71877.0,Manual,second,Petrol,299000,Ford_Ecosport,Mid,7187.7,11.182725516359033
Maruti Suzuki,Ignis,6,90000.0,Automatic,first,Diesel,650000,Maruti Suzuki_Ignis,Mid,15000.0,11.407576060361786
Honda,City,9,121000.0,Manual,second,Diesel,665000,Honda_City,Mid,13444.444444444445,11.703554089007538
Toyota,Fortuner,10,90000.0,Automatic,second,Diesel,1351000,Toyota_Fortuner,Mid,9000.0,11.407576060361786
Maruti Suzuki,Eeco,5,94000.0,Manual,second,Petrol,400000,Maruti Suzuki_Eeco,Recent,18800.0,11.451060699493427
Hyundai,Xcent,10,90000.0,Manual,first,Petrol,430000,Hyundai_Xcent,Mid,9000.0,11.407576060361786
Hyundai,Creta,8,88883.0,Automatic,first,Petrol,815000,Hyundai_Creta,Mid,11110.375,11.39508742780129
Maruti Suzuki,Eeco,5,99000.0,Manual,first,Hybrid/CNG,400000,Maruti Suzuki_Eeco,Recent,19800.0,11.502885230075814
Maruti Suzuki,Ritz,9,81000.0,Manual,first,Diesel,396000,Maruti Suzuki_Ritz,Mid,9000.0,11.302216779257382
Hyundai,Creta,5,79000.0,Manual,second,Diesel,1069000,Hyundai_Creta,Recent,15800.0,11.277215789596893
Mahindra,XUV500,9,92000.0,Manual,second,Diesel,945000,Mahindra_XUV500,Mid,10222.222222222223,11.429554725537322
Toyota,Fortuner,0,4500.0,Automatic,first,Diesel,4100000,Toyota_Fortuner,New,4500.0,8.412054873292933
Maruti Suzuki,Swift,5,48000.0,Automatic,second,Petrol,590000,Maruti Suzuki_Swift,Recent,9600.0,10.778977123006351
Mahindra,Xylo,13,124000.0,Manual,first,Diesel,485000,Mahindra_Xylo,Old,9538.461538461539,11.728044909070785
Mahindra,Alturas G4,5,74520.0,Automatic,first,Diesel,1700000,Mahindra_Alturas G4,Recent,14904.0,11.218836243841805
Volkswagen,VentoTest,8,75475.0,Automatic,first,Petrol,775000,Volkswagen_VentoTest,Mid,9434.375,11.231570003907605
Maruti Suzuki,Wagon-R-1-0,8,58000.0,Manual,first,Hybrid/CNG,370000,Maruti Suzuki_Wagon-R-1-0,Mid,7250.0,10.968215530759236
Maruti Suzuki,Vitara-Brezza,5,35000.0,Automatic,first,Diesel,900000,Maruti Suzuki_Vitara-Brezza,Recent,7000.0,10.463131911491967
Toyota,Etios,11,82000.0,Manual,second,Diesel,349000,Toyota_Etios,Old,7454.545454545455,11.314486721293981
Maruti Suzuki,Alto-800,15,95334.0,Manual,first,Hybrid/CNG,120000,Maruti Suzuki_Alto-800,Old,6355.6,11.465152283498545
Tata,Zest,9,90000.0,Manual,second,Hybrid/CNG,200000,Tata_Zest,Mid,10000.0,11.407576060361786
Chevrolet,Cruze,11,95000.0,Manual,first,Diesel,525000,Chevrolet_Cruze,Old,8636.363636363636,11.461642696843066
Audi,A4,11,31000.0,Automatic,second,Diesel,1550000,Audi_A4,Old,2818.181818181818,10.34177474101152
Maruti Suzuki,Swift-Dzire,6,44197.0,Manual,second,Hybrid/CNG,525000,Maruti Suzuki_Swift-Dzire,Mid,7366.166666666667,10.69643481817325
Hyundai,Santro Xing,11,80000.0,Manual,first,Hybrid/CNG,195000,Hyundai_Santro Xing,Old,7272.727272727273,11.289794413577894
Toyota,Innova,11,150000.0,Manual,second,Diesel,675000,Toyota_Innova,Old,13636.363636363636,11.918397239722838
Skoda,Octavia,9,106000.0,Automatic,second,Petrol,1025000,Skoda_Octavia,Mid,11777.777777777777,11.571203807011969
Hyundai,i20,6,40000.0,Automatic,second,Petrol,590000,Hyundai_i20,Mid,6666.666666666667,10.596659732783579
Maruti Suzuki,Omni,9,60000.0,Manual,second,Petrol,160000,Maruti Suzuki_Omni,Mid,6666.666666666667,11.002116507732017
MG,Hector,5,57000.0,Manual,first,Diesel,1451000,MG_Hector,Recent,11400.0,10.950824090522445
Hyundai,Creta,6,66000.0,Automatic,second,Diesel,1000000,Hyundai_Creta,Mid,11000.0,11.097425172408931
Toyota,Innova Crysta,4,45000.0,Automatic,first,Diesel,2699000,Toyota_Innova Crysta,Recent,11250.0,10.714439990727769
Maruti Suzuki,Swift,2,40000.0,Automatic,first,Petrol,765000,Maruti Suzuki_Swift,New,20000.0,10.596659732783579
Maruti Suzuki,Celerio,2,54600.0,Automatic,first,Petrol,650000,Maruti Suzuki_Celerio,New,27300.0,10.907807476583594
BMW,5 Series,10,70000.0,Automatic,second,Diesel,2271000,BMW_5 Series,Mid,7000.0,11.156264806643742
Maruti Suzuki,Omni,14,100000.0,Automatic,first,Hybrid/CNG,100000,Maruti Suzuki_Omni,Old,7142.857142857143,11.51293546492023
Hyundai,Santro Xing,14,85200.0,Manual,second,Hybrid/CNG,90000,Hyundai_Santro Xing,Old,6085.714285714285,11.352768449837729
Mercedes-Benz,M-Class,11,69000.0,Automatic,first,Diesel,1749999,Mercedes-Benz_M-Class,Old,6272.727272727273,11.141876276228
Hyundai,Creta,8,40000.0,Automatic,first,Petrol,715000,Hyundai_Creta,Mid,5000.0,10.596659732783579
Hyundai,Eon,6,41000.0,Manual,second,Petrol,250000,Hyundai_Eon,Mid,6833.333333333333,10.62135173563291
Honda,Amaze,5,120000.0,Manual,second,Petrol,399000,Honda_Amaze,Recent,24000.0,11.695255355062795
Mahindra,XUV500,10,180000.0,Manual,second,Diesel,810000,Mahindra_XUV500,Mid,18000.0,12.100717685412471
Toyota,Innova Crysta,4,120602.0,Manual,first,Diesel,1775000,Toyota_Innova Crysta,Recent,30150.5,11.70025943858772
Honda,City,3,30000.0,Manual,first,Petrol,1025000,Honda_City,Recent,10000.0,10.308985993422082
Skoda,Superb,7,87000.0,Automatic,second,Diesel,1250000,Skoda_Superb,Mid,12428.57142857143,11.373674891823535
Maruti Suzuki,Wagon-R,11,85000.0,Manual,second,Hybrid/CNG,295000,Maruti Suzuki_Wagon-R,Old,7727.272727272727,11.350418300109132
Honda,Civic,11,78000.0,Automatic,second,Hybrid/CNG,425000,Honda_Civic,Old,7090.909090909091,11.264476926102367
Tata,Tigor,5,52000.0,Automatic,first,Hybrid/CNG,685000,Tata_Tigor,Recent,10400.0,10.859018228147887
Honda,City,6,68500.0,Manual,first,Petrol,850000,Honda_City,Mid,11416.666666666666,11.134603622683905
Mahindra,XUV500,9,65200.0,Manual,second,Diesel,649000,Mahindra_XUV500,Mid,7244.444444444444,11.08523008522044
Honda,City,13,120000.0,Manual,first,Petrol,450000,Honda_City,Old,9230.76923076923,11.695255355062795
Honda,Amaze,5,70000.0,Automatic,second,Petrol,540000,Honda_Amaze,Recent,14000.0,11.156264806643742
Hyundai,Aura,1,76652.0,Automatic,first,Hybrid/CNG,710000,Hyundai_Aura,New,76652.0,11.2470440224773
Toyota,Innova,15,177779.0,Manual,second,Diesel,470000,Toyota_Innova,Old,11851.933333333332,12.088302109795666
Toyota,Corolla Altis,9,65000.0,Automatic,first,Petrol,650000,Toyota_Corolla Altis,Mid,7222.222222222223,11.082157933374816
Mercedes-Benz,SLK-Class,11,28000.0,Automatic,second,Petrol,3800000,Mercedes-Benz_SLK-Class,Old,2545.4545454545455,10.239995502805316
Honda,City,14,117000.0,Manual,first,Hybrid/CNG,225000,Honda_City,Old,8357.142857142857,11.669937760751914
Maruti Suzuki,Wagon-R-1-0,3,76000.0,Manual,second,Hybrid/CNG,485000,Maruti Suzuki_Wagon-R-1-0,Recent,25333.333333333332,11.23850177707664
Toyota,Camry,10,63000.0,Automatic,second,Hybrid/CNG,900000,Toyota_Camry,Mid,6300.0,11.050905878263567
Maruti Suzuki,Celerio,7,50000.0,Automatic,first,Petrol,425000,Maruti Suzuki_Celerio,Mid,7142.857142857143,10.819798284210286
Maruti Suzuki,Swift-Dzire-Tour,8,160000.0,Manual,second,Diesel,430000,Maruti Suzuki_Swift-Dzire-Tour,Mid,20000.0,11.982935344196433
Honda,City,16,125000.0,Manual,second,Hybrid/CNG,125000,Honda_City,Old,7812.5,11.736077016252437
Hyundai,Creta,5,85599.0,Manual,first,Petrol,875000,Hyundai_Creta,Recent,17119.8,11.357440562129833
Maruti Suzuki,Alto 800,5,75230.0,Manual,second,Petrol,335000,Maruti Suzuki_Alto 800,Recent,15046.0,11.228318659035375
Maruti Suzuki,Alto-K10,7,52685.0,Automatic,first,Hybrid/CNG,299000,Maruti Suzuki_Alto-K10,Mid,7526.428571428572,10.87210504458805
Hyundai,Verna,12,88000.0,Automatic,first,Hybrid/CNG,440000,Hyundai_Verna,Old,7333.333333333333,11.385103457032141
Toyota,Fortuner,8,160000.0,Manual,first,Diesel,1450000,Toyota_Fortuner,Mid,20000.0,11.982935344196433
Maruti Suzuki,Ertiga,2,31000.0,Manual,first,Hybrid/CNG,995000,Maruti Suzuki_Ertiga,New,15500.0,10.34177474101152
Honda,City ZX,16,119000.0,Automatic,second,Hybrid/CNG,145600,Honda_City ZX,Old,7437.5,11.686887175419702
Fiat,Punto EVO,9,60000.0,Manual,second,Diesel,369000,Fiat_Punto EVO,Mid,6666.666666666667,11.002116507732017
Maruti Suzuki,Ertiga,4,70000.0,Manual,first,Hybrid/CNG,699000,Maruti Suzuki_Ertiga,Recent,17500.0,11.156264806643742
Maruti Suzuki,SX4,14,85600.0,Automatic,second,Hybrid/CNG,175000,Maruti Suzuki_SX4,Old,6114.285714285715,11.357452244304588
Tata,Tigor,7,49000.0,Automatic,second,Petrol,400000,Tata_Tigor,Mid,7000.0,10.799595985047786
Hyundai,Grand i10,5,71001.0,Manual,first,Diesel,476000,Hyundai_Grand i10,Recent,14200.2,11.170463324640798
Maruti Suzuki,Ignis,2,10000.0,Manual,first,Petrol,620000,Maruti Suzuki_Ignis,New,5000.0,9.210440366976517
Toyota,Innova,13,120000.0,Manual,first,Diesel,553000,Toyota_Innova,Old,9230.76923076923,11.695255355062795
Maruti Suzuki,Alto,17,80000.0,Manual,second,Hybrid/CNG,80000,Maruti Suzuki_Alto,Old,4705.882352941177,11.289794413577894
Hyundai,Grand i10 Nios,0,2300.0,Manual,first,Petrol,725000,Hyundai_Grand i10 Nios,New,2300.0,7.741099090035366
Honda,CRV,10,71000.0,Manual,second,Petrol,751000,Honda_CRV,Mid,7100.0,11.170449240431308
Maruti Suzuki,Celerio,1,21000.0,Manual,first,Petrol,555000,Maruti Suzuki_Celerio,New,21000.0,9.952325334619427
Hyundai,Creta,3,68500.0,Manual,first,Diesel,1095000,Hyundai_Creta,Recent,22833.333333333332,11.134603622683905
Maruti Suzuki,Swift-Dzire,6,63500.0,Manual,first,Hybrid/CNG,380000,Maruti Suzuki_Swift-Dzire,Mid,10583.333333333334,11.05881093278828
Maruti Suzuki,Swift-Dzire,4,138000.0,Automatic,first,Hybrid/CNG,610000,Maruti Suzuki_Swift-Dzire,Recent,34500.0,11.835016210489899
Maruti Suzuki,Ertiga,5,62000.0,Automatic,second,Hybrid/CNG,820000,Maruti Suzuki_Ertiga,Recent,12400.0,11.034905792929415
Maruti Suzuki,Alto K10,7,52000.0,Automatic,first,Hybrid/CNG,350000,Maruti Suzuki_Alto K10,Mid,7428.571428571428,10.859018228147887
Honda,Jazz,7,100000.0,Automatic,second,Hybrid/CNG,610000,Honda_Jazz,Mid,14285.714285714286,11.51293546492023
Maruti Suzuki,Baleno,6,110000.0,Automatic,first,Petrol,585000,Maruti Suzuki_Baleno,Mid,18333.333333333332,11.608244735642321
Toyota,Etios,5,114000.0,Manual,second,Diesel,795000,Toyota_Etios,Recent,22800.0,11.643962499267984
Mahindra,Bolero,3,8500.0,Manual,second,Diesel,1095000,Mahindra_Bolero,Recent,2833.3333333333335,9.04793908261736
Hyundai,Santro Xing,11,80000.0,Manual,second,Hybrid/CNG,199999,Hyundai_Santro Xing,Old,7272.727272727273,11.289794413577894
Maruti Suzuki,Eeco,6,55000.0,Manual,first,Hybrid/CNG,435000,Maruti Suzuki_Eeco,Mid,9166.666666666666,10.915106645867503
Maruti Suzuki,Baleno,6,66000.0,Automatic,second,Hybrid/CNG,550000,Maruti Suzuki_Baleno,Mid,11000.0,11.097425172408931
Honda,Amaze,5,60000.0,Manual,first,Hybrid/CNG,530000,Honda_Amaze,Recent,12000.0,11.002116507732017
Hyundai,Grand i10,9,61000.0,Automatic,first,Hybrid/CNG,475000,Hyundai_Grand i10,Mid,6777.777777777777,11.0186455364637
Honda,Accord,11,85000.0,Automatic,second,Hybrid/CNG,475000,Honda_Accord,Old,7727.272727272727,11.350418300109132
BMW,X7,4,25000.0,Automatic,first,Petrol,10000000,BMW_X7,Recent,6250.0,10.12667110305036
Toyota,Innova Crysta,6,99000.0,Manual,first,Diesel,1289000,Toyota_Innova Crysta,Mid,16500.0,11.502885230075814
Hyundai,Verna,12,80000.0,Manual,second,Diesel,355000,Hyundai_Verna,Old,6666.666666666667,11.289794413577894
BMW,5 Series,7,68000.0,Automatic,second,Diesel,3749000,BMW_5 Series,Mid,9714.285714285714,11.127277689932466
Honda,Amaze,9,47000.0,Automatic,second,Petrol,349000,Honda_Amaze,Mid,5222.222222222223,10.757924157061597
Toyota,Innova Crysta,6,60000.0,Automatic,second,Diesel,2025000,Toyota_Innova Crysta,Mid,10000.0,11.002116507732017
Maruti Suzuki,Wagon-R-1-0,4,48000.0,Manual,first,Hybrid/CNG,480000,Maruti Suzuki_Wagon-R-1-0,Recent,12000.0,10.778977123006351
Hyundai,i10,9,60000.0,Manual,second,Hybrid/CNG,290000,Hyundai_i10,Mid,6666.666666666667,11.002116507732017
Maruti Suzuki,Eeco,3,28000.0,Manual,first,Hybrid/CNG,590000,Maruti Suzuki_Eeco,Recent,9333.333333333334,10.239995502805316
Hyundai,i10,13,75000.0,Automatic,first,Petrol,190000,Hyundai_i10,Old,5769.2307692307695,11.225256725762893
Mahindra,XUV500,11,81000.0,Manual,first,Diesel,581000,Mahindra_XUV500,Old,7363.636363636364,11.302216779257382
Mahindra,TUV,6,46500.0,Automatic,second,Diesel,625000,Mahindra_TUV,Mid,7750.0,10.747229096720554
Maruti Suzuki,Swift-Dzire,13,81785.0,Manual,second,Petrol,265000,Maruti Suzuki_Swift-Dzire,Old,6291.153846153846,11.311861358798899
Hyundai,i20,13,82000.0,Manual,first,Petrol,320000,Hyundai_i20,Old,6307.692307692308,11.314486721293981
Hyundai,Creta,6,51000.0,Manual,first,Diesel,845000,Hyundai_Creta,Mid,8500.0,10.839600519357369
Maruti Suzuki,Wagon-R-1-0,7,23110.0,Automatic,first,Hybrid/CNG,425000,Maruti Suzuki_Wagon-R-1-0,Mid,3301.4285714285716,10.048063973643371
Toyota,Innova Hycross,1,39500.0,Automatic,first,Hybrid/CNG,3800000,Toyota_Innova Hycross,New,39500.0,10.584081267024454
Maruti Suzuki,Brezza,1,25000.0,Manual,first,Hybrid/CNG,1085000,Maruti Suzuki_Brezza,New,25000.0,10.12667110305036
Hyundai,Grand i10,8,45000.0,Manual,second,Hybrid/CNG,385000,Hyundai_Grand i10,Mid,5625.0,10.714439990727769
Tata,Nano,12,70000.0,Manual,second,Petrol,70000,Tata_Nano,Old,5833.333333333333,11.156264806643742
Toyota,Innova Crysta,6,135000.0,Manual,second,Diesel,1711000,Toyota_Innova Crysta,Mid,22500.0,11.813037464800539
Maruti Suzuki,Wagon-R,8,199995.0,Manual,first,Hybrid/CNG,300000,Maruti Suzuki_Wagon-R,Mid,24999.375,12.206052645330171
Audi,Q3,9,68000.0,Automatic,first,Diesel,890000,Audi_Q3,Mid,7555.555555555556,11.127277689932466
Land Rover,Freelander 2,11,104605.0,Automatic,second,Diesel,1550000,Land Rover_Freelander 2,Old,9509.545454545454,11.557956190344532
Maruti Suzuki,Eeco,8,49000.0,Manual,second,Petrol,360000,Maruti Suzuki_Eeco,Mid,6125.0,10.799595985047786
Mini,Cooper Countryman,6,39000.0,Automatic,first,Petrol,3100000,Mini_Cooper Countryman,Mid,6500.0,10.571342565808699
MG,Hector,5,87000.0,Manual,first,Diesel,1199000,MG_Hector,Recent,17400.0,11.373674891823535
Tata,Nexon,5,52000.0,Automatic,first,Hybrid/CNG,525000,Tata_Nexon,Recent,10400.0,10.859018228147887
Jeep,Compass,6,145000.0,Manual,first,Diesel,990000,Jeep_Compass,Mid,24166.666666666668,11.884495917930655
Maruti Suzuki,Baleno,2,32000.0,Automatic,second,Petrol,650000,Maruti Suzuki_Baleno,New,16000.0,10.373522431293592
Honda,City,11,75000.0,Automatic,second,Hybrid/CNG,435000,Honda_City,Old,6818.181818181818,11.225256725762893
Toyota,Fortuner,4,45000.0,Automatic,first,Diesel,3950000,Toyota_Fortuner,Recent,11250.0,10.714439990727769
Volkswagen,Ameo,7,100000.0,Manual,first,Petrol,450000,Volkswagen_Ameo,Mid,14285.714285714286,11.51293546492023
Maruti Suzuki,Alto-K10,13,71772.0,Manual,first,Petrol,185000,Maruti Suzuki_Alto-K10,Old,5520.923076923077,11.18126363974558
Maruti Suzuki,Ertiga,7,40000.0,Manual,first,Petrol,765000,Maruti Suzuki_Ertiga,Mid,5714.285714285715,10.596659732783579
BMW,X1,2,61000.0,Automatic,first,Petrol,3350000,BMW_X1,New,30500.0,11.0186455364637
Maruti Suzuki,Baleno,6,47500.0,Automatic,second,Petrol,650000,Maruti Suzuki_Baleno,Mid,7916.666666666667,10.768506042432708
Hyundai,Verna,8,147000.0,Manual,first,Petrol,515000,Hyundai_Verna,Mid,18375.0,11.898194668458823
Hyundai,Creta,5,99250.0,Manual,second,Diesel,999999,Hyundai_Creta,Recent,19850.0,11.50540727406543
Honda,Brio,8,65000.0,Manual,first,Petrol,399000,Honda_Brio,Mid,8125.0,11.082157933374816
Maruti Suzuki,Wagon-R,13,60000.0,Manual,second,Petrol,135000,Maruti Suzuki_Wagon-R,Old,4615.384615384615,11.002116507732017
Honda,City,13,0.0,Automatic,second,Hybrid/CNG,200000,Honda_City,Old,0.0,0.0
Hyundai,Grand i10,10,74000.0,Manual,second,Petrol,390000,Hyundai_Grand i10,Mid,7400.0,11.211833885608513
Jeep,Compass,6,86000.0,Manual,second,Diesel,799000,Jeep_Compass,Mid,14333.333333333334,11.362114203075018
Toyota,Glanza,5,59000.0,Manual,first,Petrol,575000,Toyota_Glanza,Recent,11800.0,10.985309671896763
Maruti Suzuki,Vitara-Brezza,2,32000.0,Manual,first,Hybrid/CNG,1550000,Maruti Suzuki_Vitara-Brezza,New,16000.0,10.373522431293592
Hyundai,Grand i10,5,43285.0,Manual,first,Hybrid/CNG,585000,Hyundai_Grand i10,Recent,8657.0,10.675584536074474
Maruti Suzuki,Ertiga,10,78000.0,Manual,second,Diesel,685000,Maruti Suzuki_Ertiga,Mid,7800.0,11.264476926102367
Maruti Suzuki,Alto-800,5,22000.0,Manual,first,Petrol,320000,Maruti Suzuki_Alto-800,Recent,4400.0,9.99884318585288
Maruti Suzuki,Ertiga,6,45000.0,Manual,first,Hybrid/CNG,760000,Maruti Suzuki_Ertiga,Mid,7500.0,10.714439990727769
Tata,Harrier,1,21342.0,Automatic,first,Diesel,2585000,Tata_Harrier,New,21342.0,9.968479096043568
Kia,Seltos,5,28832.0,Manual,first,Petrol,1250000,Kia_Seltos,Recent,5766.4,10.269275843491394
Nissan,Terrano,7,50000.0,Manual,second,Hybrid/CNG,499000,Nissan_Terrano,Mid,7142.857142857143,10.819798284210286
Ford,Figo Aspire,5,55000.0,Manual,first,Diesel,490000,Ford_Figo Aspire,Recent,11000.0,10.915106645867503
Hyundai,i10,12,46521.0,Manual,first,Petrol,240000,Hyundai_i10,Old,3876.75,10.747680597969852
Hyundai,Elite i20,5,56000.0,Automatic,first,Hybrid/CNG,611000,Hyundai_Elite i20,Recent,11200.0,10.933124826700707
Maruti Suzuki,Wagon-R,1,50000.0,Manual,second,Hybrid/CNG,600000,Maruti Suzuki_Wagon-R,New,50000.0,10.819798284210286
Maruti Suzuki,Wagon-R,7,62500.0,Automatic,second,Hybrid/CNG,345000,Maruti Suzuki_Wagon-R,Mid,8928.57142857143,11.042937835596494
Maruti Suzuki,Ignis,4,43000.0,Automatic,second,Petrol,600000,Maruti Suzuki_Ignis,Recent,10750.0,10.668978650219241
Hyundai,Santro Xing,14,134368.0,Automatic,second,Hybrid/CNG,105000,Hyundai_Santro Xing,Old,9597.714285714286,11.80834502570438
Maruti Suzuki,Eeco,6,76491.0,Automatic,second,Hybrid/CNG,440000,Maruti Suzuki_Eeco,Mid,12748.5,11.244941439182865
BMW,3 Series,10,64000.0,Automatic,second,Diesel,1229000,BMW_3 Series,Mid,6400.0,11.06665398721974
Hyundai,Grand i10,7,63000.0,Automatic,first,Hybrid/CNG,549000,Hyundai_Grand i10,Mid,9000.0,11.050905878263567
Maruti Suzuki,Wagon-R,10,84000.0,Manual,second,Petrol,238000,Maruti Suzuki_Wagon-R,Mid,8400.0,11.338583982516495
Mahindra,Scorpio,12,80000.0,Automatic,second,Diesel,410000,Mahindra_Scorpio,Old,6666.666666666667,11.289794413577894
Tata,Safari Storme,8,70000.0,Manual,second,Diesel,475000,Tata_Safari Storme,Mid,8750.0,11.156264806643742
Toyota,Glanza,5,90000.0,Automatic,first,Petrol,620000,Toyota_Glanza,Recent,18000.0,11.407576060361786
Toyota,Innova Crysta,8,140000.0,Manual,first,Diesel,1325000,Toyota_Innova Crysta,Mid,17500.0,11.849404844423074
Maruti Suzuki,Ciaz,6,62000.0,Manual,second,Hybrid/CNG,570000,Maruti Suzuki_Ciaz,Mid,10333.333333333334,11.034905792929415
Hyundai,Creta,2,89000.0,Automatic,first,Diesel,1651000,Hyundai_Creta,New,44500.0,11.39640288460621
Kia,Seltos,5,79273.0,Manual,first,Petrol,950000,Kia_Seltos,Recent,15854.6,11.280665485009736
Maruti Suzuki,Swift,10,56000.0,Manual,second,Petrol,345000,Maruti Suzuki_Swift,Mid,5600.0,10.933124826700707
Hyundai,Eon,7,43000.0,Manual,second,Petrol,190000,Hyundai_Eon,Mid,6142.857142857143,10.668978650219241
Maruti Suzuki,Wagon-R-1-0,14,70000.0,Manual,second,Petrol,255000,Maruti Suzuki_Wagon-R-1-0,Old,5000.0,11.156264806643742
Maruti Suzuki,Alto-800,10,70000.0,Manual,second,Petrol,235000,Maruti Suzuki_Alto-800,Mid,7000.0,11.156264806643742
Chevrolet,Enjoy,11,70000.0,Manual,second,Hybrid/CNG,269000,Chevrolet_Enjoy,Old,6363.636363636364,11.156264806643742
Maruti Suzuki,Vitara-Brezza,7,81000.0,Automatic,second,Diesel,800000,Maruti Suzuki_Vitara-Brezza,Mid,11571.42857142857,11.302216779257382
Audi,A6,9,73930.0,Automatic,second,Diesel,1499000,Audi_A6,Mid,8214.444444444445,11.210887504768337
Hyundai,Eon,11,59000.0,Manual,second,Petrol,98000,Hyundai_Eon,Old,5363.636363636364,10.985309671896763
Chevrolet,Beat,13,142000.0,Automatic,first,Hybrid/CNG,180000,Chevrolet_Beat,Old,10923.076923076924,11.863589378812122
Honda,City,12,72000.0,Manual,second,Hybrid/CNG,259000,Honda_City,Old,6000.0,11.184435286790631
Maruti Suzuki,Wagon-R,12,52000.0,Manual,second,Hybrid/CNG,260000,Maruti Suzuki_Wagon-R,Old,4333.333333333333,10.859018228147887
Toyota,Innova,11,170000.0,Manual,second,Diesel,1250000,Toyota_Innova,Old,15454.545454545454,12.04355959836804
Ford,Ecosport,6,40230.0,Automatic,first,Hybrid/CNG,775000,Ford_Ecosport,Mid,6705.0,10.602393121706738
Maruti Suzuki,Vitara Brezza,6,67000.0,Automatic,first,Diesel,699000,Maruti Suzuki_Vitara Brezza,Mid,11166.666666666666,11.112462823634855
Hyundai,Eon,6,81000.0,Automatic,second,Hybrid/CNG,355000,Hyundai_Eon,Mid,13500.0,11.302216779257382
Hyundai,Grand i10 Nios,3,88000.0,Manual,first,Hybrid/CNG,575000,Hyundai_Grand i10 Nios,Recent,29333.333333333332,11.385103457032141
Hyundai,Creta,2,20012.0,Automatic,first,Petrol,1645000,Hyundai_Creta,New,10006.0,9.904137341377625
Hyundai,i10,13,72000.0,Manual,second,Hybrid/CNG,155000,Hyundai_i10,Old,5538.461538461538,11.184435286790631
Maruti Suzuki,Alto-K10,6,80000.0,Automatic,second,Hybrid/CNG,350000,Maruti Suzuki_Alto-K10,Mid,13333.333333333334,11.289794413577894
Honda,City,3,60180.0,Automatic,first,Petrol,1170000,Honda_City,Recent,20060.0,11.005111966862197
Maruti Suzuki,Ritz,12,148000.0,Manual,second,Diesel,240000,Maruti Suzuki_Ritz,Old,12333.333333333334,11.904974309480183
Maruti Suzuki,Celerio,5,59000.0,Manual,first,Hybrid/CNG,525000,Maruti Suzuki_Celerio,Recent,11800.0,10.985309671896763
Hyundai,Santro Xing,14,68000.0,Manual,first,Hybrid/CNG,111000,Hyundai_Santro Xing,Old,4857.142857142857,11.127277689932466
Datsun,GO,10,23000.0,Manual,second,Petrol,249999,Datsun_GO,Mid,2300.0,10.043292972227004
Maruti Suzuki,Swift,15,65000.0,Automatic,second,Hybrid/CNG,72000,Maruti Suzuki_Swift,Old,4333.333333333333,11.082157933374816
Bajaj,RE60,5,31000.0,Manual,second,Hybrid/CNG,199000,Bajaj_RE60,Recent,6200.0,10.34177474101152
Hyundai,Santro,3,64000.0,Manual,first,Hybrid/CNG,465000,Hyundai_Santro,Recent,21333.333333333332,11.06665398721974
Maruti Suzuki,Baleno,7,32000.0,Automatic,first,Hybrid/CNG,525000,Maruti Suzuki_Baleno,Mid,4571.428571428572,10.373522431293592
Tata,Nexon,6,61000.0,Automatic,first,Hybrid/CNG,599000,Tata_Nexon,Mid,10166.666666666666,11.0186455364637
Hyundai,Santro Xing,13,51000.0,Manual,first,Petrol,170000,Hyundai_Santro Xing,Old,3923.076923076923,10.839600519357369
Hyundai,Creta,6,32000.0,Automatic,first,Petrol,1190000,Hyundai_Creta,Mid,5333.333333333333,10.373522431293592
Mahindra,Marazzo,5,24200.0,Manual,first,Diesel,899999,Mahindra_Marazzo,Recent,4840.0,10.094149233605084
Maruti Suzuki,Ritz,14,85000.0,Manual,first,Hybrid/CNG,110000,Maruti Suzuki_Ritz,Old,6071.428571428572,11.350418300109132
Mahindra,XUV500,9,75000.0,Manual,first,Diesel,745000,Mahindra_XUV500,Mid,8333.333333333334,11.225256725762893
Maruti Suzuki,Swift-Dzire,7,61300.0,Automatic,second,Hybrid/CNG,525000,Maruti Suzuki_Swift-Dzire,Mid,8757.142857142857,11.023551435004947
Hyundai,i20,14,90000.0,Manual,second,Diesel,200000,Hyundai_i20,Old,6428.571428571428,11.407576060361786
Jeep,Compass,6,25300.0,Manual,second,Petrol,975000,Jeep_Compass,Mid,4216.666666666667,10.138599199626192
Maruti Suzuki,Ritz,14,35000.0,Manual,first,Hybrid/CNG,230000,Maruti Suzuki_Ritz,Old,2500.0,10.463131911491967
Tata,Tiago,7,51000.0,Automatic,second,Hybrid/CNG,360000,Tata_Tiago,Mid,7285.714285714285,10.839600519357369
Mahindra,XUV500,12,88441.0,Manual,second,Diesel,485000,Mahindra_XUV500,Old,7370.083333333333,11.390102248917405
Tata,Nexon,2,53000.0,Automatic,first,Diesel,950000,Tata_Nexon,New,26500.0,10.87806606028079
Maruti Suzuki,Eeco,2,26600.0,Manual,second,Petrol,545000,Maruti Suzuki_Eeco,New,13300.0,10.188704088048116
Chevrolet,Spark,13,140000.0,Automatic,first,Hybrid/CNG,69000,Chevrolet_Spark,Old,10769.23076923077,11.849404844423074
Hyundai,Xcent,6,30000.0,Manual,second,Petrol,445000,Hyundai_Xcent,Mid,5000.0,10.308985993422082
Honda,City,8,60000.0,Automatic,second,Petrol,795000,Honda_City,Mid,7500.0,11.002116507732017
Mahindra,XUV 300,3,75000.0,Automatic,second,Diesel,790000,Mahindra_XUV 300,Recent,25000.0,11.225256725762893
Hyundai,Grand i10 Nios,2,24000.0,Manual,second,Petrol,635000,Hyundai_Grand i10 Nios,New,12000.0,10.085850775128717
Hyundai,Creta,2,16000.0,Automatic,second,Diesel,1650000,Hyundai_Creta,New,8000.0,9.680406499268875
Maruti Suzuki,Swift-Dzire,12,97000.0,Manual,second,Hybrid/CNG,255000,Maruti Suzuki_Swift-Dzire,Old,8083.333333333333,11.48247656671073
Hyundai,Grand i10,5,89576.0,Manual,first,Petrol,465111,Hyundai_Grand i10,Recent,17915.2,11.402853869582282
Honda,Jazz,8,80000.0,Manual,first,Diesel,483000,Honda_Jazz,Mid,10000.0,11.289794413577894
Hyundai,i10,13,51000.0,Manual,second,Petrol,190000,Hyundai_i10,Old,3923.076923076923,10.839600519357369
Maruti Suzuki,Alto-K10,7,78647.0,Manual,second,Hybrid/CNG,247000,Maruti Suzuki_Alto-K10,Mid,11235.285714285714,11.27273747904676
Maruti Suzuki,maruti-suzuki-brezza,5,35000.0,Automatic,first,Diesel,1045000,Maruti Suzuki_maruti-suzuki-brezza,Recent,7000.0,10.463131911491967
Maruti Suzuki,Ignis,3,80000.0,Automatic,first,Petrol,685000,Maruti Suzuki_Ignis,Recent,26666.666666666668,11.289794413577894
Mahindra,KUV 100,7,75000.0,Manual,first,Diesel,435000,Mahindra_KUV 100,Mid,10714.285714285714,11.225256725762893
Mahindra,XUV500,9,88000.0,Manual,second,Diesel,850000,Mahindra_XUV500,Mid,9777.777777777777,11.385103457032141
Maruti Suzuki,Swift-Dzire,1,62000.0,Manual,first,Hybrid/CNG,820000,Maruti Suzuki_Swift-Dzire,New,62000.0,11.034905792929415
BMW,2 Series,3,20000.0,Automatic,first,Petrol,3490000,BMW_2 Series,Recent,6666.666666666667,9.90353755128617
Audi,A8 L,10,50000.0,Automatic,first,Diesel,2450000,Audi_A8 L,Mid,5000.0,10.819798284210286
Toyota,Camry,5,65000.0,Automatic,first,Hybrid/CNG,2900000,Toyota_Camry,Recent,13000.0,11.082157933374816
Hyundai,i10,13,34000.0,Manual,first,Petrol,250000,Hyundai_i10,Old,2615.3846153846152,10.434145214930487
Maruti Suzuki,Wagon-R,7,62000.0,Automatic,second,Hybrid/CNG,359000,Maruti Suzuki_Wagon-R,Mid,8857.142857142857,11.034905792929415
Maruti Suzuki,Alto-K10,13,132000.0,Manual,second,Petrol,148000,Maruti Suzuki_Alto-K10,Old,10153.846153846154,11.790564777297387
Maruti Suzuki,Ciaz,6,66000.0,Automatic,first,Petrol,700000,Maruti Suzuki_Ciaz,Mid,11000.0,11.097425172408931
Maruti Suzuki,Ignis,5,51000.0,Automatic,first,Petrol,545000,Maruti Suzuki_Ignis,Recent,10200.0,10.839600519357369
Maruti Suzuki,Alto-800,13,95000.0,Automatic,second,Hybrid/CNG,135000,Maruti Suzuki_Alto-800,Old,7307.692307692308,11.461642696843066
Maruti Suzuki,Swift,6,44000.0,Manual,first,Diesel,810000,Maruti Suzuki_Swift,Mid,7333.333333333333,10.691967639914864
Tata,Altroz,4,32000.0,Manual,first,Hybrid/CNG,570000,Tata_Altroz,Recent,8000.0,10.373522431293592
Toyota,Fortuner,5,81000.0,Automatic,first,Diesel,3150000,Toyota_Fortuner,Recent,16200.0,11.302216779257382
Honda,Amaze,9,89000.0,Manual,second,Hybrid/CNG,320000,Honda_Amaze,Mid,9888.888888888889,11.39640288460621
Mahindra,XUV500,7,73000.0,Manual,first,Diesel,690000,Mahindra_XUV500,Mid,10428.57142857143,11.19822841866684
Toyota,Innova,10,65137.5,Manual,second,Diesel,1050000,Toyota_Innova,Mid,6513.75,11.084271051239332
Volkswagen,Virtus,3,61000.0,Automatic,first,Petrol,1575000,Volkswagen_Virtus,Recent,20333.333333333332,11.0186455364637
Mahindra,KUV 100,8,70000.0,Manual,second,Petrol,160000,Mahindra_KUV 100,Mid,8750.0,11.156264806643742
Maruti Suzuki,Wagon-R,3,80000.0,Manual,first,Hybrid/CNG,495000,Maruti Suzuki_Wagon-R,Recent,26666.666666666668,11.289794413577894
Honda,City,13,85000.0,Automatic,second,Hybrid/CNG,361000,Honda_City,Old,6538.461538461538,11.350418300109132
MG,Gloster,3,18000.0,Automatic,first,Diesel,3298000,MG_Gloster,Recent,6000.0,9.798182590890704
Maruti Suzuki,Ertiga,3,73000.0,Manual,first,Hybrid/CNG,1030000,Maruti Suzuki_Ertiga,Recent,24333.333333333332,11.19822841866684
Rolls-Royce,Phantom Drop HeadCoupe,5,2.0,Automatic,first,Hybrid/CNG,235000,Rolls-Royce_Phantom Drop HeadCoupe,Recent,0.4,1.0986122886681098
Maruti Suzuki,Celerio,4,72000.0,Manual,first,Hybrid/CNG,455000,Maruti Suzuki_Celerio,Recent,18000.0,11.184435286790631
Honda,Civic,13,100000.0,Automatic,second,Petrol,200000,Honda_Civic,Old,7692.307692307692,11.51293546492023
Skoda,Rapid,10,70000.0,Manual,second,Diesel,394888,Skoda_Rapid,Mid,7000.0,11.156264806643742
BMW,5 Series,3,18000.0,Automatic,first,Diesel,4650000,BMW_5 Series,Recent,6000.0,9.798182590890704
Volvo,XC60,4,41000.0,Automatic,first,Diesel,4775000,Volvo_XC60,Recent,10250.0,10.62135173563291
Toyota,Urban Cruiser Hyryder,2,45000.0,Automatic,first,Hybrid/CNG,1900000,Toyota_Urban Cruiser Hyryder,New,22500.0,10.714439990727769
Mahindra,Scorpio,9,91252.0,Manual,second,Diesel,910000,Mahindra_Scorpio,Mid,10139.111111111111,11.421391147616639
Toyota,Camry,8,49500.0,Automatic,first,Hybrid/CNG,1650000,Toyota_Camry,Mid,6187.5,10.809748150372926
Maruti Suzuki,Ertiga,3,81000.0,Manual,first,Hybrid/CNG,975000,Maruti Suzuki_Ertiga,Recent,27000.0,11.302216779257382
Tata,Hexa,7,98623.0,Automatic,first,Diesel,635000,Tata_Hexa,Mid,14089.0,11.499069918679787
Toyota,Innova,13,159000.0,Manual,second,Diesel,1025000,Toyota_Innova,Old,12230.76923076923,11.976665770490767
Honda,Mobilio,10,68000.0,Manual,second,Hybrid/CNG,425000,Honda_Mobilio,Mid,6800.0,11.127277689932466
Renault,KWID,4,42000.0,Manual,second,Petrol,335000,Renault_KWID,Recent,10500.0,10.645448706505872
Maruti Suzuki,Wagon-R,10,100000.0,Manual,second,Hybrid/CNG,290000,Maruti Suzuki_Wagon-R,Mid,10000.0,11.51293546492023
Maruti Suzuki,Alto-800,2,72000.0,Manual,first,Petrol,350000,Maruti Suzuki_Alto-800,New,36000.0,11.184435286790631
Mahindra,TUV,7,69000.0,Automatic,first,Diesel,825000,Mahindra_TUV,Mid,9857.142857142857,11.141876276228
Mahindra,XUV 300,1,31000.0,Automatic,first,Petrol,1280000,Mahindra_XUV 300,New,31000.0,10.34177474101152
Tata,Tiago,7,87000.0,Manual,second,Diesel,450000,Tata_Tiago,Mid,12428.57142857143,11.373674891823535
Maruti Suzuki,Alto-800,10,110000.0,Automatic,first,Hybrid/CNG,310000,Maruti Suzuki_Alto-800,Mid,11000.0,11.608244735642321
Honda,City,7,73000.0,Manual,second,Hybrid/CNG,665000,Honda_City,Mid,10428.57142857143,11.19822841866684
Maruti Suzuki,Wagon-R-1-0,3,65999.0,Manual,first,Hybrid/CNG,553000,Maruti Suzuki_Wagon-R-1-0,Recent,21999.666666666668,11.097410021008562
Skoda,Superb,15,90241.0,Automatic,second,Petrol,350000,Skoda_Superb,Old,6016.066666666667,11.410250229606856
Maruti Suzuki,XL6,3,86000.0,Automatic,first,Petrol,900000,Maruti Suzuki_XL6,Recent,28666.666666666668,11.362114203075018
Maruti Suzuki,Swift,5,91000.0,Manual,second,Hybrid/CNG,619999,Maruti Suzuki_Swift,Recent,18200.0,11.418625774449598
Maruti Suzuki,Swift-Dzire,6,61585.0,Automatic,first,Petrol,570000,Maruti Suzuki_Swift-Dzire,Mid,10264.166666666666,11.028189850963978
Maruti Suzuki,Wagon-R-1-0,3,29000.0,Manual,first,Hybrid/CNG,570000,Maruti Suzuki_Wagon-R-1-0,Recent,9666.666666666666,10.275085591132715
Mahindra,Thar,3,5000.0,Manual,second,Petrol,1265000,Mahindra_Thar,Recent,1666.6666666666667,8.517393171418904
Honda,WRV,5,42000.0,Manual,first,Petrol,585000,Honda_WRV,Recent,8400.0,10.645448706505872
Maruti Suzuki,Alto-K10,7,52358.0,Automatic,first,Hybrid/CNG,299000,Maruti Suzuki_Alto-K10,Mid,7479.714285714285,10.865879121292947
Tata,Tiago,0,3000.0,Automatic,first,Hybrid/CNG,850000,Tata_Tiago,New,3000.0,8.006700845440367
Maruti Suzuki,Ertiga,7,50000.0,Manual,first,Diesel,595000,Maruti Suzuki_Ertiga,Mid,7142.857142857143,10.819798284210286
Maruti Suzuki,Alto-800,5,35492.0,Automatic,first,Hybrid/CNG,370000,Maruti Suzuki_Alto-800,Recent,7098.4,10.477090772921773
Maruti Suzuki,Swift,5,40000.0,Manual,second,Petrol,615000,Maruti Suzuki_Swift,Recent,8000.0,10.596659732783579
Toyota,Innova,14,268000.0,Manual,second,Diesel,900000,Toyota_Innova,Old,19142.85714285714,12.498745990829315
Hyundai,Xcent,4,172000.0,Manual,second,Diesel,545000,Hyundai_Xcent,Recent,43000.0,12.055255569732177
Hyundai,Grand i10 Nios,4,60000.0,Manual,second,Petrol,475000,Hyundai_Grand i10 Nios,Recent,15000.0,11.002116507732017
Renault,KWID,8,30000.0,Automatic,second,Petrol,290000,Renault_KWID,Mid,3750.0,10.308985993422082
Maruti Suzuki,Alto-800,1,25230.0,Manual,first,Hybrid/CNG,425000,Maruti Suzuki_Alto-800,New,25230.0,10.13582867620438
Maruti Suzuki,Wagon-R,8,120000.0,Automatic,first,Hybrid/CNG,250000,Maruti Suzuki_Wagon-R,Mid,15000.0,11.695255355062795
Toyota,Fortuner,10,120000.0,Automatic,second,Diesel,1549000,Toyota_Fortuner,Mid,12000.0,11.695255355062795
Maruti Suzuki,Wagon-R,2,15899.0,Automatic,second,Petrol,655000,Maruti Suzuki_Wagon-R,New,7949.5,9.674074388208323
Mercedes-Benz,S-Class,15,85000.0,Automatic,second,Diesel,1175000,Mercedes-Benz_S-Class,Old,5666.666666666667,11.350418300109132
Hyundai,Creta,6,79879.0,Automatic,second,Diesel,855000,Hyundai_Creta,Mid,13313.166666666666,11.288280787529752
Hyundai,Xcent,5,78690.0,Manual,first,Diesel,530000,Hyundai_Xcent,Recent,15738.0,11.273284069543339
Nissan,Sunny,10,70000.0,Automatic,second,Hybrid/CNG,285000,Nissan_Sunny,Mid,7000.0,11.156264806643742
Maruti Suzuki,Ertiga,1,22000.0,Manual,first,Hybrid/CNG,1170000,Maruti Suzuki_Ertiga,New,22000.0,9.99884318585288
Hyundai,i10,13,39000.0,Manual,first,Petrol,265000,Hyundai_i10,Old,3000.0,10.571342565808699
Maruti Suzuki,Ignis,7,51000.0,Automatic,second,Hybrid/CNG,400000,Maruti Suzuki_Ignis,Mid,7285.714285714285,10.839600519357369
Hyundai,Xcent,9,75000.0,Manual,second,Hybrid/CNG,375000,Hyundai_Xcent,Mid,8333.333333333334,11.225256725762893
Toyota,Innova Crysta,3,44000.0,Automatic,first,Diesel,3050000,Toyota_Innova Crysta,Recent,14666.666666666666,10.691967639914864
Maruti Suzuki,Swift,1,49000.0,Manual,first,Hybrid/CNG,720000,Maruti Suzuki_Swift,New,49000.0,10.799595985047786
Mercedes-Benz,E-Class,14,96000.0,Automatic,second,Diesel,950000,Mercedes-Benz_E-Class,Old,6857.142857142857,11.472113887062386
Skoda,Rapid,7,36000.0,Automatic,first,Petrol,599000,Skoda_Rapid,Mid,5142.857142857143,10.491301994830229
Toyota,Urban Cruiser Hyryder,1,19000.0,Automatic,first,Hybrid/CNG,1750000,Toyota_Urban Cruiser Hyryder,New,19000.0,9.852246888342531
Maruti Suzuki,Wagon-R-1-0,10,65000.0,Manual,second,Hybrid/CNG,255000,Maruti Suzuki_Wagon-R-1-0,Mid,6500.0,11.082157933374816
Maruti Suzuki,Brezza,4,70000.0,Manual,first,Hybrid/CNG,750000,Maruti Suzuki_Brezza,Recent,17500.0,11.156264806643742
Maruti Suzuki,Ertiga,8,54000.0,Manual,second,Hybrid/CNG,675000,Maruti Suzuki_Ertiga,Mid,6750.0,10.896757843893464
Honda,Accord,11,95000.0,Automatic,first,Petrol,399000,Honda_Accord,Old,8636.363636363636,11.461642696843066
BMW,X1,7,59000.0,Automatic,first,Diesel,1300000,BMW_X1,Mid,8428.57142857143,10.985309671896763
Maruti Suzuki,Celerio,0,19000.0,Automatic,first,Petrol,725000,Maruti Suzuki_Celerio,New,19000.0,9.852246888342531
Volkswagen,Polo,6,64400.0,Automatic,first,Petrol,800000,Volkswagen_Polo,Mid,10733.333333333334,11.072884439922198
Hyundai,Xcent,7,59623.0,Manual,first,Diesel,480000,Hyundai_Xcent,Mid,8517.57142857143,10.99581345656153
Mercedes-Benz,C-Class,1,6000.0,Automatic,first,Diesel,6300000,Mercedes-Benz_C-Class,New,6000.0,8.699681400989514
Toyota,Camry,9,97000.0,Automatic,second,Petrol,1250000,Toyota_Camry,Mid,10777.777777777777,11.48247656671073
Toyota,Camry,7,119500.0,Automatic,second,Petrol,1500000,Toyota_Camry,Mid,17071.428571428572,11.691080018519527
Maruti Suzuki,Eeco,0,35000.0,Automatic,first,Hybrid/CNG,230000,Maruti Suzuki_Eeco,New,35000.0,10.463131911491967
Maruti Suzuki,Wagon-R-1-0,7,23111.0,Automatic,first,Hybrid/CNG,425001,Maruti Suzuki_Wagon-R-1-0,Mid,3301.5714285714284,10.048107242146072
Hyundai,Verna,13,132000.0,Automatic,second,Petrol,300000,Hyundai_Verna,Old,10153.846153846154,11.790564777297387
Mercedes-Benz,C-Class,9,61000.0,Automatic,first,Diesel,1825000,Mercedes-Benz_C-Class,Mid,6777.777777777777,11.0186455364637
Maruti Suzuki,Eeco,3,63250.0,Manual,first,Hybrid/CNG,525111,Maruti Suzuki_Eeco,Recent,21083.333333333332,11.054866216741466
Hyundai,Verna,9,79000.0,Manual,first,Hybrid/CNG,465000,Hyundai_Verna,Mid,8777.777777777777,11.277215789596893
Mahindra,Nuvosport,8,73000.0,Automatic,first,Diesel,390000,Mahindra_Nuvosport,Mid,9125.0,11.19822841866684
Mahindra,XUV 300,2,14555.0,Automatic,first,Diesel,1095000,Mahindra_XUV 300,New,7277.5,9.585758558732051
Renault,Duster,9,75000.0,Manual,second,Diesel,200000,Renault_Duster,Mid,8333.333333333334,11.225256725762893
Mercedes-Benz,E-Class,3,41000.0,Automatic,first,Diesel,5100000,Mercedes-Benz_E-Class,Recent,13666.666666666666,10.62135173563291
Maruti Suzuki,Ertiga,4,45000.0,Automatic,second,Hybrid/CNG,1020000,Maruti Suzuki_Ertiga,Recent,11250.0,10.714439990727769
Hyundai,i10,13,69298.0,Manual,second,Petrol,215000,Hyundai_i10,Old,5330.615384615385,11.14618575505945
Hyundai,Santro Xing,15,129000.0,Manual,second,Petrol,120000,Hyundai_Santro Xing,Old,8600.0,11.767575435251748
Toyota,Corolla Altis,9,78000.0,Automatic,first,Hybrid/CNG,801000,Toyota_Corolla Altis,Mid,8666.666666666666,11.264476926102367
Toyota,Innova Crysta,6,148000.0,Automatic,first,Diesel,1225000,Toyota_Innova Crysta,Mid,24666.666666666668,11.904974309480183
Jeep,Compass,4,12672.0,Automatic,first,Petrol,1645000,Jeep_Compass,Recent,3168.0,9.447229025082065
Mercedes-Benz,C-Class,9,59000.0,Automatic,second,Diesel,1550000,Mercedes-Benz_C-Class,Mid,6555.555555555556,10.985309671896763
Maruti Suzuki,Ertiga,4,181000.0,Manual,second,Hybrid/CNG,880000,Maruti Suzuki_Ertiga,Recent,45250.0,12.10625783509458
Hyundai,i20 N Line,3,26000.0,Automatic,first,Petrol,915000,Hyundai_i20 N Line,Recent,8666.666666666666,10.165890277802454
Mahindra,Thar,2,18000.0,Automatic,first,Diesel,1600000,Mahindra_Thar,New,9000.0,9.798182590890704
Hyundai,Xcent,2,50000.0,Automatic,second,Hybrid/CNG,580000,Hyundai_Xcent,New,25000.0,10.819798284210286
Honda,City,7,51000.0,Automatic,second,Hybrid/CNG,750000,Honda_City,Mid,7285.714285714285,10.839600519357369
Mercedes-Benz,C-Class,8,68888.0,Automatic,second,Diesel,1875000,Mercedes-Benz_C-Class,Mid,8611.0,11.14025179258698
Maruti Suzuki,Sx4,14,71568.0,Automatic,second,Petrol,198000,Maruti Suzuki_Sx4,Old,5112.0,11.178417298300252
Maruti Suzuki,Vitara Brezza,6,72523.0,Automatic,first,Diesel,649999,Maruti Suzuki_Vitara Brezza,Mid,12087.166666666666,11.1916728205457
Hyundai,Verna,5,80000.0,Automatic,first,Hybrid/CNG,725000,Hyundai_Verna,Recent,16000.0,11.289794413577894
Ford,Ecosport,5,57000.0,Manual,first,Diesel,675000,Ford_Ecosport,Recent,11400.0,10.950824090522445
Skoda,Superb,6,22000.0,Automatic,second,Petrol,1650000,Skoda_Superb,Mid,3666.6666666666665,9.99884318585288
Hyundai,Venue,4,43772.0,Automatic,first,Petrol,1099000,Hyundai_Venue,Recent,10943.0,10.686772467932132
Hyundai,Venue,2,6000.0,Manual,first,Petrol,875000,Hyundai_Venue,New,3000.0,8.699681400989514
Hyundai,i10,11,65000.0,Manual,first,Petrol,285000,Hyundai_i10,Old,5909.090909090909,11.082157933374816
BMW,5 Series,7,88000.0,Automatic,first,Diesel,2375000,BMW_5 Series,Mid,12571.42857142857,11.385103457032141
Hyundai,Creta,8,61000.0,Manual,second,Diesel,800000,Hyundai_Creta,Mid,7625.0,11.0186455364637
Maruti Suzuki,Wagon-R-1-0,4,43000.0,Manual,first,Hybrid/CNG,525000,Maruti Suzuki_Wagon-R-1-0,Recent,10750.0,10.668978650219241
Maruti Suzuki,Wagon-R,12,73523.0,Automatic,second,Hybrid/CNG,160000,Maruti Suzuki_Wagon-R,Old,6126.916666666667,11.205367162513655
Honda,City,9,71000.0,Automatic,first,Hybrid/CNG,524000,Honda_City,Mid,7888.888888888889,11.170449240431308
Hyundai,Verna,5,70000.0,Manual,first,Hybrid/CNG,849000,Hyundai_Verna,Recent,14000.0,11.156264806643742
Maruti Suzuki,Wagon-R,4,62000.0,Manual,first,Petrol,500000,Maruti Suzuki_Wagon-R,Recent,15500.0,11.034905792929415
Hyundai,Grand i10 Nios,2,24000.0,Manual,first,Hybrid/CNG,690000,Hyundai_Grand i10 Nios,New,12000.0,10.085850775128717
Maruti Suzuki,Swift-Dzire,13,65137.5,Manual,second,Petrol,350000,Maruti Suzuki_Swift-Dzire,Old,5010.576923076923,11.084271051239332
Honda,Mobilio,9,69000.0,Manual,first,Diesel,295000,Honda_Mobilio,Mid,7666.666666666667,11.141876276228
Maruti Suzuki,Celerio,8,68000.0,Automatic,second,Petrol,400000,Maruti Suzuki_Celerio,Mid,8500.0,11.127277689932466
Tata,Indica V2,7,80000.0,Automatic,first,Hybrid/CNG,180000,Tata_Indica V2,Mid,11428.57142857143,11.289794413577894
Hyundai,Santro,3,24000.0,Automatic,first,Petrol,495000,Hyundai_Santro,Recent,8000.0,10.085850775128717
Ford,Endeavour,7,69000.0,Automatic,first,Diesel,2375000,Ford_Endeavour,Mid,9857.142857142857,11.141876276228
Maruti Suzuki,Swift,10,75000.0,Manual,first,Petrol,295000,Maruti Suzuki_Swift,Mid,7500.0,11.225256725762893
Hyundai,Xcent,8,90020.0,Manual,first,Petrol,400000,Hyundai_Xcent,Mid,11252.5,11.407798255427746
Ford,Ecosport,7,105000.0,Manual,second,Petrol,638000,Ford_Ecosport,Mid,15000.0,11.561725152903833
Renault,KWID,6,63000.0,Automatic,first,Petrol,325000,Renault_KWID,Mid,10500.0,11.050905878263567
Maruti Suzuki,Swift,11,58000.0,Manual,second,Petrol,285000,Maruti Suzuki_Swift,Old,5272.727272727273,10.968215530759236
Toyota,Corolla Altis,15,75000.0,Manual,second,Hybrid/CNG,235000,Toyota_Corolla Altis,Old,5000.0,11.225256725762893
Honda,Amaze,8,68000.0,Automatic,first,Hybrid/CNG,395000,Honda_Amaze,Mid,8500.0,11.127277689932466
Renault,KWID,8,48451.0,Manual,first,Petrol,245000,Renault_KWID,Mid,6056.375,10.788328896136694
Volkswagen,Polo,11,99000.0,Manual,second,Diesel,355000,Volkswagen_Polo,Old,9000.0,11.502885230075814
Mahindra,Bolero,9,102000.0,Automatic,second,Diesel,380000,Mahindra_Bolero,Mid,11333.333333333334,11.532737896139919
Kia,Sonet,2,68000.0,Manual,first,Diesel,1190000,Kia_Sonet,New,34000.0,11.127277689932466
Tata,Nexon,5,86094.0,Manual,first,Diesel,639000,Tata_Nexon,Recent,17218.8,11.363206616720285
Hyundai,Grand i10,5,65137.5,Manual,first,Petrol,550000,Hyundai_Grand i10,Recent,13027.5,11.084271051239332
Hyundai,i20,7,100000.0,Manual,second,Diesel,550000,Hyundai_i20,Mid,14285.714285714286,11.51293546492023
Maruti Suzuki,Celerio,4,78000.0,Manual,first,Petrol,490000,Maruti Suzuki_Celerio,Recent,19500.0,11.264476926102367
Maruti Suzuki,Celerio,6,65630.0,Automatic,first,Hybrid/CNG,450000,Maruti Suzuki_Celerio,Mid,10938.333333333334,11.091803424286017
Maruti Suzuki,Celerio,10,78000.0,Manual,second,Hybrid/CNG,200000,Maruti Suzuki_Celerio,Mid,7800.0,11.264476926102367
Maruti Suzuki,Ertiga,1,7706.0,Manual,first,Hybrid/CNG,1300000,Maruti Suzuki_Ertiga,New,7706.0,8.949884285777994
Maruti Suzuki,Swift,11,56000.0,Manual,first,Hybrid/CNG,350000,Maruti Suzuki_Swift,Old,5090.909090909091,10.933124826700707
Honda,Mobilio,10,90000.0,Manual,first,Diesel,425000,Honda_Mobilio,Mid,9000.0,11.407576060361786
Hyundai,Grand i10 Nios,4,61000.0,Manual,first,Hybrid/CNG,590000,Hyundai_Grand i10 Nios,Recent,15250.0,11.0186455364637
Maruti Suzuki,Swift-Dzire,14,110000.0,Automatic,second,Petrol,250000,Maruti Suzuki_Swift-Dzire,Old,7857.142857142857,11.608244735642321
Mahindra,Bolero,3,57548.0,Manual,first,Diesel,825000,Mahindra_Bolero,Recent,19182.666666666668,10.960392037804448
Maruti Suzuki,Wagon-R-1-0,6,60000.0,Manual,first,Hybrid/CNG,395000,Maruti Suzuki_Wagon-R-1-0,Mid,10000.0,11.002116507732017
Hyundai,Grand i10,10,35000.0,Automatic,second,Petrol,400000,Hyundai_Grand i10,Mid,3500.0,10.463131911491967
Hyundai,Creta,4,86000.0,Manual,first,Diesel,1450000,Hyundai_Creta,Recent,21500.0,11.362114203075018
Hyundai,Santro,5,40100.0,Automatic,second,Petrol,375000,Hyundai_Santro,Recent,8020.0,10.599156550639583
Maruti Suzuki,Alto-800,5,45238.0,Manual,second,Petrol,299000,Maruti Suzuki_Alto-800,Recent,9047.6,10.719714825653304
Hyundai,Santro,6,45000.0,Automatic,first,Hybrid/CNG,450000,Hyundai_Santro,Mid,7500.0,10.714439990727769
Tata,Altroz,2,30618.0,Manual,first,Diesel,895999,Tata_Altroz,New,15309.0,10.32937601028517
Hyundai,Creta,8,131000.0,Manual,second,Diesel,730000,Hyundai_Creta,Mid,16375.0,11.782960235741939
Honda,City,9,69000.0,Automatic,first,Hybrid/CNG,525000,Honda_City,Mid,7666.666666666667,11.141876276228
Jeep,Compass,6,36000.0,Automatic,second,Petrol,899000,Jeep_Compass,Mid,6000.0,10.491301994830229
Ford,Ecosport,6,55000.0,Manual,first,Diesel,655000,Ford_Ecosport,Mid,9166.666666666666,10.915106645867503
Honda,Brio,8,89000.0,Manual,second,Petrol,360000,Honda_Brio,Mid,11125.0,11.39640288460621
Tata,tata-punch,2,8000.0,Automatic,first,Petrol,650000,Tata_tata-punch,New,4000.0,8.987321812850125
Honda,City,12,71000.0,Manual,first,Hybrid/CNG,320000,Honda_City,Old,5916.666666666667,11.170449240431308
Honda,City,13,80000.0,Automatic,second,Hybrid/CNG,270000,Honda_City,Old,6153.846153846154,11.289794413577894
Hyundai,Xcent,7,45000.0,Manual,first,Petrol,395000,Hyundai_Xcent,Mid,6428.571428571428,10.714439990727769
Maruti Suzuki,Wagon-R,0,50000.0,Automatic,first,Hybrid/CNG,750000,Maruti Suzuki_Wagon-R,New,50000.0,10.819798284210286
Toyota,Corolla Altis,14,181000.0,Automatic,second,Petrol,199999,Toyota_Corolla Altis,Old,12928.57142857143,12.10625783509458
Hyundai,Grand i10,6,51000.0,Manual,first,Hybrid/CNG,445000,Hyundai_Grand i10,Mid,8500.0,10.839600519357369
Hyundai,Elite i20,8,73000.0,Manual,second,Hybrid/CNG,560000,Hyundai_Elite i20,Mid,9125.0,11.19822841866684
MG,Hector Plus,2,45000.0,Manual,first,Diesel,1890000,MG_Hector Plus,New,22500.0,10.714439990727769
Maruti Suzuki,Swift-Dzire,7,109711.0,Manual,second,Hybrid/CNG,375000,Maruti Suzuki_Swift-Dzire,Mid,15673.0,11.605614029524146
Hyundai,Accent,12,72000.0,Automatic,second,Hybrid/CNG,100000,Hyundai_Accent,Old,6000.0,11.184435286790631
Honda,City,9,65000.0,Manual,second,Hybrid/CNG,495000,Honda_City,Mid,7222.222222222223,11.082157933374816
Maruti Suzuki,Ciaz,4,25000.0,Manual,first,Petrol,750000,Maruti Suzuki_Ciaz,Recent,6250.0,10.12667110305036
Maruti Suzuki,Wagon-R,7,80000.0,Automatic,second,Hybrid/CNG,420000,Maruti Suzuki_Wagon-R,Mid,11428.57142857143,11.289794413577894
Maruti Suzuki,Wagon-R,14,70000.0,Manual,second,Petrol,255000,Maruti Suzuki_Wagon-R,Old,5000.0,11.156264806643742
Honda,Mobilio,10,78001.0,Manual,first,Diesel,451000,Honda_Mobilio,Mid,7800.1,11.264489746368644
Honda,Amaze,5,54000.0,Manual,second,Diesel,860000,Honda_Amaze,Recent,10800.0,10.896757843893464
Maruti Suzuki,Celerio,4,45000.0,Manual,first,Hybrid/CNG,440000,Maruti Suzuki_Celerio,Recent,11250.0,10.714439990727769
BMW,Z4,4,11000.0,Automatic,second,Petrol,8500000,BMW_Z4,Recent,2750.0,9.305741456739435
Honda,City,3,80100.0,Automatic,first,Petrol,1125000,Honda_City,Recent,26700.0,11.291043617373028
BMW,5 Series,7,82000.0,Automatic,second,Diesel,3598000,BMW_5 Series,Mid,11714.285714285714,11.314486721293981
Ford,Ecosport,8,49000.0,Manual,second,Petrol,455000,Ford_Ecosport,Mid,6125.0,10.799595985047786
Hyundai,i10,11,56000.0,Manual,second,Petrol,185000,Hyundai_i10,Old,5090.909090909091,10.933124826700707
Honda,Jazz,6,62000.0,Automatic,first,Petrol,525000,Honda_Jazz,Mid,10333.333333333334,11.034905792929415
Ford,Endeavour,7,90000.0,Automatic,first,Diesel,2050000,Ford_Endeavour,Mid,12857.142857142857,11.407576060361786
Volkswagen,Polo,10,81000.0,Manual,second,Diesel,430000,Volkswagen_Polo,Mid,8100.0,11.302216779257382
Maruti Suzuki,Eeco,2,45000.0,Manual,first,Hybrid/CNG,645000,Maruti Suzuki_Eeco,New,22500.0,10.714439990727769
Maruti Suzuki,Ritz,8,110000.0,Automatic,first,Diesel,285000,Maruti Suzuki_Ritz,Mid,13750.0,11.608244735642321
Volkswagen,Vento,11,52000.0,Automatic,first,Petrol,435000,Volkswagen_Vento,Old,4727.272727272727,10.859018228147887
Mahindra,XUV500,11,99000.0,Manual,second,Diesel,630000,Mahindra_XUV500,Old,9000.0,11.502885230075814
Hyundai,EON,7,80000.0,Manual,second,Petrol,299000,Hyundai_EON,Mid,11428.57142857143,11.289794413577894
Honda,Amaze,11,99000.0,Manual,first,Diesel,395000,Honda_Amaze,Old,9000.0,11.502885230075814
Hyundai,Grand i10,7,52000.0,Manual,first,Hybrid/CNG,375000,Hyundai_Grand i10,Mid,7428.571428571428,10.859018228147887
BMW,X5,7,58500.0,Automatic,second,Diesel,4050000,BMW_X5,Mid,8357.142857142857,10.97679912709094
Maruti Suzuki,maruti-suzuki-dzire,6,83500.0,Automatic,first,Diesel,680000,Maruti Suzuki_maruti-suzuki-dzire,Mid,13916.666666666666,11.332613886815139
Skoda,Octavia,2,19000.0,Automatic,second,Petrol,2290000,Skoda_Octavia,New,9500.0,9.852246888342531
Ford,Endeavour,7,72000.0,Automatic,first,Diesel,1850000,Ford_Endeavour,Mid,10285.714285714286,11.184435286790631
Maruti Suzuki,Swift-Dzire,9,51700.0,Manual,second,Petrol,425000,Maruti Suzuki_Swift-Dzire,Mid,5744.444444444444,10.853232402669228
Renault,Triber,4,37000.0,Manual,first,Petrol,399000,Renault_Triber,Recent,9250.0,10.518700218288165
Porsche,Panamera,7,16800.0,Automatic,second,Diesel,6900000,Porsche_Panamera,Mid,2400.0,9.729193687429403
Maruti Suzuki,Wagon-R-1-0,3,38500.0,Manual,first,Hybrid/CNG,539000,Maruti Suzuki_Wagon-R-1-0,Recent,12833.333333333334,10.55843949396453
Maruti Suzuki,Eeco,11,90000.0,Automatic,second,Hybrid/CNG,200000,Maruti Suzuki_Eeco,Old,8181.818181818182,11.407576060361786
Toyota,Innova,10,167000.0,Manual,second,Diesel,1200000,Toyota_Innova,Mid,16700.0,12.025755079404917
Maruti Suzuki,Swift-Dzire,13,77211.0,Manual,second,Petrol,270000,Maruti Suzuki_Swift-Dzire,Old,5939.307692307692,11.254310164347766
Volkswagen,Polo,4,35000.0,Automatic,first,Petrol,1185000,Volkswagen_Polo,Recent,8750.0,10.463131911491967
Honda,Brio,11,55000.0,Manual,second,Petrol,379799,Honda_Brio,Old,5000.0,10.915106645867503
Mahindra,Scorpio-N,1,17000.0,Automatic,first,Diesel,2199000,Mahindra_Scorpio-N,New,17000.0,9.741027444837728
Maruti Suzuki,Baleno,2,17511.0,Manual,first,Petrol,865000,Maruti Suzuki_Baleno,New,8755.5,9.7706416392027
Toyota,Etios Liva,9,145000.0,Manual,second,Diesel,539000,Toyota_Etios Liva,Mid,16111.111111111111,11.884495917930655
Maruti Suzuki,Baleno,3,65000.0,Manual,first,Petrol,680000,Maruti Suzuki_Baleno,Recent,21666.666666666668,11.082157933374816
Hyundai,Creta,7,76000.0,Manual,first,Diesel,880000,Hyundai_Creta,Mid,10857.142857142857,11.23850177707664
Maruti Suzuki,Alto-K10,10,34000.0,Automatic,second,Petrol,235000,Maruti Suzuki_Alto-K10,Mid,3400.0,10.434145214930487
Hyundai,Tucson,7,74310.0,Automatic,second,Diesel,1025000,Hyundai_Tucson,Mid,10615.714285714286,11.21601426819998
Maruti Suzuki,Swift-Dzire,8,78000.0,Manual,second,Diesel,520000,Maruti Suzuki_Swift-Dzire,Mid,9750.0,11.264476926102367
Mahindra,Scorpio Classic,0,5000.0,Automatic,first,Hybrid/CNG,1000000,Mahindra_Scorpio Classic,New,5000.0,8.517393171418904
Toyota,Corolla Altis,8,118000.0,Automatic,first,Petrol,799000,Toyota_Corolla Altis,Mid,14750.0,11.678448377988165
Ford,Figo Aspire,8,50000.0,Manual,second,Petrol,330000,Ford_Figo Aspire,Mid,6250.0,10.819798284210286
Mahindra,Scorpio,6,71000.0,Manual,first,Diesel,895000,Mahindra_Scorpio,Mid,11833.333333333334,11.170449240431308
Tata,Indigo Ecs,8,50000.0,Automatic,second,Hybrid/CNG,90000,Tata_Indigo Ecs,Mid,6250.0,10.819798284210286
Maruti Suzuki,Baleno,5,61000.0,Automatic,first,Petrol,600000,Maruti Suzuki_Baleno,Recent,12200.0,11.0186455364637
Toyota,Innova Crysta,4,106000.0,Manual,first,Diesel,2250000,Toyota_Innova Crysta,Recent,26500.0,11.571203807011969
Ford,Endeavour,7,60000.0,Automatic,first,Diesel,1995000,Ford_Endeavour,Mid,8571.42857142857,11.002116507732017
Maruti Suzuki,Wagon-R,2,80000.0,Automatic,first,Hybrid/CNG,520000,Maruti Suzuki_Wagon-R,New,40000.0,11.289794413577894
Jeep,Compass,2,21000.0,Automatic,first,Diesel,2525111,Jeep_Compass,New,10500.0,9.952325334619427
Hyundai,i20,5,55000.0,Manual,first,Hybrid/CNG,495000,Hyundai_i20,Recent,11000.0,10.915106645867503
Maruti Suzuki,Alto-K10,7,45000.0,Manual,first,Petrol,290000,Maruti Suzuki_Alto-K10,Mid,6428.571428571428,10.714439990727769
Maruti Suzuki,Swift,9,10.0,Manual,second,Hybrid/CNG,380000,Maruti Suzuki_Swift,Mid,1.1111111111111112,2.3978952727983707
Maruti Suzuki,Wagon-R-Stingray,10,59000.0,Manual,second,Petrol,398000,Maruti Suzuki_Wagon-R-Stingray,Mid,5900.0,10.985309671896763
Honda,City,10,79000.0,Manual,second,Hybrid/CNG,445000,Honda_City,Mid,7900.0,11.277215789596893
Maruti Suzuki,maruti-suzuki-dzire,6,46000.0,Automatic,second,Petrol,670000,Maruti Suzuki_maruti-suzuki-dzire,Mid,7666.666666666667,10.736418414365376
Maruti Suzuki,Ignis,2,9665.0,Automatic,first,Petrol,690000,Maruti Suzuki_Ignis,New,4832.5,9.17636985240503
Hyundai,i10,13,81851.0,Manual,first,Petrol,249999,Hyundai_i10,Old,6296.2307692307695,11.31266801744272
Maruti Suzuki,Ertiga,4,30000.0,Manual,first,Petrol,875000,Maruti Suzuki_Ertiga,Recent,7500.0,10.308985993422082
Kia,Sonet,3,29000.0,Automatic,first,Petrol,1075000,Kia_Sonet,Recent,9666.666666666666,10.275085591132715
Maruti Suzuki,Swift,2,40000.0,Automatic,first,Diesel,765000,Maruti Suzuki_Swift,New,20000.0,10.596659732783579
Maruti Suzuki,Swift,8,117000.0,Manual,second,Diesel,570000,Maruti Suzuki_Swift,Mid,14625.0,11.669937760751914
Maruti Suzuki,Swift,1,8235.0,Manual,first,Petrol,795000,Maruti Suzuki_Swift,New,8235.0,9.01627006814768
Tata,Tiago,6,65137.5,Automatic,second,Hybrid/CNG,420000,Tata_Tiago,Mid,10856.25,11.084271051239332
Hyundai,i10,14,90000.0,Automatic,second,Petrol,175999,Hyundai_i10,Old,6428.571428571428,11.407576060361786
Honda,City,7,45730.0,Automatic,second,Hybrid/CNG,710000,Honda_City,Mid,6532.857142857143,10.730531683896064
Ford,Ecosport,10,50000.0,Automatic,second,Petrol,520000,Ford_Ecosport,Mid,5000.0,10.819798284210286
Maruti Suzuki,Eeco,2,66000.0,Manual,second,Hybrid/CNG,525000,Maruti Suzuki_Eeco,New,33000.0,11.097425172408931
Maruti Suzuki,Celerio,5,155000.0,Manual,second,Hybrid/CNG,440000,Maruti Suzuki_Celerio,Recent,31000.0,11.951186847493476
Maruti Suzuki,Swift-Dzire,11,152000.0,Manual,first,Diesel,400000,Maruti Suzuki_Swift-Dzire,Old,13818.181818181818,11.931642378754141
Maruti Suzuki,Wagon-R-1-0,6,80000.0,Automatic,first,Hybrid/CNG,455000,Maruti Suzuki_Wagon-R-1-0,Mid,13333.333333333334,11.289794413577894
Chevrolet,Sail U-VA,8,120000.0,Manual,second,Diesel,240000,Chevrolet_Sail U-VA,Mid,15000.0,11.695255355062795
Hyundai,Grand i10,7,65000.0,Manual,second,Hybrid/CNG,374000,Hyundai_Grand i10,Mid,9285.714285714286,11.082157933374816
Maruti Suzuki,Eeco,13,38000.0,Automatic,first,Petrol,265000,Maruti Suzuki_Eeco,Old,2923.076923076923,10.545367754151743
Maruti Suzuki,Sx4,13,90000.0,Automatic,second,Hybrid/CNG,160000,Maruti Suzuki_Sx4,Old,6923.076923076923,11.407576060361786
Maruti Suzuki,Wagon-R,6,19000.0,Automatic,first,Petrol,375000,Maruti Suzuki_Wagon-R,Mid,3166.6666666666665,9.852246888342531
Maruti Suzuki,Ritz,12,65500.0,Manual,first,Diesel,330000,Maruti Suzuki_Ritz,Old,5458.333333333333,11.089820688682373
Ford,Ecosport,9,78000.0,Manual,second,Diesel,340000,Ford_Ecosport,Mid,8666.666666666666,11.264476926102367
Mercedes-Benz,GLS,4,9500.0,Automatic,first,Diesel,9000000,Mercedes-Benz_GLS,Recent,2375.0,9.15915233520675
Ford,Ecosport,5,41538.0,Automatic,first,Hybrid/CNG,775000,Ford_Ecosport,Recent,8307.6,10.634388023957865
Volkswagen,Passat,11,90233.0,Manual,first,Diesel,699999,Volkswagen_Passat,Old,8203.0,11.410161575159668
Maruti Suzuki,Vitara-Brezza,5,83000.0,Automatic,first,Diesel,775000,Maruti Suzuki_Vitara-Brezza,Recent,16600.0,11.326607934898927
Hyundai,Creta,7,81000.0,Automatic,first,Petrol,725000,Hyundai_Creta,Mid,11571.42857142857,11.302216779257382
Hyundai,Accent,13,100000.0,Automatic,second,Hybrid/CNG,95000,Hyundai_Accent,Old,7692.307692307692,11.51293546492023
Volkswagen,Polo,9,77200.0,Automatic,second,Petrol,449999,Volkswagen_Polo,Mid,8577.777777777777,11.25416768929685
Hyundai,Aura,1,41000.0,Automatic,first,Hybrid/CNG,200000,Hyundai_Aura,New,41000.0,10.62135173563291
Hyundai,i10,15,88000.0,Automatic,second,Petrol,290000,Hyundai_i10,Old,5866.666666666667,11.385103457032141
Chevrolet,Beat,14,112329.0,Manual,second,Hybrid/CNG,115000,Chevrolet_Beat,Old,8023.5,11.629196246635615
Hyundai,i20,15,119725.0,Manual,second,Petrol,190000,Hyundai_i20,Old,7981.666666666667,11.692961077650349
Maruti Suzuki,Ciaz,7,52145.0,Manual,first,Diesel,580000,Maruti Suzuki_Ciaz,Mid,7449.285714285715,10.861802755665515
Mercedes-Benz,A-Class Limousine,1,7000.0,Automatic,first,Diesel,3800000,Mercedes-Benz_A-Class Limousine,New,7000.0,8.853808274977197
Maruti Suzuki,Vitara-Brezza,5,63000.0,Manual,first,Diesel,845000,Maruti Suzuki_Vitara-Brezza,Recent,12600.0,11.050905878263567
Audi,A6,6,48000.0,Automatic,second,Diesel,2475000,Audi_A6,Mid,8000.0,10.778977123006351
Maruti Suzuki,Grand Vitara,1,27000.0,Automatic,first,Hybrid/CNG,1670000,Maruti Suzuki_Grand Vitara,New,27000.0,10.203629181337648
Hyundai,Santro,13,75000.0,Manual,second,Hybrid/CNG,180000,Hyundai_Santro,Old,5769.2307692307695,11.225256725762893
Maruti Suzuki,Wagon-R,11,67980.0,Manual,first,Petrol,299000,Maruti Suzuki_Wagon-R,Old,6180.0,11.126983533350797
Mahindra,XUV500,9,72000.0,Manual,second,Diesel,690000,Mahindra_XUV500,Mid,8000.0,11.184435286790631
Toyota,Etios Liva,12,86000.0,Manual,first,Diesel,345000,Toyota_Etios Liva,Old,7166.666666666667,11.362114203075018
Tata,Nexon,5,20000.0,Automatic,second,Petrol,579000,Tata_Nexon,Recent,4000.0,9.90353755128617
Honda,City,4,33000.0,Automatic,first,Petrol,1185000,Honda_City,Recent,8250.0,10.404293143019792
Hyundai,Verna,4,80899.0,Manual,first,Diesel,1300000,Hyundai_Verna,Recent,20224.75,11.300969103046583
Mercedes-Benz,E-Class,6,63000.0,Automatic,first,Diesel,4350000,Mercedes-Benz_E-Class,Mid,10500.0,11.050905878263567
Maruti Suzuki,Alto-800,10,70000.0,Manual,second,Hybrid/CNG,220000,Maruti Suzuki_Alto-800,Mid,7000.0,11.156264806643742
BMW,5 Series,10,94000.0,Automatic,second,Diesel,1349000,BMW_5 Series,Mid,9400.0,11.451060699493427
Maruti Suzuki,Wagon-R-Stingray,7,22270.0,Manual,first,Petrol,425000,Maruti Suzuki_Wagon-R-Stingray,Mid,3181.4285714285716,10.01104066270085
Honda,Jazz,8,86000.0,Manual,second,Diesel,460000,Honda_Jazz,Mid,10750.0,11.362114203075018
Honda,City,13,86530.0,Manual,second,Hybrid/CNG,225000,Honda_City,Old,6656.153846153846,11.368258010219549
Maruti Suzuki,Celerio,7,85000.0,Automatic,second,Hybrid/CNG,305000,Maruti Suzuki_Celerio,Mid,12142.857142857143,11.350418300109132
Maruti Suzuki,Sx4,13,117000.0,Manual,first,Diesel,249999,Maruti Suzuki_Sx4,Old,9000.0,11.669937760751914
Mercedes-Benz,GLE,8,84067.0,Automatic,first,Diesel,2575000,Mercedes-Benz_GLE,Mid,10508.375,11.339381274147303
Maruti Suzuki,Alto,13,80000.0,Automatic,second,Petrol,89000,Maruti Suzuki_Alto,Old,6153.846153846154,11.289794413577894
Maruti Suzuki,Wagon-R,1,40000.0,Manual,second,Hybrid/CNG,550000,Maruti Suzuki_Wagon-R,New,40000.0,10.596659732783579
Hyundai,i10,13,47000.0,Manual,second,Petrol,265000,Hyundai_i10,Old,3615.3846153846152,10.757924157061597
Toyota,Innova Crysta,5,71000.0,Manual,first,Diesel,1625000,Toyota_Innova Crysta,Recent,14200.0,11.170449240431308
Maruti Suzuki,Ertiga,3,49780.0,Manual,first,Petrol,894000,Maruti Suzuki_Ertiga,Recent,16593.333333333332,10.815388664108726
Maruti Suzuki,Wagon-R-1-0,10,27000.0,Manual,first,Petrol,435000,Maruti Suzuki_Wagon-R-1-0,Mid,2700.0,10.203629181337648
Toyota,Camry,4,36000.0,Automatic,first,Hybrid/CNG,2800000,Toyota_Camry,Recent,9000.0,10.491301994830229
Honda,Amaze,9,71000.0,Manual,first,Petrol,275000,Honda_Amaze,Mid,7888.888888888889,11.170449240431308
Audi,A6,9,84000.0,Automatic,first,Diesel,1951000,Audi_A6,Mid,9333.333333333334,11.338583982516495
Maruti Suzuki,Swift-Dzire,4,19150.0,Automatic,first,Petrol,700000,Maruti Suzuki_Swift-Dzire,Recent,4787.5,9.860110212566559
Audi,A6,10,65000.0,Automatic,second,Diesel,990000,Audi_A6,Mid,6500.0,11.082157933374816
Jeep,Compass,6,113000.0,Manual,second,Diesel,895000,Jeep_Compass,Mid,18833.333333333332,11.635151947212842
Mahindra,TUV,9,78000.0,Manual,second,Diesel,399000,Mahindra_TUV,Mid,8666.666666666666,11.264476926102367
Volkswagen,Polo,7,91000.0,Automatic,second,Petrol,775000,Volkswagen_Polo,Mid,13000.0,11.418625774449598
Maruti Suzuki,Wagon-R-1-0,10,70000.0,Manual,first,Hybrid/CNG,340000,Maruti Suzuki_Wagon-R-1-0,Mid,7000.0,11.156264806643742
Hyundai,i20,5,40000.0,Manual,first,Hybrid/CNG,545000,Hyundai_i20,Recent,8000.0,10.596659732783579
Mahindra,XUV 300,2,14555.0,Automatic,first,Diesel,1095000,Mahindra_XUV 300,New,7277.5,9.585758558732051
Maruti Suzuki,Vitara-Brezza,1,3000.0,Manual,first,Petrol,1300000,Maruti Suzuki_Vitara-Brezza,New,3000.0,8.006700845440367
Mahindra,XUV500,9,65000.0,Manual,first,Diesel,1095000,Mahindra_XUV500,Mid,7222.222222222223,11.082157933374816
Mahindra,XUV500,11,81000.0,Manual,first,Diesel,575000,Mahindra_XUV500,Old,7363.636363636364,11.302216779257382
Chevrolet,Beat,14,25000.0,Manual,second,Petrol,130000,Chevrolet_Beat,Old,1785.7142857142858,10.12667110305036
Maruti Suzuki,Celerio,5,60000.0,Automatic,first,Hybrid/CNG,511000,Maruti Suzuki_Celerio,Recent,12000.0,11.002116507732017
Tata,Tiago,4,58000.0,Automatic,first,Hybrid/CNG,575000,Tata_Tiago,Recent,14500.0,10.968215530759236
BMW,3 Series Gran Limousine,1,3500.0,Automatic,first,Petrol,5610000,BMW_3 Series Gran Limousine,New,3500.0,8.160803920954665
Maruti Suzuki,Wagon-R,8,56000.0,Automatic,first,Petrol,525000,Maruti Suzuki_Wagon-R,Mid,7000.0,10.933124826700707
Maruti Suzuki,Wagon-R,4,70000.0,Manual,first,Hybrid/CNG,425000,Maruti Suzuki_Wagon-R,Recent,17500.0,11.156264806643742
Hyundai,Alcazar,2,72000.0,Automatic,first,Diesel,1545000,Hyundai_Alcazar,New,36000.0,11.184435286790631
Maruti Suzuki,Eeco,4,50000.0,Manual,second,Petrol,475000,Maruti Suzuki_Eeco,Recent,12500.0,10.819798284210286
Maruti Suzuki,Swift,14,50000.0,Manual,second,Hybrid/CNG,135000,Maruti Suzuki_Swift,Old,3571.4285714285716,10.819798284210286
Tata,Nexon,5,38096.0,Manual,first,Diesel,650000,Tata_Nexon,Recent,7619.2,10.547890817857143
Mahindra,Ssangyong-Rexton,10,83000.0,Automatic,second,Diesel,525000,Mahindra_Ssangyong-Rexton,Mid,8300.0,11.326607934898927
Mercedes-Benz,S-Class,10,75000.0,Automatic,second,Diesel,2990000,Mercedes-Benz_S-Class,Mid,7500.0,11.225256725762893
Maruti Suzuki,Celerio,3,62000.0,Manual,first,Hybrid/CNG,450000,Maruti Suzuki_Celerio,Recent,20666.666666666668,11.034905792929415
Maruti Suzuki,Eeco,3,165000.0,Automatic,first,Hybrid/CNG,540000,Maruti Suzuki_Eeco,Recent,55000.0,12.013706813470414
Maruti Suzuki,Swift-Dzire,7,61000.0,Automatic,second,Hybrid/CNG,465000,Maruti Suzuki_Swift-Dzire,Mid,8714.285714285714,11.0186455364637
Chevrolet,Cruze,12,78000.0,Automatic,second,Diesel,350000,Chevrolet_Cruze,Old,6500.0,11.264476926102367
Hyundai,Verna,10,88000.0,Manual,second,Hybrid/CNG,399000,Hyundai_Verna,Mid,8800.0,11.385103457032141
Maruti Suzuki,Vitara-Brezza,8,84500.0,Manual,first,Diesel,626000,Maruti Suzuki_Vitara-Brezza,Mid,10562.5,11.344518647594766
Maruti Suzuki,Ciaz,6,94000.0,Automatic,first,Hybrid/CNG,510000,Maruti Suzuki_Ciaz,Mid,15666.666666666666,11.451060699493427
Hyundai,Creta,7,41000.0,Automatic,first,Hybrid/CNG,699000,Hyundai_Creta,Mid,5857.142857142857,10.62135173563291
Hyundai,Verna,6,78000.0,Manual,first,Diesel,875000,Hyundai_Verna,Mid,13000.0,11.264476926102367
Maruti Suzuki,Wagon-R,6,286000.0,Automatic,first,Hybrid/CNG,245000,Maruti Suzuki_Wagon-R,Mid,47666.666666666664,12.563750586299374
Maruti Suzuki,Alto-800,8,85000.0,Manual,second,Hybrid/CNG,345000,Maruti Suzuki_Alto-800,Mid,10625.0,11.350418300109132
Honda,Amaze,9,117000.0,Manual,second,Petrol,300000,Honda_Amaze,Mid,13000.0,11.669937760751914
Toyota,Corolla Altis,13,89000.0,Automatic,second,Hybrid/CNG,365000,Toyota_Corolla Altis,Old,6846.153846153846,11.39640288460621
Mahindra,XUV500,8,111821.0,Manual,first,Diesel,750000,Mahindra_XUV500,Mid,13977.625,11.62466360030872
Maruti Suzuki,Ertiga,12,148723.0,Manual,second,Hybrid/CNG,360000,Maruti Suzuki_Ertiga,Old,12393.583333333334,11.909847518214372
Hyundai,i10,12,77000.0,Automatic,second,Hybrid/CNG,165000,Hyundai_i10,Old,6416.666666666667,11.251573687764477
Honda,City,5,45000.0,Automatic,second,Petrol,845000,Honda_City,Recent,9000.0,10.714439990727769
Maruti Suzuki,Wagon-R,13,84750.0,Manual,second,Hybrid/CNG,165000,Maruti Suzuki_Wagon-R,Old,6519.2307692307695,11.347472824583114
Hyundai,Grand i10 Nios,3,8000.0,Automatic,second,Petrol,675000,Hyundai_Grand i10 Nios,Recent,2666.6666666666665,8.987321812850125
Renault,KWID,5,16000.0,Automatic,first,Petrol,420000,Renault_KWID,Recent,3200.0,9.680406499268875
Maruti Suzuki,Baleno,7,60000.0,Manual,second,Petrol,500000,Maruti Suzuki_Baleno,Mid,8571.42857142857,11.002116507732017
Toyota,Etios,9,81000.0,Manual,first,Diesel,459000,Toyota_Etios,Mid,9000.0,11.302216779257382
Honda,WRV,5,38000.0,Manual,first,Petrol,640000,Honda_WRV,Recent,7600.0,10.545367754151743
Mercedes-Benz,CLA,6,63000.0,Automatic,second,Diesel,1800000,Mercedes-Benz_CLA,Mid,10500.0,11.050905878263567
Mahindra,XUV500,6,51000.0,Automatic,first,Diesel,1035000,Mahindra_XUV500,Mid,8500.0,10.839600519357369
Maruti Suzuki,Swift-Dzire,6,68000.0,Manual,first,Diesel,430000,Maruti Suzuki_Swift-Dzire,Mid,11333.333333333334,11.127277689932466
Nissan,Sunny,12,108000.0,Manual,second,Diesel,300000,Nissan_Sunny,Old,9000.0,11.58989576532275
Volvo,XC60,4,55000.0,Automatic,first,Diesel,4500000,Volvo_XC60,Recent,13750.0,10.915106645867503
Hyundai,i20,11,68000.0,Manual,first,Hybrid/CNG,298000,Hyundai_i20,Old,6181.818181818182,11.127277689932466
Maruti Suzuki,Ertiga,5,68000.0,Manual,first,Hybrid/CNG,967000,Maruti Suzuki_Ertiga,Recent,13600.0,11.127277689932466
Mini,Cooper 3 DOOR,9,65000.0,Automatic,first,Diesel,2000000,Mini_Cooper 3 DOOR,Mid,7222.222222222223,11.082157933374816
Toyota,Corolla Altis,15,92000.0,Automatic,second,Hybrid/CNG,370000,Toyota_Corolla Altis,Old,6133.333333333333,11.429554725537322
Mercedes-Benz,C-Class,7,55000.0,Automatic,first,Diesel,2399000,Mercedes-Benz_C-Class,Mid,7857.142857142857,10.915106645867503
Hyundai,Eon,10,52000.0,Manual,first,Petrol,245000,Hyundai_Eon,Mid,5200.0,10.859018228147887
Maruti Suzuki,Swift-Dzire,6,75000.0,Manual,second,Diesel,550000,Maruti Suzuki_Swift-Dzire,Mid,12500.0,11.225256725762893
Maruti Suzuki,Swift-Dzire,1,97000.0,Automatic,first,Hybrid/CNG,740000,Maruti Suzuki_Swift-Dzire,New,97000.0,11.48247656671073
Tata,Altroz,1,29000.0,Manual,first,Hybrid/CNG,875000,Tata_Altroz,New,29000.0,10.275085591132715
Maruti Suzuki,Eeco,3,52000.0,Automatic,first,Hybrid/CNG,500000,Maruti Suzuki_Eeco,Recent,17333.333333333332,10.859018228147887
BMW,5 Series,12,75000.0,Automatic,second,Diesel,1525000,BMW_5 Series,Old,6250.0,11.225256725762893
Maruti Suzuki,Ertiga,9,48000.0,Manual,first,Hybrid/CNG,741000,Maruti Suzuki_Ertiga,Mid,5333.333333333333,10.778977123006351
Maruti Suzuki,Sx4,14,87000.0,Manual,second,Hybrid/CNG,150000,Maruti Suzuki_Sx4,Old,6214.285714285715,11.373674891823535
Toyota,Innova,12,250000.0,Manual,second,Diesel,699999,Toyota_Innova,Old,20833.333333333332,12.429220196836383
Maruti Suzuki,Ritz,8,103000.0,Manual,second,Petrol,350000,Maruti Suzuki_Ritz,Mid,12875.0,11.542493975902508
Maruti Suzuki,Alto,17,75000.0,Manual,second,Hybrid/CNG,75000,Maruti Suzuki_Alto,Old,4411.764705882353,11.225256725762893
Maruti Suzuki,Swift,8,65000.0,Manual,first,Diesel,550000,Maruti Suzuki_Swift,Mid,8125.0,11.082157933374816
Maruti Suzuki,Ertiga,1,21000.0,Automatic,first,Hybrid/CNG,1260000,Maruti Suzuki_Ertiga,New,21000.0,9.952325334619427
Honda,City,15,85000.0,Automatic,second,Hybrid/CNG,351000,Honda_City,Old,5666.666666666667,11.350418300109132
Maruti Suzuki,S-Cross,7,82000.0,Manual,first,Diesel,720000,Maruti Suzuki_S-Cross,Mid,11714.285714285714,11.314486721293981
Nissan,Micra,11,50000.0,Manual,second,Petrol,245000,Nissan_Micra,Old,4545.454545454545,10.819798284210286
Mercedes-Benz,M-Class,10,157000.0,Automatic,second,Diesel,1275000,Mercedes-Benz_M-Class,Mid,15700.0,11.964007453736912
Volkswagen,VentoTest,11,113000.0,Automatic,second,Hybrid/CNG,350000,Volkswagen_VentoTest,Old,10272.727272727272,11.635151947212842
Toyota,Camry,9,160.0,Automatic,second,Hybrid/CNG,999999,Toyota_Camry,Mid,17.77777777777778,5.081404364984463
Toyota,Innova,17,174000.0,Manual,first,Diesel,649999,Toyota_Innova,Old,10235.29411764706,12.066816325306588
Audi,A6,10,16500.0,Automatic,first,Diesel,1590000,Audi_A6,Mid,1650.0,9.711176264112805
Mahindra,Thar,2,52000.0,Manual,first,Diesel,1375000,Mahindra_Thar,New,26000.0,10.859018228147887
Hyundai,Elantra,10,102000.0,Automatic,second,Petrol,575000,Hyundai_Elantra,Mid,10200.0,11.532737896139919
Mini,5 DOOR,9,36338.0,Automatic,first,Diesel,2700000,Mini_5 DOOR,Mid,4037.5555555555557,10.500646823684912
Fiat,Linea,12,65000.0,Manual,second,Diesel,199000,Fiat_Linea,Old,5416.666666666667,11.082157933374816
Maruti Suzuki,Wagon-R,9,123000.0,Manual,second,Petrol,350000,Maruti Suzuki_Wagon-R,Mid,13666.666666666666,11.719947764402807
Audi,A4,10,80000.0,Automatic,first,Diesel,750000,Audi_A4,Mid,8000.0,11.289794413577894
Hyundai,Creta,5,75000.0,Automatic,first,Diesel,1075000,Hyundai_Creta,Recent,15000.0,11.225256725762893
Ford,Ecosport,7,99000.0,Manual,first,Diesel,790000,Ford_Ecosport,Mid,14142.857142857143,11.502885230075814
Mahindra,Bolero,7,82000.0,Manual,first,Diesel,680000,Mahindra_Bolero,Mid,11714.285714285714,11.314486721293981
Hyundai,Venue,4,23000.0,Manual,first,Petrol,599000,Hyundai_Venue,Recent,5750.0,10.043292972227004
Audi,A4,11,78649.0,Automatic,second,Diesel,975000,Audi_A4,Old,7149.909090909091,11.272762908486424
Maruti Suzuki,Eeco,0,25000.0,Automatic,first,Hybrid/CNG,850000,Maruti Suzuki_Eeco,New,25000.0,10.12667110305036
Toyota,Corolla Altis,9,83652.0,Manual,second,Hybrid/CNG,575000,Toyota_Corolla Altis,Mid,9294.666666666666,11.334432569489755
Mercedes-Benz,CLA,6,85000.0,Automatic,first,Diesel,2150000,Mercedes-Benz_CLA,Mid,14166.666666666666,11.350418300109132
Maruti Suzuki,Baleno,4,37800.0,Manual,first,Petrol,615000,Maruti Suzuki_Baleno,Recent,9450.0,10.540090836284206
Tata,Tiago,4,58000.0,Automatic,first,Hybrid/CNG,475000,Tata_Tiago,Recent,14500.0,10.968215530759236
Hyundai,Grand i10,9,54000.0,Automatic,first,Hybrid/CNG,429000,Hyundai_Grand i10,Mid,6000.0,10.896757843893464
Toyota,Innova,15,98000.0,Manual,second,Diesel,615000,Toyota_Innova,Old,6533.333333333333,11.49273296168228
Maruti Suzuki,Ciaz,6,72386.0,Automatic,first,Hybrid/CNG,690000,Maruti Suzuki_Ciaz,Mid,12064.333333333334,11.18978200424029
Mahindra,XUV500,12,142000.0,Manual,second,Diesel,700000,Mahindra_XUV500,Old,11833.333333333334,11.863589378812122
Toyota,Camry,8,130000.0,Automatic,second,Hybrid/CNG,1275000,Toyota_Camry,Mid,16250.0,11.775297421715827
Mercedes-Benz,M-Class,10,105000.0,Automatic,first,Diesel,1400000,Mercedes-Benz_M-Class,Mid,10500.0,11.561725152903833
Mahindra,Scorpio N,0,0.0,Manual,first,Diesel,1424700,Mahindra_Scorpio N,New,0.0,0.0
Honda,WRV,7,88000.0,Manual,second,Diesel,525000,Honda_WRV,Mid,12571.42857142857,11.385103457032141
Mahindra,Thar,2,60000.0,Automatic,first,Diesel,1373000,Mahindra_Thar,New,30000.0,11.002116507732017
Maruti Suzuki,Wagon-R,13,65000.0,Manual,first,Hybrid/CNG,250000,Maruti Suzuki_Wagon-R,Old,5000.0,11.082157933374816
Maruti Suzuki,Ertiga,3,53000.0,Automatic,second,Hybrid/CNG,950000,Maruti Suzuki_Ertiga,Recent,17666.666666666668,10.87806606028079
Hyundai,Verna,5,47500.0,Automatic,second,Hybrid/CNG,785000,Hyundai_Verna,Recent,9500.0,10.768506042432708
Hyundai,Aura,3,43000.0,Automatic,first,Hybrid/CNG,599000,Hyundai_Aura,Recent,14333.333333333334,10.668978650219241
Hyundai,Creta,7,63441.0,Automatic,first,Petrol,950000,Hyundai_Creta,Mid,9063.0,11.057881381662998
Honda,City,5,55000.0,Manual,first,Hybrid/CNG,825000,Honda_City,Recent,11000.0,10.915106645867503
Honda,City,10,93000.0,Automatic,first,Hybrid/CNG,785000,Honda_City,Mid,9300.0,11.440365524765756
Hyundai,Grand i10,7,66000.0,Automatic,first,Petrol,520000,Hyundai_Grand i10,Mid,9428.57142857143,11.097425172408931
Hyundai,i20,5,78000.0,Automatic,first,Hybrid/CNG,540000,Hyundai_i20,Recent,15600.0,11.264476926102367
Nissan,Magnite,2,30000.0,Automatic,second,Petrol,750000,Nissan_Magnite,New,15000.0,10.308985993422082
Honda,Amaze,9,48000.0,Manual,second,Petrol,425000,Honda_Amaze,Mid,5333.333333333333,10.778977123006351
Maruti Suzuki,maruti-suzuki-dzire,3,50000.0,Manual,first,Hybrid/CNG,580000,Maruti Suzuki_maruti-suzuki-dzire,Recent,16666.666666666668,10.819798284210286
Hyundai,i20,14,64000.0,Manual,second,Petrol,199000,Hyundai_i20,Old,4571.428571428572,11.06665398721974
Hyundai,Verna,10,80000.0,Manual,first,Diesel,650000,Hyundai_Verna,Mid,8000.0,11.289794413577894
Maruti Suzuki,Ertiga,5,71000.0,Manual,second,Diesel,990000,Maruti Suzuki_Ertiga,Recent,14200.0,11.170449240431308
Hyundai,Xcent Prime,6,105000.0,Automatic,second,Hybrid/CNG,325000,Hyundai_Xcent Prime,Mid,17500.0,11.561725152903833
Mahindra,XUV500,13,95000.0,Manual,second,Diesel,690000,Mahindra_XUV500,Old,7307.692307692308,11.461642696843066
Hyundai,Grand i10,6,50000.0,Manual,second,Petrol,435000,Hyundai_Grand i10,Mid,8333.333333333334,10.819798284210286
Volvo,S60,7,85000.0,Automatic,second,Diesel,1651000,Volvo_S60,Mid,12142.857142857143,11.350418300109132
Maruti Suzuki,Swift,9,39000.0,Manual,first,Petrol,445000,Maruti Suzuki_Swift,Mid,4333.333333333333,10.571342565808699
Kia,Seltos,4,45759.0,Automatic,first,Petrol,1346000,Kia_Seltos,Recent,11439.75,10.731165626053679
Hyundai,EON,11,41258.0,Manual,second,Petrol,195000,Hyundai_EON,Old,3750.7272727272725,10.627624549782817
Maruti Suzuki,Ertiga,11,120000.0,Manual,second,Hybrid/CNG,350000,Maruti Suzuki_Ertiga,Old,10909.09090909091,11.695255355062795
Maruti Suzuki,Wagon-R,10,95000.0,Manual,second,Hybrid/CNG,299999,Maruti Suzuki_Wagon-R,Mid,9500.0,11.461642696843066
Nissan,Micra Active,11,98530.0,Manual,first,Petrol,245000,Nissan_Micra Active,Old,8957.272727272728,11.498126498458157
Land Rover,Range Rover Sport,5,89000.0,Automatic,second,Diesel,8300000,Land Rover_Range Rover Sport,Recent,17800.0,11.39640288460621
Honda,City,7,75000.0,Automatic,second,Petrol,765000,Honda_City,Mid,10714.285714285714,11.225256725762893
Tata,Altroz,2,12000.0,Manual,first,Petrol,660000,Tata_Altroz,New,6000.0,9.392745258631441
Toyota,Corolla Altis,13,81000.0,Automatic,second,Hybrid/CNG,425000,Toyota_Corolla Altis,Old,6230.7692307692305,11.302216779257382
Maruti Suzuki,Wagon-R,6,114000.0,Manual,second,Hybrid/CNG,290000,Maruti Suzuki_Wagon-R,Mid,19000.0,11.643962499267984
Maruti Suzuki,Omni,17,75000.0,Automatic,first,Hybrid/CNG,87000,Maruti Suzuki_Omni,Old,4411.764705882353,11.225256725762893
Toyota,Fortuner,13,89000.0,Manual,second,Diesel,1050000,Toyota_Fortuner,Old,6846.153846153846,11.39640288460621
Volkswagen,Ameo,7,51000.0,Manual,second,Petrol,340000,Volkswagen_Ameo,Mid,7285.714285714285,10.839600519357369
Nissan,Micra,7,75000.0,Automatic,second,Hybrid/CNG,290000,Nissan_Micra,Mid,10714.285714285714,11.225256725762893
Maruti Suzuki,Swift,9,65000.0,Manual,first,Hybrid/CNG,460000,Maruti Suzuki_Swift,Mid,7222.222222222223,11.082157933374816
Skoda,Rapid,9,77000.0,Automatic,second,Diesel,395000,Skoda_Rapid,Mid,8555.555555555555,11.251573687764477
Maruti Suzuki,Wagon-R,8,75000.0,Manual,first,Hybrid/CNG,315000,Maruti Suzuki_Wagon-R,Mid,9375.0,11.225256725762893
Renault,Triber,3,36250.0,Manual,first,Petrol,575000,Renault_Triber,Recent,12083.333333333334,10.498222246109226
Hyundai,i10,14,105000.0,Manual,second,Petrol,130000,Hyundai_i10,Old,7500.0,11.561725152903833
Maruti Suzuki,Swift-Dzire,7,124000.0,Manual,second,Diesel,515000,Maruti Suzuki_Swift-Dzire,Mid,17714.285714285714,11.728044909070785
Maruti Suzuki,Alto,7,164963.0,Automatic,first,Hybrid/CNG,750000,Maruti Suzuki_Alto,Mid,23566.14285714286,12.01348254725942
Mahindra,Thar,2,40000.0,Manual,first,Diesel,1420000,Mahindra_Thar,New,20000.0,10.596659732783579
Toyota,Etios Liva,8,110000.0,Manual,second,Petrol,430000,Toyota_Etios Liva,Mid,13750.0,11.608244735642321
Hyundai,Xcent Prime,6,66200.0,Manual,second,Hybrid/CNG,320000,Hyundai_Xcent Prime,Mid,11033.333333333334,11.10045084755119
Maruti Suzuki,Wagon-R,7,53000.0,Automatic,first,Hybrid/CNG,465000,Maruti Suzuki_Wagon-R,Mid,7571.428571428572,10.87806606028079
Nissan,Sunny,11,70000.0,Manual,first,Diesel,320000,Nissan_Sunny,Old,6363.636363636364,11.156264806643742
Maruti Suzuki,Ertiga,2,54000.0,Manual,first,Hybrid/CNG,1125000,Maruti Suzuki_Ertiga,New,27000.0,10.896757843893464
Maruti Suzuki,Swift-Dzire,10,65137.5,Manual,second,Diesel,410000,Maruti Suzuki_Swift-Dzire,Mid,6513.75,11.084271051239332
Hyundai,Santro Xing,10,81000.0,Manual,second,Hybrid/CNG,190000,Hyundai_Santro Xing,Mid,8100.0,11.302216779257382
Maruti Suzuki,800,15,71000.0,Manual,second,Petrol,145000,Maruti Suzuki_800,Old,4733.333333333333,11.170449240431308
Hyundai,Accent,13,149000.0,Automatic,second,Hybrid/CNG,110000,Hyundai_Accent,Old,11461.538461538461,11.91170829631447
Renault,KWID,4,65000.0,Manual,first,Petrol,305000,Renault_KWID,Recent,16250.0,11.082157933374816
Hyundai,New i20,14,55000.0,Automatic,second,Hybrid/CNG,220000,Hyundai_New i20,Old,3928.5714285714284,10.915106645867503
Maruti Suzuki,Ertiga,9,125000.0,Automatic,second,Hybrid/CNG,600000,Maruti Suzuki_Ertiga,Mid,13888.888888888889,11.736077016252437
Mahindra,KUV 100,8,76000.0,Manual,first,Diesel,325000,Mahindra_KUV 100,Mid,9500.0,11.23850177707664
Maruti Suzuki,A-Star,13,57327.0,Automatic,second,Hybrid/CNG,135000,Maruti Suzuki_A-Star,Old,4409.7692307692305,10.956544439544736
Hyundai,New Santro,5,41000.0,Manual,first,Petrol,425000,Hyundai_New Santro,Recent,8200.0,10.62135173563291
Porsche,Cayman,10,7000.0,Automatic,first,Petrol,8400000,Porsche_Cayman,Mid,700.0,8.853808274977197
Audi,Q3,9,50000.0,Automatic,second,Diesel,1575000,Audi_Q3,Mid,5555.555555555556,10.819798284210286
Maruti Suzuki,Ignis,3,31000.0,Manual,first,Petrol,520000,Maruti Suzuki_Ignis,Recent,10333.333333333334,10.34177474101152
BMW,X1,11,90000.0,Automatic,second,Diesel,899000,BMW_X1,Old,8181.818181818182,11.407576060361786
Hyundai,i10,13,34799.0,Manual,first,Petrol,345000,Hyundai_i10,Old,2676.846153846154,10.457372665762566
Hyundai,Grand i10,8,65000.0,Manual,first,Petrol,400000,Hyundai_Grand i10,Mid,8125.0,11.082157933374816
Kia,Seltos,2,27300.0,Automatic,second,Petrol,1295000,Kia_Seltos,New,13650.0,10.214678610538817
Maruti Suzuki,Ertiga,7,70000.0,Automatic,first,Petrol,795000,Maruti Suzuki_Ertiga,Mid,10000.0,11.156264806643742
Maruti Suzuki,Wagon-R-1-0,8,29750.0,Manual,second,Hybrid/CNG,335000,Maruti Suzuki_Wagon-R-1-0,Mid,3718.75,10.300618023854234
Mercedes-Benz,S-Class,9,72000.0,Automatic,second,Petrol,4211000,Mercedes-Benz_S-Class,Mid,8000.0,11.184435286790631
Maruti Suzuki,Swift-Dzire,9,100000.0,Automatic,second,Hybrid/CNG,300000,Maruti Suzuki_Swift-Dzire,Mid,11111.111111111111,11.51293546492023
Volkswagen,Polo,8,149000.0,Manual,second,Diesel,675000,Volkswagen_Polo,Mid,18625.0,11.91170829631447
Hyundai,Grand i10,10,82310.0,Manual,second,Petrol,360000,Hyundai_Grand i10,Mid,8231.0,11.318260035084968
Nissan,Micra,14,72900.0,Manual,first,Hybrid/CNG,275000,Nissan_Micra,Old,5207.142857142857,11.196857635323791
Toyota,Corolla Altis,11,120000.0,Automatic,second,Hybrid/CNG,450000,Toyota_Corolla Altis,Old,10909.09090909091,11.695255355062795
Toyota,Etios,9,202000.0,Manual,second,Diesel,450000,Toyota_Etios,Mid,22444.444444444445,12.216027926866138
Toyota,Corolla,18,78374.0,Manual,second,Hybrid/CNG,145000,Toyota_Corolla,Old,4354.111111111111,11.269260277935222
Maruti Suzuki,Swift-Dzire,6,128000.0,Automatic,first,Diesel,670000,Maruti Suzuki_Swift-Dzire,Mid,21333.333333333332,11.759793355371237
Maruti Suzuki,Alto-800,8,80000.0,Manual,second,Hybrid/CNG,250000,Maruti Suzuki_Alto-800,Mid,10000.0,11.289794413577894
Honda,Brio,11,46000.0,Automatic,second,Petrol,299000,Honda_Brio,Old,4181.818181818182,10.736418414365376
BMW,X3,4,76500.0,Automatic,first,Diesel,4450000,BMW_X3,Recent,19125.0,11.245059091624615
Toyota,Corolla Altis,10,89000.0,Manual,first,Diesel,585000,Toyota_Corolla Altis,Mid,8900.0,11.39640288460621
Ford,Ecosport,8,81000.0,Manual,second,Diesel,500000,Ford_Ecosport,Mid,10125.0,11.302216779257382
Toyota,Innova,11,180555.0,Manual,second,Diesel,1075000,Toyota_Innova,Old,16414.090909090908,12.103796257945188
Renault,KWID,7,61500.0,Manual,second,Petrol,320000,Renault_KWID,Mid,8785.714285714286,11.026808713825016
Maruti Suzuki,Wagon R,13,88000.0,Manual,second,Hybrid/CNG,175000,Maruti Suzuki_Wagon R,Old,6769.2307692307695,11.385103457032141
Mercedes-Benz,CLS-Class,9,82000.0,Automatic,second,Diesel,2450000,Mercedes-Benz_CLS-Class,Mid,9111.111111111111,11.314486721293981
Maruti Suzuki,S-Presso,5,59000.0,Automatic,first,Petrol,475000,Maruti Suzuki_S-Presso,Recent,11800.0,10.985309671896763
Maruti Suzuki,Ertiga,8,41000.0,Manual,second,Petrol,750000,Maruti Suzuki_Ertiga,Mid,5125.0,10.62135173563291
Maruti Suzuki,A-Star,0,180000.0,Manual,second,Hybrid/CNG,65000,Maruti Suzuki_A-Star,New,180000.0,12.100717685412471
Nissan,Sunny,10,98400.0,Manual,second,Diesel,345000,Nissan_Sunny,Mid,9840.0,11.496806245590331
Maruti Suzuki,Ciaz,2,26000.0,Automatic,second,Petrol,1000000,Maruti Suzuki_Ciaz,New,13000.0,10.165890277802454
Volkswagen,Polo,13,65000.0,Manual,second,Diesel,240000,Volkswagen_Polo,Old,5000.0,11.082157933374816
Hyundai,New i20,10,49000.0,Manual,second,Hybrid/CNG,450000,Hyundai_New i20,Mid,4900.0,10.799595985047786
Tata,Indigo Ecs,8,15.0,Automatic,first,Hybrid/CNG,150000,Tata_Indigo Ecs,Mid,1.875,2.772588722239781
Volvo,S90,2,20591.0,Automatic,first,Hybrid/CNG,5275000,Volvo_S90,New,10295.5,9.932657929835909
Maruti Suzuki,maruti-suzuki-dzire,6,104000.0,Automatic,first,Diesel,695000,Maruti Suzuki_maruti-suzuki-dzire,Mid,17333.333333333332,11.552155793461898
Mahindra,XUV500,6,65000.0,Manual,first,Diesel,970000,Mahindra_XUV500,Mid,10833.333333333334,11.082157933374816
Honda,City,15,80000.0,Automatic,second,Hybrid/CNG,275000,Honda_City,Old,5333.333333333333,11.289794413577894
Hyundai,i20,9,38000.0,Manual,first,Petrol,500000,Hyundai_i20,Mid,4222.222222222223,10.545367754151743
Toyota,Corolla Altis,11,106000.0,Automatic,second,Hybrid/CNG,450000,Toyota_Corolla Altis,Old,9636.363636363636,11.571203807011969
Hyundai,New Santro,5,123000.0,Automatic,first,Hybrid/CNG,310000,Hyundai_New Santro,Recent,24600.0,11.719947764402807
Kia,Carnival,2,30000.0,Automatic,first,Diesel,3850000,Kia_Carnival,New,15000.0,10.308985993422082
Toyota,Innova,9,160000.0,Manual,second,Diesel,1250000,Toyota_Innova,Mid,17777.777777777777,11.982935344196433
Kia,Sonet,3,65000.0,Automatic,first,Diesel,975000,Kia_Sonet,Recent,21666.666666666668,11.082157933374816
Maruti Suzuki,Ertiga,1,9990.0,Automatic,first,Hybrid/CNG,1100000,Maruti Suzuki_Ertiga,New,9990.0,9.209439966733019
Maruti Suzuki,Swift-Dzire,13,76000.0,Manual,first,Hybrid/CNG,200000,Maruti Suzuki_Swift-Dzire,Old,5846.153846153846,11.23850177707664
Maruti Suzuki,Baleno,5,61000.0,Automatic,first,Petrol,645000,Maruti Suzuki_Baleno,Recent,12200.0,11.0186455364637
Toyota,Fortuner,1,7900.0,Automatic,first,Diesel,4575000,Toyota_Fortuner,New,7900.0,8.974744612722734
Maruti Suzuki,Ertiga,7,50000.0,Manual,second,Hybrid/CNG,796000,Maruti Suzuki_Ertiga,Mid,7142.857142857143,10.819798284210286
Mercedes-Benz,GLA,5,30000.0,Automatic,second,Diesel,2499999,Mercedes-Benz_GLA,Recent,6000.0,10.308985993422082
Maruti Suzuki,Wagon-R,4,65874.0,Manual,second,Hybrid/CNG,490000,Maruti Suzuki_Wagon-R,Recent,16468.5,11.095514285843663
Mercedes-Benz,GLS,6,54855.0,Automatic,first,Diesel,6750000,Mercedes-Benz_GLS,Mid,9142.5,10.9124668489642
Maruti Suzuki,S-Presso,2,170000.0,Automatic,first,Hybrid/CNG,170000,Maruti Suzuki_S-Presso,New,85000.0,12.04355959836804
Jaguar,F-Pace,6,35000.0,Automatic,first,Diesel,3200000,Jaguar_F-Pace,Mid,5833.333333333333,10.463131911491967
Maruti Suzuki,Baleno,6,72000.0,Manual,first,Hybrid/CNG,525000,Maruti Suzuki_Baleno,Mid,12000.0,11.184435286790631
Mercedes-Benz,E-Class,12,118000.0,Automatic,second,Diesel,785000,Mercedes-Benz_E-Class,Old,9833.333333333334,11.678448377988165
Maruti Suzuki,Brezza,4,95000.0,Automatic,first,Petrol,751000,Maruti Suzuki_Brezza,Recent,23750.0,11.461642696843066
Toyota,Corolla Altis,16,92000.0,Automatic,second,Hybrid/CNG,270000,Toyota_Corolla Altis,Old,5750.0,11.429554725537322
Maruti Suzuki,Wagon-R,12,110000.0,Automatic,second,Hybrid/CNG,105000,Maruti Suzuki_Wagon-R,Old,9166.666666666666,11.608244735642321
Maruti Suzuki,Wagon-R-1-0,4,48963.0,Manual,first,Hybrid/CNG,470000,Maruti Suzuki_Wagon-R-1-0,Recent,12240.75,10.798840613195402
Volkswagen,CrossPolo,10,104600.0,Manual,second,Diesel,475000,Volkswagen_CrossPolo,Mid,10460.0,11.557908390796706
Hyundai,i10,14,80000.0,Automatic,second,Hybrid/CNG,230000,Hyundai_i10,Old,5714.285714285715,11.289794413577894
Maruti Suzuki,Vitara-Brezza,5,65000.0,Manual,first,Diesel,399999,Maruti Suzuki_Vitara-Brezza,Recent,13000.0,11.082157933374816
Maruti Suzuki,Vitara Brezza,7,94000.0,Automatic,second,Diesel,799000,Maruti Suzuki_Vitara Brezza,Mid,13428.57142857143,11.451060699493427
Skoda,Rapid,7,83000.0,Manual,first,Diesel,550000,Skoda_Rapid,Mid,11857.142857142857,11.326607934898927
Volvo,S60,9,59000.0,Automatic,first,Diesel,1050000,Volvo_S60,Mid,6555.555555555556,10.985309671896763
Honda,Amaze,9,102000.0,Automatic,first,Hybrid/CNG,400000,Honda_Amaze,Mid,11333.333333333334,11.532737896139919
Maruti Suzuki,Eeco,7,142000.0,Automatic,second,Hybrid/CNG,340000,Maruti Suzuki_Eeco,Mid,20285.714285714286,11.863589378812122
Hyundai,Elantra,7,84000.0,Automatic,second,Hybrid/CNG,935000,Hyundai_Elantra,Mid,12000.0,11.338583982516495
Maruti Suzuki,Ertiga,9,5656.0,Manual,first,Diesel,300000,Maruti Suzuki_Ertiga,Mid,628.4444444444445,8.640648995343156
Honda,Civic,16,98000.0,Automatic,second,Petrol,350000,Honda_Civic,Old,6125.0,11.49273296168228
Ford,Aspire,6,32000.0,Manual,first,Petrol,500000,Ford_Aspire,Mid,5333.333333333333,10.373522431293592
Honda,Amaze,5,30500.0,Automatic,second,Petrol,642000,Honda_Amaze,Recent,6100.0,10.32551474894327
Hyundai,Creta,1,8394.0,Manual,first,Petrol,1437000,Hyundai_Creta,New,8394.0,9.035391569511642
Tata,Safari,14,60565.0,Manual,second,Diesel,280000,Tata_Safari,Old,4326.071428571428,11.011488958500923
Maruti Suzuki,Celerio,5,68000.0,Manual,second,Hybrid/CNG,410000,Maruti Suzuki_Celerio,Recent,13600.0,11.127277689932466
Audi,Q7,8,69000.0,Automatic,second,Diesel,2950000,Audi_Q7,Mid,8625.0,11.141876276228
Hyundai,Aura,3,68000.0,Manual,first,Hybrid/CNG,695000,Hyundai_Aura,Recent,22666.666666666668,11.127277689932466
Hyundai,Grand i10,5,49000.0,Manual,second,Hybrid/CNG,535000,Hyundai_Grand i10,Recent,9800.0,10.799595985047786
Audi,Q3,9,73000.0,Automatic,first,Diesel,999000,Audi_Q3,Mid,8111.111111111111,11.19822841866684
Toyota,Innova,10,125000.0,Manual,second,Diesel,750000,Toyota_Innova,Mid,12500.0,11.736077016252437
Maruti Suzuki,Eeco,14,123300.0,Automatic,second,Hybrid/CNG,180000,Maruti Suzuki_Eeco,Old,8807.142857142857,11.722383799419628
Maruti Suzuki,Swift,6,79000.0,Manual,first,Diesel,670000,Maruti Suzuki_Swift,Mid,13166.666666666666,11.277215789596893
Maruti Suzuki,Swift,12,89000.0,Manual,first,Diesel,243000,Maruti Suzuki_Swift,Old,7416.666666666667,11.39640288460621
Maruti Suzuki,Celerio,5,78000.0,Manual,first,Hybrid/CNG,425000,Maruti Suzuki_Celerio,Recent,15600.0,11.264476926102367
Hyundai,Grand i10,10,62000.0,Manual,second,Petrol,395000,Hyundai_Grand i10,Mid,6200.0,11.034905792929415
Mahindra,Thar,1,49000.0,Manual,first,Diesel,1575000,Mahindra_Thar,New,49000.0,10.799595985047786
Renault,KWID,4,68000.0,Automatic,first,Hybrid/CNG,325000,Renault_KWID,Recent,17000.0,11.127277689932466
Honda,WRV,7,84000.0,Manual,second,Petrol,550000,Honda_WRV,Mid,12000.0,11.338583982516495
Maruti Suzuki,Celerio,10,180000.0,Automatic,second,Hybrid/CNG,300000,Maruti Suzuki_Celerio,Mid,18000.0,12.100717685412471
Volvo,XC40,5,76000.0,Automatic,first,Diesel,2975000,Volvo_XC40,Recent,15200.0,11.23850177707664
Mercedes-Benz,GLE Class,7,150000.0,Automatic,first,Diesel,2750000,Mercedes-Benz_GLE Class,Mid,21428.571428571428,11.918397239722838
Hyundai,Grand i10,8,82000.0,Manual,second,Petrol,300000,Hyundai_Grand i10,Mid,10250.0,11.314486721293981
BMW,3 Series,12,85000.0,Automatic,first,Diesel,800000,BMW_3 Series,Old,7083.333333333333,11.350418300109132
Mercedes-Benz,AMG A35,1,10000.0,Automatic,first,Petrol,5500000,Mercedes-Benz_AMG A35,New,10000.0,9.210440366976517
BMW,X1,6,43000.0,Automatic,first,Diesel,2300000,BMW_X1,Mid,7166.666666666667,10.668978650219241
Maruti Suzuki,Ertiga,12,105000.0,Manual,second,Hybrid/CNG,450000,Maruti Suzuki_Ertiga,Old,8750.0,11.561725152903833
Mahindra,Scorpio,16,203045.0,Manual,first,Diesel,390001,Mahindra_Scorpio,Old,12690.3125,12.221187833339021
Maruti Suzuki,Baleno,7,50000.0,Manual,second,Hybrid/CNG,500000,Maruti Suzuki_Baleno,Mid,7142.857142857143,10.819798284210286
Hyundai,Xcent,8,135000.0,Manual,first,Diesel,295000,Hyundai_Xcent,Mid,16875.0,11.813037464800539
Maruti Suzuki,Swift-Dzire,2,69000.0,Manual,first,Petrol,665000,Maruti Suzuki_Swift-Dzire,New,34500.0,11.141876276228
Volkswagen,VentoTest,11,62000.0,Automatic,second,Petrol,325000,Volkswagen_VentoTest,Old,5636.363636363636,11.034905792929415
Chevrolet,Optra Magnum,13,70000.0,Manual,second,Hybrid/CNG,199000,Chevrolet_Optra Magnum,Old,5384.615384615385,11.156264806643742
Toyota,Corolla Altis,10,110000.0,Automatic,first,Hybrid/CNG,610000,Toyota_Corolla Altis,Mid,11000.0,11.608244735642321
Ford,Ecosport,9,68530.0,Manual,second,Diesel,325000,Ford_Ecosport,Mid,7614.444444444444,11.13504147662283
Mercedes-Benz,E-Class,4,42349.0,Automatic,second,Diesel,3790000,Mercedes-Benz_E-Class,Recent,10587.25,10.653723700080201
Maruti Suzuki,Wagon-R-1-0,7,62000.0,Automatic,second,Hybrid/CNG,340000,Maruti Suzuki_Wagon-R-1-0,Mid,8857.142857142857,11.034905792929415
Maruti Suzuki,Baleno,7,35866.0,Automatic,first,Hybrid/CNG,499536,Maruti Suzuki_Baleno,Mid,5123.714285714285,10.487572931678823
Renault,Fluence,9,78000.0,Manual,first,Diesel,450000,Renault_Fluence,Mid,8666.666666666666,11.264476926102367
Maruti Suzuki,Baleno,0,16500.0,Automatic,first,Hybrid/CNG,900000,Maruti Suzuki_Baleno,New,16500.0,9.711176264112805
Maruti Suzuki,Celerio,9,65000.0,Automatic,second,Petrol,399000,Maruti Suzuki_Celerio,Mid,7222.222222222223,11.082157933374816
Volvo,S60 Cross Country,6,43000.0,Automatic,first,Diesel,1890000,Volvo_S60 Cross Country,Mid,7166.666666666667,10.668978650219241
Maruti Suzuki,Swift-Dzire,13,80000.0,Manual,second,Diesel,190000,Maruti Suzuki_Swift-Dzire,Old,6153.846153846154,11.289794413577894
Hyundai,Alcazar,1,28000.0,Automatic,second,Diesel,1925000,Hyundai_Alcazar,New,28000.0,10.239995502805316
Honda,Amaze,5,60000.0,Manual,second,Hybrid/CNG,535000,Honda_Amaze,Recent,12000.0,11.002116507732017
Skoda,Rapid,9,71000.0,Manual,first,Diesel,399000,Skoda_Rapid,Mid,7888.888888888889,11.170449240431308
Maruti Suzuki,Ertiga,2,46000.0,Automatic,first,Hybrid/CNG,1175000,Maruti Suzuki_Ertiga,New,23000.0,10.736418414365376
Maruti Suzuki,Ertiga,5,150000.0,Automatic,second,Hybrid/CNG,650000,Maruti Suzuki_Ertiga,Recent,30000.0,11.918397239722838
Hyundai,Grand i10,7,100500.0,Manual,second,Diesel,345000,Hyundai_Grand i10,Mid,14357.142857142857,11.51792295668052
Maruti Suzuki,Ertiga,2,52000.0,Manual,first,Petrol,1175000,Maruti Suzuki_Ertiga,New,26000.0,10.859018228147887
Hyundai,i10,7,57452.0,Manual,first,Petrol,490000,Hyundai_i10,Mid,8207.42857142857,10.95872250123467
Tata,Nexon,3,24000.0,Automatic,first,Petrol,925000,Tata_Nexon,Recent,8000.0,10.085850775128717
Maruti Suzuki,Wagon-R,11,126800.0,Manual,second,Petrol,360000,Maruti Suzuki_Wagon-R,Old,11527.272727272728,11.750374207389497
Mahindra,XUV500,8,81000.0,Manual,second,Diesel,699000,Mahindra_XUV500,Mid,10125.0,11.302216779257382
Tata,Indica Vista,15,120000.0,Manual,second,Diesel,130000,Tata_Indica Vista,Old,8000.0,11.695255355062795
Hyundai,i10,13,75000.0,Manual,second,Petrol,245000,Hyundai_i10,Old,5769.2307692307695,11.225256725762893
Tata,Safari,14,160000.0,Manual,second,Diesel,280000,Tata_Safari,Old,11428.57142857143,11.982935344196433
Honda,CRV,13,90000.0,Automatic,second,Petrol,399999,Honda_CRV,Old,6923.076923076923,11.407576060361786
Maruti Suzuki,Grand Vitara,0,2000.0,Manual,first,Hybrid/CNG,1450000,Maruti Suzuki_Grand Vitara,New,2000.0,7.601402334583733
Maruti Suzuki,Eeco,3,170000.0,Automatic,first,Hybrid/CNG,370000,Maruti Suzuki_Eeco,Recent,56666.666666666664,12.04355959836804
Maruti Suzuki,Swift Dzire,10,25300.0,Manual,first,Diesel,574000,Maruti Suzuki_Swift Dzire,Mid,2530.0,10.138599199626192
Toyota,Innova Crysta,3,77000.0,Automatic,first,Diesel,2651000,Toyota_Innova Crysta,Recent,25666.666666666668,11.251573687764477
Toyota,Corolla Altis,15,120000.0,Manual,second,Hybrid/CNG,210000,Toyota_Corolla Altis,Old,8000.0,11.695255355062795
Hyundai,Grand i10 Nios,3,62457.0,Manual,first,Hybrid/CNG,565000,Hyundai_Grand i10 Nios,Recent,20819.0,11.042249609831288
BMW,M340i,2,500.0,Automatic,first,Petrol,6550000,BMW_M340i,New,250.0,6.2166061010848646
Maruti Suzuki,Swift,18,100000.0,Manual,second,Petrol,210000,Maruti Suzuki_Swift,Old,5555.555555555556,11.51293546492023
Ford,Figo,11,99000.0,Manual,first,Diesel,180000,Ford_Figo,Old,9000.0,11.502885230075814
Maruti Suzuki,Celerio,6,58000.0,Automatic,second,Petrol,530000,Maruti Suzuki_Celerio,Mid,9666.666666666666,10.968215530759236
Hyundai,Creta,8,74000.0,Automatic,second,Hybrid/CNG,850000,Hyundai_Creta,Mid,9250.0,11.211833885608513
Maruti Suzuki,Wagon-R,9,51000.0,Manual,first,Petrol,240000,Maruti Suzuki_Wagon-R,Mid,5666.666666666667,10.839600519357369
Maruti Suzuki,Swift,12,62816.0,Automatic,first,Petrol,435000,Maruti Suzuki_Swift,Old,5234.666666666667,11.047981016460426
Mahindra,Thar,1,40000.0,Manual,first,Diesel,1380000,Mahindra_Thar,New,40000.0,10.596659732783579
Maruti Suzuki,Celerio,7,49000.0,Manual,second,Petrol,360000,Maruti Suzuki_Celerio,Mid,7000.0,10.799595985047786
Maruti Suzuki,maruti-suzuki-dzire,6,34200.0,Automatic,first,Hybrid/CNG,590000,Maruti Suzuki_maruti-suzuki-dzire,Mid,5700.0,10.440010162389305
Maruti Suzuki,Celerio,10,72000.0,Automatic,first,Petrol,345000,Maruti Suzuki_Celerio,Mid,7200.0,11.184435286790631
Maruti Suzuki,Swift-Dzire,6,58000.0,Automatic,first,Hybrid/CNG,555000,Maruti Suzuki_Swift-Dzire,Mid,9666.666666666666,10.968215530759236
Maruti Suzuki,Swift-Dzire,0,37500.0,Automatic,first,Hybrid/CNG,300000,Maruti Suzuki_Swift-Dzire,New,37500.0,10.53212287826962
Maruti Suzuki,Swift-Dzire,10,83000.0,Manual,first,Hybrid/CNG,470000,Maruti Suzuki_Swift-Dzire,Mid,8300.0,11.326607934898927
Maruti Suzuki,Swift,15,175000.0,Manual,second,Hybrid/CNG,115000,Maruti Suzuki_Swift,Old,11666.666666666666,12.07254696717504
Mercedes-Benz,E-Class,4,40000.0,Automatic,first,Petrol,4000000,Mercedes-Benz_E-Class,Recent,10000.0,10.596659732783579
Maruti Suzuki,Celerio,8,110000.0,Automatic,second,Hybrid/CNG,299000,Maruti Suzuki_Celerio,Mid,13750.0,11.608244735642321
Mahindra,XUV500,7,58100.0,Automatic,second,Diesel,1260000,Mahindra_XUV500,Mid,8300.0,10.969938154395841
Nissan,Micra,13,95000.0,Manual,second,Petrol,265000,Nissan_Micra,Old,7307.692307692308,11.461642696843066
Jeep,Compass,6,80000.0,Manual,second,Diesel,750000,Jeep_Compass,Mid,13333.333333333334,11.289794413577894
Maruti Suzuki,Wagon-R,12,77000.0,Manual,second,Hybrid/CNG,265000,Maruti Suzuki_Wagon-R,Old,6416.666666666667,11.251573687764477
Tata,Tiago,2,37000.0,Manual,first,Hybrid/CNG,650000,Tata_Tiago,New,18500.0,10.518700218288165
Hyundai,Xcent,10,62500.0,Manual,first,Petrol,284999,Hyundai_Xcent,Mid,6250.0,11.042937835596494
Toyota,Innova Crysta,4,40000.0,Automatic,first,Diesel,1750000,Toyota_Innova Crysta,Recent,10000.0,10.596659732783579
Maruti Suzuki,Swift,4,65000.0,Manual,first,Hybrid/CNG,525000,Maruti Suzuki_Swift,Recent,16250.0,11.082157933374816
Maruti Suzuki,Swift-Dzire,2,25000.0,Automatic,first,Hybrid/CNG,825000,Maruti Suzuki_Swift-Dzire,New,12500.0,10.12667110305036
Ford,Figo,13,70000.0,Manual,second,Diesel,195000,Ford_Figo,Old,5384.615384615385,11.156264806643742
Mercedes-Benz,GLA Class,6,78900.0,Automatic,first,Diesel,2000000,Mercedes-Benz_GLA Class,Mid,13150.0,11.275949181024878
Maruti Suzuki,Wagon-R,10,58000.0,Manual,first,Hybrid/CNG,249000,Maruti Suzuki_Wagon-R,Mid,5800.0,10.968215530759236
Mahindra,Bolero,10,111000.0,Manual,first,Diesel,700000,Mahindra_Bolero,Mid,11100.0,11.6172944892629
Maruti Suzuki,Celerio,6,26000.0,Manual,first,Hybrid/CNG,490000,Maruti Suzuki_Celerio,Mid,4333.333333333333,10.165890277802454
Maruti Suzuki,Wagon-R,12,121981.0,Automatic,second,Hybrid/CNG,160000,Maruti Suzuki_Wagon-R,Old,10165.083333333334,11.711628771846545
Maruti Suzuki,Swift-Dzire,2,33.0,Manual,first,Hybrid/CNG,880000,Maruti Suzuki_Swift-Dzire,New,16.5,3.5263605246161616
Renault,Triber,4,27800.0,Manual,first,Petrol,520000,Renault_Triber,Recent,6950.0,10.2328272702548
Toyota,Camry,10,63000.0,Automatic,second,Hybrid/CNG,1011111,Toyota_Camry,Mid,6300.0,11.050905878263567
Tata,Nano,9,22000.0,Automatic,second,Petrol,269000,Tata_Nano,Mid,2444.4444444444443,9.99884318585288
Mercedes-Benz,E-Class,6,55000.0,Automatic,first,Petrol,4400000,Mercedes-Benz_E-Class,Mid,9166.666666666666,10.915106645867503
Renault,Duster,10,152.0,Manual,second,Diesel,450000,Renault_Duster,Mid,15.2,5.030437921392435
Toyota,Innova Hycross,0,0.0,Automatic,first,Hybrid/CNG,3800000,Toyota_Innova Hycross,New,0.0,0.0
BMW,5 Series,13,79000.0,Automatic,first,Diesel,1275000,BMW_5 Series,Old,6076.923076923077,11.277215789596893
Volkswagen,Taigun,3,59084.0,Automatic,first,Petrol,1565000,Volkswagen_Taigun,Recent,19694.666666666668,10.986732364073116
Maruti Suzuki,Ertiga,11,76000.0,Manual,second,Hybrid/CNG,525000,Maruti Suzuki_Ertiga,Old,6909.090909090909,11.23850177707664
Volkswagen,GTI,8,75000.0,Automatic,second,Petrol,530000,Volkswagen_GTI,Mid,9375.0,11.225256725762893
Maruti Suzuki,Wagon-R,8,73860.0,Automatic,second,Hybrid/CNG,317000,Maruti Suzuki_Wagon-R,Mid,9232.5,11.209940227442981
Honda,Brio,10,72000.0,Automatic,first,Petrol,525000,Honda_Brio,Mid,7200.0,11.184435286790631
Toyota,Etios Liva,6,67000.0,Manual,first,Hybrid/CNG,490000,Toyota_Etios Liva,Mid,11166.666666666666,11.112462823634855
Hyundai,Grand i10,9,68000.0,Manual,second,Diesel,310000,Hyundai_Grand i10,Mid,7555.555555555556,11.127277689932466
Toyota,Fortuner,2,11500.0,Automatic,first,Petrol,3600000,Toyota_Fortuner,New,5750.0,9.350189267092581
Tata,Nano,10,45000.0,Manual,second,Petrol,85000,Tata_Nano,Mid,4500.0,10.714439990727769
Maruti Suzuki,Wagon-R-1-0,9,80000.0,Manual,second,Hybrid/CNG,255000,Maruti Suzuki_Wagon-R-1-0,Mid,8888.888888888889,11.289794413577894
Honda,Amaze,9,97422.0,Manual,second,Diesel,350000,Honda_Amaze,Mid,10824.666666666666,11.486817601384443
BMW,X1,13,57000.0,Automatic,second,Petrol,599999,BMW_X1,Old,4384.615384615385,10.950824090522445
Maruti Suzuki,Baleno,3,42470.0,Manual,first,Petrol,725000,Maruti Suzuki_Baleno,Recent,14156.666666666666,10.656576769062607
Hyundai,Elite i20,10,91000.0,Manual,second,Diesel,450000,Hyundai_Elite i20,Mid,9100.0,11.418625774449598
Hyundai,Grand i10,10,100000.0,Automatic,second,Diesel,350000,Hyundai_Grand i10,Mid,10000.0,11.51293546492023
Maruti Suzuki,Celerio,2,99999.0,Manual,second,Hybrid/CNG,530000,Maruti Suzuki_Celerio,New,49999.5,11.512925464970229
Mahindra,XUV500,7,71000.0,Automatic,first,Diesel,745000,Mahindra_XUV500,Mid,10142.857142857143,11.170449240431308
Hyundai,Grand i10,10,60000.0,Manual,second,Hybrid/CNG,350000,Hyundai_Grand i10,Mid,6000.0,11.002116507732017
Tata,Indica Vista,15,113000.0,Manual,second,Diesel,225000,Tata_Indica Vista,Old,7533.333333333333,11.635151947212842
Hyundai,Getz,17,100.0,Manual,first,Petrol,100000,Hyundai_Getz,Old,5.882352941176471,4.61512051684126
Audi,A6,8,42000.0,Automatic,first,Petrol,2450000,Audi_A6,Mid,5250.0,10.645448706505872
BMW,7 Series,1,7000.0,Automatic,first,Petrol,18500000,BMW_7 Series,New,7000.0,8.853808274977197
Honda,Amaze,7,107000.0,Automatic,second,Hybrid/CNG,285000,Honda_Amaze,Mid,15285.714285714286,11.580593459194764
Maruti Suzuki,Alto,14,48552.0,Manual,first,Petrol,178000,Maruti Suzuki_Alto,Old,3468.0,10.79041126377747
Hyundai,Venue,2,20596.0,Manual,first,Diesel,1090000,Hyundai_Venue,New,10298.0,9.932900713104477
Datsun,RediGO,6,45125.0,Manual,first,Petrol,235000,Datsun_RediGO,Mid,7520.833333333333,10.717213856054459
Maruti Suzuki,Wagon-R,4,65000.0,Automatic,first,Hybrid/CNG,480000,Maruti Suzuki_Wagon-R,Recent,16250.0,11.082157933374816
Maruti Suzuki,Eeco,2,15000.0,Automatic,first,Hybrid/CNG,550000,Maruti Suzuki_Eeco,New,7500.0,9.61587214452889
Honda,Amaze,10,58000.0,Manual,second,Petrol,250000,Honda_Amaze,Mid,5800.0,10.968215530759236
Honda,Mobilio,10,80000.0,Manual,second,Hybrid/CNG,430000,Honda_Mobilio,Mid,8000.0,11.289794413577894
Mahindra,Verito,12,220000.0,Manual,second,Diesel,240000,Mahindra_Verito,Old,18333.333333333332,12.301387370778713
Maruti Suzuki,Swift-Dzire,12,80000.0,Automatic,first,Petrol,375000,Maruti Suzuki_Swift-Dzire,Old,6666.666666666667,11.289794413577894
Hyundai,Santro Xing,14,41250.0,Manual,second,Petrol,95000,Hyundai_Santro Xing,Old,2946.4285714285716,10.627430633893226
Volkswagen,Polo,7,47513.0,Manual,first,Petrol,630000,Volkswagen_Polo,Mid,6787.571428571428,10.768779683438467
Skoda,Kushaq,3,36000.0,Automatic,first,Petrol,1490000,Skoda_Kushaq,Recent,12000.0,10.491301994830229
Hyundai,Creta,2,44000.0,Automatic,first,Diesel,1690000,Hyundai_Creta,New,22000.0,10.691967639914864
Hyundai,Elite i20,8,82000.0,Manual,first,Diesel,625000,Hyundai_Elite i20,Mid,10250.0,11.314486721293981
Honda,Amaze,9,103000.0,Automatic,first,Hybrid/CNG,400000,Honda_Amaze,Mid,11444.444444444445,11.542493975902508
Maruti Suzuki,A-Star,13,67000.0,Manual,second,Petrol,235000,Maruti Suzuki_A-Star,Old,5153.846153846154,11.112462823634855
Maruti Suzuki,Alto-K10,7,82000.0,Manual,first,Hybrid/CNG,350000,Maruti Suzuki_Alto-K10,Mid,11714.285714285714,11.314486721293981
Maruti Suzuki,Estilo,12,85000.0,Automatic,second,Hybrid/CNG,110000,Maruti Suzuki_Estilo,Old,7083.333333333333,11.350418300109132
Honda,Civic,14,80000.0,Automatic,second,Hybrid/CNG,250000,Honda_Civic,Old,5714.285714285715,11.289794413577894
Hyundai,Grand i10 Nios,2,50000.0,Manual,first,Hybrid/CNG,639999,Hyundai_Grand i10 Nios,New,25000.0,10.819798284210286
Mahindra,Thar,2,13800.0,Manual,second,Diesel,1250000,Mahindra_Thar,New,6900.0,9.53249633228804
Maruti Suzuki,Eeco,11,30.0,Automatic,second,Hybrid/CNG,120000,Maruti Suzuki_Eeco,Old,2.727272727272727,3.4339872044851463
Mahindra,Thar,2,21700.0,Automatic,second,Diesel,1475000,Mahindra_Thar,New,10850.0,9.985113621416073
Honda,WRV,7,68000.0,Manual,first,Petrol,475000,Honda_WRV,Mid,9714.285714285714,11.127277689932466
Renault,KWID,4,55000.0,Automatic,second,Hybrid/CNG,325000,Renault_KWID,Recent,13750.0,10.915106645867503
Honda,City,7,74000.0,Automatic,second,Petrol,765000,Honda_City,Mid,10571.42857142857,11.211833885608513
Maruti Suzuki,Wagon-R,7,61200.0,Manual,first,Hybrid/CNG,385000,Maruti Suzuki_Wagon-R,Mid,8742.857142857143,11.021918808236205
Maruti Suzuki,Eeco,7,63000.0,Manual,first,Hybrid/CNG,440000,Maruti Suzuki_Eeco,Mid,9000.0,11.050905878263567
Maruti Suzuki,Ignis,6,25000.0,Automatic,first,Petrol,425000,Maruti Suzuki_Ignis,Mid,4166.666666666667,10.12667110305036
Hyundai,Verna,10,60000.0,Manual,second,Hybrid/CNG,399000,Hyundai_Verna,Mid,6000.0,11.002116507732017
Maruti Suzuki,Alto 800,6,72000.0,Manual,first,Petrol,320000,Maruti Suzuki_Alto 800,Mid,12000.0,11.184435286790631
Honda,City,9,52000.0,Automatic,first,Petrol,599000,Honda_City,Mid,5777.777777777777,10.859018228147887
Maruti Suzuki,Baleno,8,69000.0,Automatic,second,Hybrid/CNG,489999,Maruti Suzuki_Baleno,Mid,8625.0,11.141876276228
Maruti Suzuki,Ertiga,5,60000.0,Automatic,first,Petrol,950000,Maruti Suzuki_Ertiga,Recent,12000.0,11.002116507732017
Maruti Suzuki,Baleno,8,77500.0,Automatic,second,Hybrid/CNG,489999,Maruti Suzuki_Baleno,Mid,9687.5,11.258046118484
Maruti Suzuki,XL6,1,10000.0,Manual,first,Hybrid/CNG,1250000,Maruti Suzuki_XL6,New,10000.0,9.210440366976517
Toyota,Camry,8,100906.0,Automatic,first,Petrol,1575000,Toyota_Camry,Mid,12613.25,11.521954579554748
Renault,Triber,2,54000.0,Automatic,first,Petrol,725000,Renault_Triber,New,27000.0,10.896757843893464
Toyota,Glanza,3,16500.0,Automatic,second,Petrol,840000,Toyota_Glanza,Recent,5500.0,9.711176264112805
Maruti Suzuki,Wagon-R,4,68000.0,Manual,second,Petrol,49999,Maruti Suzuki_Wagon-R,Recent,17000.0,11.127277689932466
BMW,X5 M,8,78000.0,Automatic,second,Diesel,2349000,BMW_X5 M,Mid,9750.0,11.264476926102367
Maruti Suzuki,Ritz,13,180000.0,Manual,first,Diesel,320000,Maruti Suzuki_Ritz,Old,13846.153846153846,12.100717685412471
Hyundai,Grand i10,6,35933.0,Automatic,first,Petrol,560001,Hyundai_Grand i10,Mid,5988.833333333333,10.489439201492518
Maruti Suzuki,Wagon-R,7,77000.0,Manual,first,Hybrid/CNG,420000,Maruti Suzuki_Wagon-R,Mid,11000.0,11.251573687764477
Maruti Suzuki,S-Presso,1,20000.0,Automatic,first,Hybrid/CNG,600000,Maruti Suzuki_S-Presso,New,20000.0,9.90353755128617
Mahindra,XUV 300,2,14555.0,Automatic,first,Diesel,1095000,Mahindra_XUV 300,New,7277.5,9.585758558732051
Maruti Suzuki,Celerio,6,49000.0,Automatic,first,Petrol,505000,Maruti Suzuki_Celerio,Mid,8166.666666666667,10.799595985047786
Mahindra,XUV 300,2,69000.0,Manual,first,Diesel,1050000,Mahindra_XUV 300,New,34500.0,11.141876276228
Maruti Suzuki,Ertiga,6,72000.0,Manual,second,Hybrid/CNG,690000,Maruti Suzuki_Ertiga,Mid,12000.0,11.184435286790631
Toyota,Corolla Altis,13,70000.0,Manual,second,Hybrid/CNG,240000,Toyota_Corolla Altis,Old,5384.615384615385,11.156264806643742
Maruti Suzuki,Ertiga,3,67000.0,Manual,first,Hybrid/CNG,1080000,Maruti Suzuki_Ertiga,Recent,22333.333333333332,11.112462823634855
Toyota,Innova,16,117815.0,Manual,first,Diesel,735000,Toyota_Innova,Old,7363.4375,11.676879364405998
Honda,Amaze,7,81000.0,Manual,first,Hybrid/CNG,375000,Honda_Amaze,Mid,11571.42857142857,11.302216779257382
Hyundai,Santro Xing,15,65000.0,Manual,first,Petrol,210000,Hyundai_Santro Xing,Old,4333.333333333333,11.082157933374816
Toyota,Etios,8,78000.0,Manual,second,Hybrid/CNG,399999,Toyota_Etios,Mid,9750.0,11.264476926102367
Maruti Suzuki,Alto-800,5,86000.0,Manual,first,Hybrid/CNG,299000,Maruti Suzuki_Alto-800,Recent,17200.0,11.362114203075018
Skoda,Rapid,8,78000.0,Automatic,first,Diesel,650000,Skoda_Rapid,Mid,9750.0,11.264476926102367
Toyota,Yaris,5,34750.0,Automatic,first,Petrol,650000,Toyota_Yaris,Recent,6950.0,10.455963627557306
Hyundai,i10,17,79000.0,Manual,second,Hybrid/CNG,160000,Hyundai_i10,Old,4647.058823529412,11.277215789596893
Jeep,Compass,5,52500.0,Automatic,second,Petrol,1300000,Jeep_Compass,Recent,10500.0,10.868587496017359
Hyundai,Eon,11,65000.0,Manual,second,Petrol,225000,Hyundai_Eon,Old,5909.090909090909,11.082157933374816
Maruti Suzuki,Baleno,4,32000.0,Manual,first,Petrol,690000,Maruti Suzuki_Baleno,Recent,8000.0,10.373522431293592
Volkswagen,VentoTest,8,115000.0,Automatic,second,Diesel,640000,Volkswagen_VentoTest,Mid,14375.0,11.652696102959753
BMW,3 Series GT,8,64000.0,Automatic,first,Diesel,2149000,BMW_3 Series GT,Mid,8000.0,11.06665398721974
Toyota,Innova,10,225000.0,Manual,second,Diesel,925000,Toyota_Innova,Mid,22500.0,12.323860125621126
Mercedes-Benz,E-Class,9,70000.0,Automatic,second,Diesel,1450000,Mercedes-Benz_E-Class,Mid,7777.777777777777,11.156264806643742
Maruti Suzuki,Swift,17,65137.5,Automatic,second,Hybrid/CNG,118000,Maruti Suzuki_Swift,Old,3831.6176470588234,11.084271051239332
BMW,3 Series,12,105000.0,Automatic,first,Diesel,990000,BMW_3 Series,Old,8750.0,11.561725152903833
Maruti Suzuki,Vitara-Brezza,6,68445.0,Manual,first,Diesel,590000,Maruti Suzuki_Vitara-Brezza,Mid,11407.5,11.133800392193905
Hyundai,New Santro,17,50000.0,Automatic,first,Hybrid/CNG,52999,Hyundai_New Santro,Old,2941.176470588235,10.819798284210286
Maruti Suzuki,Ertiga,7,58680.0,Manual,second,Hybrid/CNG,675000,Maruti Suzuki_Ertiga,Mid,8382.857142857143,10.97987127369317
Honda,Amaze,10,87000.0,Manual,second,Petrol,315000,Honda_Amaze,Mid,8700.0,11.373674891823535
Hyundai,Elite i20,3,55000.0,Manual,first,Petrol,625000,Hyundai_Elite i20,Recent,18333.333333333332,10.915106645867503
Maruti Suzuki,Swift-Dzire,11,113000.0,Manual,first,Hybrid/CNG,399000,Maruti Suzuki_Swift-Dzire,Old,10272.727272727272,11.635151947212842
Maruti Suzuki,Wagon-R-1-0,3,38000.0,Manual,first,Hybrid/CNG,559000,Maruti Suzuki_Wagon-R-1-0,Recent,12666.666666666666,10.545367754151743
Volkswagen,Polo,12,81000.0,Manual,first,Petrol,350000,Volkswagen_Polo,Old,6750.0,11.302216779257382
Maruti Suzuki,Ertiga,3,53885.0,Automatic,first,Hybrid/CNG,1090000,Maruti Suzuki_Ertiga,Recent,17961.666666666668,10.894625982899004
Hyundai,Fluidic Verna,11,68000.0,Automatic,second,Hybrid/CNG,355000,Hyundai_Fluidic Verna,Old,6181.818181818182,11.127277689932466
Maruti Suzuki,Swift,13,54001.0,Manual,first,Hybrid/CNG,351000,Maruti Suzuki_Swift,Old,4153.923076923077,10.896776361897594
Maruti Suzuki,Ertiga,1,48000.0,Manual,first,Hybrid/CNG,1000000,Maruti Suzuki_Ertiga,New,48000.0,10.778977123006351
Maruti Suzuki,Eeco,12,150000.0,Automatic,second,Hybrid/CNG,200000,Maruti Suzuki_Eeco,Old,12500.0,11.918397239722838
Jeep,Compass,5,46000.0,Automatic,first,Petrol,1390000,Jeep_Compass,Recent,9200.0,10.736418414365376
Honda,City,9,69000.0,Automatic,first,Hybrid/CNG,525000,Honda_City,Mid,7666.666666666667,11.141876276228
Maruti Suzuki,Ciaz,7,83000.0,Automatic,first,Hybrid/CNG,550000,Maruti Suzuki_Ciaz,Mid,11857.142857142857,11.326607934898927
Hyundai,Aura,2,59000.0,Automatic,first,Hybrid/CNG,680000,Hyundai_Aura,New,29500.0,10.985309671896763
Hyundai,Santro Xing,16,63900.0,Manual,second,Petrol,135000,Hyundai_Santro Xing,Old,3993.75,11.065090289695444
Maruti Suzuki,Swift,9,76000.0,Manual,first,Hybrid/CNG,355000,Maruti Suzuki_Swift,Mid,8444.444444444445,11.23850177707664
Volkswagen,CrossPolo,9,40000.0,Manual,second,Diesel,399000,Volkswagen_CrossPolo,Mid,4444.444444444444,10.596659732783579
Skoda,Rapid,11,85000.0,Manual,second,Diesel,325000,Skoda_Rapid,Old,7727.272727272727,11.350418300109132
Skoda,Slavia,0,13000.0,Manual,first,Petrol,1200000,Skoda_Slavia,New,13000.0,9.472781556562168
Honda,CRV,8,110000.0,Automatic,first,Petrol,1325000,Honda_CRV,Mid,13750.0,11.608244735642321
Maruti Suzuki,Baleno,7,31853.0,Automatic,first,Hybrid/CNG,529000,Maruti Suzuki_Baleno,Mid,4550.428571428572,10.368918241811727
Toyota,Etios,13,162000.0,Manual,first,Petrol,250000,Toyota_Etios,Old,12461.538461538461,11.995357787034976
Maruti Suzuki,Wagon-R,9,92600.0,Automatic,second,Hybrid/CNG,260000,Maruti Suzuki_Wagon-R,Mid,10288.888888888889,11.43605521971203
BMW,3 Series,10,55468.0,Automatic,first,Diesel,1545000,BMW_3 Series,Mid,5546.8,10.923579585124024
Mahindra,Thar,3,65000.0,Automatic,second,Diesel,1295000,Mahindra_Thar,Recent,21666.666666666668,11.082157933374816
Tata,Tiago,6,58526.0,Manual,first,Hybrid/CNG,339000,Tata_Tiago,Mid,9754.333333333334,10.97724346520537
Nissan,Terrano,7,84000.0,Automatic,second,Diesel,755000,Nissan_Terrano,Mid,12000.0,11.338583982516495
Toyota,Innova,11,135000.0,Manual,second,Diesel,694999,Toyota_Innova,Old,12272.727272727272,11.813037464800539
Maruti Suzuki,Omni,10,52000.0,Manual,second,Petrol,165000,Maruti Suzuki_Omni,Mid,5200.0,10.859018228147887
Skoda,Rapid,8,40000.0,Manual,first,Petrol,449000,Skoda_Rapid,Mid,5000.0,10.596659732783579
Maruti Suzuki,Eeco,5,62400.0,Manual,first,Hybrid/CNG,470000,Maruti Suzuki_Eeco,Recent,12480.0,11.041336579870135
Toyota,Innova Crysta,3,57000.0,Automatic,first,Diesel,2150000,Toyota_Innova Crysta,Recent,19000.0,10.950824090522445
Maruti Suzuki,Baleno,6,78000.0,Manual,second,Hybrid/CNG,500000,Maruti Suzuki_Baleno,Mid,13000.0,11.264476926102367
Maruti Suzuki,Celerio,10,42000.0,Manual,first,Petrol,385000,Maruti Suzuki_Celerio,Mid,4200.0,10.645448706505872
Maruti Suzuki,Celerio,4,114000.0,Manual,second,Hybrid/CNG,410000,Maruti Suzuki_Celerio,Recent,28500.0,11.643962499267984
Maruti Suzuki,Celerio-X,5,63205.0,Automatic,first,Hybrid/CNG,520000,Maruti Suzuki_Celerio-X,Recent,12641.0,11.054154512337606
Hyundai,i20,13,74749.0,Manual,first,Petrol,149000,Hyundai_i20,Old,5749.923076923077,11.221904491252932
Maruti Suzuki,Eeco,13,90000.0,Manual,second,Hybrid/CNG,211000,Maruti Suzuki_Eeco,Old,6923.076923076923,11.407576060361786
Maruti Suzuki,Eeco,4,67000.0,Manual,first,Hybrid/CNG,425000,Maruti Suzuki_Eeco,Recent,16750.0,11.112462823634855
Hyundai,i10,14,70000.0,Manual,second,Hybrid/CNG,260000,Hyundai_i10,Old,5000.0,11.156264806643742
Maruti Suzuki,Ertiga,5,35000.0,Automatic,second,Petrol,1200000,Maruti Suzuki_Ertiga,Recent,7000.0,10.463131911491967
Tata,Tiago,6,43000.0,Automatic,first,Hybrid/CNG,540000,Tata_Tiago,Mid,7166.666666666667,10.668978650219241
MG,Hector,4,40000.0,Manual,second,Diesel,1300000,MG_Hector,Recent,10000.0,10.596659732783579
Maruti Suzuki,Alto-K10,11,90000.0,Manual,first,Petrol,95000,Maruti Suzuki_Alto-K10,Old,8181.818181818182,11.407576060361786
Hyundai,Creta,2,75000.0,Manual,first,Diesel,1300000,Hyundai_Creta,New,37500.0,11.225256725762893
Nissan,Micra,12,110000.0,Manual,second,Diesel,239000,Nissan_Micra,Old,9166.666666666666,11.608244735642321
Mercedes-Benz,E-Class,9,75000.0,Automatic,first,Diesel,1275000,Mercedes-Benz_E-Class,Mid,8333.333333333334,11.225256725762893
MG,Hector,1,10500.0,Automatic,first,Petrol,2121000,MG_Hector,New,10500.0,9.259225769705994
Toyota,Camry,9,115000.0,Automatic,second,Hybrid/CNG,1251111,Toyota_Camry,Mid,12777.777777777777,11.652696102959753
Chevrolet,Cruze,10,62000.0,Automatic,first,Diesel,435000,Chevrolet_Cruze,Mid,6200.0,11.034905792929415
Renault,KWID,6,34000.0,Manual,first,Petrol,400000,Renault_KWID,Mid,5666.666666666667,10.434145214930487
Maruti Suzuki,Eeco,2,12080.0,Automatic,first,Petrol,610000,Maruti Suzuki_Eeco,New,6040.0,9.399389249519563
Honda,City,9,91386.0,Automatic,second,Petrol,587000,Honda_City,Mid,10154.0,11.422858515378834
Mercedes-Benz,GL-Class,9,71700.0,Automatic,second,Diesel,3200000,Mercedes-Benz_GL-Class,Mid,7966.666666666667,11.180259973491848
Mahindra,XUV500,7,61000.0,Manual,first,Diesel,875000,Mahindra_XUV500,Mid,8714.285714285714,11.0186455364637
Maruti Suzuki,Wagon-R-1-0,3,42000.0,Manual,first,Hybrid/CNG,509900,Maruti Suzuki_Wagon-R-1-0,Recent,14000.0,10.645448706505872
Hyundai,Grand i10,7,57000.0,Manual,first,Hybrid/CNG,385000,Hyundai_Grand i10,Mid,8142.857142857143,10.950824090522445
Ford,Figo,12,85000.0,Manual,second,Diesel,155000,Ford_Figo,Old,7083.333333333333,11.350418300109132
Maruti Suzuki,Swift,1,5000.0,Automatic,first,Hybrid/CNG,750000,Maruti Suzuki_Swift,New,5000.0,8.517393171418904
Ford,Ecosport,6,49000.0,Manual,second,Petrol,689000,Ford_Ecosport,Mid,8166.666666666667,10.799595985047786
Toyota,Innova Crysta,7,140000.0,Automatic,first,Diesel,2100000,Toyota_Innova Crysta,Mid,20000.0,11.849404844423074
Hyundai,Elantra,6,14600.0,Automatic,second,Diesel,1049000,Hyundai_Elantra,Mid,2433.3333333333335,9.588845298501564
Renault,KWID,5,65137.5,Automatic,second,Hybrid/CNG,310000,Renault_KWID,Recent,13027.5,11.084271051239332
Tata,Indigo Cs,13,57000.0,Manual,second,Petrol,180000,Tata_Indigo Cs,Old,4384.615384615385,10.950824090522445
Hyundai,Grand i10,7,60000.0,Manual,first,Hybrid/CNG,410000,Hyundai_Grand i10,Mid,8571.42857142857,11.002116507732017
Hyundai,EON,9,29000.0,Manual,second,Petrol,237000,Hyundai_EON,Mid,3222.222222222222,10.275085591132715
Mercedes-Benz,G Class,5,59000.0,Automatic,first,Petrol,24900000,Mercedes-Benz_G Class,Recent,11800.0,10.985309671896763
Hyundai,Fluidic Verna,11,79000.0,Manual,second,Diesel,400000,Hyundai_Fluidic Verna,Old,7181.818181818182,11.277215789596893
Maruti Suzuki,Baleno,6,70000.0,Automatic,second,Hybrid/CNG,450000,Maruti Suzuki_Baleno,Mid,11666.666666666666,11.156264806643742
Maruti Suzuki,Eeco,3,60000.0,Automatic,first,Hybrid/CNG,450000,Maruti Suzuki_Eeco,Recent,20000.0,11.002116507732017
Hyundai,Santro Xing,14,76000.0,Manual,second,Hybrid/CNG,80000,Hyundai_Santro Xing,Old,5428.571428571428,11.23850177707664
Hyundai,Grand i10,6,40000.0,Automatic,first,Petrol,505000,Hyundai_Grand i10,Mid,6666.666666666667,10.596659732783579
Maruti Suzuki,Alto-K10,7,52350.0,Automatic,first,Hybrid/CNG,299000,Maruti Suzuki_Alto-K10,Mid,7478.571428571428,10.86572631831299
Maruti Suzuki,Swift-Dzire,14,120000.0,Manual,second,Hybrid/CNG,200000,Maruti Suzuki_Swift-Dzire,Old,8571.42857142857,11.695255355062795
Toyota,Corolla Altis,11,82000.0,Automatic,second,Hybrid/CNG,440000,Toyota_Corolla Altis,Old,7454.545454545455,11.314486721293981
Hyundai,Grand i10,8,85000.0,Manual,second,Diesel,465000,Hyundai_Grand i10,Mid,10625.0,11.350418300109132
Kia,Sonet,3,34000.0,Automatic,first,Hybrid/CNG,899000,Kia_Sonet,Recent,11333.333333333334,10.434145214930487
Honda,City,11,75000.0,Manual,first,Petrol,395000,Honda_City,Old,6818.181818181818,11.225256725762893
Honda,City ZX,17,115000.0,Manual,second,Hybrid/CNG,113000,Honda_City ZX,Old,6764.705882352941,11.652696102959753
Mahindra,Xylo,5,86270.0,Manual,first,Diesel,1025000,Mahindra_Xylo,Recent,17254.0,11.365248783518455
Hyundai,Xcent,9,106000.0,Manual,first,Petrol,266000,Hyundai_Xcent,Mid,11777.777777777777,11.571203807011969
Mercedes-Benz,E-Class,14,81000.0,Automatic,first,Diesel,650000,Mercedes-Benz_E-Class,Old,5785.714285714285,11.302216779257382
Volkswagen,VentoTest,12,29900.0,Manual,first,Diesel,549000,Volkswagen_VentoTest,Old,2491.6666666666665,10.305647203635566
Hyundai,Creta,4,95000.0,Manual,first,Diesel,1200000,Hyundai_Creta,Recent,23750.0,11.461642696843066
Hyundai,Aura,4,62370.0,Automatic,second,Hybrid/CNG,675000,Hyundai_Aura,Recent,15592.5,11.040855702741002
Maruti Suzuki,Alto-800,10,147000.0,Manual,second,Hybrid/CNG,275000,Maruti Suzuki_Alto-800,Mid,14700.0,11.898194668458823
Maruti Suzuki,Wagon-R,3,65000.0,Manual,first,Hybrid/CNG,525000,Maruti Suzuki_Wagon-R,Recent,21666.666666666668,11.082157933374816
BMW,X1,5,48000.0,Automatic,first,Diesel,2195000,BMW_X1,Recent,9600.0,10.778977123006351
Hyundai,Grand i10,8,90000.0,Manual,first,Hybrid/CNG,375000,Hyundai_Grand i10,Mid,11250.0,11.407576060361786
Tata,Harrier,2,65550.0,Manual,first,Diesel,1400000,Tata_Harrier,New,32775.0,11.090583744605611
Toyota,Camry,2,42000.0,Automatic,first,Petrol,3450000,Toyota_Camry,New,21000.0,10.645448706505872
Maruti Suzuki,maruti-suzuki-dzire,3,88000.0,Automatic,first,Petrol,650000,Maruti Suzuki_maruti-suzuki-dzire,Recent,29333.333333333332,11.385103457032141
Toyota,Corolla Altis,12,51000.0,Automatic,second,Hybrid/CNG,675000,Toyota_Corolla Altis,Old,4250.0,10.839600519357369
Honda,City,9,38000.0,Automatic,first,Hybrid/CNG,650000,Honda_City,Mid,4222.222222222223,10.545367754151743
Maruti Suzuki,Eeco,9,100000.0,Manual,second,Hybrid/CNG,365000,Maruti Suzuki_Eeco,Mid,11111.111111111111,11.51293546492023
Hyundai,Creta,3,14125.0,Manual,first,Petrol,1152000,Hyundai_Creta,Recent,4708.333333333333,9.555772349968867
Toyota,Corolla,19,65000.0,Automatic,second,Hybrid/CNG,175000,Toyota_Corolla,Old,3421.0526315789475,11.082157933374816
Maruti Suzuki,Wagon R,14,54000.0,Manual,second,Hybrid/CNG,195000,Maruti Suzuki_Wagon R,Old,3857.1428571428573,10.896757843893464
Toyota,VELLFIRE,2,17000.0,Automatic,first,Petrol,11800000,Toyota_VELLFIRE,New,8500.0,9.741027444837728
Tata,Harrier,4,12000.0,Automatic,first,Diesel,1550000,Tata_Harrier,Recent,3000.0,9.392745258631441
Mini,Cooper Countryman,2,25000.0,Automatic,first,Petrol,3975000,Mini_Cooper Countryman,New,12500.0,10.12667110305036
Tata,Indica V2,8,177700.0,Manual,second,Diesel,135000,Tata_Indica V2,Mid,22212.5,12.087857641588924
Honda,City,11,96000.0,Automatic,second,Petrol,369000,Honda_City,Old,8727.272727272728,11.472113887062386
Maruti Suzuki,Wagon-R-1-0,2,25000.0,Manual,second,Hybrid/CNG,545000,Maruti Suzuki_Wagon-R-1-0,New,12500.0,10.12667110305036
BMW,X1,2,26000.0,Automatic,first,Petrol,3990000,BMW_X1,New,13000.0,10.165890277802454
Hyundai,i10,14,55000.0,Manual,second,Hybrid/CNG,110000,Hyundai_i10,Old,3928.5714285714284,10.915106645867503
Tata,Nexon,9,45000.0,Manual,first,Hybrid/CNG,475000,Tata_Nexon,Mid,5000.0,10.714439990727769
Maruti Suzuki,Ertiga,4,80000.0,Automatic,first,Hybrid/CNG,680000,Maruti Suzuki_Ertiga,Recent,20000.0,11.289794413577894
Hyundai,i10,14,63000.0,Manual,second,Hybrid/CNG,186000,Hyundai_i10,Old,4500.0,11.050905878263567
Maruti Suzuki,Celerio,7,62000.0,Automatic,second,Petrol,382000,Maruti Suzuki_Celerio,Mid,8857.142857142857,11.034905792929415
Volvo,S60,8,51000.0,Automatic,second,Diesel,1800000,Volvo_S60,Mid,6375.0,10.839600519357369
Mercedes-Benz,C-Class,7,33000.0,Automatic,second,Petrol,5800000,Mercedes-Benz_C-Class,Mid,4714.285714285715,10.404293143019792
Maruti Suzuki,Baleno,7,69000.0,Automatic,first,Petrol,685000,Maruti Suzuki_Baleno,Mid,9857.142857142857,11.141876276228
Honda,City,14,92000.0,Manual,first,Hybrid/CNG,125000,Honda_City,Old,6571.428571428572,11.429554725537322
Hyundai,Xcent Prime,6,180000.0,Manual,first,Hybrid/CNG,260000,Hyundai_Xcent Prime,Mid,30000.0,12.100717685412471
Tata,Nexon,3,24000.0,Manual,first,Petrol,780000,Tata_Nexon,Recent,8000.0,10.085850775128717
Mahindra,TUV,9,8500.0,Manual,first,Diesel,350000,Mahindra_TUV,Mid,944.4444444444445,9.04793908261736
Renault,KWID,4,71200.0,Automatic,first,Hybrid/CNG,400000,Renault_KWID,Recent,17800.0,11.173262142245258
Tata,Safari,15,132000.0,Manual,second,Diesel,150000,Tata_Safari,Old,8800.0,11.790564777297387
Hyundai,Grand i10,5,31000.0,Automatic,first,Petrol,575000,Hyundai_Grand i10,Recent,6200.0,10.34177474101152
Maruti Suzuki,Ciaz,6,55000.0,Automatic,second,Hybrid/CNG,750000,Maruti Suzuki_Ciaz,Mid,9166.666666666666,10.915106645867503
Hyundai,Creta,7,68000.0,Automatic,first,Petrol,790000,Hyundai_Creta,Mid,9714.285714285714,11.127277689932466
Maruti Suzuki,Vitara-Brezza,5,86739.0,Manual,first,Diesel,775000,Maruti Suzuki_Vitara-Brezza,Recent,17347.8,11.370670417389357
Maruti Suzuki,Ritz,10,124000.0,Manual,second,Diesel,435000,Maruti Suzuki_Ritz,Mid,12400.0,11.728044909070785
Hyundai,Xcent,9,76000.0,Manual,first,Diesel,425000,Hyundai_Xcent,Mid,8444.444444444445,11.23850177707664
Honda,Amaze,8,102458.0,Manual,second,Petrol,335000,Honda_Amaze,Mid,12807.25,11.53721799753926
Chevrolet,Beat,14,77546.0,Manual,first,Petrol,174000,Chevrolet_Beat,Old,5539.0,11.258639483136877
Kia,Seltos,4,46000.0,Automatic,first,Diesel,1275000,Kia_Seltos,Recent,11500.0,10.736418414365376
Land Rover,Freelander 2,9,180650.0,Automatic,second,Diesel,1250000,Land Rover_Freelander 2,Mid,20072.222222222223,12.104322272126478
Maruti Suzuki,S-Presso,3,82100.0,Manual,first,Hybrid/CNG,410000,Maruti Suzuki_S-Presso,Recent,27366.666666666668,11.315705475634307
Maruti Suzuki,Celerio,2,10000.0,Automatic,first,Petrol,590000,Maruti Suzuki_Celerio,New,5000.0,9.210440366976517
Hyundai,Grand i10 Nios,2,24512.0,Manual,first,Petrol,675000,Hyundai_Grand i10 Nios,New,12256.0,10.106958868052818
BMW,X5,7,89000.0,Automatic,second,Diesel,2490000,BMW_X5,Mid,12714.285714285714,11.39640288460621
Maruti Suzuki,Baleno,2,9800.0,Automatic,first,Petrol,790000,Maruti Suzuki_Baleno,New,4900.0,9.19023970026918
Mercedes-Benz,E-Class,13,35000.0,Automatic,second,Petrol,650000,Mercedes-Benz_E-Class,Old,2692.3076923076924,10.463131911491967
Maruti Suzuki,Swift,5,58000.0,Manual,first,Petrol,615000,Maruti Suzuki_Swift,Recent,11600.0,10.968215530759236
Hyundai,i10,12,57765.0,Automatic,first,Petrol,345000,Hyundai_i10,Old,4813.75,10.964155646288093
Kia,Seltos,3,34500.0,Automatic,second,Diesel,1550000,Kia_Seltos,Recent,11500.0,10.448743588106625
Hyundai,i10,14,75000.0,Manual,second,Hybrid/CNG,175000,Hyundai_i10,Old,5357.142857142857,11.225256725762893
Volkswagen,Polo,5,125000.0,Manual,first,Diesel,815000,Volkswagen_Polo,Recent,25000.0,11.736077016252437
Volkswagen,VentoTest,13,43000.0,Automatic,second,Petrol,360000,Volkswagen_VentoTest,Old,3307.6923076923076,10.668978650219241
Audi,Q3,9,71000.0,Automatic,first,Diesel,1525000,Audi_Q3,Mid,7888.888888888889,11.170449240431308
Maruti Suzuki,Swift-Dzire,2,85000.0,Automatic,second,Hybrid/CNG,700000,Maruti Suzuki_Swift-Dzire,New,42500.0,11.350418300109132
Toyota,2.8 Legender 4X2,1,19000.0,Automatic,first,Diesel,5200000,Toyota_2.8 Legender 4X2,New,19000.0,9.852246888342531
Maruti Suzuki,Alto-800,5,45000.0,Manual,first,Petrol,380000,Maruti Suzuki_Alto-800,Recent,9000.0,10.714439990727769
Maruti Suzuki,Wagon-R-Stingray,10,50000.0,Automatic,second,Hybrid/CNG,300000,Maruti Suzuki_Wagon-R-Stingray,Mid,5000.0,10.819798284210286
Nissan,Micra Active,9,130000.0,Manual,first,Petrol,340000,Nissan_Micra Active,Mid,14444.444444444445,11.775297421715827
Kia,Seltos,1,23000.0,Automatic,first,Diesel,1845000,Kia_Seltos,New,23000.0,10.043292972227004
Tata,Safari,3,45000.0,Manual,second,Diesel,1550000,Tata_Safari,Recent,15000.0,10.714439990727769
Mahindra,Scorpio,8,130000.0,Manual,second,Diesel,1085000,Mahindra_Scorpio,Mid,16250.0,11.775297421715827
Maruti Suzuki,Celerio,7,63395.0,Manual,first,Hybrid/CNG,420000,Maruti Suzuki_Celerio,Mid,9056.42857142857,11.057156046952317
Porsche,Cayenne,4,50000.0,Automatic,first,Hybrid/CNG,11900000,Porsche_Cayenne,Recent,12500.0,10.819798284210286
Maruti Suzuki,Omni,5,55000.0,Automatic,first,Hybrid/CNG,260000,Maruti Suzuki_Omni,Recent,11000.0,10.915106645867503
Honda,City,7,92000.0,Automatic,second,Petrol,651000,Honda_City,Mid,13142.857142857143,11.429554725537322
Maruti Suzuki,Grand Vitara,2,27000.0,Automatic,first,Hybrid/CNG,1495000,Maruti Suzuki_Grand Vitara,New,13500.0,10.203629181337648
Audi,A6,9,69977.0,Automatic,first,Diesel,899981,Audi_A6,Mid,7775.222222222223,11.155936185919105
Maruti Suzuki,Alto-K10,9,68000.0,Manual,first,Hybrid/CNG,285000,Maruti Suzuki_Alto-K10,Mid,7555.555555555556,11.127277689932466
Maruti Suzuki,Dzire,2,24950.0,Manual,first,Hybrid/CNG,820000,Maruti Suzuki_Dzire,New,12475.0,10.124669180536797
Maruti Suzuki,Swift,15,66000.0,Manual,second,Petrol,200000,Maruti Suzuki_Swift,Old,4400.0,11.097425172408931
Mercedes-Benz,GL-Class,14,125000.0,Automatic,second,Diesel,1600000,Mercedes-Benz_GL-Class,Old,8928.57142857143,11.736077016252437
Maruti Suzuki,Wagon-R,9,100000.0,Manual,second,Hybrid/CNG,240000,Maruti Suzuki_Wagon-R,Mid,11111.111111111111,11.51293546492023
Mahindra,XUV500,8,99000.0,Manual,first,Diesel,725000,Mahindra_XUV500,Mid,12375.0,11.502885230075814
Datsun,GO,6,43000.0,Manual,first,Petrol,390000,Datsun_GO,Mid,7166.666666666667,10.668978650219241
Maruti Suzuki,Wagon R,10,51000.0,Manual,first,Hybrid/CNG,280000,Maruti Suzuki_Wagon R,Mid,5100.0,10.839600519357369
Audi,A4,12,150000.0,Manual,first,Diesel,550000,Audi_A4,Old,12500.0,11.918397239722838
Maruti Suzuki,Ertiga,3,81800.0,Manual,first,Hybrid/CNG,975000,Maruti Suzuki_Ertiga,Recent,27266.666666666668,11.31204474745499
Maruti Suzuki,Ertiga,10,71000.0,Automatic,second,Petrol,500000,Maruti Suzuki_Ertiga,Mid,7100.0,11.170449240431308
Maruti Suzuki,Ertiga,5,90000.0,Manual,second,Hybrid/CNG,750000,Maruti Suzuki_Ertiga,Recent,18000.0,11.407576060361786
Maruti Suzuki,Celerio,7,80000.0,Manual,first,Hybrid/CNG,400000,Maruti Suzuki_Celerio,Mid,11428.57142857143,11.289794413577894
Maruti Suzuki,S-Presso,4,31000.0,Automatic,first,Petrol,420000,Maruti Suzuki_S-Presso,Recent,7750.0,10.34177474101152
Maruti Suzuki,Wagon-R-1-0,18,110000.0,Manual,second,Hybrid/CNG,90000,Maruti Suzuki_Wagon-R-1-0,Old,6111.111111111111,11.608244735642321
Maruti Suzuki,XL6,3,70000.0,Automatic,first,Hybrid/CNG,960000,Maruti Suzuki_XL6,Recent,23333.333333333332,11.156264806643742
Maruti Suzuki,Ertiga,9,42045.0,Automatic,first,Hybrid/CNG,795000,Maruti Suzuki_Ertiga,Mid,4671.666666666667,10.646519536025071
Maruti Suzuki,Wagon-R,12,80000.0,Automatic,second,Hybrid/CNG,190000,Maruti Suzuki_Wagon-R,Old,6666.666666666667,11.289794413577894
Maruti Suzuki,Swift-Dzire,10,120000.0,Automatic,second,Diesel,483000,Maruti Suzuki_Swift-Dzire,Mid,12000.0,11.695255355062795
Chevrolet,Sail,9,170000.0,Manual,first,Diesel,200000,Chevrolet_Sail,Mid,18888.88888888889,12.04355959836804
Maruti Suzuki,Swift,10,60000.0,Manual,first,Diesel,430000,Maruti Suzuki_Swift,Mid,6000.0,11.002116507732017
Maruti Suzuki,Eeco,2,11000.0,Automatic,first,Hybrid/CNG,650000,Maruti Suzuki_Eeco,New,5500.0,9.305741456739435
Hyundai,i10,12,85000.0,Manual,second,Petrol,200000,Hyundai_i10,Old,7083.333333333333,11.350418300109132
Maruti Suzuki,Ertiga,5,85000.0,Automatic,first,Petrol,845000,Maruti Suzuki_Ertiga,Recent,17000.0,11.350418300109132
Skoda,Kodiaq,6,90000.0,Automatic,first,Diesel,1990000,Skoda_Kodiaq,Mid,15000.0,11.407576060361786
Hyundai,i10,13,75000.0,Automatic,second,Petrol,245000,Hyundai_i10,Old,5769.2307692307695,11.225256725762893
Maruti Suzuki,Wagon-R-1-0,9,61000.0,Manual,second,Hybrid/CNG,325000,Maruti Suzuki_Wagon-R-1-0,Mid,6777.777777777777,11.0186455364637
Maruti Suzuki,maruti-suzuki-brezza,4,38000.0,Manual,first,Petrol,675000,Maruti Suzuki_maruti-suzuki-brezza,Recent,9500.0,10.545367754151743
Maruti Suzuki,Swift,14,85000.0,Manual,second,Petrol,150000,Maruti Suzuki_Swift,Old,6071.428571428572,11.350418300109132
Tata,Nexon,6,88000.0,Manual,first,Diesel,760000,Tata_Nexon,Mid,14666.666666666666,11.385103457032141
Maruti Suzuki,Swift Dzire,6,103580.0,Manual,first,Diesel,610000,Maruti Suzuki_Swift Dzire,Mid,17263.333333333332,11.548109194304711
Hyundai,Santro Xing,14,78000.0,Manual,first,Hybrid/CNG,121000,Hyundai_Santro Xing,Old,5571.428571428572,11.264476926102367
Maruti Suzuki,Swift-Dzire,13,77500.0,Manual,second,Petrol,265000,Maruti Suzuki_Swift-Dzire,Old,5961.538461538462,11.258046118484
Honda,City,6,78000.0,Automatic,first,Petrol,710000,Honda_City,Mid,13000.0,11.264476926102367
Maruti Suzuki,Ertiga,1,31500.0,Manual,first,Hybrid/CNG,1120000,Maruti Suzuki_Ertiga,New,31500.0,10.357774570341576
Audi,A6,7,71555.0,Automatic,second,Diesel,1950000,Audi_A6,Mid,10222.142857142857,11.178235638911106
Renault,KWID,4,52000.0,Automatic,first,Hybrid/CNG,349000,Renault_KWID,Recent,13000.0,10.859018228147887
Tata,Tigor,1,30000.0,Manual,first,Hybrid/CNG,680000,Tata_Tigor,New,30000.0,10.308985993422082
Maruti Suzuki,Wagon-R,5,49000.0,Manual,first,Hybrid/CNG,425000,Maruti Suzuki_Wagon-R,Recent,9800.0,10.799595985047786
Maruti Suzuki,Alto-800,6,78000.0,Automatic,second,Hybrid/CNG,260000,Maruti Suzuki_Alto-800,Mid,13000.0,11.264476926102367
Kia,Seltos,2,31000.0,Automatic,first,Petrol,1675000,Kia_Seltos,New,15500.0,10.34177474101152
Hyundai,i10,13,86000.0,Manual,second,Petrol,180000,Hyundai_i10,Old,6615.384615384615,11.362114203075018
Honda,BRV,5,122000.0,Manual,first,Petrol,600000,Honda_BRV,Recent,24400.0,11.711784520403112
Maruti Suzuki,Eeco,7,84240.0,Automatic,second,Hybrid/CNG,295000,Maruti Suzuki_Eeco,Mid,12034.285714285714,11.341437017582603
Maruti Suzuki,Dzire,6,44574.0,Automatic,first,Petrol,675000,Maruti Suzuki_Dzire,Mid,7429.0,10.704928442731342
Ford,Endeavour,7,90000.0,Automatic,first,Diesel,2100000,Ford_Endeavour,Mid,12857.142857142857,11.407576060361786
Hyundai,Creta,1,6000.0,Automatic,first,Diesel,2011000,Hyundai_Creta,New,6000.0,8.699681400989514
Skoda,Rapid,9,104007.0,Automatic,second,Diesel,399000,Skoda_Rapid,Mid,11556.333333333334,11.552223098242004
Mahindra,Bolero,3,41000.0,Manual,first,Diesel,851000,Mahindra_Bolero,Recent,13666.666666666666,10.62135173563291
Maruti Suzuki,Baleno,6,41000.0,Automatic,first,Petrol,745000,Maruti Suzuki_Baleno,Mid,6833.333333333333,10.62135173563291
Mahindra,XUV 300,2,15000.0,Manual,first,Diesel,995000,Mahindra_XUV 300,New,7500.0,9.61587214452889
Hyundai,Eon,12,40000.0,Manual,second,Petrol,190000,Hyundai_Eon,Old,3333.3333333333335,10.596659732783579
Volkswagen,Polo,9,75000.0,Manual,second,Petrol,575000,Volkswagen_Polo,Mid,8333.333333333334,11.225256725762893
Audi,Q7,8,118000.0,Automatic,first,Diesel,2995000,Audi_Q7,Mid,14750.0,11.678448377988165
Honda,City,7,90000.0,Automatic,second,Hybrid/CNG,655000,Honda_City,Mid,12857.142857142857,11.407576060361786
Toyota,Innova,15,110000.0,Manual,second,Diesel,325000,Toyota_Innova,Old,7333.333333333333,11.608244735642321
Maruti Suzuki,Omni,21,64500.0,Manual,second,Petrol,125000,Maruti Suzuki_Omni,Old,3071.4285714285716,11.07443600653965
Skoda,Rapid,8,80000.0,Automatic,first,Diesel,651000,Skoda_Rapid,Mid,10000.0,11.289794413577894
Maruti Suzuki,Celerio,6,74000.0,Automatic,first,Hybrid/CNG,450000,Maruti Suzuki_Celerio,Mid,12333.333333333334,11.211833885608513
Maruti Suzuki,Baleno,7,76483.0,Manual,second,Petrol,572000,Maruti Suzuki_Baleno,Mid,10926.142857142857,11.24483684761285
Maruti Suzuki,Swift,9,71000.0,Manual,first,Petrol,410000,Maruti Suzuki_Swift,Mid,7888.888888888889,11.170449240431308
Honda,City,10,53000.0,Manual,first,Diesel,475000,Honda_City,Mid,5300.0,10.87806606028079
Audi,Q3,9,70000.0,Automatic,first,Diesel,890000,Audi_Q3,Mid,7777.777777777777,11.156264806643742
Hyundai,i20,14,51000.0,Manual,second,Hybrid/CNG,325000,Hyundai_i20,Old,3642.8571428571427,10.839600519357369
Maruti Suzuki,Baleno,8,46000.0,Automatic,second,Petrol,525000,Maruti Suzuki_Baleno,Mid,5750.0,10.736418414365376
Mini,Cooper,11,65000.0,Automatic,second,Diesel,1290000,Mini_Cooper,Old,5909.090909090909,11.082157933374816
Honda,City,9,126000.0,Manual,second,Diesel,690000,Honda_City,Mid,14000.0,11.744045122410057
Maruti Suzuki,Celerio,7,160000.0,Automatic,first,Petrol,375000,Maruti Suzuki_Celerio,Mid,22857.14285714286,11.982935344196433
Audi,Q7,13,100000.0,Automatic,first,Diesel,1975000,Audi_Q7,Old,7692.307692307692,11.51293546492023
Maruti Suzuki,Wagon-R-1-0,3,45000.0,Manual,first,Hybrid/CNG,509999,Maruti Suzuki_Wagon-R-1-0,Recent,15000.0,10.714439990727769
Honda,City ZX,16,119000.0,Automatic,second,Hybrid/CNG,147000,Honda_City ZX,Old,7437.5,11.686887175419702
Maruti Suzuki,Wagon-R-Stingray,3,34000.0,Automatic,first,Hybrid/CNG,565000,Maruti Suzuki_Wagon-R-Stingray,Recent,11333.333333333334,10.434145214930487
Maruti Suzuki,Swift-Dzire-Tour,3,92000.0,Manual,first,Hybrid/CNG,525000,Maruti Suzuki_Swift-Dzire-Tour,Recent,30666.666666666668,11.429554725537322
Hyundai,Grand i10,8,120000.0,Manual,first,Petrol,399999,Hyundai_Grand i10,Mid,15000.0,11.695255355062795
Mahindra,Scorpio,9,61231.0,Manual,second,Diesel,795000,Mahindra_Scorpio,Mid,6803.444444444444,11.022425207665483
Hyundai,i10,7,40000.0,Automatic,first,Petrol,280000,Hyundai_i10,Mid,5714.285714285715,10.596659732783579
Toyota,Innova Crysta,4,83000.0,Automatic,first,Petrol,1711000,Toyota_Innova Crysta,Recent,20750.0,11.326607934898927
Maruti Suzuki,Swift-Dzire-Tour,4,66000.0,Automatic,second,Hybrid/CNG,150000,Maruti Suzuki_Swift-Dzire-Tour,Recent,16500.0,11.097425172408931
Maruti Suzuki,Wagon-R,11,100250.0,Manual,second,Hybrid/CNG,265000,Maruti Suzuki_Wagon-R,Old,9113.636363636364,11.515432320181409
Maruti Suzuki,Swift,1,15500.0,Manual,first,Hybrid/CNG,865000,Maruti Suzuki_Swift,New,15500.0,9.648659816955295
Hyundai,Accent,16,102000.0,Manual,first,Petrol,125000,Hyundai_Accent,Old,6375.0,11.532737896139919
Toyota,Urban Cruiser Hyryder,1,12000.0,Automatic,first,Hybrid/CNG,1950000,Toyota_Urban Cruiser Hyryder,New,12000.0,9.392745258631441
Toyota,Camry,10,190000.0,Automatic,first,Hybrid/CNG,950000,Toyota_Camry,Mid,19000.0,12.154784614286667
Hyundai,Eon,7,190000.0,Automatic,first,Hybrid/CNG,225000,Hyundai_Eon,Mid,27142.85714285714,12.154784614286667
Maruti Suzuki,Baleno-RS,7,65137.5,Manual,first,Petrol,470000,Maruti Suzuki_Baleno-RS,Mid,9305.357142857143,11.084271051239332
Hyundai,Venue,1,28000.0,Automatic,first,Petrol,1250000,Hyundai_Venue,New,28000.0,10.239995502805316
Hyundai,Grand i10,11,67000.0,Manual,first,Hybrid/CNG,375000,Hyundai_Grand i10,Old,6090.909090909091,11.112462823634855
Maruti Suzuki,Omni,13,57000.0,Manual,second,Petrol,120000,Maruti Suzuki_Omni,Old,4384.615384615385,10.950824090522445
Maruti Suzuki,maruti-suzuki-dzire,10,78000.0,Manual,first,Hybrid/CNG,325000,Maruti Suzuki_maruti-suzuki-dzire,Mid,7800.0,11.264476926102367
Honda,City,15,120000.0,Manual,second,Hybrid/CNG,205000,Honda_City,Old,8000.0,11.695255355062795
Maruti Suzuki,Ertiga,3,76000.0,Automatic,first,Petrol,1075000,Maruti Suzuki_Ertiga,Recent,25333.333333333332,11.23850177707664
MG,Hector Plus,0,2000.0,Manual,first,Diesel,2399999,MG_Hector Plus,New,2000.0,7.601402334583733
Maruti Suzuki,Alto,14,89000.0,Manual,second,Hybrid/CNG,169000,Maruti Suzuki_Alto,Old,6357.142857142857,11.39640288460621
Mahindra,XUV500,8,111521.0,Manual,first,Diesel,750000,Mahindra_XUV500,Mid,13940.125,11.621977159836408
Maruti Suzuki,Baleno,7,14000.0,Automatic,first,Petrol,650000,Maruti Suzuki_Baleno,Mid,2000.0,9.546884034617925
Land Rover,Defender,1,12000.0,Automatic,second,Petrol,12500000,Land Rover_Defender,New,12000.0,9.392745258631441
Tata,Zest,9,185389.0,Manual,second,Diesel,290000,Tata_Zest,Mid,20598.777777777777,12.130216993226638
Maruti Suzuki,Ciaz,9,63000.0,Automatic,first,Diesel,395000,Maruti Suzuki_Ciaz,Mid,7000.0,11.050905878263567
Maruti Suzuki,Vitara-Brezza,4,43369.0,Automatic,first,Petrol,878790,Maruti Suzuki_Vitara-Brezza,Recent,10842.25,10.677523236829412
Maruti Suzuki,Swift-Dzire,8,78000.0,Manual,first,Hybrid/CNG,370000,Maruti Suzuki_Swift-Dzire,Mid,9750.0,11.264476926102367
Audi,Q7,9,64000.0,Automatic,first,Diesel,2190000,Audi_Q7,Mid,7111.111111111111,11.06665398721974
Honda,Jazz,8,86000.0,Manual,first,Diesel,460000,Honda_Jazz,Mid,10750.0,11.362114203075018
Maruti Suzuki,Eeco,5,65137.5,Automatic,second,Hybrid/CNG,450000,Maruti Suzuki_Eeco,Recent,13027.5,11.084271051239332
Honda,Jazz,11,68000.0,Manual,second,Petrol,225000,Honda_Jazz,Old,6181.818181818182,11.127277689932466
Mercedes-Benz,C-Class,6,65000.0,Automatic,first,Diesel,2250000,Mercedes-Benz_C-Class,Mid,10833.333333333334,11.082157933374816
Mercedes-Benz,CLA,8,56000.0,Automatic,second,Diesel,2315000,Mercedes-Benz_CLA,Mid,7000.0,10.933124826700707
Chevrolet,Sail U-VA,14,85000.0,Automatic,second,Hybrid/CNG,50000,Chevrolet_Sail U-VA,Old,6071.428571428572,11.350418300109132
Hyundai,Venue,5,100000.0,Manual,first,Diesel,865000,Hyundai_Venue,Recent,20000.0,11.51293546492023
MG,Hector,4,29000.0,Automatic,first,Petrol,1370000,MG_Hector,Recent,7250.0,10.275085591132715
Ford,Endeavour,6,119000.0,Automatic,first,Diesel,2790000,Ford_Endeavour,Mid,19833.333333333332,11.686887175419702
Maruti Suzuki,Swift,4,52000.0,Automatic,first,Petrol,625000,Maruti Suzuki_Swift,Recent,13000.0,10.859018228147887
Ford,Ecosport,7,55000.0,Automatic,second,Hybrid/CNG,625000,Ford_Ecosport,Mid,7857.142857142857,10.915106645867503
Maruti Suzuki,Wagon-R-1-0,7,23119.0,Automatic,first,Hybrid/CNG,425000,Maruti Suzuki_Wagon-R-1-0,Mid,3302.714285714286,10.048453322786314
Hyundai,i20,6,42000.0,Manual,second,Petrol,500000,Hyundai_i20,Mid,7000.0,10.645448706505872
Maruti Suzuki,Swift,3,34000.0,Automatic,first,Petrol,790000,Maruti Suzuki_Swift,Recent,11333.333333333334,10.434145214930487
Ford,Ecosport,6,75000.0,Manual,second,Petrol,645000,Ford_Ecosport,Mid,12500.0,11.225256725762893
Maruti Suzuki,Alto,14,110000.0,Manual,first,Petrol,150000,Maruti Suzuki_Alto,Old,7857.142857142857,11.608244735642321
Maruti Suzuki,Alto-K10,13,103000.0,Automatic,second,Hybrid/CNG,88000,Maruti Suzuki_Alto-K10,Old,7923.076923076923,11.542493975902508
Hyundai,Aura,2,59000.0,Automatic,second,Hybrid/CNG,680000,Hyundai_Aura,New,29500.0,10.985309671896763
Audi,A4,8,43715.0,Automatic,second,Diesel,1770000,Audi_A4,Mid,5464.375,10.685469446796564
Maruti Suzuki,Swift,7,86542.0,Manual,first,Diesel,611000,Maruti Suzuki_Swift,Mid,12363.142857142857,11.368396679228404
Toyota,Fortuner,6,105000.0,Automatic,second,Diesel,2585000,Toyota_Fortuner,Mid,17500.0,11.561725152903833
Maruti Suzuki,Wagon-R,8,55000.0,Automatic,second,Petrol,425000,Maruti Suzuki_Wagon-R,Mid,6875.0,10.915106645867503
Mahindra,KUV 100,8,100000.0,Manual,first,Petrol,400000,Mahindra_KUV 100,Mid,12500.0,11.51293546492023
Maruti Suzuki,Ciaz,7,70000.0,Automatic,first,Petrol,699999,Maruti Suzuki_Ciaz,Mid,10000.0,11.156264806643742
Mercedes-Benz,GLA,7,60000.0,Automatic,second,Diesel,1925000,Mercedes-Benz_GLA,Mid,8571.42857142857,11.002116507732017
Skoda,Rapid,7,96000.0,Manual,second,Diesel,425000,Skoda_Rapid,Mid,13714.285714285714,11.472113887062386
Maruti Suzuki,Wagon-R-1-0,10,81000.0,Manual,first,Hybrid/CNG,315000,Maruti Suzuki_Wagon-R-1-0,Mid,8100.0,11.302216779257382
Maruti Suzuki,Sx4,13,98000.0,Manual,second,Diesel,235000,Maruti Suzuki_Sx4,Old,7538.461538461538,11.49273296168228
Nissan,PATROL,13,90000.0,Manual,second,Hybrid/CNG,150000,Nissan_PATROL,Old,6923.076923076923,11.407576060361786
Kia,Seltos,3,48500.0,Automatic,first,Diesel,1725000,Kia_Seltos,Recent,16166.666666666666,10.789339695269716
Maruti Suzuki,Swift,2,15000.0,Automatic,first,Petrol,700000,Maruti Suzuki_Swift,New,7500.0,9.61587214452889
Tata,Indigo Cs,8,65137.5,Automatic,first,Hybrid/CNG,160000,Tata_Indigo Cs,Mid,8142.1875,11.084271051239332
Skoda,Rapid,8,67000.0,Automatic,first,Diesel,721000,Skoda_Rapid,Mid,8375.0,11.112462823634855
Hyundai,Aura,1,70000.0,Automatic,first,Hybrid/CNG,220000,Hyundai_Aura,New,70000.0,11.156264806643742
BMW,X1,5,60000.0,Automatic,first,Diesel,2300000,BMW_X1,Recent,12000.0,11.002116507732017
Mahindra,Bolero,3,88200.0,Manual,first,Diesel,820000,Mahindra_Bolero,Recent,29400.0,11.38737357979909
Maruti Suzuki,Wagon-R,6,48000.0,Automatic,first,Petrol,448000,Maruti Suzuki_Wagon-R,Mid,8000.0,10.778977123006351
Toyota,Innova Hycross,1,18500.0,Automatic,first,Hybrid/CNG,3585000,Toyota_Innova Hycross,New,18500.0,9.825580063659602
Honda,City,10,84000.0,Manual,second,Petrol,455000,Honda_City,Mid,8400.0,11.338583982516495
Toyota,Urban Cruiser Hyryder,2,29000.0,Automatic,first,Hybrid/CNG,1750000,Toyota_Urban Cruiser Hyryder,New,14500.0,10.275085591132715
BMW,3 Series,4,44500.0,Automatic,first,Diesel,3790000,BMW_3 Series,Recent,11125.0,10.703266939811954
Ford,Endeavour,8,91000.0,Manual,second,Diesel,1890000,Ford_Endeavour,Mid,11375.0,11.418625774449598
Tata,Punch ,1,30000.0,Automatic,first,Diesel,350000,Tata_Punch,New,30000.0,10.308985993422082
Hyundai,Grand i10,11,105000.0,Manual,first,Petrol,315000,Hyundai_Grand i10,Old,9545.454545454546,11.561725152903833
Mahindra,KUV 100,7,54560.0,Manual,second,Diesel,355000,Mahindra_KUV 100,Mid,7794.285714285715,10.907074620795127
Mahindra,Bolero,11,148000.0,Manual,second,Diesel,610000,Mahindra_Bolero,Old,13454.545454545454,11.904974309480183
Maruti Suzuki,Estilo,17,97000.0,Manual,first,Petrol,139000,Maruti Suzuki_Estilo,Old,5705.882352941177,11.48247656671073
Hyundai,Verna,17,51000.0,Manual,second,Petrol,225000,Hyundai_Verna,Old,3000.0,10.839600519357369
Honda,City ZX,16,119000.0,Automatic,second,Hybrid/CNG,149000,Honda_City ZX,Old,7437.5,11.686887175419702
Toyota,Innova,4,32000.0,Automatic,first,Diesel,1700000,Toyota_Innova,Recent,8000.0,10.373522431293592
Ford,Ecosport,8,69000.0,Manual,first,Diesel,501000,Ford_Ecosport,Mid,8625.0,11.141876276228
Land Rover,Range Rover Evoque,10,58000.0,Automatic,second,Diesel,1790000,Land Rover_Range Rover Evoque,Mid,5800.0,10.968215530759236
Honda,Civic,17,120000.0,Automatic,second,Hybrid/CNG,145000,Honda_Civic,Old,7058.823529411765,11.695255355062795
Hyundai,i10,13,78600.0,Manual,second,Petrol,155000,Hyundai_i10,Old,6046.153846153846,11.272139700982676
Mercedes-Benz,GL-Class,11,77000.0,Automatic,second,Diesel,2250000,Mercedes-Benz_GL-Class,Old,7000.0,11.251573687764477
Hyundai,Accent,20,85000.0,Manual,second,Petrol,139000,Hyundai_Accent,Old,4250.0,11.350418300109132
Maruti Suzuki,Swift-Dzire,4,10000.0,Automatic,first,Hybrid/CNG,620000,Maruti Suzuki_Swift-Dzire,Recent,2500.0,9.210440366976517
Hyundai,Grand i10 Nios,2,58000.0,Manual,first,Petrol,600000,Hyundai_Grand i10 Nios,New,29000.0,10.968215530759236
Mercedes-Benz,A Class,10,85000.0,Automatic,second,Diesel,825000,Mercedes-Benz_A Class,Mid,8500.0,11.350418300109132
Maruti Suzuki,Swift,8,85000.0,Manual,second,Petrol,480000,Maruti Suzuki_Swift,Mid,10625.0,11.350418300109132
BMW,X3,10,136000.0,Automatic,second,Diesel,1600000,BMW_X3,Mid,13600.0,11.820417517632333
Honda,CRV,10,87000.0,Automatic,second,Petrol,621000,Honda_CRV,Mid,8700.0,11.373674891823535
Land Rover,Discovery Sport,8,43000.0,Automatic,second,Petrol,2600000,Land Rover_Discovery Sport,Mid,5375.0,10.668978650219241
BMW,5 Series,5,47000.0,Automatic,second,Diesel,2500000,BMW_5 Series,Recent,9400.0,10.757924157061597
Maruti Suzuki,Wagon-R,2,23000.0,Manual,first,Hybrid/CNG,599000,Maruti Suzuki_Wagon-R,New,11500.0,10.043292972227004
Maruti Suzuki,Alto-K10,5,60000.0,Manual,second,Petrol,375000,Maruti Suzuki_Alto-K10,Recent,12000.0,11.002116507732017
Hyundai,Aura,3,34300.0,Manual,first,Hybrid/CNG,705000,Hyundai_Aura,Recent,11433.333333333334,10.442929787247998
Hyundai,Creta,5,71000.0,Manual,first,Diesel,875000,Hyundai_Creta,Recent,14200.0,11.170449240431308
Kia,Seltos,4,58000.0,Automatic,second,Petrol,1290000,Kia_Seltos,Recent,14500.0,10.968215530759236
Maruti Suzuki,Ertiga,8,80000.0,Manual,second,Hybrid/CNG,689999,Maruti Suzuki_Ertiga,Mid,10000.0,11.289794413577894
Mercedes-Benz,GL-Class,11,94000.0,Automatic,second,Diesel,2100000,Mercedes-Benz_GL-Class,Old,8545.454545454546,11.451060699493427
Maruti Suzuki,Baleno,5,46000.0,Manual,second,Petrol,510000,Maruti Suzuki_Baleno,Recent,9200.0,10.736418414365376
Maruti Suzuki,Swift Dzire,10,80000.0,Manual,second,Diesel,485000,Maruti Suzuki_Swift Dzire,Mid,8000.0,11.289794413577894
Maruti Suzuki,maruti-suzuki-dzire,10,82000.0,Manual,first,Diesel,365000,Maruti Suzuki_maruti-suzuki-dzire,Mid,8200.0,11.314486721293981
Hyundai,i10,13,140000.0,Automatic,second,Hybrid/CNG,140000,Hyundai_i10,Old,10769.23076923077,11.849404844423074
Chevrolet,Optra Magnum,13,72000.0,Manual,second,Hybrid/CNG,199000,Chevrolet_Optra Magnum,Old,5538.461538461538,11.184435286790631
Maruti Suzuki,XL6,3,63900.0,Automatic,first,Petrol,999000,Maruti Suzuki_XL6,Recent,21300.0,11.065090289695444
Skoda,Rapid,9,51000.0,Manual,second,Petrol,350000,Skoda_Rapid,Mid,5666.666666666667,10.839600519357369
Toyota,Fortuner,5,150000.0,Automatic,first,Diesel,2750000,Toyota_Fortuner,Recent,30000.0,11.918397239722838
Maruti Suzuki,Wagon-R,11,78000.0,Manual,second,Hybrid/CNG,299999,Maruti Suzuki_Wagon-R,Old,7090.909090909091,11.264476926102367
Renault,KWID,7,58097.0,Manual,first,Petrol,355000,Renault_KWID,Mid,8299.57142857143,10.969886518839585
Hyundai,Xcent Prime,5,85000.0,Manual,second,Diesel,510000,Hyundai_Xcent Prime,Recent,17000.0,11.350418300109132
Audi,Q3,6,55100.0,Automatic,second,Diesel,1400000,Audi_Q3,Mid,9183.333333333334,10.916923143796645
Jeep,Wrangler,1,10000.0,Automatic,first,Petrol,6400000,Jeep_Wrangler,New,10000.0,9.210440366976517
Datsun,GO,8,100200.0,Automatic,second,Hybrid/CNG,160000,Datsun_GO,Mid,12525.0,11.51493344762302
Maruti Suzuki,Eeco,2,16000.0,Manual,first,Hybrid/CNG,620000,Maruti Suzuki_Eeco,New,8000.0,9.680406499268875
Maruti Suzuki,Wagon-R,5,68000.0,Manual,second,Hybrid/CNG,475000,Maruti Suzuki_Wagon-R,Recent,13600.0,11.127277689932466
Maruti Suzuki,Ertiga,9,65000.0,Automatic,second,Hybrid/CNG,560000,Maruti Suzuki_Ertiga,Mid,7222.222222222223,11.082157933374816
Hyundai,Grand i10,7,31003.0,Automatic,second,Petrol,540000,Hyundai_Grand i10,Mid,4429.0,10.341871507401402
Hyundai,Santro,11,54000.0,Manual,second,Hybrid/CNG,280000,Hyundai_Santro,Old,4909.090909090909,10.896757843893464
Maruti Suzuki,Wagon-R,7,150000.0,Automatic,second,Hybrid/CNG,230000,Maruti Suzuki_Wagon-R,Mid,21428.571428571428,11.918397239722838
Maruti Suzuki,Swift,14,150000.0,Automatic,second,Hybrid/CNG,110000,Maruti Suzuki_Swift,Old,10714.285714285714,11.918397239722838
Honda,City ZX,17,68000.0,Manual,first,Petrol,149000,Honda_City ZX,Old,4000.0,11.127277689932466
Maruti Suzuki,Sx4,13,91000.0,Automatic,second,Hybrid/CNG,240000,Maruti Suzuki_Sx4,Old,7000.0,11.418625774449598
Mercedes-Benz,S-Class,1,22000.0,Automatic,first,Diesel,13800000,Mercedes-Benz_S-Class,New,22000.0,9.99884318585288
Maruti Suzuki,Sx4,17,100000.0,Manual,second,Hybrid/CNG,98000,Maruti Suzuki_Sx4,Old,5882.35294117647,11.51293546492023
Maruti Suzuki,Wagon-R,8,78000.0,Automatic,second,Hybrid/CNG,240000,Maruti Suzuki_Wagon-R,Mid,9750.0,11.264476926102367
Maruti Suzuki,Swift-Dzire,9,61000.0,Manual,second,Diesel,499000,Maruti Suzuki_Swift-Dzire,Mid,6777.777777777777,11.0186455364637
Maruti Suzuki,Baleno,7,70000.0,Manual,first,Petrol,670000,Maruti Suzuki_Baleno,Mid,10000.0,11.156264806643742
Hyundai,Creta,5,70500.0,Automatic,first,Diesel,1475000,Hyundai_Creta,Recent,14100.0,11.163382173096926
Maruti Suzuki,Ritz,9,66000.0,Manual,second,Petrol,350000,Maruti Suzuki_Ritz,Mid,7333.333333333333,11.097425172408931
Hyundai,i10,15,104000.0,Automatic,second,Hybrid/CNG,225000,Hyundai_i10,Old,6933.333333333333,11.552155793461898
Maruti Suzuki,Swift,11,80000.0,Manual,first,Hybrid/CNG,390000,Maruti Suzuki_Swift,Old,7272.727272727273,11.289794413577894
Mini,Cooper S,1,4000.0,Automatic,first,Petrol,5500000,Mini_Cooper S,New,4000.0,8.294299608857235
Mahindra,Scorpio,9,89000.0,Manual,second,Diesel,1065000,Mahindra_Scorpio,Mid,9888.888888888889,11.39640288460621
Chevrolet,Beat,12,81000.0,Manual,first,Diesel,153000,Chevrolet_Beat,Old,6750.0,11.302216779257382
Maruti Suzuki,XL6,1,19500.0,Automatic,first,Petrol,1375000,Maruti Suzuki_XL6,New,19500.0,9.87822102528824
Honda,Jazz,6,32000.0,Manual,second,Petrol,550000,Honda_Jazz,Mid,5333.333333333333,10.373522431293592
Maruti Suzuki,Wagon-R-1-0,4,56000.0,Manual,first,Hybrid/CNG,451000,Maruti Suzuki_Wagon-R-1-0,Recent,14000.0,10.933124826700707
Hyundai,Creta,6,82000.0,Automatic,second,Diesel,1085000,Hyundai_Creta,Mid,13666.666666666666,11.314486721293981
Hyundai,Creta,8,78000.0,Manual,second,Petrol,675000,Hyundai_Creta,Mid,9750.0,11.264476926102367
Hyundai,i20,5,46000.0,Automatic,second,Hybrid/CNG,725000,Hyundai_i20,Recent,9200.0,10.736418414365376
Volkswagen,VentoTest,8,76000.0,Manual,second,Diesel,285000,Volkswagen_VentoTest,Mid,9500.0,11.23850177707664
Honda,City,7,75000.0,Automatic,second,Petrol,765000,Honda_City,Mid,10714.285714285714,11.225256725762893
Kia,Carnival,4,50000.0,Automatic,first,Diesel,3200000,Kia_Carnival,Recent,12500.0,10.819798284210286
MG,Hector,4,46450.0,Automatic,first,Petrol,1550000,MG_Hector,Recent,11612.5,10.746153272535546
Tata,Tiago,0,17282.0,Manual,first,Hybrid/CNG,675000,Tata_Tiago,New,17282.0,9.757478638400492
Maruti Suzuki,Swift,0,18950.0,Automatic,first,Petrol,950000,Maruti Suzuki_Swift,New,18950.0,9.84961197956681
Fiat,Punto,9,89000.0,Manual,second,Diesel,415000,Fiat_Punto,Mid,9888.888888888889,11.39640288460621
Hyundai,Grand i10 Nios,1,7000.0,Manual,first,Petrol,825000,Hyundai_Grand i10 Nios,New,7000.0,8.853808274977197
Maruti Suzuki,Celerio,9,111000.0,Manual,first,Hybrid/CNG,350000,Maruti Suzuki_Celerio,Mid,12333.333333333334,11.6172944892629
Maruti Suzuki,Swift,13,190000.0,Manual,first,Diesel,365000,Maruti Suzuki_Swift,Old,14615.384615384615,12.154784614286667
Tata,Zest,10,131000.0,Automatic,first,Diesel,280000,Tata_Zest,Mid,13100.0,11.782960235741939
BMW,X3,11,123872.0,Manual,first,Diesel,1150000,BMW_X3,Old,11261.09090909091,11.727012126194182
Maruti Suzuki,Swift,12,23200.0,Manual,second,Petrol,325000,Maruti Suzuki_Swift,Old,1933.3333333333333,10.05195066017375
Skoda,Superb,8,99000.0,Automatic,first,Petrol,1185000,Skoda_Superb,Mid,12375.0,11.502885230075814
Toyota,Etios Liva,11,83000.0,Manual,second,Diesel,395000,Toyota_Etios Liva,Old,7545.454545454545,11.326607934898927
Skoda,Superb,14,29309.0,Automatic,second,Petrol,250000,Skoda_Superb,Old,2093.5,10.285684033704937
Maruti Suzuki,Baleno,6,122289.0,Automatic,second,Petrol,574000,Maruti Suzuki_Baleno,Mid,20381.5,11.714150552183415
Skoda,Rapid,3,19121.0,Automatic,first,Petrol,1095000,Skoda_Rapid,Recent,6373.666666666667,9.858594783645392
Datsun,RediGO,9,18000.0,Manual,first,Petrol,189000,Datsun_RediGO,Mid,2000.0,9.798182590890704
Maruti Suzuki,Ritz,13,75000.0,Manual,first,Diesel,311000,Maruti Suzuki_Ritz,Old,5769.2307692307695,11.225256725762893
BMW,X1,4,30000.0,Automatic,first,Petrol,3325000,BMW_X1,Recent,7500.0,10.308985993422082
Honda,Jazz,6,93000.0,Automatic,first,Hybrid/CNG,535000,Honda_Jazz,Mid,15500.0,11.440365524765756
Honda,City,9,40000.0,Manual,second,Hybrid/CNG,485000,Honda_City,Mid,4444.444444444444,10.596659732783579
Mahindra,Xylo,12,16400.0,Automatic,second,Diesel,131000,Mahindra_Xylo,Old,1366.6666666666667,9.70509758756311
Skoda,Kushaq,2,8000.0,Automatic,first,Petrol,1290000,Skoda_Kushaq,New,4000.0,8.987321812850125
Maruti Suzuki,Celerio,3,32.0,Automatic,first,Hybrid/CNG,450000,Maruti Suzuki_Celerio,Recent,10.666666666666666,3.4965075614664802
Renault,Duster,6,83000.0,Automatic,second,Diesel,920000,Renault_Duster,Mid,13833.333333333334,11.326607934898927
Tata,Tigor,0,4300.0,Automatic,first,Hybrid/CNG,1050000,Tata_Tigor,New,4300.0,8.366602832783736
Toyota,Camry,8,130000.0,Automatic,first,Hybrid/CNG,1275000,Toyota_Camry,Mid,16250.0,11.775297421715827
Honda,City,6,44902.0,Automatic,second,Petrol,699000,Honda_City,Mid,7483.666666666667,10.71225988664308
Toyota,Corolla Altis,7,103000.0,Automatic,first,Petrol,1049000,Toyota_Corolla Altis,Mid,14714.285714285714,11.542493975902508
Hyundai,Grand i10,10,75000.0,Manual,second,Petrol,385000,Hyundai_Grand i10,Mid,7500.0,11.225256725762893
Maruti Suzuki,Sx4,13,19000.0,Manual,first,Petrol,220000,Maruti Suzuki_Sx4,Old,1461.5384615384614,9.852246888342531
Maruti Suzuki,XL6,5,35000.0,Manual,second,Petrol,990000,Maruti Suzuki_XL6,Recent,7000.0,10.463131911491967
Maruti Suzuki,Wagon-R,13,101110.0,Automatic,second,Hybrid/CNG,120000,Maruti Suzuki_Wagon-R,Old,7777.692307692308,11.523974202255111
Tata,Harrier,5,82000.0,Manual,first,Diesel,949000,Tata_Harrier,Recent,16400.0,11.314486721293981
Maruti Suzuki,Wagon R,8,89000.0,Automatic,first,Petrol,460000,Maruti Suzuki_Wagon R,Mid,11125.0,11.39640288460621
Toyota,Innova Crysta,6,110000.0,Automatic,first,Diesel,1700000,Toyota_Innova Crysta,Mid,18333.333333333332,11.608244735642321
Honda,City,9,94000.0,Manual,first,Petrol,500000,Honda_City,Mid,10444.444444444445,11.451060699493427
Maruti Suzuki,maruti-suzuki-dzire,3,68000.0,Manual,first,Hybrid/CNG,665000,Maruti Suzuki_maruti-suzuki-dzire,Recent,22666.666666666668,11.127277689932466
Maruti Suzuki,Wagon-R,12,137000.0,Automatic,second,Hybrid/CNG,270000,Maruti Suzuki_Wagon-R,Old,11416.666666666666,11.827743504053695
Tata,Indigo Ecs,9,92000.0,Manual,second,Diesel,195000,Tata_Indigo Ecs,Mid,10222.222222222223,11.429554725537322
Maruti Suzuki,Grand Vitara,0,13400.0,Automatic,first,Hybrid/CNG,2045000,Maruti Suzuki_Grand Vitara,New,13400.0,9.503084610020228
Volkswagen,Jetta,10,58000.0,Automatic,second,Diesel,489000,Volkswagen_Jetta,Mid,5800.0,10.968215530759236
Kia,Sonet,4,50000.0,Manual,first,Petrol,740000,Kia_Sonet,Recent,12500.0,10.819798284210286
Honda,BRV,8,55000.0,Automatic,second,Petrol,750000,Honda_BRV,Mid,6875.0,10.915106645867503
Honda,WRV,7,61000.0,Manual,first,Petrol,700000,Honda_WRV,Mid,8714.285714285714,11.0186455364637
Hyundai,Santro,12,78000.0,Manual,first,Hybrid/CNG,160000,Hyundai_Santro,Old,6500.0,11.264476926102367
Tata,Tigor,5,52600.0,Automatic,first,Hybrid/CNG,685000,Tata_Tigor,Recent,10520.0,10.87049040995193
Toyota,Innova,10,125000.0,Manual,second,Diesel,750000,Toyota_Innova,Mid,12500.0,11.736077016252437
Renault,KWID,7,55000.0,Automatic,first,Petrol,345000,Renault_KWID,Mid,7857.142857142857,10.915106645867503
Hyundai,i20 Active,8,97400.0,Manual,second,Petrol,585000,Hyundai_i20 Active,Mid,12175.0,11.486591756518374
Maruti Suzuki,Eeco,3,52000.0,Manual,second,Petrol,395000,Maruti Suzuki_Eeco,Recent,17333.333333333332,10.859018228147887
Maruti Suzuki,Swift-Dzire,13,59000.0,Manual,second,Hybrid/CNG,245000,Maruti Suzuki_Swift-Dzire,Old,4538.461538461538,10.985309671896763
Hyundai,Aura,4,41000.0,Manual,second,Hybrid/CNG,645001,Hyundai_Aura,Recent,10250.0,10.62135173563291
Mahindra,Bolero,7,70000.0,Manual,first,Diesel,699939,Mahindra_Bolero,Mid,10000.0,11.156264806643742
Hyundai,i20,8,88700.0,Manual,second,Petrol,370000,Hyundai_i20,Mid,11087.5,11.39302644219128
Honda,CRV,17,91000.0,Automatic,first,Hybrid/CNG,251000,Honda_CRV,Old,5352.941176470588,11.418625774449598
Honda,Amaze,3,3900.0,Manual,second,Petrol,660000,Honda_Amaze,Recent,1300.0,8.268988209506656
Mahindra,XUV500,8,86000.0,Automatic,second,Diesel,770000,Mahindra_XUV500,Mid,10750.0,11.362114203075018
BMW,3 Series,11,85000.0,Automatic,second,Diesel,1075000,BMW_3 Series,Old,7727.272727272727,11.350418300109132
Maruti Suzuki,Alto-800,10,100080.0,Automatic,second,Hybrid/CNG,185000,Maruti Suzuki_Alto-800,Mid,10008.0,11.513735137097267
Toyota,Innova Crysta,7,60989.0,Manual,second,Diesel,1850000,Toyota_Innova Crysta,Mid,8712.714285714286,11.018465195290503
Hyundai,Grand i10,9,58000.0,Manual,second,Petrol,315000,Hyundai_Grand i10,Mid,6444.444444444444,10.968215530759236
Ford,Ecosport,10,83000.0,Manual,second,Diesel,525000,Ford_Ecosport,Mid,8300.0,11.326607934898927
Maruti Suzuki,Celerio,4,65000.0,Manual,second,Hybrid/CNG,369000,Maruti Suzuki_Celerio,Recent,16250.0,11.082157933374816
Maruti Suzuki,Baleno,3,29000.0,Manual,first,Petrol,690000,Maruti Suzuki_Baleno,Recent,9666.666666666666,10.275085591132715
Maruti Suzuki,Jimny,1,521.0,Manual,first,Petrol,1435000,Maruti Suzuki_Jimny,New,521.0,6.257667587882639
Honda,City,12,63000.0,Automatic,first,Hybrid/CNG,425000,Honda_City,Old,5250.0,11.050905878263567
Renault,Duster,9,80000.0,Manual,second,Diesel,349991,Renault_Duster,Mid,8888.888888888889,11.289794413577894
Volkswagen,Jetta,11,76000.0,Manual,first,Diesel,760000,Volkswagen_Jetta,Old,6909.090909090909,11.23850177707664
Land Rover,Discovery Sport,6,28847.0,Automatic,first,Diesel,4175000,Land Rover_Discovery Sport,Mid,4807.833333333333,10.269795945443098
Toyota,Innova Hycross,0,0.0,Automatic,first,Petrol,1977000,Toyota_Innova Hycross,New,0.0,0.0
Maruti Suzuki,Alto,17,85000.0,Manual,second,Petrol,98000,Maruti Suzuki_Alto,Old,5000.0,11.350418300109132
Hyundai,Verna,1,23000.0,Automatic,first,Petrol,1560000,Hyundai_Verna,New,23000.0,10.043292972227004
Honda,City,9,100000.0,Automatic,second,Hybrid/CNG,500000,Honda_City,Mid,11111.111111111111,11.51293546492023
Honda,Brio,9,89000.0,Manual,second,Hybrid/CNG,240000,Honda_Brio,Mid,9888.888888888889,11.39640288460621
Maruti Suzuki,S-Presso,1,13000.0,Manual,first,Hybrid/CNG,499000,Maruti Suzuki_S-Presso,New,13000.0,9.472781556562168
Hyundai,Grand i10 Nios,2,50000.0,Manual,first,Hybrid/CNG,639999,Hyundai_Grand i10 Nios,New,25000.0,10.819798284210286
Maruti Suzuki,Swift-Dzire,14,50000.0,Manual,second,Petrol,385000,Maruti Suzuki_Swift-Dzire,Old,3571.4285714285716,10.819798284210286
Maruti Suzuki,Swift,8,88000.0,Manual,first,Petrol,430000,Maruti Suzuki_Swift,Mid,11000.0,11.385103457032141
Maruti Suzuki,A-Star,11,73000.0,Automatic,second,Petrol,200000,Maruti Suzuki_A-Star,Old,6636.363636363636,11.19822841866684
Maruti Suzuki,Omni,6,24000.0,Manual,first,Petrol,364000,Maruti Suzuki_Omni,Mid,4000.0,10.085850775128717
Maruti Suzuki,Ciaz,9,90590.0,Manual,first,Petrol,499000,Maruti Suzuki_Ciaz,Mid,10065.555555555555,11.414110149348405
Chevrolet,Sail,11,82000.0,Manual,second,Petrol,160000,Chevrolet_Sail,Old,7454.545454545455,11.314486721293981
Hyundai,i10,14,55000.0,Automatic,second,Hybrid/CNG,72000,Hyundai_i10,Old,3928.5714285714284,10.915106645867503
Mahindra,Scorpio,10,78525.0,Manual,first,Diesel,570000,Mahindra_Scorpio,Mid,7852.5,11.271185059123596
Toyota,Innova Hycross,1,19000.0,Automatic,first,Hybrid/CNG,2900000,Toyota_Innova Hycross,New,19000.0,9.852246888342531
Maruti Suzuki,Wagon-R,8,150000.0,Automatic,first,Hybrid/CNG,180000,Maruti Suzuki_Wagon-R,Mid,18750.0,11.918397239722838
Maruti Suzuki,Ertiga,3,29500.0,Manual,first,Hybrid/CNG,1180000,Maruti Suzuki_Ertiga,Recent,9833.333333333334,10.292179440058462
Maruti Suzuki,Alto-K10,5,37000.0,Manual,second,Hybrid/CNG,345000,Maruti Suzuki_Alto-K10,Recent,7400.0,10.518700218288165
Hyundai,Fluidic Verna,11,74000.0,Manual,second,Hybrid/CNG,435000,Hyundai_Fluidic Verna,Old,6727.272727272727,11.211833885608513
Hyundai,i20,13,140000.0,Manual,first,Hybrid/CNG,259000,Hyundai_i20,Old,10769.23076923077,11.849404844423074
Audi,Q3,6,55100.0,Automatic,second,Diesel,1400000,Audi_Q3,Mid,9183.333333333334,10.916923143796645
Hyundai,Eon,12,91000.0,Manual,first,Petrol,220000,Hyundai_Eon,Old,7583.333333333333,11.418625774449598
Maruti Suzuki,Eeco,6,83200.0,Manual,second,Hybrid/CNG,325000,Maruti Suzuki_Eeco,Mid,13866.666666666666,11.329014645967838
Force,Motors FM Gurkha,0,7000.0,Manual,first,Diesel,1675000,Force_Motors FM Gurkha,New,7000.0,8.853808274977197
Maruti Suzuki,Ritz,11,60424.0,Manual,second,Hybrid/CNG,200000,Maruti Suzuki_Ritz,Old,5493.090909090909,11.009158205571683
Hyundai,Venue,11,18000.0,Manual,first,Diesel,1390000,Hyundai_Venue,Old,1636.3636363636363,9.798182590890704
Hyundai,Creta,4,45000.0,Automatic,second,Diesel,1850000,Hyundai_Creta,Recent,11250.0,10.714439990727769
Ford,Figo Aspire,8,89000.0,Manual,first,Diesel,385000,Ford_Figo Aspire,Mid,11125.0,11.39640288460621
Toyota,Innova Crysta,4,62000.0,Manual,first,Diesel,2645000,Toyota_Innova Crysta,Recent,15500.0,11.034905792929415
Maruti Suzuki,Wagon-R,8,57000.0,Automatic,second,Hybrid/CNG,345000,Maruti Suzuki_Wagon-R,Mid,7125.0,10.950824090522445
Ford,Ecosport,6,86000.0,Manual,second,Diesel,790000,Ford_Ecosport,Mid,14333.333333333334,11.362114203075018
Toyota,Glanza,3,21000.0,Automatic,first,Petrol,850000,Toyota_Glanza,Recent,7000.0,9.952325334619427
Maruti Suzuki,Ciaz,10,158000.0,Manual,second,Diesel,480000,Maruti Suzuki_Ciaz,Mid,15800.0,11.970356641102999
Hyundai,Accent,12,139000.0,Manual,second,Petrol,131000,Hyundai_Accent,Old,11583.333333333334,11.842236406331555
Maruti Suzuki,Ertiga,8,99000.0,Manual,second,Hybrid/CNG,689000,Maruti Suzuki_Ertiga,Mid,12375.0,11.502885230075814
MG,Hector Plus,4,79000.0,Manual,first,Diesel,1540000,MG_Hector Plus,Recent,19750.0,11.277215789596893
Ford,Endeavour,5,76000.0,Automatic,first,Diesel,2650000,Ford_Endeavour,Recent,15200.0,11.23850177707664
Mahindra,Bolero Neo Plus,11,100003.0,Manual,second,Diesel,395000,Mahindra_Bolero Neo Plus,Old,9091.181818181818,11.51296546417025
BMW,X1,7,38000.0,Automatic,first,Diesel,2550000,BMW_X1,Mid,5428.571428571428,10.545367754151743
Maruti Suzuki,Swift-Dzire,9,300.0,Automatic,second,Hybrid/CNG,315000,Maruti Suzuki_Swift-Dzire,Mid,33.333333333333336,5.707110264748875
Honda,City,13,52000.0,Automatic,second,Petrol,310000,Honda_City,Old,4000.0,10.859018228147887
Maruti Suzuki,Swift,11,86000.0,Manual,second,Petrol,475000,Maruti Suzuki_Swift,Old,7818.181818181818,11.362114203075018
Toyota,Innova Crysta,4,70000.0,Automatic,first,Diesel,1650000,Toyota_Innova Crysta,Recent,17500.0,11.156264806643742
Mercedes-Benz,GLC Class,7,71000.0,Automatic,first,Petrol,3690000,Mercedes-Benz_GLC Class,Mid,10142.857142857143,11.170449240431308
Maruti Suzuki,Alto-800,1,11200.0,Manual,first,Petrol,410000,Maruti Suzuki_Alto-800,New,11200.0,9.32375833901174
Maruti Suzuki,Ertiga,8,63000.0,Manual,first,Hybrid/CNG,695000,Maruti Suzuki_Ertiga,Mid,7875.0,11.050905878263567
Mahindra,Thar,1,4400.0,Automatic,second,Petrol,1350000,Mahindra_Thar,New,4400.0,8.38958706681109
Maruti Suzuki,Baleno,6,110000.0,Manual,first,Diesel,590000,Maruti Suzuki_Baleno,Mid,18333.333333333332,11.608244735642321
Renault,KWID,7,30877.0,Automatic,second,Hybrid/CNG,265000,Renault_KWID,Mid,4411.0,10.337799235201873
Toyota,Glanza,1,24000.0,Automatic,first,Petrol,850000,Toyota_Glanza,New,24000.0,10.085850775128717
Maruti Suzuki,Celerio,8,70000.0,Automatic,second,Hybrid/CNG,380000,Maruti Suzuki_Celerio,Mid,8750.0,11.156264806643742
Renault,Triber,2,18000.0,Manual,first,Hybrid/CNG,695000,Renault_Triber,New,9000.0,9.798182590890704
Honda,Jazz,8,60000.0,Automatic,second,Petrol,615000,Honda_Jazz,Mid,7500.0,11.002116507732017
BMW,X3,12,80000.0,Automatic,second,Diesel,1025000,BMW_X3,Old,6666.666666666667,11.289794413577894
Hyundai,i20,14,60000.0,Manual,first,Petrol,320000,Hyundai_i20,Old,4285.714285714285,11.002116507732017
Mercedes-Benz,GLC Class,7,68000.0,Automatic,first,Petrol,3699000,Mercedes-Benz_GLC Class,Mid,9714.285714285714,11.127277689932466
Hyundai,Accent,6,200000.0,Automatic,first,Hybrid/CNG,225000,Hyundai_Accent,Mid,33333.333333333336,12.206077645517674
Maruti Suzuki,800,26,98000.0,Manual,second,Petrol,41000,Maruti Suzuki_800,Old,3769.230769230769,11.49273296168228
Jeep,Wrangler,2,15000.0,Automatic,first,Petrol,5800000,Jeep_Wrangler,New,7500.0,9.61587214452889
Maruti Suzuki,Baleno,8,62000.0,Automatic,second,Petrol,582000,Maruti Suzuki_Baleno,Mid,7750.0,11.034905792929415
Volkswagen,Polo,8,105000.0,Automatic,second,Petrol,650000,Volkswagen_Polo,Mid,13125.0,11.561725152903833
Maruti Suzuki,Baleno,3,55000.0,Manual,first,Petrol,575000,Maruti Suzuki_Baleno,Recent,18333.333333333332,10.915106645867503
Tata,Harrier,4,73000.0,Manual,first,Diesel,1149000,Tata_Harrier,Recent,18250.0,11.19822841866684
Maruti Suzuki,Ertiga,1,69000.0,Automatic,first,Hybrid/CNG,450000,Maruti Suzuki_Ertiga,New,69000.0,11.141876276228
Mahindra,Scorpio N,1,28000.0,Automatic,first,Diesel,2450000,Mahindra_Scorpio N,New,28000.0,10.239995502805316
Maruti Suzuki,Ignis,5,25000.0,Automatic,first,Petrol,432000,Maruti Suzuki_Ignis,Recent,5000.0,10.12667110305036
BMW,3 Series GT,8,110000.0,Automatic,second,Diesel,2000000,BMW_3 Series GT,Mid,13750.0,11.608244735642321
Mercedes-Benz,GLA Class,8,78000.0,Automatic,second,Petrol,1650000,Mercedes-Benz_GLA Class,Mid,9750.0,11.264476926102367
Maruti Suzuki,S-Cross,9,87000.0,Manual,first,Diesel,545000,Maruti Suzuki_S-Cross,Mid,9666.666666666666,11.373674891823535
Hyundai,Exter,0,3500.0,Automatic,first,Hybrid/CNG,905000,Hyundai_Exter,New,3500.0,8.160803920954665
Mahindra,Scorpio,14,190000.0,Manual,second,Diesel,200000,Mahindra_Scorpio,Old,13571.42857142857,12.154784614286667
Ford,Ecosport,7,69713.0,Manual,second,Petrol,649000,Ford_Ecosport,Mid,9959.0,11.152156437410916
BMW,X1,7,55000.0,Automatic,first,Diesel,1500000,BMW_X1,Mid,7857.142857142857,10.915106645867503
Maruti Suzuki,S-Cross,6,32000.0,Manual,first,Diesel,675000,Maruti Suzuki_S-Cross,Mid,5333.333333333333,10.373522431293592
Maruti Suzuki,Celerio,8,14123.0,Automatic,second,Hybrid/CNG,313131,Maruti Suzuki_Celerio,Mid,1765.375,9.555630757048277
Maruti Suzuki,Alto-800,8,60000.0,Manual,first,Petrol,275000,Maruti Suzuki_Alto-800,Mid,7500.0,11.002116507732017
Tata,Nano,9,51500.0,Manual,second,Petrol,125000,Tata_Nano,Mid,5722.222222222223,10.849356503939038
Chevrolet,Beat,7,75000.0,Manual,second,Diesel,175000,Chevrolet_Beat,Mid,10714.285714285714,11.225256725762893
Maruti Suzuki,Eeco,6,72000.0,Automatic,first,Hybrid/CNG,350000,Maruti Suzuki_Eeco,Mid,12000.0,11.184435286790631
Hyundai,Aura,2,64000.0,Manual,first,Hybrid/CNG,690000,Hyundai_Aura,New,32000.0,11.06665398721974
Maruti Suzuki,Ritz,13,77000.0,Manual,second,Hybrid/CNG,160000,Maruti Suzuki_Ritz,Old,5923.076923076923,11.251573687764477
Maruti Suzuki,Wagon-R,7,140000.0,Manual,first,Hybrid/CNG,200000,Maruti Suzuki_Wagon-R,Mid,20000.0,11.849404844423074
Honda,Civic,16,10.0,Automatic,first,Hybrid/CNG,495000,Honda_Civic,Old,0.625,2.3978952727983707
Skoda,Rapid,3,63000.0,Manual,first,Petrol,995000,Skoda_Rapid,Recent,21000.0,11.050905878263567
Maruti Suzuki,Ritz,14,41258.0,Manual,second,Petrol,139000,Maruti Suzuki_Ritz,Old,2947.0,10.627624549782817
Honda,City,20,130000.0,Automatic,second,Hybrid/CNG,140000,Honda_City,Old,6500.0,11.775297421715827
Hyundai,Santro Xing,13,76000.0,Manual,second,Hybrid/CNG,135000,Hyundai_Santro Xing,Old,5846.153846153846,11.23850177707664
Maruti Suzuki,Wagon-R,4,52300.0,Manual,first,Hybrid/CNG,445000,Maruti Suzuki_Wagon-R,Recent,13075.0,10.86477077032911
Maruti Suzuki,Vitara-Brezza,5,48500.0,Automatic,first,Diesel,975000,Maruti Suzuki_Vitara-Brezza,Recent,9700.0,10.789339695269716
Honda,Civic,15,102000.0,Automatic,second,Hybrid/CNG,150000,Honda_Civic,Old,6800.0,11.532737896139919
Hyundai,Verna,6,78000.0,Automatic,first,Hybrid/CNG,745000,Hyundai_Verna,Mid,13000.0,11.264476926102367
Maruti Suzuki,Ertiga,11,68000.0,Manual,second,Hybrid/CNG,565000,Maruti Suzuki_Ertiga,Old,6181.818181818182,11.127277689932466
Hyundai,Santro Xing,11,89288.0,Manual,first,Hybrid/CNG,160000,Hyundai_Santro Xing,Old,8117.090909090909,11.399633578986123
Toyota,Innova Hycross,1,11000.0,Automatic,first,Hybrid/CNG,3975000,Toyota_Innova Hycross,New,11000.0,9.305741456739435
Renault,KWID,8,69000.0,Manual,second,Hybrid/CNG,210000,Renault_KWID,Mid,8625.0,11.141876276228
Maruti Suzuki,Swift,3,59000.0,Automatic,first,Hybrid/CNG,750000,Maruti Suzuki_Swift,Recent,19666.666666666668,10.985309671896763
Hyundai,Grand i10,7,72000.0,Manual,first,Hybrid/CNG,490000,Hyundai_Grand i10,Mid,10285.714285714286,11.184435286790631
Mahindra,Thar,1,18000.0,Automatic,first,Diesel,1325000,Mahindra_Thar,New,18000.0,9.798182590890704
Maruti Suzuki,Alto,12,76000.0,Manual,second,Petrol,225000,Maruti Suzuki_Alto,Old,6333.333333333333,11.23850177707664
Jeep,Compass,6,55000.0,Manual,second,Diesel,1080000,Jeep_Compass,Mid,9166.666666666666,10.915106645867503
Ford,Ecosport,9,112000.0,Manual,first,Diesel,485000,Ford_Ecosport,Mid,12444.444444444445,11.626263078808801
Hyundai,Grand i10,9,64000.0,Manual,first,Hybrid/CNG,325000,Hyundai_Grand i10,Mid,7111.111111111111,11.06665398721974
Hyundai,Elite i20,6,81000.0,Manual,first,Diesel,730000,Hyundai_Elite i20,Mid,13500.0,11.302216779257382
Hyundai,Creta,8,72300.0,Manual,first,Diesel,825000,Hyundai_Creta,Mid,9037.5,11.18859323930985
Honda,Brio,10,149000.0,Automatic,second,Petrol,550000,Honda_Brio,Mid,14900.0,11.91170829631447
Toyota,Fortuner,1,18500.0,Automatic,first,Diesel,4500000,Toyota_Fortuner,New,18500.0,9.825580063659602
Tata,Safari,2,31000.0,Automatic,second,Diesel,1960000,Tata_Safari,New,15500.0,10.34177474101152
Maruti Suzuki,Wagon-R,5,48055.0,Manual,first,Petrol,535000,Maruti Suzuki_Wagon-R,Recent,9611.0,10.780122276529998
Maruti Suzuki,Celerio,5,75000.0,Manual,first,Hybrid/CNG,460000,Maruti Suzuki_Celerio,Recent,15000.0,11.225256725762893
Hyundai,Grand i10 Nios,3,87500.0,Manual,first,Hybrid/CNG,575000,Hyundai_Grand i10 Nios,Recent,29166.666666666668,11.37940550085183
Jaguar,XF,11,65000.0,Automatic,first,Diesel,1491000,Jaguar_XF,Old,5909.090909090909,11.082157933374816
Mercedes-Benz,GLA,8,36000.0,Automatic,second,Diesel,985000,Mercedes-Benz_GLA,Mid,4500.0,10.491301994830229
Maruti Suzuki,Swift,8,65000.0,Manual,first,Diesel,445000,Maruti Suzuki_Swift,Mid,8125.0,11.082157933374816
Maruti Suzuki,Wagon-R,7,57099.0,Automatic,first,Hybrid/CNG,465000,Maruti Suzuki_Wagon-R,Mid,8157.0,10.952559395644101
Tata,tata-punch,3,46000.0,Manual,first,Petrol,725000,Tata_tata-punch,Recent,15333.333333333334,10.736418414365376
Toyota,Fortuner,14,154000.0,Manual,second,Diesel,975000,Toyota_Fortuner,Old,11000.0,11.944714374881176
Tata,Tigor,1,18000.0,Manual,first,Hybrid/CNG,751000,Tata_Tigor,New,18000.0,9.798182590890704
Maruti Suzuki,Eeco,9,114000.0,Automatic,first,Hybrid/CNG,195000,Maruti Suzuki_Eeco,Mid,12666.666666666666,11.643962499267984
Volkswagen,Taigun,1,8000.0,Automatic,first,Petrol,1440000,Volkswagen_Taigun,New,8000.0,8.987321812850125
Maruti Suzuki,Swift,16,92000.0,Manual,second,Diesel,280000,Maruti Suzuki_Swift,Old,5750.0,11.429554725537322
Hyundai,Santro Xing,17,86750.0,Manual,second,Petrol,165000,Hyundai_Santro Xing,Old,5102.941176470588,11.370797225120187
Maruti Suzuki,Vitara-Brezza,5,105919.0,Manual,first,Diesel,890000,Maruti Suzuki_Vitara-Brezza,Recent,21183.8,11.570439371170835
Maruti Suzuki,Wagon-R,6,74000.0,Automatic,second,Hybrid/CNG,430000,Maruti Suzuki_Wagon-R,Mid,12333.333333333334,11.211833885608513
Maruti Suzuki,maruti-suzuki-dzire,3,51000.0,Manual,first,Hybrid/CNG,565000,Maruti Suzuki_maruti-suzuki-dzire,Recent,17000.0,10.839600519357369
Ford,Ecosport,7,152000.0,Manual,second,Diesel,600000,Ford_Ecosport,Mid,21714.285714285714,11.931642378754141
Volkswagen,Vento,7,85000.0,Automatic,first,Petrol,595000,Volkswagen_Vento,Mid,12142.857142857143,11.350418300109132
Maruti Suzuki,Swift-Dzire,0,1234.0,Automatic,first,Hybrid/CNG,150000,Maruti Suzuki_Swift-Dzire,New,1234.0,7.118826249062078
Hyundai,Santro,11,100000.0,Automatic,first,Hybrid/CNG,190000,Hyundai_Santro,Old,9090.90909090909,11.51293546492023
Honda,Brio,10,149500.0,Automatic,second,Petrol,450000,Honda_Brio,Mid,14950.0,11.915058360753719
Renault,KWID,8,51000.0,Automatic,second,Petrol,259999,Renault_KWID,Mid,6375.0,10.839600519357369
Maruti Suzuki,Eeco,8,75000.0,Automatic,second,Hybrid/CNG,300000,Maruti Suzuki_Eeco,Mid,9375.0,11.225256725762893
Mahindra,Xylo,8,240000.0,Manual,second,Diesel,550000,Mahindra_Xylo,Mid,30000.0,12.388398368982115
Maruti Suzuki,Ciaz,6,49000.0,Manual,second,Petrol,585000,Maruti Suzuki_Ciaz,Mid,8166.666666666667,10.799595985047786
Jeep,Compass,6,39000.0,Manual,second,Diesel,1250000,Jeep_Compass,Mid,6500.0,10.571342565808699
Maruti Suzuki,Wagon-R,7,25122.0,Manual,first,Petrol,415000,Maruti Suzuki_Wagon-R,Mid,3588.8571428571427,10.13153904020292
Kia,Sonet,3,35000.0,Automatic,first,Hybrid/CNG,899000,Kia_Sonet,Recent,11666.666666666666,10.463131911491967
Maruti Suzuki,Ciaz,8,42000.0,Manual,second,Hybrid/CNG,625000,Maruti Suzuki_Ciaz,Mid,5250.0,10.645448706505872
Tata,Manza,14,2010.0,Manual,first,Hybrid/CNG,155000,Tata_Manza,Old,143.57142857142858,7.606387389772652
Honda,Civic,12,85380.0,Automatic,second,Hybrid/CNG,235000,Honda_Civic,Old,7115.0,11.354878872588175
Volkswagen,VentoTest,8,65000.0,Manual,first,Diesel,490000,Volkswagen_VentoTest,Mid,8125.0,11.082157933374816
Honda,Accord,11,89000.0,Automatic,second,Petrol,445000,Honda_Accord,Old,8090.909090909091,11.39640288460621
Maruti Suzuki,Eeco,0,1300.0,Automatic,first,Hybrid/CNG,750000,Maruti Suzuki_Eeco,New,1300.0,7.170888478512505
Lexus,ES,1,6000.0,Automatic,first,Petrol,6950000,Lexus_ES,New,6000.0,8.699681400989514
Maruti Suzuki,Celerio,0,8000.0,Manual,first,Petrol,630000,Maruti Suzuki_Celerio,New,8000.0,8.987321812850125
Hyundai,Eon,8,86000.0,Manual,second,Petrol,222000,Hyundai_Eon,Mid,10750.0,11.362114203075018
Volkswagen,VentoTest,9,53000.0,Manual,second,Diesel,550000,Volkswagen_VentoTest,Mid,5888.888888888889,10.87806606028079
Maruti Suzuki,Ignis,7,53402.0,Manual,second,Petrol,490000,Maruti Suzuki_Ignis,Mid,7628.857142857143,10.885622203145543
Maruti Suzuki,Ertiga,5,65000.0,Manual,first,Diesel,1300000,Maruti Suzuki_Ertiga,Recent,13000.0,11.082157933374816
Honda,City ZX,16,119000.0,Automatic,second,Hybrid/CNG,145800,Honda_City ZX,Old,7437.5,11.686887175419702
Maruti Suzuki,Eeco,6,57000.0,Manual,second,Hybrid/CNG,425000,Maruti Suzuki_Eeco,Mid,9500.0,10.950824090522445
Audi,Q3,6,55100.0,Automatic,second,Diesel,1400000,Audi_Q3,Mid,9183.333333333334,10.916923143796645
Honda,City,14,70000.0,Automatic,second,Hybrid/CNG,300000,Honda_City,Old,5000.0,11.156264806643742
Renault,Duster,6,55156.0,Automatic,second,Petrol,625000,Renault_Duster,Mid,9192.666666666666,10.91793894319107
MG,Hector Plus,3,37000.0,Automatic,second,Petrol,1695000,MG_Hector Plus,Recent,12333.333333333334,10.518700218288165
Honda,Amaze,10,92000.0,Manual,first,Diesel,385000,Honda_Amaze,Mid,9200.0,11.429554725537322
Maruti Suzuki,Swift,13,110000.0,Manual,second,Diesel,395000,Maruti Suzuki_Swift,Old,8461.538461538461,11.608244735642321
Ford,Ecosport,7,55000.0,Automatic,second,Hybrid/CNG,615000,Ford_Ecosport,Mid,7857.142857142857,10.915106645867503
Toyota,Fortuner,7,52000.0,Automatic,first,Diesel,1800000,Toyota_Fortuner,Mid,7428.571428571428,10.859018228147887
Hyundai,i20,11,60000.0,Manual,second,Petrol,285000,Hyundai_i20,Old,5454.545454545455,11.002116507732017
Maruti Suzuki,Wagon-R,12,87000.0,Manual,first,Hybrid/CNG,271000,Maruti Suzuki_Wagon-R,Old,7250.0,11.373674891823535
Hyundai,Grand i10,7,82000.0,Automatic,second,Hybrid/CNG,380000,Hyundai_Grand i10,Mid,11714.285714285714,11.314486721293981
Jaguar,F-Pace,4,42000.0,Automatic,second,Petrol,4100000,Jaguar_F-Pace,Recent,10500.0,10.645448706505872
Toyota,Innova Crysta,5,210000.0,Manual,second,Diesel,1925000,Toyota_Innova Crysta,Recent,42000.0,12.25486757159303
Hyundai,Grand i10,7,42568.0,Manual,first,Petrol,410000,Hyundai_Grand i10,Mid,6081.142857142857,10.658881567825121
Ford,Aspire,8,89000.0,Manual,first,Diesel,375000,Ford_Aspire,Mid,11125.0,11.39640288460621
Hyundai,Creta,8,89600.0,Automatic,second,Petrol,785000,Hyundai_Creta,Mid,11200.0,11.403121759615027
Renault,KWID,8,1.0,Manual,second,Petrol,199999,Renault_KWID,Mid,0.125,0.6931471805599453
Hyundai,Creta,7,96000.0,Manual,second,Diesel,1050000,Hyundai_Creta,Mid,13714.285714285714,11.472113887062386
Land Rover,Range Rover Sport,8,100000.0,Automatic,second,Diesel,3999999,Land Rover_Range Rover Sport,Mid,12500.0,11.51293546492023
Maruti Suzuki,Sx4,13,70680.0,Manual,second,Hybrid/CNG,175000,Maruti Suzuki_Sx4,Old,5436.923076923077,11.165932074607458
Maruti Suzuki,Sx4,16,135000.0,Manual,second,Hybrid/CNG,125000,Maruti Suzuki_Sx4,Old,8437.5,11.813037464800539
Hyundai,i10,14,82000.0,Manual,second,Petrol,210000,Hyundai_i10,Old,5857.142857142857,11.314486721293981
Skoda,Rapid,12,76500.0,Manual,second,Diesel,435000,Skoda_Rapid,Old,6375.0,11.245059091624615
Maruti Suzuki,Alto-800,12,71000.0,Manual,first,Hybrid/CNG,190000,Maruti Suzuki_Alto-800,Old,5916.666666666667,11.170449240431308
Mahindra,Scorpio-N,0,28000.0,Automatic,first,Diesel,2025000,Mahindra_Scorpio-N,New,28000.0,10.239995502805316
Hyundai,Grand i10,11,61000.0,Manual,first,Petrol,350000,Hyundai_Grand i10,Old,5545.454545454545,11.0186455364637
Maruti Suzuki,Wagon-R,9,58406.0,Manual,second,Hybrid/CNG,315000,Maruti Suzuki_Wagon-R,Mid,6489.555555555556,10.97519102464702
Maruti Suzuki,800,30,70120.0,Automatic,second,Petrol,35000,Maruti Suzuki_800,Old,2337.3333333333335,11.15797760019988
Maruti Suzuki,Ertiga,7,74000.0,Manual,first,Hybrid/CNG,675000,Maruti Suzuki_Ertiga,Mid,10571.42857142857,11.211833885608513
Hyundai,Venue,5,25000.0,Automatic,first,Diesel,799999,Hyundai_Venue,Recent,5000.0,10.12667110305036
Maruti Suzuki,S-Presso,1,8500.0,Manual,second,Petrol,425000,Maruti Suzuki_S-Presso,New,8500.0,9.04793908261736
Mahindra,Scorpio N,13,48529.0,Manual,second,Diesel,360000,Mahindra_Scorpio N,Old,3733.0,10.789937442399262
Maruti Suzuki,Wagon-R,8,125000.0,Automatic,first,Hybrid/CNG,315000,Maruti Suzuki_Wagon-R,Mid,15625.0,11.736077016252437
Mahindra,TUV,8,60000.0,Automatic,second,Diesel,450000,Mahindra_TUV,Mid,7500.0,11.002116507732017
Hyundai,i10,14,57000.0,Manual,second,Petrol,225000,Hyundai_i10,Old,4071.4285714285716,10.950824090522445
Tata,Harrier,5,78000.0,Manual,first,Diesel,1025000,Tata_Harrier,Recent,15600.0,11.264476926102367
Volkswagen,Polo,3,35000.0,Automatic,second,Petrol,1190000,Volkswagen_Polo,Recent,11666.666666666666,10.463131911491967
Hyundai,Grand i10,10,63000.0,Manual,second,Petrol,350000,Hyundai_Grand i10,Mid,6300.0,11.050905878263567
Honda,Amaze,6,52000.0,Automatic,first,Petrol,649999,Honda_Amaze,Mid,8666.666666666666,10.859018228147887
Nissan,Magnite,3,35000.0,Manual,first,Petrol,510000,Nissan_Magnite,Recent,11666.666666666666,10.463131911491967
Ford,Figo,10,75000.0,Manual,first,Petrol,320000,Ford_Figo,Mid,7500.0,11.225256725762893
Maruti Suzuki,Ertiga,8,65000.0,Manual,second,Hybrid/CNG,689000,Maruti Suzuki_Ertiga,Mid,8125.0,11.082157933374816
Chevrolet,Beat,9,133000.0,Manual,second,Hybrid/CNG,120000,Chevrolet_Beat,Mid,14777.777777777777,11.798111925972618
Maruti Suzuki,Alto,15,36000.0,Manual,second,Petrol,159000,Maruti Suzuki_Alto,Old,2400.0,10.491301994830229
Mahindra,Scorpio,2,75243.0,Manual,first,Diesel,1495000,Mahindra_Scorpio,New,37621.5,11.228491445212912
Honda,WR-V,3,69000.0,Manual,first,Diesel,990000,Honda_WR-V,Recent,23000.0,11.141876276228
Jaguar,XF,10,12500.0,Automatic,second,Diesel,1690000,Jaguar_XF,Mid,1250.0,9.433563920090563
Maruti Suzuki,Alto-800,7,84000.0,Automatic,second,Petrol,245000,Maruti Suzuki_Alto-800,Mid,12000.0,11.338583982516495
Maruti Suzuki,Wagon-R,14,65137.5,Automatic,first,Hybrid/CNG,95000,Maruti Suzuki_Wagon-R,Old,4652.678571428572,11.084271051239332
Lexus,ES,2,38000.0,Automatic,second,Hybrid/CNG,6600000,Lexus_ES,New,19000.0,10.545367754151743
Toyota,Innova Crysta,8,180000.0,Automatic,second,Diesel,1828000,Toyota_Innova Crysta,Mid,22500.0,12.100717685412471
Maruti Suzuki,Ertiga,6,58000.0,Manual,first,Hybrid/CNG,801000,Maruti Suzuki_Ertiga,Mid,9666.666666666666,10.968215530759236
Hyundai,Santro Xing,9,30.0,Automatic,second,Hybrid/CNG,195000,Hyundai_Santro Xing,Mid,3.3333333333333335,3.4339872044851463
Maruti Suzuki,Invicto,1,25000.0,Automatic,first,Hybrid/CNG,2550000,Maruti Suzuki_Invicto,New,25000.0,10.12667110305036
BMW,X7,1,4000.0,Automatic,first,Diesel,13000000,BMW_X7,New,4000.0,8.294299608857235
Ford,Figo,13,89000.0,Manual,second,Diesel,199999,Ford_Figo,Old,6846.153846153846,11.39640288460621
Renault,Triber,2,81525.0,Manual,first,Petrol,445000,Renault_Triber,New,40762.5,11.30867726675831
Honda,Civic,14,85000.0,Automatic,second,Hybrid/CNG,160000,Honda_Civic,Old,6071.428571428572,11.350418300109132
Toyota,Innova,12,190000.0,Automatic,second,Diesel,650000,Toyota_Innova,Old,15833.333333333334,12.154784614286667
Maruti Suzuki,Baleno-RS,5,135000.0,Manual,second,Diesel,645000,Maruti Suzuki_Baleno-RS,Recent,27000.0,11.813037464800539
Maruti Suzuki,Celerio,8,36000.0,Automatic,first,Petrol,475000,Maruti Suzuki_Celerio,Mid,4500.0,10.491301994830229
BMW,3 Series GT,8,55000.0,Automatic,second,Diesel,1490000,BMW_3 Series GT,Mid,6875.0,10.915106645867503
Hyundai,Verna,10,42000.0,Automatic,second,Petrol,440000,Hyundai_Verna,Mid,4200.0,10.645448706505872
Mahindra,XUV 300,4,109300.0,Manual,first,Diesel,950000,Mahindra_XUV 300,Recent,27325.0,11.60186082325361
Honda,Civic,16,98000.0,Automatic,second,Hybrid/CNG,99999,Honda_Civic,Old,6125.0,11.49273296168228
Hyundai,Elite i20,10,73000.0,Manual,second,Petrol,475000,Hyundai_Elite i20,Mid,7300.0,11.19822841866684
Audi,Q3,9,95000.0,Automatic,first,Diesel,999999,Audi_Q3,Mid,10555.555555555555,11.461642696843066
Honda,Brio,8,65000.0,Manual,second,Hybrid/CNG,285000,Honda_Brio,Mid,8125.0,11.082157933374816
Maruti Suzuki,XL6,5,40000.0,Automatic,first,Petrol,975000,Maruti Suzuki_XL6,Recent,8000.0,10.596659732783579
Maruti Suzuki,Wagon-R,2,11000.0,Manual,first,Hybrid/CNG,590000,Maruti Suzuki_Wagon-R,New,5500.0,9.305741456739435
Mahindra,XUV700,2,36000.0,Automatic,second,Diesel,2275111,Mahindra_XUV700,New,18000.0,10.491301994830229
Honda,City,12,82000.0,Manual,second,Hybrid/CNG,310000,Honda_City,Old,6833.333333333333,11.314486721293981
Maruti Suzuki,Wagon-R-1-0,10,36038.0,Manual,second,Petrol,300763,Maruti Suzuki_Wagon-R-1-0,Mid,3603.8,10.492356964389485
Maruti Suzuki,Swift,11,140000.0,Manual,second,Diesel,278000,Maruti Suzuki_Swift,Old,12727.272727272728,11.849404844423074
Maruti Suzuki,Swift,5,5500.0,Automatic,first,Hybrid/CNG,600000,Maruti Suzuki_Swift,Recent,1100.0,8.612685172875459
Mahindra,XUV500,8,112000.0,Automatic,first,Diesel,935000,Mahindra_XUV500,Mid,14000.0,11.626263078808801
Maruti Suzuki,Alto-800,8,25.0,Automatic,second,Petrol,230000,Maruti Suzuki_Alto-800,Mid,3.125,3.258096538021482
Skoda,Rapid,12,114000.0,Manual,first,Diesel,350000,Skoda_Rapid,Old,9500.0,11.643962499267984
Kia,Seltos,4,50000.0,Manual,first,Diesel,1073000,Kia_Seltos,Recent,12500.0,10.819798284210286
Toyota,Innova Crysta,7,55000.0,Automatic,first,Diesel,2050000,Toyota_Innova Crysta,Mid,7857.142857142857,10.915106645867503
Maruti Suzuki,Swift-Dzire,5,90000.0,Manual,second,Diesel,590000,Maruti Suzuki_Swift-Dzire,Recent,18000.0,11.407576060361786
Audi,A4,11,79000.0,Automatic,second,Diesel,1490000,Audi_A4,Old,7181.818181818182,11.277215789596893
Toyota,Fortuner,5,95000.0,Automatic,first,Diesel,2975000,Toyota_Fortuner,Recent,19000.0,11.461642696843066
Maruti Suzuki,Swift-Dzire,9,115000.0,Manual,second,Diesel,385000,Maruti Suzuki_Swift-Dzire,Mid,12777.777777777777,11.652696102959753
Mahindra,KUV 100,7,75000.0,Manual,first,Diesel,435000,Mahindra_KUV 100,Mid,10714.285714285714,11.225256725762893
Maruti Suzuki,Wagon-R,14,86000.0,Manual,first,Hybrid/CNG,207000,Maruti Suzuki_Wagon-R,Old,6142.857142857143,11.362114203075018
Tata,Altroz,1,26500.0,Automatic,second,Petrol,745000,Tata_Altroz,New,26500.0,10.184937747111391
BMW,3 Series,13,214000.0,Automatic,first,Diesel,400000,BMW_3 Series,Old,16461.53846153846,12.273735966890268
Maruti Suzuki,Wagon-R,10,52000.0,Manual,second,Petrol,290000,Maruti Suzuki_Wagon-R,Mid,5200.0,10.859018228147887
Maruti Suzuki,Ertiga,4,63500.0,Manual,first,Hybrid/CNG,1000000,Maruti Suzuki_Ertiga,Recent,15875.0,11.05881093278828
Tata,Tiago,2,62000.0,Automatic,first,Hybrid/CNG,700000,Tata_Tiago,New,31000.0,11.034905792929415
Maruti Suzuki,Wagon R,9,60000.0,Manual,second,Hybrid/CNG,360000,Maruti Suzuki_Wagon R,Mid,6666.666666666667,11.002116507732017
Maruti Suzuki,Swift-Dzire,10,168000.0,Manual,second,Diesel,370000,Maruti Suzuki_Swift-Dzire,Mid,16800.0,12.031725210748633
Maruti Suzuki,Wagon-R,7,78000.0,Manual,first,Hybrid/CNG,280000,Maruti Suzuki_Wagon-R,Mid,11142.857142857143,11.264476926102367
Toyota,Innova Hycross,0,3000.0,Automatic,first,Petrol,2500000,Toyota_Innova Hycross,New,3000.0,8.006700845440367
Maruti Suzuki,Alto-800,11,94000.0,Manual,second,Hybrid/CNG,275000,Maruti Suzuki_Alto-800,Old,8545.454545454546,11.451060699493427
Toyota,Etios,6,145000.0,Manual,second,Diesel,565000,Toyota_Etios,Mid,24166.666666666668,11.884495917930655
Tata,Tiago,4,60000.0,Manual,second,Petrol,525000,Tata_Tiago,Recent,15000.0,11.002116507732017
Volkswagen,Vento,11,72000.0,Manual,second,Diesel,440000,Volkswagen_Vento,Old,6545.454545454545,11.184435286790631
Maruti Suzuki,Wagon-R,6,62217.0,Automatic,second,Hybrid/CNG,421999,Maruti Suzuki_Wagon-R,Mid,10369.5,11.038399625929856
Hyundai,Elite i20,9,28240.0,Manual,first,Petrol,585000,Hyundai_Elite i20,Mid,3137.777777777778,10.248530101745105
Tata,Altroz,2,45000.0,Manual,first,Diesel,775000,Tata_Altroz,New,22500.0,10.714439990727769
Mercedes-Benz,C-Class,8,64998.0,Automatic,second,Diesel,1600000,Mercedes-Benz_C-Class,Mid,8124.75,11.082127164144046
Maruti Suzuki,Baleno,7,57000.0,Manual,first,Diesel,649000,Maruti Suzuki_Baleno,Mid,8142.857142857143,10.950824090522445
Maruti Suzuki,Swift,11,68000.0,Manual,first,Petrol,395000,Maruti Suzuki_Swift,Old,6181.818181818182,11.127277689932466
Maruti Suzuki,Celerio,5,66000.0,Automatic,first,Hybrid/CNG,465000,Maruti Suzuki_Celerio,Recent,13200.0,11.097425172408931
Maruti Suzuki,Wagon R,6,72000.0,Manual,first,Hybrid/CNG,415000,Maruti Suzuki_Wagon R,Mid,12000.0,11.184435286790631
Kia,Seltos,3,37900.0,Automatic,first,Diesel,1545000,Kia_Seltos,Recent,12633.333333333334,10.542732775946709
Maruti Suzuki,Wagon R,8,70000.0,Manual,second,Petrol,440000,Maruti Suzuki_Wagon R,Mid,8750.0,11.156264806643742
Mercedes-Benz,C-Class,4,51000.0,Automatic,first,Petrol,3195000,Mercedes-Benz_C-Class,Recent,12750.0,10.839600519357369
Hyundai,Creta,5,56000.0,Manual,first,Petrol,985000,Hyundai_Creta,Recent,11200.0,10.933124826700707
Maruti Suzuki,Ertiga,7,72000.0,Manual,first,Hybrid/CNG,750000,Maruti Suzuki_Ertiga,Mid,10285.714285714286,11.184435286790631
Maruti Suzuki,Dzire,9,62000.0,Manual,second,Hybrid/CNG,400000,Maruti Suzuki_Dzire,Mid,6888.888888888889,11.034905792929415
Maruti Suzuki,Ertiga,3,82000.0,Manual,first,Hybrid/CNG,975000,Maruti Suzuki_Ertiga,Recent,27333.333333333332,11.314486721293981
Honda,City Hybrid eHEV,2,14000.0,Automatic,first,Hybrid/CNG,900000,Honda_City Hybrid eHEV,New,7000.0,9.546884034617925
Kia,Seltos,4,97000.0,Automatic,first,Diesel,1450000,Kia_Seltos,Recent,24250.0,11.48247656671073
Renault,Duster,6,21378.0,Automatic,second,Petrol,756000,Renault_Duster,Mid,3563.0,9.970164410800407
Maruti Suzuki,Swift,9,40000.0,Automatic,second,Hybrid/CNG,350000,Maruti Suzuki_Swift,Mid,4444.444444444444,10.596659732783579
Hyundai,Grand i10,6,48000.0,Manual,first,Hybrid/CNG,460000,Hyundai_Grand i10,Mid,8000.0,10.778977123006351
Toyota,Fortuner,0,9000.0,Automatic,first,Diesel,4150000,Toyota_Fortuner,New,9000.0,9.105090961257085
Hyundai,Grand i10 Nios,5,35485.0,Manual,second,Petrol,565000,Hyundai_Grand i10 Nios,Recent,7097.0,10.476893531483524
Honda,Brio,10,47000.0,Manual,second,Petrol,160000,Honda_Brio,Mid,4700.0,10.757924157061597
Maruti Suzuki,Swift-Dzire,6,78000.0,Manual,second,Hybrid/CNG,379000,Maruti Suzuki_Swift-Dzire,Mid,13000.0,11.264476926102367
Toyota,Innova,11,126870.0,Automatic,first,Diesel,735000,Toyota_Innova,Old,11533.636363636364,11.750926101187604
Honda,CRV,11,89000.0,Automatic,second,Hybrid/CNG,599000,Honda_CRV,Old,8090.909090909091,11.39640288460621
Maruti Suzuki,Swift,4,98000.0,Manual,first,Petrol,600000,Maruti Suzuki_Swift,Recent,24500.0,11.49273296168228
Maruti Suzuki,Baleno,1,15000.0,Manual,first,Petrol,785000,Maruti Suzuki_Baleno,New,15000.0,9.61587214452889
Maruti Suzuki,Wagon-R,5,63000.0,Manual,second,Hybrid/CNG,475000,Maruti Suzuki_Wagon-R,Recent,12600.0,11.050905878263567
Mercedes-Benz,GLC Class,3,31000.0,Automatic,first,Petrol,5499000,Mercedes-Benz_GLC Class,Recent,10333.333333333334,10.34177474101152
Ford,Endeavour,3,78000.0,Automatic,first,Diesel,3250000,Ford_Endeavour,Recent,26000.0,11.264476926102367
Kia,Seltos,4,59000.0,Manual,first,Petrol,1045000,Kia_Seltos,Recent,14750.0,10.985309671896763
Maruti Suzuki,Swift,14,23000.0,Manual,first,Petrol,345000,Maruti Suzuki_Swift,Old,1642.857142857143,10.043292972227004
Tata,Safari,13,85000.0,Manual,first,Diesel,260000,Tata_Safari,Old,6538.461538461538,11.350418300109132
BMW,Z4,14,25647.0,Automatic,second,Petrol,2700000,BMW_Z4,Old,1831.9285714285713,10.152220874849334
Mahindra,Scorpio,3,54128.0,Manual,first,Diesel,1735000,Mahindra_Scorpio,Recent,18042.666666666668,10.899125365576408
Ford,Endeavour,3,38000.0,Automatic,first,Diesel,1500000,Ford_Endeavour,Recent,12666.666666666666,10.545367754151743
Tata,Punch ,0,40000.0,Manual,first,Hybrid/CNG,800000,Tata_Punch,New,40000.0,10.596659732783579
BMW,3 Series,4,17500.0,Automatic,first,Petrol,4800000,BMW_3 Series,Recent,4375.0,9.770013301136158
Toyota,Fortuner,3,38351.0,Manual,first,Diesel,3500000,Toyota_Fortuner,Recent,12783.666666666666,10.554561956674165
Toyota,Innova,12,98695.0,Manual,first,Diesel,480000,Toyota_Innova,Old,8224.583333333334,11.4997996977513
Honda,City,8,62500.0,Automatic,second,Hybrid/CNG,550000,Honda_City,Mid,7812.5,11.042937835596494
Toyota,Innova,10,270000.0,Manual,second,Diesel,940000,Toyota_Innova,Mid,27000.0,12.506180941677357
Porsche,Macan,0,1600.0,Automatic,first,Petrol,9500000,Porsche_Macan,New,1600.0,7.3783837129967145
BMW,X5,7,58500.0,Automatic,second,Diesel,4050000,BMW_X5,Mid,8357.142857142857,10.97679912709094
Honda,Jazz,14,60000.0,Manual,second,Petrol,250000,Honda_Jazz,Old,4285.714285714285,11.002116507732017
Honda,City,9,65000.0,Automatic,first,Hybrid/CNG,560000,Honda_City,Mid,7222.222222222223,11.082157933374816
Honda,City,8,47000.0,Automatic,second,Hybrid/CNG,611000,Honda_City,Mid,5875.0,10.757924157061597
Maruti Suzuki,Wagon-R,8,4286.0,Manual,second,Hybrid/CNG,330000,Maruti Suzuki_Wagon-R,Mid,535.75,8.363342466597977
Hyundai,Grand i10,10,69000.0,Manual,second,Hybrid/CNG,365000,Hyundai_Grand i10,Mid,6900.0,11.141876276228
Honda,Jazz,2,37000.0,Automatic,first,Hybrid/CNG,685000,Honda_Jazz,New,18500.0,10.518700218288165
Volkswagen,VentoTest,13,48000.0,Automatic,first,Hybrid/CNG,265000,Volkswagen_VentoTest,Old,3692.3076923076924,10.778977123006351
Volkswagen,Jetta,13,79000.0,Manual,first,Diesel,380000,Volkswagen_Jetta,Old,6076.923076923077,11.277215789596893
Mercedes-Benz,E-Class,3,19000.0,Automatic,first,Diesel,7100000,Mercedes-Benz_E-Class,Recent,6333.333333333333,9.852246888342531
Nissan,PATROL,6,54000.0,Manual,second,Hybrid/CNG,190000,Nissan_PATROL,Mid,9000.0,10.896757843893464
Maruti Suzuki,Wagon-R,13,72000.0,Automatic,second,Hybrid/CNG,135500,Maruti Suzuki_Wagon-R,Old,5538.461538461538,11.184435286790631
Skoda,Slavia,0,5000.0,Automatic,first,Petrol,1569000,Skoda_Slavia,New,5000.0,8.517393171418904
Honda,WRV,7,110000.0,Manual,second,Diesel,570000,Honda_WRV,Mid,15714.285714285714,11.608244735642321
Honda,Jazz,8,80000.0,Automatic,second,Petrol,525000,Honda_Jazz,Mid,10000.0,11.289794413577894
Maruti Suzuki,Wagon-R-1-0,8,67010.0,Manual,second,Hybrid/CNG,335000,Maruti Suzuki_Wagon-R-1-0,Mid,8376.25,11.112612064001667
Maruti Suzuki,S-Cross,7,134000.0,Manual,second,Diesel,775000,Maruti Suzuki_S-Cross,Mid,19142.85714285714,11.80560254159177
Hyundai,Santro Xing,12,85000.0,Manual,first,Hybrid/CNG,145000,Hyundai_Santro Xing,Old,7083.333333333333,11.350418300109132
Maruti Suzuki,Swift-Dzire,3,37000.0,Manual,second,Petrol,670000,Maruti Suzuki_Swift-Dzire,Recent,12333.333333333334,10.518700218288165
Hyundai,Accent,10,28.0,Automatic,first,Hybrid/CNG,150000,Hyundai_Accent,Mid,2.8,3.367295829986474
Maruti Suzuki,Alto-K10,10,48000.0,Manual,second,Petrol,225000,Maruti Suzuki_Alto-K10,Mid,4800.0,10.778977123006351
Ford,Endeavour,3,68800.0,Automatic,first,Diesel,3640000,Ford_Endeavour,Recent,22933.333333333332,11.138973558699526
Mahindra,Thar,6,9000.0,Manual,first,Diesel,1075000,Mahindra_Thar,Mid,1500.0,9.105090961257085
Honda,City,9,71000.0,Automatic,second,Petrol,465000,Honda_City,Mid,7888.888888888889,11.170449240431308
Maruti Suzuki,Vitara-Brezza,0,996.0,Manual,first,Hybrid/CNG,1060000,Maruti Suzuki_Vitara-Brezza,New,996.0,6.904750769961838
Honda,CRV,17,97000.0,Automatic,second,Hybrid/CNG,250000,Honda_CRV,Old,5705.882352941177,11.48247656671073
Skoda,Kodiaq,6,90000.0,Automatic,first,Diesel,1850000,Skoda_Kodiaq,Mid,15000.0,11.407576060361786
Maruti Suzuki,Ertiga,3,66000.0,Manual,second,Hybrid/CNG,365000,Maruti Suzuki_Ertiga,Recent,22000.0,11.097425172408931
Hyundai,Santro,12,111.0,Automatic,first,Hybrid/CNG,130000,Hyundai_Santro,Old,9.25,4.718498871295094
Tata,Zest,4,33500.0,Automatic,first,Hybrid/CNG,325000,Tata_Zest,Recent,8375.0,10.419330568113901
Mahindra,Bolero,0,14000.0,Manual,first,Petrol,1075000,Mahindra_Bolero,New,14000.0,9.546884034617925
Toyota,Innova Crysta,5,195698.0,Manual,first,Diesel,1999999,Toyota_Innova Crysta,Recent,39139.6,12.184333043509078
Maruti Suzuki,Wagon-R,15,61000.0,Manual,second,Petrol,120000,Maruti Suzuki_Wagon-R,Old,4066.6666666666665,11.0186455364637
Audi,A4,2,28000.0,Automatic,first,Petrol,4200000,Audi_A4,New,14000.0,10.239995502805316
BMW,7 Series,9,78000.0,Automatic,second,Diesel,1899999,BMW_7 Series,Mid,8666.666666666666,11.264476926102367
Maruti Suzuki,Brezza,4,49000.0,Manual,first,Petrol,690000,Maruti Suzuki_Brezza,Recent,12250.0,10.799595985047786
Tata,Nexon,3,54000.0,Manual,first,Diesel,775000,Tata_Nexon,Recent,18000.0,10.896757843893464
Maruti Suzuki,Celerio,7,37000.0,Automatic,first,Petrol,500000,Maruti Suzuki_Celerio,Mid,5285.714285714285,10.518700218288165
Mahindra,XUV500,8,56000.0,Manual,second,Diesel,845000,Mahindra_XUV500,Mid,7000.0,10.933124826700707
Mahindra,Thar,1,14500.0,Automatic,first,Diesel,1735000,Mahindra_Thar,New,14500.0,9.581972891547895
Maruti Suzuki,Ciaz,6,51000.0,Automatic,first,Hybrid/CNG,599999,Maruti Suzuki_Ciaz,Mid,8500.0,10.839600519357369
Hyundai,i20,12,95000.0,Manual,second,Hybrid/CNG,225000,Hyundai_i20,Old,7916.666666666667,11.461642696843066
Maruti Suzuki,Ertiga,7,107000.0,Manual,first,Hybrid/CNG,750000,Maruti Suzuki_Ertiga,Mid,15285.714285714286,11.580593459194764
Skoda,Kushaq,2,16000.0,Automatic,second,Petrol,1675000,Skoda_Kushaq,New,8000.0,9.680406499268875
Hyundai,Santro Xing,11,75000.0,Automatic,second,Hybrid/CNG,170000,Hyundai_Santro Xing,Old,6818.181818181818,11.225256725762893
Hyundai,Grand i10,12,96000.0,Automatic,first,Hybrid/CNG,145000,Hyundai_Grand i10,Old,8000.0,11.472113887062386
Maruti Suzuki,Ertiga,2,100000.0,Manual,first,Hybrid/CNG,930000,Maruti Suzuki_Ertiga,New,50000.0,11.51293546492023
Toyota,2.8 Legender 4X2,3,83000.0,Automatic,first,Diesel,3895000,Toyota_2.8 Legender 4X2,Recent,27666.666666666668,11.326607934898927
Maruti Suzuki,Baleno,2,18000.0,Manual,second,Petrol,595000,Maruti Suzuki_Baleno,New,9000.0,9.798182590890704
Maruti Suzuki,Ignis,7,81890.0,Manual,first,Petrol,435000,Maruti Suzuki_Ignis,Mid,11698.57142857143,11.31314437369291
Toyota,Innova Crysta,4,155000.0,Manual,first,Diesel,2400000,Toyota_Innova Crysta,Recent,38750.0,11.951186847493476
Maruti Suzuki,Wagon-R,2,38000.0,Manual,first,Hybrid/CNG,600000,Maruti Suzuki_Wagon-R,New,19000.0,10.545367754151743
Maruti Suzuki,Alto,14,80000.0,Manual,first,Petrol,145000,Maruti Suzuki_Alto,Old,5714.285714285715,11.289794413577894
Maruti Suzuki,Celerio,9,44000.0,Automatic,first,Petrol,440000,Maruti Suzuki_Celerio,Mid,4888.888888888889,10.691967639914864
Honda,City,14,98000.0,Automatic,second,Hybrid/CNG,320000,Honda_City,Old,7000.0,11.49273296168228
Mercedes-Benz,C-Class,5,39000.0,Automatic,first,Diesel,4350000,Mercedes-Benz_C-Class,Recent,7800.0,10.571342565808699
BMW,5 Series,12,65000.0,Automatic,second,Diesel,1200000,BMW_5 Series,Old,5416.666666666667,11.082157933374816
Maruti Suzuki,Vitara-Brezza,6,61000.0,Manual,second,Diesel,645000,Maruti Suzuki_Vitara-Brezza,Mid,10166.666666666666,11.0186455364637
Hyundai,i20,10,113000.0,Manual,first,Diesel,350000,Hyundai_i20,Mid,11300.0,11.635151947212842
Maruti Suzuki,Alto-800,3,81000.0,Manual,first,Hybrid/CNG,390000,Maruti Suzuki_Alto-800,Recent,27000.0,11.302216779257382
Hyundai,Tucson,6,135000.0,Automatic,second,Diesel,1180000,Hyundai_Tucson,Mid,22500.0,11.813037464800539
Chevrolet,Spark,11,50000.0,Manual,second,Hybrid/CNG,135000,Chevrolet_Spark,Old,4545.454545454545,10.819798284210286
Kia,Seltos,2,22000.0,Automatic,first,Petrol,1550000,Kia_Seltos,New,11000.0,9.99884318585288
Maruti Suzuki,Alto-K10,6,34000.0,Automatic,second,Petrol,290000,Maruti Suzuki_Alto-K10,Mid,5666.666666666667,10.434145214930487
Maruti Suzuki,Omni,17,60000.0,Manual,second,Hybrid/CNG,160000,Maruti Suzuki_Omni,Old,3529.4117647058824,11.002116507732017
Toyota,Innova Crysta,8,66000.0,Manual,first,Diesel,1345000,Toyota_Innova Crysta,Mid,8250.0,11.097425172408931
Maruti Suzuki,Wagon-R,8,72000.0,Manual,first,Petrol,280000,Maruti Suzuki_Wagon-R,Mid,9000.0,11.184435286790631
Toyota,VELLFIRE,3,30000.0,Automatic,first,Petrol,9500000,Toyota_VELLFIRE,Recent,10000.0,10.308985993422082
Ford,Ecosport,9,89000.0,Automatic,second,Hybrid/CNG,599000,Ford_Ecosport,Mid,9888.888888888889,11.39640288460621
Ford,Ecosport,7,51421.0,Manual,first,Diesel,645000,Ford_Ecosport,Mid,7345.857142857143,10.847821375434926
Hyundai,Verna,11,100000.0,Manual,second,Diesel,400000,Hyundai_Verna,Old,9090.90909090909,11.51293546492023
Maruti Suzuki,Swift,8,63653.0,Manual,second,Diesel,585000,Maruti Suzuki_Swift,Mid,7956.625,11.061217445687326
Toyota,Camry,10,155000.0,Automatic,second,Hybrid/CNG,775000,Toyota_Camry,Mid,15500.0,11.951186847493476
Maruti Suzuki,Ertiga,8,25.0,Automatic,second,Hybrid/CNG,520000,Maruti Suzuki_Ertiga,Mid,3.125,3.258096538021482
Maruti Suzuki,Wagon-R-1-0,12,65000.0,Manual,second,Petrol,177600,Maruti Suzuki_Wagon-R-1-0,Old,5416.666666666667,11.082157933374816
Mitsubishi,Pajero Sport,9,80000.0,Automatic,first,Diesel,935000,Mitsubishi_Pajero Sport,Mid,8888.888888888889,11.289794413577894
Volkswagen,Polo,6,65000.0,Automatic,first,Petrol,875000,Volkswagen_Polo,Mid,10833.333333333334,11.082157933374816
Kia,Sonet,3,30000.0,Automatic,first,Diesel,1190000,Kia_Sonet,Recent,10000.0,10.308985993422082
Maruti Suzuki,Celerio,4,40000.0,Automatic,second,Hybrid/CNG,490000,Maruti Suzuki_Celerio,Recent,10000.0,10.596659732783579
Hyundai,Xcent,8,44000.0,Automatic,first,Petrol,441000,Hyundai_Xcent,Mid,5500.0,10.691967639914864
Jaguar,F-Pace,6,76000.0,Automatic,second,Diesel,3499999,Jaguar_F-Pace,Mid,12666.666666666666,11.23850177707664
Maruti Suzuki,Ciaz,7,53600.0,Manual,second,Diesel,590000,Maruti Suzuki_Ciaz,Mid,7657.142857142857,10.889323003601277
Hyundai,Creta,6,80000.0,Automatic,second,Diesel,1300000,Hyundai_Creta,Mid,13333.333333333334,11.289794413577894
Maruti Suzuki,Wagon-R,8,92000.0,Manual,first,Hybrid/CNG,315000,Maruti Suzuki_Wagon-R,Mid,11500.0,11.429554725537322
Hyundai,Grand i10 Nios,3,58241.0,Manual,first,Hybrid/CNG,585000,Hyundai_Grand i10 Nios,Recent,19413.666666666668,10.972362022940281
Hyundai,Elantra,7,86000.0,Automatic,second,Hybrid/CNG,899000,Hyundai_Elantra,Mid,12285.714285714286,11.362114203075018
Honda,City ZX,19,105000.0,Manual,second,Petrol,135000,Honda_City ZX,Old,5526.315789473684,11.561725152903833
Toyota,Corolla Altis,8,86000.0,Automatic,first,Hybrid/CNG,695000,Toyota_Corolla Altis,Mid,10750.0,11.362114203075018
Hyundai,i20,7,49600.0,Manual,second,Hybrid/CNG,565000,Hyundai_i20,Mid,7085.714285714285,10.811766273800105
Maruti Suzuki,Swift-Dzire,10,70123.0,Manual,first,Diesel,490000,Maruti Suzuki_Swift-Dzire,Mid,7012.3,11.158020382473765
Tata,Nexon,6,75000.0,Automatic,second,Diesel,585000,Tata_Nexon,Mid,12500.0,11.225256725762893
Maruti Suzuki,Swift,3,72782.0,Manual,first,Petrol,630000,Maruti Suzuki_Swift,Recent,24260.666666666668,11.195237690432041
Maruti Suzuki,Wagon-R,9,72000.0,Manual,second,Hybrid/CNG,265000,Maruti Suzuki_Wagon-R,Mid,8000.0,11.184435286790631
Honda,Amaze,3,57000.0,Manual,second,Petrol,585000,Honda_Amaze,Recent,19000.0,10.950824090522445
Hyundai,New Elantra,10,86000.0,Manual,second,Diesel,550000,Hyundai_New Elantra,Mid,8600.0,11.362114203075018
Maruti Suzuki,Wagon-R,5,56000.0,Manual,first,Hybrid/CNG,425000,Maruti Suzuki_Wagon-R,Recent,11200.0,10.933124826700707
Ford,Ecosport,3,35000.0,Automatic,first,Petrol,1025000,Ford_Ecosport,Recent,11666.666666666666,10.463131911491967
Volkswagen,Tiguan,7,105000.0,Automatic,first,Diesel,1900000,Volkswagen_Tiguan,Mid,15000.0,11.561725152903833
Toyota,Innova,11,250000.0,Manual,second,Diesel,9500000,Toyota_Innova,Old,22727.272727272728,12.429220196836383
Maruti Suzuki,Ertiga,5,94000.0,Manual,first,Hybrid/CNG,865000,Maruti Suzuki_Ertiga,Recent,18800.0,11.451060699493427
Mahindra,XUV700,3,52000.0,Manual,first,Petrol,1925000,Mahindra_XUV700,Recent,17333.333333333332,10.859018228147887
Maruti Suzuki,Celerio,10,66000.0,Manual,first,Petrol,288888,Maruti Suzuki_Celerio,Mid,6600.0,11.097425172408931
Maruti Suzuki,Estilo,15,99000.0,Manual,second,Hybrid/CNG,130000,Maruti Suzuki_Estilo,Old,6600.0,11.502885230075814
Hyundai,Creta,8,56000.0,Manual,first,Diesel,710000,Hyundai_Creta,Mid,7000.0,10.933124826700707
Volkswagen,VentoTest,9,74000.0,Automatic,first,Diesel,535000,Volkswagen_VentoTest,Mid,8222.222222222223,11.211833885608513
Hyundai,Grand i10,8,26000.0,Automatic,second,Petrol,400000,Hyundai_Grand i10,Mid,3250.0,10.165890277802454
Hyundai,Santro Xing,11,90000.0,Manual,second,Hybrid/CNG,185000,Hyundai_Santro Xing,Old,8181.818181818182,11.407576060361786
Maruti Suzuki,Alto-800,7,83000.0,Manual,first,Hybrid/CNG,330000,Maruti Suzuki_Alto-800,Mid,11857.142857142857,11.326607934898927
Maruti Suzuki,Celerio,9,90000.0,Automatic,first,Petrol,358000,Maruti Suzuki_Celerio,Mid,10000.0,11.407576060361786
Maruti Suzuki,Swift,2,40000.0,Manual,first,Hybrid/CNG,660000,Maruti Suzuki_Swift,New,20000.0,10.596659732783579
Lexus,ES,5,88000.0,Automatic,second,Hybrid/CNG,4650000,Lexus_ES,Recent,17600.0,11.385103457032141
Honda,Civic,14,143000.0,Automatic,second,Hybrid/CNG,399999,Honda_Civic,Old,10214.285714285714,11.870606902224587
Renault,KWID,8,61600.0,Automatic,second,Petrol,240000,Renault_KWID,Mid,7700.0,11.028433383156079
Mahindra,Marazzo,6,95000.0,Manual,second,Diesel,550000,Mahindra_Marazzo,Mid,15833.333333333334,11.461642696843066
Mercedes-Benz,C-Class,4,24000.0,Automatic,second,Diesel,4050000,Mercedes-Benz_C-Class,Recent,6000.0,10.085850775128717
Maruti Suzuki,Swift-Dzire,11,70000.0,Manual,first,Hybrid/CNG,425000,Maruti Suzuki_Swift-Dzire,Old,6363.636363636364,11.156264806643742
Volkswagen,Virtus,1,11021.0,Manual,first,Petrol,1220000,Volkswagen_Virtus,New,11021.0,9.307648554443182
Maruti Suzuki,Wagon-R,8,80000.0,Manual,second,Hybrid/CNG,225000,Maruti Suzuki_Wagon-R,Mid,10000.0,11.289794413577894
Toyota,Innova Hycross,1,8500.0,Automatic,first,Hybrid/CNG,3595000,Toyota_Innova Hycross,New,8500.0,9.04793908261736
Volkswagen,VentoTest,8,90000.0,Automatic,first,Diesel,750000,Volkswagen_VentoTest,Mid,11250.0,11.407576060361786
BMW,X3,12,79000.0,Automatic,second,Diesel,2050000,BMW_X3,Old,6583.333333333333,11.277215789596893
Hyundai,Grand i10,8,66610.0,Automatic,second,Hybrid/CNG,285000,Hyundai_Grand i10,Mid,8326.25,11.106625008055381
Maruti Suzuki,Swift,13,79000.0,Manual,second,Diesel,235000,Maruti Suzuki_Swift,Old,6076.923076923077,11.277215789596893
Maruti Suzuki,Sx4,13,117000.0,Manual,first,Diesel,250000,Maruti Suzuki_Sx4,Old,9000.0,11.669937760751914
Datsun,RediGO,6,60000.0,Manual,first,Petrol,300000,Datsun_RediGO,Mid,10000.0,11.002116507732017
Maruti Suzuki,Wagon-R,11,100000.0,Automatic,second,Hybrid/CNG,200000,Maruti Suzuki_Wagon-R,Old,9090.90909090909,11.51293546492023
Renault,Duster,6,71000.0,Manual,first,Diesel,840000,Renault_Duster,Mid,11833.333333333334,11.170449240431308
Honda,Jazz,9,95000.0,Automatic,first,Hybrid/CNG,450000,Honda_Jazz,Mid,10555.555555555555,11.461642696843066
Honda,Brio,10,21000.0,Automatic,first,Hybrid/CNG,242000,Honda_Brio,Mid,2100.0,9.952325334619427
Mahindra,XUV500,9,80000.0,Manual,first,Diesel,490000,Mahindra_XUV500,Mid,8888.888888888889,11.289794413577894
Hyundai,Eon,9,58124.0,Manual,second,Petrol,250000,Hyundai_Eon,Mid,6458.222222222223,10.970351142889658
Tata,Nexon,5,82000.0,Manual,second,Diesel,625000,Tata_Nexon,Recent,16400.0,11.314486721293981
Jaguar,XF,8,100000.0,Automatic,second,Diesel,1490000,Jaguar_XF,Mid,12500.0,11.51293546492023
Mahindra,Scorpio,1,16900.0,Manual,first,Diesel,1750000,Mahindra_Scorpio,New,16900.0,9.735128070758227
Maruti Suzuki,Swift-Dzire,1,45000.0,Automatic,first,Hybrid/CNG,725000,Maruti Suzuki_Swift-Dzire,New,45000.0,10.714439990727769
Mini,Cooper Convertible,11,23000.0,Automatic,second,Petrol,1975000,Mini_Cooper Convertible,Old,2090.909090909091,10.043292972227004
Hyundai,Alcazar,3,32000.0,Automatic,first,Petrol,900000,Hyundai_Alcazar,Recent,10666.666666666666,10.373522431293592
Maruti Suzuki,Wagon-R,4,82000.0,Automatic,first,Hybrid/CNG,560000,Maruti Suzuki_Wagon-R,Recent,20500.0,11.314486721293981
Volkswagen,VentoTest,8,67000.0,Manual,second,Petrol,451000,Volkswagen_VentoTest,Mid,8375.0,11.112462823634855
BMW,X3,2,37500.0,Automatic,first,Petrol,5300000,BMW_X3,New,18750.0,10.53212287826962
Toyota,Fortuner,9,40000.0,Automatic,second,Diesel,1375000,Toyota_Fortuner,Mid,4444.444444444444,10.596659732783579
Volvo,S60,12,84000.0,Automatic,first,Diesel,760000,Volvo_S60,Old,7000.0,11.338583982516495
Tata,Nano,7,34000.0,Automatic,second,Petrol,230000,Tata_Nano,Mid,4857.142857142857,10.434145214930487
Renault,Duster,11,89000.0,Manual,second,Diesel,525000,Renault_Duster,Old,8090.909090909091,11.39640288460621
Maruti Suzuki,800,19,28000.0,Manual,second,Petrol,58000,Maruti Suzuki_800,Old,1473.6842105263158,10.239995502805316
Maruti Suzuki,Ertiga,7,72000.0,Manual,second,Hybrid/CNG,750000,Maruti Suzuki_Ertiga,Mid,10285.714285714286,11.184435286790631
Maruti Suzuki,Eeco,10,58000.0,Manual,first,Hybrid/CNG,360000,Maruti Suzuki_Eeco,Mid,5800.0,10.968215530759236
Volkswagen,Polo,11,87500.0,Manual,second,Petrol,300000,Volkswagen_Polo,Old,7954.545454545455,11.37940550085183
Hyundai,Aura,4,70000.0,Manual,first,Hybrid/CNG,625000,Hyundai_Aura,Recent,17500.0,11.156264806643742
Maruti Suzuki,Swift-Dzire,6,100000.0,Manual,second,Diesel,575000,Maruti Suzuki_Swift-Dzire,Mid,16666.666666666668,11.51293546492023
Toyota,VELLFIRE,1,10000.0,Automatic,first,Petrol,11200000,Toyota_VELLFIRE,New,10000.0,9.210440366976517
Maruti Suzuki,Wagon-R-1-0,6,78000.0,Automatic,first,Hybrid/CNG,349999,Maruti Suzuki_Wagon-R-1-0,Mid,13000.0,11.264476926102367
Maruti Suzuki,Swift Dzire,10,25000.0,Manual,first,Diesel,591000,Maruti Suzuki_Swift Dzire,Mid,2500.0,10.12667110305036
Hyundai,Verna,10,137000.0,Manual,second,Diesel,560000,Hyundai_Verna,Mid,13700.0,11.827743504053695
Maruti Suzuki,Ertiga,7,72300.0,Manual,first,Hybrid/CNG,749000,Maruti Suzuki_Ertiga,Mid,10328.57142857143,11.18859323930985
Tata,Nexon,5,122087.0,Manual,first,Diesel,625000,Tata_Nexon,Recent,24417.4,11.712497375170711
Audi,Q3,8,40000.0,Automatic,second,Diesel,2590000,Audi_Q3,Mid,5000.0,10.596659732783579
Hyundai,i20 Active,8,65000.0,Manual,second,Petrol,400000,Hyundai_i20 Active,Mid,8125.0,11.082157933374816
Maruti Suzuki,Estilo,16,54000.0,Manual,first,Hybrid/CNG,98500,Maruti Suzuki_Estilo,Old,3375.0,10.896757843893464
Volkswagen,Vento,6,46000.0,Manual,second,Petrol,650000,Volkswagen_Vento,Mid,7666.666666666667,10.736418414365376
Hyundai,Santro,2,28000.0,Manual,first,Hybrid/CNG,590000,Hyundai_Santro,New,14000.0,10.239995502805316
Hyundai,Creta,9,82000.0,Automatic,second,Diesel,551000,Hyundai_Creta,Mid,9111.111111111111,11.314486721293981
Honda,BRV,8,129000.0,Manual,second,Diesel,595000,Honda_BRV,Mid,16125.0,11.767575435251748
Hyundai,Verna,8,80000.0,Automatic,second,Diesel,621000,Hyundai_Verna,Mid,10000.0,11.289794413577894
Maruti Suzuki,Celerio,8,49000.0,Automatic,first,Petrol,425000,Maruti Suzuki_Celerio,Mid,6125.0,10.799595985047786
Maruti Suzuki,Ertiga,1,41000.0,Manual,first,Hybrid/CNG,1135000,Maruti Suzuki_Ertiga,New,41000.0,10.62135173563291
Mahindra,Rexton,9,57000.0,Automatic,second,Diesel,799000,Mahindra_Rexton,Mid,6333.333333333333,10.950824090522445
Hyundai,i20,10,87000.0,Manual,second,Hybrid/CNG,230000,Hyundai_i20,Mid,8700.0,11.373674891823535
Maruti Suzuki,Baleno,7,80000.0,Automatic,second,Petrol,650000,Maruti Suzuki_Baleno,Mid,11428.57142857143,11.289794413577894
Honda,City ZX,17,85019.0,Manual,second,Hybrid/CNG,160000,Honda_City ZX,Old,5001.117647058823,11.350641801912781
Hyundai,Elite i20,5,59000.0,Manual,first,Petrol,599000,Hyundai_Elite i20,Recent,11800.0,10.985309671896763
Hyundai,Venue,1,69000.0,Manual,first,Diesel,975000,Hyundai_Venue,New,69000.0,11.141876276228
Maruti Suzuki,Celerio,8,55500.0,Automatic,first,Hybrid/CNG,321000,Maruti Suzuki_Celerio,Mid,6937.5,10.92415631759022
Mercedes-Benz,C-Class,12,75770.0,Automatic,second,Diesel,625000,Mercedes-Benz_C-Class,Old,6314.166666666667,11.235470912673883
Honda,City,6,38000.0,Automatic,second,Hybrid/CNG,715000,Honda_City,Mid,6333.333333333333,10.545367754151743
Chevrolet,Beat,14,60000.0,Manual,second,Petrol,105000,Chevrolet_Beat,Old,4285.714285714285,11.002116507732017
Hyundai,Aura,1,1234.0,Manual,first,Hybrid/CNG,190000,Hyundai_Aura,New,1234.0,7.118826249062078
Ford,Endeavour,4,122000.0,Automatic,first,Diesel,2799999,Ford_Endeavour,Recent,30500.0,11.711784520403112
Hyundai,i10,10,76000.0,Manual,first,Petrol,290000,Hyundai_i10,Mid,7600.0,11.23850177707664
Hyundai,i10,11,63000.0,Manual,first,Petrol,279000,Hyundai_i10,Old,5727.272727272727,11.050905878263567
Honda,Brio,10,59000.0,Manual,first,Petrol,375000,Honda_Brio,Mid,5900.0,10.985309671896763
Maruti Suzuki,Estilo,12,55000.0,Manual,second,Hybrid/CNG,211000,Maruti Suzuki_Estilo,Old,4583.333333333333,10.915106645867503
BMW,7 Series,7,26000.0,Automatic,second,Diesel,4450000,BMW_7 Series,Mid,3714.285714285714,10.165890277802454
Hyundai,i10,11,65891.0,Automatic,first,Petrol,320000,Hyundai_i10,Old,5990.090909090909,11.095772317066873
Hyundai,Eon,12,55000.0,Manual,second,Hybrid/CNG,220000,Hyundai_Eon,Old,4583.333333333333,10.915106645867503
Toyota,Innova Hycross,1,5100.0,Automatic,first,Hybrid/CNG,3599000,Toyota_Innova Hycross,New,5100.0,8.537191877922927
Hyundai,i20,11,120000.0,Automatic,second,Diesel,250000,Hyundai_i20,Old,10909.09090909091,11.695255355062795
Maruti Suzuki,Ciaz,6,72000.0,Manual,first,Diesel,875000,Maruti Suzuki_Ciaz,Mid,12000.0,11.184435286790631
Honda,Amaze,6,68000.0,Automatic,first,Hybrid/CNG,635000,Honda_Amaze,Mid,11333.333333333334,11.127277689932466
Datsun,Redi Go,5,112000.0,Manual,first,Petrol,285000,Datsun_Redi Go,Recent,22400.0,11.626263078808801
Hyundai,i10,13,90000.0,Manual,first,Hybrid/CNG,200000,Hyundai_i10,Old,6923.076923076923,11.407576060361786
Maruti Suzuki,Eeco,3,55110.0,Automatic,first,Hybrid/CNG,450000,Maruti Suzuki_Eeco,Recent,18370.0,10.91710461223978
Honda,Amaze,7,65000.0,Manual,second,Hybrid/CNG,399000,Honda_Amaze,Mid,9285.714285714286,11.082157933374816
Hyundai,Aura,2,65137.5,Automatic,first,Hybrid/CNG,780000,Hyundai_Aura,New,32568.75,11.084271051239332
Chevrolet,Spark,13,72000.0,Manual,second,Hybrid/CNG,75000,Chevrolet_Spark,Old,5538.461538461538,11.184435286790631
Maruti Suzuki,Wagon-R,3,53000.0,Automatic,first,Hybrid/CNG,510000,Maruti Suzuki_Wagon-R,Recent,17666.666666666668,10.87806606028079
Maruti Suzuki,Baleno,6,33000.0,Automatic,second,Petrol,599000,Maruti Suzuki_Baleno,Mid,5500.0,10.404293143019792
Maruti Suzuki,Celerio,9,34000.0,Automatic,second,Hybrid/CNG,325000,Maruti Suzuki_Celerio,Mid,3777.777777777778,10.434145214930487
Hyundai,Grand i10,8,65000.0,Manual,first,Hybrid/CNG,415000,Hyundai_Grand i10,Mid,8125.0,11.082157933374816
Mahindra,XUV500,7,61000.0,Automatic,first,Diesel,1085000,Mahindra_XUV500,Mid,8714.285714285714,11.0186455364637
Volkswagen,Ameo,7,83000.0,Automatic,first,Diesel,50000,Volkswagen_Ameo,Mid,11857.142857142857,11.326607934898927
Maruti Suzuki,Omni,8,80000.0,Automatic,second,Hybrid/CNG,155000,Maruti Suzuki_Omni,Mid,10000.0,11.289794413577894
Maruti Suzuki,Swift-Dzire,2,15419.0,Manual,first,Hybrid/CNG,845000,Maruti Suzuki_Swift-Dzire,New,7709.5,9.64342064711732
Hyundai,Grand i10,10,68538.0,Manual,first,Petrol,335000,Hyundai_Grand i10,Mid,6853.8,11.135158205301739
Mini,Cooper S,11,48000.0,Automatic,second,Petrol,1700000,Mini_Cooper S,Old,4363.636363636364,10.778977123006351
Honda,Civic,13,61000.0,Automatic,first,Hybrid/CNG,300000,Honda_Civic,Old,4692.307692307692,11.0186455364637
Tata,Safari Storme,11,125000.0,Manual,second,Diesel,425000,Tata_Safari Storme,Old,11363.636363636364,11.736077016252437
Mahindra,Thar,1,15000.0,Automatic,first,Petrol,1450000,Mahindra_Thar,New,15000.0,9.61587214452889
Maruti Suzuki,Ertiga,6,57200.0,Manual,first,Hybrid/CNG,799000,Maruti Suzuki_Ertiga,Mid,9533.333333333334,10.954326659732555
Toyota,Innova Crysta,3,75000.0,Automatic,first,Diesel,2600000,Toyota_Innova Crysta,Recent,25000.0,11.225256725762893
Mahindra,Xylo,6,50412.0,Manual,first,Diesel,740000,Mahindra_Xylo,Mid,8402.0,10.828004357307494
Maruti Suzuki,Swift-Dzire,23,25.0,Automatic,second,Diesel,110000,Maruti Suzuki_Swift-Dzire,Old,1.0869565217391304,3.258096538021482
Toyota,Etios,5,51234.0,Manual,first,Diesel,850000,Toyota_Etios,Recent,10246.8,10.844178171233818
Maruti Suzuki,Wagon R 1.0,8,75000.0,Manual,first,Hybrid/CNG,325000,Maruti Suzuki_Wagon R 1.0,Mid,9375.0,11.225256725762893
Volkswagen,Polo,11,120000.0,Manual,first,Diesel,410000,Volkswagen_Polo,Old,10909.09090909091,11.695255355062795
Maruti Suzuki,Ciaz,9,54000.0,Manual,first,Diesel,365000,Maruti Suzuki_Ciaz,Mid,6000.0,10.896757843893464
Lexus,RX,6,130000.0,Automatic,first,Hybrid/CNG,5100000,Lexus_RX,Mid,21666.666666666668,11.775297421715827
Hyundai,Creta,5,59980.0,Automatic,first,Petrol,1140000,Hyundai_Creta,Recent,11996.0,11.001783124388094
BMW,X1,12,73000.0,Automatic,second,Diesel,725000,BMW_X1,Old,6083.333333333333,11.19822841866684
Mercedes-Benz,C-Class,14,40000.0,Automatic,second,Petrol,599999,Mercedes-Benz_C-Class,Old,2857.1428571428573,10.596659732783579
Mercedes-Benz,GLS,7,70000.0,Automatic,first,Petrol,5300000,Mercedes-Benz_GLS,Mid,10000.0,11.156264806643742
Volkswagen,Polo,2,29800.0,Automatic,second,Petrol,975000,Volkswagen_Polo,New,14900.0,10.30229722897745
Maruti Suzuki,Brezza,1,65137.5,Automatic,first,Hybrid/CNG,150000,Maruti Suzuki_Brezza,New,65137.5,11.084271051239332
Tata,Nexon,5,52000.0,Automatic,first,Hybrid/CNG,515000,Tata_Nexon,Recent,10400.0,10.859018228147887
Toyota,Innova Hycross,1,25000.0,Automatic,first,Hybrid/CNG,3460000,Toyota_Innova Hycross,New,25000.0,10.12667110305036
Maruti Suzuki,Alto-800,4,150000.0,Automatic,first,Hybrid/CNG,260000,Maruti Suzuki_Alto-800,Recent,37500.0,11.918397239722838
Hyundai,i20,13,60000.0,Manual,second,Petrol,173000,Hyundai_i20,Old,4615.384615384615,11.002116507732017
Hyundai,i20,6,69000.0,Manual,first,Diesel,725000,Hyundai_i20,Mid,11500.0,11.141876276228
Mahindra,Marazzo,6,90000.0,Manual,second,Diesel,550000,Mahindra_Marazzo,Mid,15000.0,11.407576060361786
Hyundai,Santro Xing,16,60000.0,Manual,second,Petrol,210000,Hyundai_Santro Xing,Old,3750.0,11.002116507732017
Hyundai,i20 Active,9,84329.0,Manual,second,Diesel,665000,Hyundai_i20 Active,Mid,9369.888888888889,11.342492952568687
Maruti Suzuki,Wagon-R,2,59000.0,Manual,first,Hybrid/CNG,598000,Maruti Suzuki_Wagon-R,New,29500.0,10.985309671896763
Mercedes-Benz,CLA,7,38000.0,Automatic,first,Diesel,1800000,Mercedes-Benz_CLA,Mid,5428.571428571428,10.545367754151743
Mercedes-Benz,E-Class,9,70000.0,Automatic,second,Diesel,2275000,Mercedes-Benz_E-Class,Mid,7777.777777777777,11.156264806643742
Mercedes-Benz,A Class,10,35000.0,Automatic,second,Diesel,799000,Mercedes-Benz_A Class,Mid,3500.0,10.463131911491967
Maruti Suzuki,Wagon-R-1-0,10,72000.0,Automatic,second,Hybrid/CNG,260000,Maruti Suzuki_Wagon-R-1-0,Mid,7200.0,11.184435286790631
Maruti Suzuki,Ertiga,8,92200.0,Manual,second,Hybrid/CNG,745000,Maruti Suzuki_Ertiga,Mid,11525.0,11.431726255472853
BMW,5 Series,10,68000.0,Automatic,second,Diesel,1550000,BMW_5 Series,Mid,6800.0,11.127277689932466
Ford,Figo,8,70000.0,Manual,second,Hybrid/CNG,350000,Ford_Figo,Mid,8750.0,11.156264806643742
Toyota,Innova Crysta,3,35000.0,Automatic,second,Diesel,3100000,Toyota_Innova Crysta,Recent,11666.666666666666,10.463131911491967
Honda,City,9,65000.0,Automatic,second,Hybrid/CNG,479000,Honda_City,Mid,7222.222222222223,11.082157933374816
Honda,Amaze,5,50000.0,Manual,first,Hybrid/CNG,535000,Honda_Amaze,Recent,10000.0,10.819798284210286
Hyundai,Grand i10 Nios,4,61000.0,Manual,first,Hybrid/CNG,599000,Hyundai_Grand i10 Nios,Recent,15250.0,11.0186455364637
Hyundai,Verna,5,47000.0,Automatic,second,Hybrid/CNG,795000,Hyundai_Verna,Recent,9400.0,10.757924157061597
Mahindra,Thar,0,150.0,Automatic,first,Hybrid/CNG,234567,Mahindra_Thar,New,150.0,5.017279836814924
Ford,Endeavour,6,90000.0,Automatic,first,Diesel,1900000,Ford_Endeavour,Mid,15000.0,11.407576060361786
Land Rover,Range Rover Sport,6,85000.0,Automatic,first,Diesel,5800000,Land Rover_Range Rover Sport,Mid,14166.666666666666,11.350418300109132
Toyota,Etios,11,87000.0,Manual,first,Petrol,325000,Toyota_Etios,Old,7909.090909090909,11.373674891823535
Toyota,Innova,11,132000.0,Manual,second,Diesel,694999,Toyota_Innova,Old,12000.0,11.790564777297387
Skoda,Laura,14,157851.0,Automatic,first,Diesel,385000,Skoda_Laura,Old,11275.07142857143,11.969413164162443
Ford,Ecosport,7,30000.0,Automatic,second,Petrol,740000,Ford_Ecosport,Mid,4285.714285714285,10.308985993422082
Maruti Suzuki,Swift-Dzire,11,245000.0,Manual,second,Diesel,240000,Maruti Suzuki_Swift-Dzire,Old,22272.727272727272,12.409017571151187
Maruti Suzuki,Celerio,8,57250.0,Manual,first,Hybrid/CNG,368000,Maruti Suzuki_Celerio,Mid,7156.25,10.955200388512845
Renault,KWID,6,35000.0,Automatic,first,Petrol,380000,Renault_KWID,Mid,5833.333333333333,10.463131911491967
Maruti Suzuki,Eeco,5,33000.0,Manual,first,Hybrid/CNG,485000,Maruti Suzuki_Eeco,Recent,6600.0,10.404293143019792
Maruti Suzuki,Ertiga,4,80000.0,Manual,first,Hybrid/CNG,979999,Maruti Suzuki_Ertiga,Recent,20000.0,11.289794413577894
Hyundai,Grand i10,10,46052.0,Automatic,second,Petrol,365000,Hyundai_Grand i10,Mid,4605.2,10.73754818614131
Maruti Suzuki,Ertiga,2,29000.0,Automatic,first,Hybrid/CNG,1050000,Maruti Suzuki_Ertiga,New,14500.0,10.275085591132715
Nissan,Micra,8,46000.0,Automatic,first,Petrol,465000,Nissan_Micra,Mid,5750.0,10.736418414365376
Maruti Suzuki,Wagon-R,15,75000.0,Manual,second,Petrol,95000,Maruti Suzuki_Wagon-R,Old,5000.0,11.225256725762893
Maruti Suzuki,Swift,7,108000.0,Manual,second,Diesel,525000,Maruti Suzuki_Swift,Mid,15428.57142857143,11.58989576532275
Maruti Suzuki,Ertiga,11,75667.0,Manual,first,Hybrid/CNG,360000,Maruti Suzuki_Ertiga,Old,6878.818181818182,11.234110628785555
Mahindra,Scorpio-N,2,20545.0,Manual,second,Diesel,2150000,Mahindra_Scorpio-N,New,10272.5,9.93042155377621
BMW,3 Series GT,7,112000.0,Automatic,second,Diesel,2200000,BMW_3 Series GT,Mid,16000.0,11.626263078808801
Hyundai,Grand i10,5,55000.0,Automatic,first,Hybrid/CNG,500000,Hyundai_Grand i10,Recent,11000.0,10.915106645867503
Hyundai,Grand i10 Nios,1,13863.0,Manual,first,Hybrid/CNG,697000,Hyundai_Grand i10 Nios,New,13863.0,9.537050831395442
Honda,City,7,68000.0,Automatic,first,Hybrid/CNG,745000,Honda_City,Mid,9714.285714285714,11.127277689932466
Honda,City,7,35000.0,Manual,second,Petrol,695000,Honda_City,Mid,5000.0,10.463131911491967
Maruti Suzuki,Swift,0,2000.0,Automatic,first,Hybrid/CNG,900000,Maruti Suzuki_Swift,New,2000.0,7.601402334583733
Renault,KWID,6,28000.0,Manual,first,Petrol,295000,Renault_KWID,Mid,4666.666666666667,10.239995502805316
Maruti Suzuki,Swift,4,82000.0,Automatic,first,Hybrid/CNG,551000,Maruti Suzuki_Swift,Recent,20500.0,11.314486721293981
Honda,City,6,58000.0,Automatic,second,Petrol,750000,Honda_City,Mid,9666.666666666666,10.968215530759236
Volkswagen,VentoTest,8,24000.0,Automatic,first,Petrol,525000,Volkswagen_VentoTest,Mid,3000.0,10.085850775128717
Tata,Tiago,6,43220.0,Automatic,first,Petrol,480000,Tata_Tiago,Mid,7203.333333333333,10.674081767229582
Hyundai,Grand i10,8,59817.0,Manual,first,Hybrid/CNG,325000,Hyundai_Grand i10,Mid,7477.125,10.999061897990787
Hyundai,i20,7,56000.0,Manual,second,Petrol,510000,Hyundai_i20,Mid,8000.0,10.933124826700707
Maruti Suzuki,Ertiga,7,52000.0,Manual,second,Hybrid/CNG,690000,Maruti Suzuki_Ertiga,Mid,7428.571428571428,10.859018228147887
Hyundai,New Santro,5,55000.0,Manual,first,Hybrid/CNG,490000,Hyundai_New Santro,Recent,11000.0,10.915106645867503
Tata,Hexa,7,76250.0,Automatic,second,Diesel,675000,Tata_Hexa,Mid,10892.857142857143,11.24178580913776
Hyundai,i10,11,68000.0,Manual,first,Hybrid/CNG,245000,Hyundai_i10,Old,6181.818181818182,11.127277689932466
Toyota,Corolla Altis,9,100000.0,Automatic,first,Hybrid/CNG,625000,Toyota_Corolla Altis,Mid,11111.111111111111,11.51293546492023
Maruti Suzuki,Omni,14,2000.0,Automatic,second,Hybrid/CNG,120000,Maruti Suzuki_Omni,Old,142.85714285714286,7.601402334583733
Maruti Suzuki,Swift-Dzire,8,139546.0,Manual,second,Diesel,350000,Maruti Suzuki_Swift-Dzire,Mid,17443.25,11.846156741062304
Volvo,S90,7,92000.0,Automatic,second,Diesel,2450000,Volvo_S90,Mid,13142.857142857143,11.429554725537322
Mercedes-Benz,C-Class,1,16600.0,Automatic,first,Diesel,5500000,Mercedes-Benz_C-Class,New,16600.0,9.717218213494077
Mahindra,Thar,3,60000.0,Manual,first,Diesel,1350000,Mahindra_Thar,Recent,20000.0,11.002116507732017
Honda,City,12,71000.0,Manual,second,Petrol,365000,Honda_City,Old,5916.666666666667,11.170449240431308
Ford,Endeavour,4,88000.0,Automatic,second,Diesel,2599000,Ford_Endeavour,Recent,22000.0,11.385103457032141
Honda,Amaze,9,69000.0,Manual,second,Hybrid/CNG,340000,Honda_Amaze,Mid,7666.666666666667,11.141876276228
Tata,Sumo,28,110000.0,Manual,second,Diesel,150000,Tata_Sumo,Old,3928.5714285714284,11.608244735642321
Hyundai,i10,11,51500.0,Automatic,first,Petrol,244999,Hyundai_i10,Old,4681.818181818182,10.849356503939038
Maruti Suzuki,Swift,16,100000.0,Manual,second,Petrol,190000,Maruti Suzuki_Swift,Old,6250.0,11.51293546492023
Datsun,GO,10,225000.0,Manual,second,Petrol,225000,Datsun_GO,Mid,22500.0,12.323860125621126
Maruti Suzuki,Wagon-R-1-0,10,81616.0,Manual,second,Hybrid/CNG,274710,Maruti Suzuki_Wagon-R-1-0,Mid,8161.6,11.309792852587156
Maruti Suzuki,S-Cross,6,69000.0,Manual,first,Diesel,815000,Maruti Suzuki_S-Cross,Mid,11500.0,11.141876276228
Hyundai,i20,14,64000.0,Manual,second,Hybrid/CNG,139000,Hyundai_i20,Old,4571.428571428572,11.06665398721974
Honda,Brio,9,50000.0,Automatic,first,Petrol,460000,Honda_Brio,Mid,5555.555555555556,10.819798284210286
Honda,City,9,73000.0,Automatic,second,Hybrid/CNG,549000,Honda_City,Mid,8111.111111111111,11.19822841866684
Renault,Duster,10,110000.0,Manual,second,Diesel,465000,Renault_Duster,Mid,11000.0,11.608244735642321
Hyundai,Creta,4,120488.0,Manual,first,Petrol,865000,Hyundai_Creta,Recent,30122.0,11.699313741438944
Maruti Suzuki,Ertiga,3,73300.0,Manual,first,Hybrid/CNG,1030000,Maruti Suzuki_Ertiga,Recent,24433.333333333332,11.202329530346486
Maruti Suzuki,Ignis,5,29770.0,Automatic,second,Petrol,525000,Maruti Suzuki_Ignis,Recent,5954.0,10.301290044308947
Maruti Suzuki,Eeco,2,130000.0,Automatic,first,Hybrid/CNG,115000,Maruti Suzuki_Eeco,New,65000.0,11.775297421715827
Honda,City,10,65000.0,Automatic,second,Petrol,520000,Honda_City,Mid,6500.0,11.082157933374816
Honda,Amaze,3,58000.0,Automatic,first,Petrol,680000,Honda_Amaze,Recent,19333.333333333332,10.968215530759236
BMW,X1,11,92048.0,Automatic,first,Diesel,1100000,BMW_X1,Old,8368.0,11.43007632294116
Honda,BRV,7,24000.0,Automatic,second,Petrol,745000,Honda_BRV,Mid,3428.5714285714284,10.085850775128717
Hyundai,i20,8,79000.0,Manual,second,Diesel,425000,Hyundai_i20,Mid,9875.0,11.277215789596893
Maruti Suzuki,Swift-Dzire,9,103000.0,Manual,second,Diesel,560000,Maruti Suzuki_Swift-Dzire,Mid,11444.444444444445,11.542493975902508
Maruti Suzuki,Vitara-Brezza,3,25000.0,Manual,first,Petrol,760000,Maruti Suzuki_Vitara-Brezza,Recent,8333.333333333334,10.12667110305036
Volkswagen,Virtus,1,20000.0,Automatic,second,Petrol,1650000,Volkswagen_Virtus,New,20000.0,9.90353755128617
BMW,3 Series GT,10,89000.0,Automatic,first,Diesel,1200000,BMW_3 Series GT,Mid,8900.0,11.39640288460621
Hyundai,Elantra,10,82000.0,Automatic,second,Hybrid/CNG,490000,Hyundai_Elantra,Mid,8200.0,11.314486721293981
Hyundai,Xcent,8,80000.0,Automatic,second,Petrol,365000,Hyundai_Xcent,Mid,10000.0,11.289794413577894
Maruti Suzuki,Ertiga,9,83500.0,Manual,first,Hybrid/CNG,725000,Maruti Suzuki_Ertiga,Mid,9277.777777777777,11.332613886815139
Maruti Suzuki,Celerio,4,62000.0,Manual,first,Petrol,525000,Maruti Suzuki_Celerio,Recent,15500.0,11.034905792929415
Skoda,Rapid,9,82000.0,Automatic,first,Diesel,460000,Skoda_Rapid,Mid,9111.111111111111,11.314486721293981
Hyundai,Verna,7,68000.0,Manual,second,Diesel,750000,Hyundai_Verna,Mid,9714.285714285714,11.127277689932466
Hyundai,Accent,13,95000.0,Manual,second,Hybrid/CNG,115000,Hyundai_Accent,Old,7307.692307692308,11.461642696843066
Jaguar,XE,4,65000.0,Automatic,second,Petrol,3300000,Jaguar_XE,Recent,16250.0,11.082157933374816
Mahindra,Quanto,11,50308.0,Manual,first,Diesel,295000,Mahindra_Quanto,Old,4573.454545454545,10.825939266523756
Honda,Amaze,5,57791.0,Manual,first,Diesel,730000,Honda_Amaze,Recent,11558.2,10.964605636776657
Honda,WRV,6,58960.0,Manual,first,Diesel,750000,Honda_WRV,Mid,9826.666666666666,10.984631487370677
Jeep,Compass,7,74500.0,Manual,first,Diesel,850000,Jeep_Compass,Mid,10642.857142857143,11.218567827096358
Volkswagen,Polo,3,43000.0,Automatic,second,Petrol,1170000,Volkswagen_Polo,Recent,14333.333333333334,10.668978650219241
Maruti Suzuki,Eeco,5,62000.0,Manual,first,Hybrid/CNG,576000,Maruti Suzuki_Eeco,Recent,12400.0,11.034905792929415
Maruti Suzuki,Alto,13,96000.0,Manual,second,Petrol,135000,Maruti Suzuki_Alto,Old,7384.615384615385,11.472113887062386
Hyundai,New Santro,5,71000.0,Manual,first,Hybrid/CNG,390000,Hyundai_New Santro,Recent,14200.0,11.170449240431308
Maruti Suzuki,Eeco,1,11293.0,Manual,first,Petrol,575000,Maruti Suzuki_Eeco,New,11293.0,9.332026890232783
Hyundai,i10,13,40000.0,Automatic,second,Petrol,250000,Hyundai_i10,Old,3076.923076923077,10.596659732783579
Toyota,Fortuner,10,127000.0,Manual,second,Diesel,1630000,Toyota_Fortuner,Mid,12700.0,11.751950239425476
Volvo,S60,12,45500.0,Automatic,second,Diesel,1500000,Volvo_S60,Old,3791.6666666666665,10.725489582719506
Mahindra,XUV500,8,118000.0,Manual,first,Diesel,725000,Mahindra_XUV500,Mid,14750.0,11.678448377988165
Mercedes-Benz,E-Class,13,75000.0,Automatic,second,Diesel,1490000,Mercedes-Benz_E-Class,Old,5769.2307692307695,11.225256725762893
Honda,Jazz,7,63000.0,Automatic,first,Petrol,645000,Honda_Jazz,Mid,9000.0,11.050905878263567
Hyundai,Creta Facelift,3,39000.0,Manual,first,Diesel,1199000,Hyundai_Creta Facelift,Recent,13000.0,10.571342565808699
Maruti Suzuki,Celerio,7,65000.0,Manual,second,Petrol,375000,Maruti Suzuki_Celerio,Mid,9285.714285714286,11.082157933374816
Mahindra,XUV500,12,115000.0,Manual,second,Diesel,425000,Mahindra_XUV500,Old,9583.333333333334,11.652696102959753
Toyota,Etios,6,165256.0,Manual,second,Diesel,565000,Toyota_Etios,Mid,27542.666666666668,12.015257116877285
Hyundai,Creta,3,27531.0,Manual,first,Petrol,1295000,Hyundai_Creta,Recent,9177.0,10.223104243518256
Maruti Suzuki,Swift-Dzire,2,105000.0,Manual,first,Hybrid/CNG,825000,Maruti Suzuki_Swift-Dzire,New,52500.0,11.561725152903833
Toyota,Fortuner,7,115000.0,Automatic,first,Diesel,2795000,Toyota_Fortuner,Mid,16428.571428571428,11.652696102959753
Hyundai,Grand i10,9,68000.0,Manual,second,Hybrid/CNG,375000,Hyundai_Grand i10,Mid,7555.555555555556,11.127277689932466
Maruti Suzuki,Ciaz,9,61000.0,Automatic,second,Hybrid/CNG,530000,Maruti Suzuki_Ciaz,Mid,6777.777777777777,11.0186455364637
Honda,Amaze,5,37100.0,Automatic,second,Hybrid/CNG,620000,Honda_Amaze,Recent,7420.0,10.521399202410167
Maruti Suzuki,Ignis,5,31000.0,Manual,first,Petrol,500000,Maruti Suzuki_Ignis,Recent,6200.0,10.34177474101152
Maruti Suzuki,Wagon-R,21,85000.0,Manual,second,Hybrid/CNG,95000,Maruti Suzuki_Wagon-R,Old,4047.6190476190477,11.350418300109132
Toyota,Corolla Altis,9,100000.0,Manual,second,Diesel,650000,Toyota_Corolla Altis,Mid,11111.111111111111,11.51293546492023
Mitsubishi,Outlander,14,80000.0,Automatic,second,Petrol,325000,Mitsubishi_Outlander,Old,5714.285714285715,11.289794413577894
Hyundai,Santro Xing,15,90000.0,Manual,second,Petrol,165000,Hyundai_Santro Xing,Old,6000.0,11.407576060361786
Mahindra,Thar,3,65000.0,Automatic,second,Diesel,1315000,Mahindra_Thar,Recent,21666.666666666668,11.082157933374816
Lexus,NX,5,79000.0,Automatic,first,Hybrid/CNG,5600000,Lexus_NX,Recent,15800.0,11.277215789596893
Maruti Suzuki,Ertiga,7,68558.0,Manual,first,Hybrid/CNG,675000,Maruti Suzuki_Ertiga,Mid,9794.0,11.135449967400994
Datsun,GO,4,54000.0,Manual,second,Hybrid/CNG,199999,Datsun_GO,Recent,13500.0,10.896757843893464
Maruti Suzuki,Eeco,6,98130.0,Automatic,second,Hybrid/CNG,390000,Maruti Suzuki_Eeco,Mid,16355.0,11.494058599712154
Maruti Suzuki,Alto-800,18,85000.0,Manual,second,Petrol,85000,Maruti Suzuki_Alto-800,Old,4722.222222222223,11.350418300109132
Maruti Suzuki,Alto-800,11,35000.0,Manual,second,Petrol,230000,Maruti Suzuki_Alto-800,Old,3181.818181818182,10.463131911491967
Hyundai,Eon,10,54000.0,Manual,second,Petrol,195000,Hyundai_Eon,Mid,5400.0,10.896757843893464
Maruti Suzuki,Stingray,10,65000.0,Automatic,second,Hybrid/CNG,330000,Maruti Suzuki_Stingray,Mid,6500.0,11.082157933374816
Tata,Safari,2,46000.0,Automatic,first,Diesel,1660000,Tata_Safari,New,23000.0,10.736418414365376
Mercedes-Benz,GLS,3,25000.0,Automatic,second,Diesel,10750000,Mercedes-Benz_GLS,Recent,8333.333333333334,10.12667110305036
Mercedes-Benz,S-Class,10,190000.0,Automatic,second,Diesel,2425000,Mercedes-Benz_S-Class,Mid,19000.0,12.154784614286667
Toyota,Innova Crysta,6,250000.0,Automatic,first,Diesel,1799999,Toyota_Innova Crysta,Mid,41666.666666666664,12.429220196836383
Maruti Suzuki,Swift,14,90000.0,Manual,second,Hybrid/CNG,160000,Maruti Suzuki_Swift,Old,6428.571428571428,11.407576060361786
Toyota,Innova,13,236000.0,Manual,second,Diesel,995000,Toyota_Innova,Old,18153.846153846152,12.371591321286905
Toyota,Camry,9,53350.0,Automatic,second,Petrol,1190000,Toyota_Camry,Mid,5927.777777777777,10.884648000696686
Maruti Suzuki,Swift,7,69053.0,Manual,second,Petrol,600000,Maruti Suzuki_Swift,Mid,9864.714285714286,11.142644086196546
Tata,Bolt,8,140990.0,Automatic,second,Diesel,350000,Tata_Bolt,Mid,17623.75,11.856451337535864
Hyundai,Creta,4,67000.0,Manual,first,Diesel,825000,Hyundai_Creta,Recent,16750.0,11.112462823634855
Tata,Tiago,4,5589.0,Automatic,first,Petrol,725000,Tata_Tiago,Recent,1397.25,8.628734566149145
Volkswagen,Jetta,12,85000.0,Automatic,first,Diesel,500000,Volkswagen_Jetta,Old,7083.333333333333,11.350418300109132
Audi,Q7,6,40000.0,Automatic,first,Diesel,5000000,Audi_Q7,Mid,6666.666666666667,10.596659732783579
Ford,Fiesta,12,83000.0,Automatic,second,Petrol,239000,Ford_Fiesta,Old,6916.666666666667,11.326607934898927
Maruti Suzuki,Omni,10,150000.0,Automatic,first,Hybrid/CNG,130000,Maruti Suzuki_Omni,Mid,15000.0,11.918397239722838
Toyota,Innova,14,225000.0,Manual,first,Diesel,450000,Toyota_Innova,Old,16071.42857142857,12.323860125621126
Nissan,Sunny,12,68000.0,Manual,second,Petrol,225000,Nissan_Sunny,Old,5666.666666666667,11.127277689932466
Kia,Sonet,4,79000.0,Automatic,first,Diesel,1080000,Kia_Sonet,Recent,19750.0,11.277215789596893
Volvo,S90,4,36000.0,Automatic,first,Diesel,4200000,Volvo_S90,Recent,9000.0,10.491301994830229
Hyundai,Xcent,10,89084.0,Manual,first,Petrol,249000,Hyundai_Xcent,Mid,8908.4,11.39734624911807
Land Rover,Range Rover Evoque,8,38000.0,Automatic,first,Diesel,2650000,Land Rover_Range Rover Evoque,Mid,4750.0,10.545367754151743
Hyundai,Grand i10,8,90000.0,Manual,first,Hybrid/CNG,395000,Hyundai_Grand i10,Mid,11250.0,11.407576060361786
Hyundai,Alcazar,3,35000.0,Automatic,first,Diesel,1850000,Hyundai_Alcazar,Recent,11666.666666666666,10.463131911491967
Honda,Amaze,9,75000.0,Manual,second,Diesel,375000,Honda_Amaze,Mid,8333.333333333334,11.225256725762893
Mahindra,XUV 300,4,48155.0,Manual,first,Diesel,880000,Mahindra_XUV 300,Recent,12038.75,10.782201020054917
Maruti Suzuki,Ignis,6,44500.0,Automatic,second,Petrol,490000,Maruti Suzuki_Ignis,Mid,7416.666666666667,10.703266939811954
Hyundai,Xcent Prime,8,20.0,Manual,first,Hybrid/CNG,150000,Hyundai_Xcent Prime,Mid,2.5,3.044522437723423
Ford,Figo,7,121600.0,Manual,second,Diesel,319000,Ford_Figo,Mid,17371.428571428572,11.7085004721646
Hyundai,i10,13,82000.0,Manual,second,Hybrid/CNG,135000,Hyundai_i10,Old,6307.692307692308,11.314486721293981
Audi,Q7,8,99000.0,Automatic,first,Diesel,3050000,Audi_Q7,Mid,12375.0,11.502885230075814
Mahindra,XUV500,7,119000.0,Manual,second,Diesel,900000,Mahindra_XUV500,Mid,17000.0,11.686887175419702
Hyundai,Aura,0,1234.0,Manual,first,Hybrid/CNG,190000,Hyundai_Aura,New,1234.0,7.118826249062078
Toyota,Innova Hycross,1,30000.0,Automatic,second,Petrol,2750000,Toyota_Innova Hycross,New,30000.0,10.308985993422082
Maruti Suzuki,Ritz,12,125000.0,Manual,first,Diesel,275000,Maruti Suzuki_Ritz,Old,10416.666666666666,11.736077016252437
Toyota,Corolla Altis,9,68000.0,Automatic,second,Hybrid/CNG,699000,Toyota_Corolla Altis,Mid,7555.555555555556,11.127277689932466
Toyota,Corolla Altis,8,67000.0,Automatic,second,Petrol,790000,Toyota_Corolla Altis,Mid,8375.0,11.112462823634855
Honda,Brio,9,55000.0,Automatic,second,Hybrid/CNG,300000,Honda_Brio,Mid,6111.111111111111,10.915106645867503
Mercedes-Benz,E-Class,10,51000.0,Automatic,second,Diesel,1599000,Mercedes-Benz_E-Class,Mid,5100.0,10.839600519357369
Volkswagen,Vento,11,67000.0,Manual,second,Diesel,425000,Volkswagen_Vento,Old,6090.909090909091,11.112462823634855
Maruti Suzuki,Eeco,2,85000.0,Manual,first,Hybrid/CNG,625000,Maruti Suzuki_Eeco,New,42500.0,11.350418300109132
Honda,Amaze,2,26500.0,Automatic,first,Hybrid/CNG,825000,Honda_Amaze,New,13250.0,10.184937747111391
Skoda,Rapid,12,137000.0,Automatic,second,Hybrid/CNG,340000,Skoda_Rapid,Old,11416.666666666666,11.827743504053695
Maruti Suzuki,Swift,14,42583.0,Manual,second,Diesel,300000,Maruti Suzuki_Swift,Old,3041.6428571428573,10.659233874852593
Honda,Civic,14,85000.0,Automatic,second,Hybrid/CNG,200000,Honda_Civic,Old,6071.428571428572,11.350418300109132
Renault,Duster,5,71000.0,Automatic,first,Diesel,599000,Renault_Duster,Recent,14200.0,11.170449240431308
Maruti Suzuki,Alto,14,141000.0,Automatic,second,Petrol,79999,Maruti Suzuki_Alto,Old,10071.42857142857,11.856522261533737
Maruti Suzuki,Ertiga,2,90000.0,Automatic,first,Hybrid/CNG,900000,Maruti Suzuki_Ertiga,New,45000.0,11.407576060361786
Maruti Suzuki,Swift,8,78000.0,Manual,second,Diesel,535000,Maruti Suzuki_Swift,Mid,9750.0,11.264476926102367
Tata,Tiago,2,17200.0,Manual,first,Petrol,520000,Tata_Tiago,New,8600.0,9.75272280064639
Maruti Suzuki,Celerio,7,78000.0,Automatic,first,Petrol,425000,Maruti Suzuki_Celerio,Mid,11142.857142857143,11.264476926102367
Maruti Suzuki,Swift,18,66711.0,Manual,second,Petrol,145000,Maruti Suzuki_Swift,Old,3706.1666666666665,11.108140125766822
Hyundai,Santro Xing,13,73000.0,Manual,second,Hybrid/CNG,110000,Hyundai_Santro Xing,Old,5615.384615384615,11.19822841866684
Nissan,Teana,14,69500.0,Automatic,second,Petrol,649000,Nissan_Teana,Old,4964.285714285715,11.149096419938578
Honda,Amaze,6,62000.0,Manual,second,Petrol,665000,Honda_Amaze,Mid,10333.333333333334,11.034905792929415
Volkswagen,Polo,8,65000.0,Automatic,second,Diesel,380000,Volkswagen_Polo,Mid,8125.0,11.082157933374816
Volkswagen,Vento,7,63000.0,Manual,second,Diesel,770000,Volkswagen_Vento,Mid,9000.0,11.050905878263567
Land Rover,Discovery Sport,7,78000.0,Automatic,second,Diesel,2250000,Land Rover_Discovery Sport,Mid,11142.857142857143,11.264476926102367
Maruti Suzuki,Wagon-R,7,170000.0,Automatic,first,Hybrid/CNG,240000,Maruti Suzuki_Wagon-R,Mid,24285.714285714286,12.04355959836804
Volkswagen,CrossPolo,10,104000.0,Manual,second,Diesel,449000,Volkswagen_CrossPolo,Mid,10400.0,11.552155793461898
Maruti Suzuki,Alto-800,8,86000.0,Manual,first,Hybrid/CNG,311000,Maruti Suzuki_Alto-800,Mid,10750.0,11.362114203075018
Skoda,Superb,6,65000.0,Automatic,first,Petrol,1550000,Skoda_Superb,Mid,10833.333333333334,11.082157933374816
Maruti Suzuki,Wagon R,2,9000.0,Automatic,first,Petrol,650000,Maruti Suzuki_Wagon R,New,4500.0,9.105090961257085
Ford,Endeavour,8,100000.0,Automatic,second,Diesel,2750000,Ford_Endeavour,Mid,12500.0,11.51293546492023
Toyota,Innova Hycross,1,13000.0,Automatic,first,Hybrid/CNG,3600000,Toyota_Innova Hycross,New,13000.0,9.472781556562168
Toyota,Fortuner,4,40700.0,Automatic,first,Diesel,3975000,Toyota_Fortuner,Recent,10175.0,10.614007941153417
Volkswagen,VentoTest,10,72900.0,Automatic,second,Diesel,511000,Volkswagen_VentoTest,Mid,7290.0,11.196857635323791
Maruti Suzuki,Wagon-R-1-0,10,75000.0,Automatic,second,Hybrid/CNG,195000,Maruti Suzuki_Wagon-R-1-0,Mid,7500.0,11.225256725762893
Hyundai,Accent,12,78000.0,Manual,second,Hybrid/CNG,195000,Hyundai_Accent,Old,6500.0,11.264476926102367
Audi,A6,9,75000.0,Automatic,second,Diesel,814999,Audi_A6,Mid,8333.333333333334,11.225256725762893
Maruti Suzuki,Wagon R,3,42000.0,Manual,first,Hybrid/CNG,635000,Maruti Suzuki_Wagon R,Recent,14000.0,10.645448706505872
Maruti Suzuki,Eeco,9,73000.0,Automatic,first,Hybrid/CNG,250000,Maruti Suzuki_Eeco,Mid,8111.111111111111,11.19822841866684
Renault,KWID,7,49600.0,Manual,second,Petrol,299900,Renault_KWID,Mid,7085.714285714285,10.811766273800105
Ford,Figo,10,36000.0,Automatic,first,Diesel,300000,Ford_Figo,Mid,3600.0,10.491301994830229
Maruti Suzuki,Baleno,5,47000.0,Manual,first,Petrol,520000,Maruti Suzuki_Baleno,Recent,9400.0,10.757924157061597
Toyota,Innova Crysta,6,115000.0,Manual,first,Diesel,1970000,Toyota_Innova Crysta,Mid,19166.666666666668,11.652696102959753
Maruti Suzuki,Celerio,8,65000.0,Automatic,second,Hybrid/CNG,365000,Maruti Suzuki_Celerio,Mid,8125.0,11.082157933374816
Hyundai,Verna,14,150000.0,Manual,second,Petrol,275000,Hyundai_Verna,Old,10714.285714285714,11.918397239722838
Hyundai,Venue,4,67000.0,Manual,first,Hybrid/CNG,725000,Hyundai_Venue,Recent,16750.0,11.112462823634855
Renault,KWID,6,48000.0,Automatic,second,Hybrid/CNG,295000,Renault_KWID,Mid,8000.0,10.778977123006351
Mahindra,XUV500,4,85000.0,Manual,first,Diesel,1025000,Mahindra_XUV500,Recent,21250.0,11.350418300109132
Mahindra,XUV700,0,13000.0,Automatic,first,Diesel,1985000,Mahindra_XUV700,New,13000.0,9.472781556562168
Maruti Suzuki,Wagon-R,7,58000.0,Automatic,first,Hybrid/CNG,345000,Maruti Suzuki_Wagon-R,Mid,8285.714285714286,10.968215530759236
Maruti Suzuki,Eeco,5,80000.0,Automatic,first,Hybrid/CNG,535000,Maruti Suzuki_Eeco,Recent,16000.0,11.289794413577894
Mahindra,XUV500,9,85000.0,Manual,first,Diesel,745000,Mahindra_XUV500,Mid,9444.444444444445,11.350418300109132
Volkswagen,Taigun,0,1933.0,Automatic,first,Petrol,1965000,Volkswagen_Taigun,New,1933.0,7.56734567601324
Hyundai,Eon,11,65000.0,Manual,second,Petrol,225000,Hyundai_Eon,Old,5909.090909090909,11.082157933374816
Audi,A6,8,63000.0,Automatic,second,Diesel,1799999,Audi_A6,Mid,7875.0,11.050905878263567
Mercedes-Benz,GLA Class,9,53000.0,Automatic,second,Diesel,1695000,Mercedes-Benz_GLA Class,Mid,5888.888888888889,10.87806606028079
Honda,City Hybrid eHEV,2,9000.0,Automatic,first,Hybrid/CNG,1750000,Honda_City Hybrid eHEV,New,4500.0,9.105090961257085
Mahindra,XUV500,6,43900.0,Manual,first,Diesel,1290000,Mahindra_XUV500,Mid,7316.666666666667,10.689692377847104
Hyundai,Grand i10,10,78000.0,Automatic,first,Petrol,425000,Hyundai_Grand i10,Mid,7800.0,11.264476926102367
Honda,Amaze,7,250000.0,Automatic,first,Hybrid/CNG,190000,Honda_Amaze,Mid,35714.28571428572,12.429220196836383
Jeep,Compass,7,71000.0,Manual,first,Diesel,1099000,Jeep_Compass,Mid,10142.857142857143,11.170449240431308
Maruti Suzuki,Wagon-R-1-0,6,76000.0,Automatic,second,Hybrid/CNG,330000,Maruti Suzuki_Wagon-R-1-0,Mid,12666.666666666666,11.23850177707664
MG,Hector Plus,4,81600.0,Automatic,second,Petrol,1021000,MG_Hector Plus,Recent,20400.0,11.309596795779068
Ford,Endeavour,6,64999.0,Automatic,first,Diesel,2899999,Ford_Endeavour,Mid,10833.166666666666,11.082142548877775
Mahindra,Scorpio Classic,17,175000.0,Manual,second,Diesel,240000,Mahindra_Scorpio Classic,Old,10294.117647058823,12.07254696717504
Maruti Suzuki,Wagon-R,11,89000.0,Manual,first,Hybrid/CNG,290000,Maruti Suzuki_Wagon-R,Old,8090.909090909091,11.39640288460621
Audi,Q3,7,65000.0,Automatic,first,Diesel,1689000,Audi_Q3,Mid,9285.714285714286,11.082157933374816
Maruti Suzuki,Wagon-R,7,78200.0,Automatic,first,Hybrid/CNG,290000,Maruti Suzuki_Wagon-R,Mid,11171.42857142857,11.267037714175425
Maruti Suzuki,Baleno,6,29500.0,Automatic,first,Petrol,695000,Maruti Suzuki_Baleno,Mid,4916.666666666667,10.292179440058462
Maruti Suzuki,maruti-suzuki-brezza,1,20000.0,Manual,first,Hybrid/CNG,1270000,Maruti Suzuki_maruti-suzuki-brezza,New,20000.0,9.90353755128617
Honda,City ZX,17,85000.0,Manual,second,Petrol,170000,Honda_City ZX,Old,5000.0,11.350418300109132
Tata,Indica Vista,12,100000.0,Automatic,second,Diesel,160000,Tata_Indica Vista,Old,8333.333333333334,11.51293546492023
Maruti Suzuki,Ignis,6,40000.0,Automatic,first,Hybrid/CNG,500000,Maruti Suzuki_Ignis,Mid,6666.666666666667,10.596659732783579
Tata,Nexon,5,50000.0,Automatic,first,Hybrid/CNG,625000,Tata_Nexon,Recent,10000.0,10.819798284210286
Ford,Ecosport,8,44000.0,Automatic,second,Hybrid/CNG,455000,Ford_Ecosport,Mid,5500.0,10.691967639914864
Hyundai,Aura,0,10000.0,Automatic,first,Hybrid/CNG,240000,Hyundai_Aura,New,10000.0,9.210440366976517
Maruti Suzuki,Celerio,4,42000.0,Manual,second,Petrol,480000,Maruti Suzuki_Celerio,Recent,10500.0,10.645448706505872
Toyota,Etios,11,65137.5,Automatic,second,Petrol,320000,Toyota_Etios,Old,5921.590909090909,11.084271051239332
Hyundai,Xcent Prime,10,60000.0,Manual,second,Petrol,280000,Hyundai_Xcent Prime,Mid,6000.0,11.002116507732017
Honda,Accord,11,85000.0,Automatic,second,Hybrid/CNG,475000,Honda_Accord,Old,7727.272727272727,11.350418300109132
Maruti Suzuki,Ertiga,4,40000.0,Automatic,second,Hybrid/CNG,1000000,Maruti Suzuki_Ertiga,Recent,10000.0,10.596659732783579
Maruti Suzuki,Grand Vitara,2,28850.0,Manual,first,Petrol,1630000,Maruti Suzuki_Grand Vitara,New,14425.0,10.269899933380591
Hyundai,Venue,5,82000.0,Manual,second,Diesel,795000,Hyundai_Venue,Recent,16400.0,11.314486721293981
Audi,Q3,8,45000.0,Automatic,first,Diesel,2150000,Audi_Q3,Mid,5625.0,10.714439990727769
Land Rover,Discovery Sport,4,53500.0,Automatic,second,Diesel,4975000,Land Rover_Discovery Sport,Recent,13375.0,10.887455624298198
Mahindra,XUV500,7,45000.0,Automatic,first,Diesel,1125000,Mahindra_XUV500,Mid,6428.571428571428,10.714439990727769
Tata,Indica,13,105000.0,Manual,second,Diesel,135000,Tata_Indica,Old,8076.923076923077,11.561725152903833
Land Rover,Range Rover Sport,4,30000.0,Automatic,first,Petrol,14500000,Land Rover_Range Rover Sport,Recent,7500.0,10.308985993422082
Toyota,Camry,7,80000.0,Automatic,second,Hybrid/CNG,1399000,Toyota_Camry,Mid,11428.57142857143,11.289794413577894
Hyundai,Eon,9,80000.0,Manual,first,Hybrid/CNG,249000,Hyundai_Eon,Mid,8888.888888888889,11.289794413577894
Hyundai,Xcent,10,90000.0,Manual,second,Diesel,410000,Hyundai_Xcent,Mid,9000.0,11.407576060361786
Honda,City ZX,9,109000.0,Manual,second,Hybrid/CNG,475000,Honda_City ZX,Mid,12111.111111111111,11.599112335481124
Hyundai,Creta,2,71000.0,Manual,first,Diesel,1545000,Hyundai_Creta,New,35500.0,11.170449240431308
Maruti Suzuki,Ertiga,4,24.0,Automatic,first,Hybrid/CNG,1020000,Maruti Suzuki_Ertiga,Recent,6.0,3.2188758248682006
Maruti Suzuki,Wagon-R,8,43000.0,Manual,second,Hybrid/CNG,350000,Maruti Suzuki_Wagon-R,Mid,5375.0,10.668978650219241
Maruti Suzuki,Ertiga,4,96000.0,Manual,first,Hybrid/CNG,1035000,Maruti Suzuki_Ertiga,Recent,24000.0,11.472113887062386
Maruti Suzuki,Baleno,6,66000.0,Automatic,second,Hybrid/CNG,545000,Maruti Suzuki_Baleno,Mid,11000.0,11.097425172408931
Hyundai,Fluidic Verna,13,98500.0,Manual,second,Diesel,319000,Hyundai_Fluidic Verna,Old,7576.923076923077,11.49782197939291
Ford,Fiesta,15,86861.0,Manual,second,Hybrid/CNG,148000,Ford_Fiesta,Old,5790.733333333334,11.3720759313821
Maruti Suzuki,Swift-Dzire,5,116500.0,Automatic,first,Hybrid/CNG,460000,Maruti Suzuki_Swift-Dzire,Recent,23300.0,11.665655135642039
Skoda,Rapid,10,59779.0,Automatic,second,Petrol,425000,Skoda_Rapid,Mid,5977.9,10.99842643583793
MG,Hector,3,43000.0,Automatic,first,Petrol,1595000,MG_Hector,Recent,14333.333333333334,10.668978650219241
Kia,Sonet,3,50000.0,Automatic,first,Diesel,1360000,Kia_Sonet,Recent,16666.666666666668,10.819798284210286
Toyota,Fortuner,10,89000.0,Automatic,first,Diesel,1300000,Toyota_Fortuner,Mid,8900.0,11.39640288460621
Toyota,Innova,11,114918.0,Manual,first,Diesel,775000,Toyota_Innova,Old,10447.09090909091,11.651982811349832
Mahindra,Scorpio,9,83455.0,Manual,second,Diesel,890000,Mahindra_Scorpio,Mid,9272.777777777777,11.33207482584627
Maruti Suzuki,Grand Vitara,6,110000.0,Manual,first,Diesel,925000,Maruti Suzuki_Grand Vitara,Mid,18333.333333333332,11.608244735642321
Opel,Corsa,22,45000.0,Manual,second,Petrol,190000,Opel_Corsa,Old,2045.4545454545455,10.714439990727769
Maruti Suzuki,Omni,10,200000.0,Automatic,first,Hybrid/CNG,110000,Maruti Suzuki_Omni,Mid,20000.0,12.206077645517674
Maruti Suzuki,Zen-Estilo,18,130000.0,Manual,second,Petrol,90000,Maruti Suzuki_Zen-Estilo,Old,7222.222222222223,11.775297421715827
Audi,A3,5,59000.0,Automatic,second,Diesel,2200000,Audi_A3,Recent,11800.0,10.985309671896763
Maruti Suzuki,Eeco,7,100000.0,Automatic,second,Hybrid/CNG,340000,Maruti Suzuki_Eeco,Mid,14285.714285714286,11.51293546492023
Mahindra,Bolero,7,129000.0,Manual,first,Diesel,720000,Mahindra_Bolero,Mid,18428.571428571428,11.767575435251748
Maruti Suzuki,Ciaz,9,88000.0,Manual,second,Petrol,575000,Maruti Suzuki_Ciaz,Mid,9777.777777777777,11.385103457032141
Maruti Suzuki,Wagon R 1.0,5,52000.0,Manual,first,Hybrid/CNG,490000,Maruti Suzuki_Wagon R 1.0,Recent,10400.0,10.859018228147887
Hyundai,Creta,6,91000.0,Manual,first,Diesel,1080000,Hyundai_Creta,Mid,15166.666666666666,11.418625774449598
Honda,Jazz,8,62091.0,Automatic,second,Petrol,599000,Honda_Jazz,Mid,7761.375,11.036372435146333
Maruti Suzuki,New-gen Swift,5,78000.0,Automatic,first,Petrol,490000,Maruti Suzuki_New-gen Swift,Recent,15600.0,11.264476926102367
Hyundai,Grand i10,13,135000.0,Automatic,first,Hybrid/CNG,150000,Hyundai_Grand i10,Old,10384.615384615385,11.813037464800539
Ford,Endeavour,6,62000.0,Automatic,first,Diesel,3450000,Ford_Endeavour,Mid,10333.333333333334,11.034905792929415
Maruti Suzuki,Vitara-Brezza,8,84000.0,Manual,first,Diesel,625001,Maruti Suzuki_Vitara-Brezza,Mid,10500.0,11.338583982516495
Hyundai,Venue,5,128122.0,Manual,first,Diesel,750000,Hyundai_Venue,Recent,25624.4,11.760746018996878
Nissan,Micra,8,54000.0,Automatic,second,Petrol,490000,Nissan_Micra,Mid,6750.0,10.896757843893464
Maruti Suzuki,Wagon-R,10,84920.0,Automatic,second,Hybrid/CNG,260000,Maruti Suzuki_Wagon-R,Mid,8492.0,11.349476691536836
Kia,Seltos,3,40000.0,Automatic,first,Petrol,1550000,Kia_Seltos,Recent,13333.333333333334,10.596659732783579
Maruti Suzuki,Wagon-R,14,75000.0,Manual,first,Hybrid/CNG,190000,Maruti Suzuki_Wagon-R,Old,5357.142857142857,11.225256725762893
Toyota,Land Cruiser,5,40000.0,Automatic,first,Diesel,16500000,Toyota_Land Cruiser,Recent,8000.0,10.596659732783579
Maruti Suzuki,Swift-Dzire,11,65137.5,Manual,second,Diesel,245000,Maruti Suzuki_Swift-Dzire,Old,5921.590909090909,11.084271051239332
Audi,Q3,10,110000.0,Automatic,second,Diesel,1650000,Audi_Q3,Mid,11000.0,11.608244735642321
Maruti Suzuki,Celerio,7,80000.0,Manual,first,Hybrid/CNG,390000,Maruti Suzuki_Celerio,Mid,11428.57142857143,11.289794413577894
Maruti Suzuki,Omni,15,65000.0,Manual,second,Hybrid/CNG,60000,Maruti Suzuki_Omni,Old,4333.333333333333,11.082157933374816
Mahindra,XUV500,7,94054.0,Automatic,first,Diesel,1131000,Mahindra_XUV500,Mid,13436.285714285714,11.45163499652712
Hyundai,i10,13,100000.0,Manual,second,Petrol,230000,Hyundai_i10,Old,7692.307692307692,11.51293546492023
Volkswagen,Polo,10,82000.0,Manual,second,Petrol,300000,Volkswagen_Polo,Mid,8200.0,11.314486721293981
Honda,Amaze,5,61000.0,Manual,second,Hybrid/CNG,530000,Honda_Amaze,Recent,12200.0,11.0186455364637
Kia,Seltos,4,44197.0,Automatic,first,Diesel,1645000,Kia_Seltos,Recent,11049.25,10.69643481817325
Honda,Amaze,10,84999.0,Manual,second,Hybrid/CNG,278000,Honda_Amaze,Mid,8499.9,11.350406535472453
Maruti Suzuki,Swift,1,39000.0,Manual,first,Hybrid/CNG,675000,Maruti Suzuki_Swift,New,39000.0,10.571342565808699
Honda,City,12,60000.0,Automatic,second,Hybrid/CNG,321999,Honda_City,Old,5000.0,11.002116507732017
Hyundai,i10,15,80000.0,Manual,first,Hybrid/CNG,165000,Hyundai_i10,Old,5333.333333333333,11.289794413577894
Mahindra,Bolero,4,53000.0,Manual,first,Diesel,700000,Mahindra_Bolero,Recent,13250.0,10.87806606028079
Mahindra,XUV500,6,61000.0,Manual,first,Diesel,945000,Mahindra_XUV500,Mid,10166.666666666666,11.0186455364637
Mini,Cooper S,5,17000.0,Automatic,second,Petrol,4599999,Mini_Cooper S,Recent,3400.0,9.741027444837728
Maruti Suzuki,S-Presso,4,54000.0,Manual,first,Petrol,430000,Maruti Suzuki_S-Presso,Recent,13500.0,10.896757843893464
Tata,Indica,16,24000.0,Manual,first,Petrol,130000,Tata_Indica,Old,1500.0,10.085850775128717
Honda,Jazz,8,62000.0,Automatic,second,Petrol,400000,Honda_Jazz,Mid,7750.0,11.034905792929415
Ford,Fiesta,14,93000.0,Manual,second,Diesel,175000,Ford_Fiesta,Old,6642.857142857143,11.440365524765756
Hyundai,Xcent,6,51000.0,Manual,first,Hybrid/CNG,476000,Hyundai_Xcent,Mid,8500.0,10.839600519357369
Maruti Suzuki,Swift,5,57000.0,Automatic,first,Petrol,595000,Maruti Suzuki_Swift,Recent,11400.0,10.950824090522445
Maruti Suzuki,Wagon-R-1-0,5,75000.0,Manual,first,Hybrid/CNG,515000,Maruti Suzuki_Wagon-R-1-0,Recent,15000.0,11.225256725762893
Mercedes-Benz,E-Class,6,75000.0,Automatic,first,Diesel,2995000,Mercedes-Benz_E-Class,Mid,12500.0,11.225256725762893
Hyundai,New Santro,3,48000.0,Manual,first,Hybrid/CNG,550000,Hyundai_New Santro,Recent,16000.0,10.778977123006351
Mahindra,Thar,2,26000.0,Automatic,first,Diesel,1790000,Mahindra_Thar,New,13000.0,10.165890277802454
Maruti Suzuki,Swift,8,65000.0,Manual,first,Hybrid/CNG,399000,Maruti Suzuki_Swift,Mid,8125.0,11.082157933374816
Maruti Suzuki,Vitara-Brezza,6,32000.0,Manual,first,Diesel,675000,Maruti Suzuki_Vitara-Brezza,Mid,5333.333333333333,10.373522431293592
MG,Hector,3,9000.0,Automatic,first,Petrol,1721000,MG_Hector,Recent,3000.0,9.105090961257085
Mercedes-Benz,S-Class,23,95000.0,Automatic,second,Petrol,399000,Mercedes-Benz_S-Class,Old,4130.434782608696,11.461642696843066
Hyundai,i10,13,67000.0,Manual,first,Petrol,210000,Hyundai_i10,Old,5153.846153846154,11.112462823634855
Toyota,Innova,14,187000.0,Manual,second,Diesel,540000,Toyota_Innova,Old,13357.142857142857,12.138869243416009
Audi,A8 L,9,59000.0,Automatic,first,Diesel,2350000,Audi_A8 L,Mid,6555.555555555556,10.985309671896763
Maruti Suzuki,Wagon-R,8,100000.0,Automatic,second,Hybrid/CNG,240000,Maruti Suzuki_Wagon-R,Mid,12500.0,11.51293546492023
Toyota,Innova,11,250000.0,Manual,second,Diesel,799999,Toyota_Innova,Old,22727.272727272728,12.429220196836383
Maruti Suzuki,Swift-Dzire,10,71500.0,Manual,second,Diesel,499000,Maruti Suzuki_Swift-Dzire,Mid,7150.0,11.177466714598282
Ford,Free Style,5,51000.0,Manual,first,Diesel,395000,Ford_Free Style,Recent,10200.0,10.839600519357369
Tata,Tigor,7,48000.0,Manual,first,Hybrid/CNG,445000,Tata_Tigor,Mid,6857.142857142857,10.778977123006351
Honda,Jazz,6,85000.0,Automatic,first,Hybrid/CNG,575000,Honda_Jazz,Mid,14166.666666666666,11.350418300109132
Renault,KWID,7,30000.0,Automatic,second,Petrol,375000,Renault_KWID,Mid,4285.714285714285,10.308985993422082
Maruti Suzuki,Grand Vitara,1,14000.0,Automatic,first,Hybrid/CNG,2225000,Maruti Suzuki_Grand Vitara,New,14000.0,9.546884034617925
Maruti Suzuki,XL6,0,11000.0,Automatic,first,Hybrid/CNG,1324999,Maruti Suzuki_XL6,New,11000.0,9.305741456739435
Audi,A6,9,93000.0,Automatic,first,Diesel,1090000,Audi_A6,Mid,10333.333333333334,11.440365524765756
Hyundai,Grand i10 Nios,5,59284.0,Automatic,second,Petrol,533000,Hyundai_Grand i10 Nios,Recent,11856.8,10.99011160189217
Maruti Suzuki,Wagon-R-Stingray,7,55000.0,Manual,first,Hybrid/CNG,350000,Maruti Suzuki_Wagon-R-Stingray,Mid,7857.142857142857,10.915106645867503
Skoda,Superb,7,85000.0,Automatic,first,Petrol,1675000,Skoda_Superb,Mid,12142.857142857143,11.350418300109132
Hyundai,i10,14,62000.0,Automatic,second,Hybrid/CNG,255000,Hyundai_i10,Old,4428.571428571428,11.034905792929415
Hyundai,Creta,3,56000.0,Manual,second,Diesel,1590000,Hyundai_Creta,Recent,18666.666666666668,10.933124826700707
Renault,KWID,6,70000.0,Automatic,second,Petrol,325000,Renault_KWID,Mid,11666.666666666666,11.156264806643742
Honda,Jazz,8,36000.0,Automatic,second,Petrol,625000,Honda_Jazz,Mid,4500.0,10.491301994830229
Honda,City,9,68000.0,Automatic,second,Hybrid/CNG,575000,Honda_City,Mid,7555.555555555556,11.127277689932466
Hyundai,Venue,2,45000.0,Manual,first,Petrol,760000,Hyundai_Venue,New,22500.0,10.714439990727769
Audi,Q3,11,175000.0,Automatic,first,Diesel,1375000,Audi_Q3,Old,15909.09090909091,12.07254696717504
Maruti Suzuki,Swift-Dzire,7,115000.0,Manual,second,Hybrid/CNG,330000,Maruti Suzuki_Swift-Dzire,Mid,16428.571428571428,11.652696102959753
Skoda,Slavia,2,48000.0,Manual,first,Petrol,1350000,Skoda_Slavia,New,24000.0,10.778977123006351
Hyundai,i20,2,45000.0,Manual,first,Petrol,725000,Hyundai_i20,New,22500.0,10.714439990727769
Toyota,Corolla Altis,10,190000.0,Manual,first,Diesel,945000,Toyota_Corolla Altis,Mid,19000.0,12.154784614286667
Toyota,Urban Cruiser Hyryder,2,28000.0,Automatic,first,Hybrid/CNG,2095000,Toyota_Urban Cruiser Hyryder,New,14000.0,10.239995502805316
Maruti Suzuki,Eeco,10,79000.0,Manual,second,Hybrid/CNG,285000,Maruti Suzuki_Eeco,Mid,7900.0,11.277215789596893
Toyota,Innova Crysta,5,27000.0,Automatic,first,Petrol,1899000,Toyota_Innova Crysta,Recent,5400.0,10.203629181337648
Tata,Harrier,2,14000.0,Automatic,first,Diesel,1780000,Tata_Harrier,New,7000.0,9.546884034617925
Maruti Suzuki,Ignis,2,39000.0,Automatic,first,Petrol,675000,Maruti Suzuki_Ignis,New,19500.0,10.571342565808699
Toyota,Corolla Altis,14,85000.0,Manual,second,Hybrid/CNG,235000,Toyota_Corolla Altis,Old,6071.428571428572,11.350418300109132
Maruti Suzuki,Swift-Dzire,14,85000.0,Manual,second,Petrol,175000,Maruti Suzuki_Swift-Dzire,Old,6071.428571428572,11.350418300109132
Tata,Zest,9,140000.0,Manual,second,Diesel,250000,Tata_Zest,Mid,15555.555555555555,11.849404844423074
Renault,Scala,12,50000.0,Manual,second,Hybrid/CNG,229000,Renault_Scala,Old,4166.666666666667,10.819798284210286
Hyundai,Grand i10 Nios,3,88000.0,Manual,first,Hybrid/CNG,575000,Hyundai_Grand i10 Nios,Recent,29333.333333333332,11.385103457032141
BMW,X1,7,57000.0,Automatic,second,Diesel,1799999,BMW_X1,Mid,8142.857142857143,10.950824090522445
Tata,Hexa,4,85000.0,Manual,first,Diesel,625000,Tata_Hexa,Recent,21250.0,11.350418300109132
Honda,City ZX,14,90000.0,Automatic,second,Hybrid/CNG,270000,Honda_City ZX,Old,6428.571428571428,11.407576060361786
Toyota,Innova,10,96760.0,Manual,second,Diesel,975000,Toyota_Innova,Mid,9676.0,11.47999929951967
Maruti Suzuki,Wagon-R,11,64000.0,Manual,first,Hybrid/CNG,190000,Maruti Suzuki_Wagon-R,Old,5818.181818181818,11.06665398721974
Tata,Tiago,7,52000.0,Automatic,second,Petrol,400000,Tata_Tiago,Mid,7428.571428571428,10.859018228147887
Toyota,Innova Crysta,6,151000.0,Automatic,first,Diesel,1650000,Toyota_Innova Crysta,Mid,25166.666666666668,11.92504173829169
Maruti Suzuki,Swift,6,68364.0,Manual,first,Petrol,685000,Maruti Suzuki_Swift,Mid,11394.0,11.132616276743182
Maruti Suzuki,Eeco,3,75000.0,Manual,first,Hybrid/CNG,515000,Maruti Suzuki_Eeco,Recent,25000.0,11.225256725762893
Kia,Sonet,2,27000.0,Manual,first,Diesel,1175000,Kia_Sonet,New,13500.0,10.203629181337648
Maruti Suzuki,Wagon-R,6,80000.0,Automatic,second,Hybrid/CNG,351000,Maruti Suzuki_Wagon-R,Mid,13333.333333333334,11.289794413577894
Hyundai,Creta,3,32000.0,Manual,first,Diesel,975000,Hyundai_Creta,Recent,10666.666666666666,10.373522431293592
Hyundai,Santro Xing,15,86000.0,Manual,second,Hybrid/CNG,125000,Hyundai_Santro Xing,Old,5733.333333333333,11.362114203075018
Maruti Suzuki,Wagon-R,9,62000.0,Manual,second,Hybrid/CNG,125000,Maruti Suzuki_Wagon-R,Mid,6888.888888888889,11.034905792929415
Hyundai,Xcent,10,72000.0,Automatic,second,Hybrid/CNG,445000,Hyundai_Xcent,Mid,7200.0,11.184435286790631
Maruti Suzuki,Baleno,8,31000.0,Automatic,second,Petrol,4999000,Maruti Suzuki_Baleno,Mid,3875.0,10.34177474101152
Ford,Ecosport,11,119000.0,Manual,second,Diesel,450000,Ford_Ecosport,Old,10818.181818181818,11.686887175419702
Toyota,Fortuner,12,168554.0,Manual,second,Diesel,985000,Toyota_Fortuner,Old,14046.166666666666,12.035017385010113
Maruti Suzuki,Swift-Dzire,15,98000.0,Manual,second,Diesel,245000,Maruti Suzuki_Swift-Dzire,Old,6533.333333333333,11.49273296168228
Mercedes-Benz,GLA,8,50000.0,Automatic,second,Petrol,1585000,Mercedes-Benz_GLA,Mid,6250.0,10.819798284210286
Maruti Suzuki,800,15,97000.0,Automatic,second,Diesel,120000,Maruti Suzuki_800,Old,6466.666666666667,11.48247656671073
Maruti Suzuki,Baleno,8,60837.0,Manual,first,Petrol,467000,Maruti Suzuki_Baleno,Mid,7604.625,11.015969872723101
Maruti Suzuki,Celerio,10,60000.0,Automatic,first,Petrol,290000,Maruti Suzuki_Celerio,Mid,6000.0,11.002116507732017
Honda,WRV,7,41000.0,Manual,first,Diesel,775000,Honda_WRV,Mid,5857.142857142857,10.62135173563291
Tata,Nano,10,74000.0,Manual,first,Hybrid/CNG,140000,Tata_Nano,Mid,7400.0,11.211833885608513
Maruti Suzuki,Ertiga,6,76000.0,Manual,second,Hybrid/CNG,695000,Maruti Suzuki_Ertiga,Mid,12666.666666666666,11.23850177707664
Land Rover,Range Rover,5,110000.0,Automatic,second,Diesel,14000000,Land Rover_Range Rover,Recent,22000.0,11.608244735642321
Toyota,Innova,11,130000.0,Manual,first,Diesel,700000,Toyota_Innova,Old,11818.181818181818,11.775297421715827
Maruti Suzuki,Sx4,14,123000.0,Manual,second,Petrol,210000,Maruti Suzuki_Sx4,Old,8785.714285714286,11.719947764402807
Hyundai,Verna,4,49500.0,Automatic,first,Petrol,1099000,Hyundai_Verna,Recent,12375.0,10.809748150372926
Renault,Triber,3,58000.0,Automatic,second,Petrol,475000,Renault_Triber,Recent,19333.333333333332,10.968215530759236
Hyundai,EON,9,3586.0,Manual,first,Petrol,160000,Hyundai_EON,Mid,398.44444444444446,8.185071477532283
Mahindra,Marazzo,5,40000.0,Automatic,first,Diesel,850000,Mahindra_Marazzo,Recent,8000.0,10.596659732783579
Ford,Endeavour,8,99000.0,Automatic,second,Diesel,1650000,Ford_Endeavour,Mid,12375.0,11.502885230075814
Nissan,Sunny,13,52000.0,Manual,first,Petrol,199000,Nissan_Sunny,Old,4000.0,10.859018228147887
Toyota,Fortuner,6,90000.0,Automatic,second,Diesel,3485000,Toyota_Fortuner,Mid,15000.0,11.407576060361786
Maruti Suzuki,Wagon-R-1-0,3,28000.0,Manual,first,Hybrid/CNG,485000,Maruti Suzuki_Wagon-R-1-0,Recent,9333.333333333334,10.239995502805316
Ford,Endeavour,3,45000.0,Automatic,first,Diesel,3583000,Ford_Endeavour,Recent,15000.0,10.714439990727769
Fiat,Linea,14,112000.0,Manual,second,Diesel,290000,Fiat_Linea,Old,8000.0,11.626263078808801
Hyundai,i20,13,64000.0,Manual,second,Hybrid/CNG,255000,Hyundai_i20,Old,4923.076923076923,11.06665398721974
Volkswagen,Tiguan,6,74656.0,Automatic,first,Diesel,1850000,Volkswagen_Tiguan,Mid,12442.666666666666,11.220659569502129
Hyundai,Creta,8,75000.0,Manual,second,Diesel,985000,Hyundai_Creta,Mid,9375.0,11.225256725762893
Maruti Suzuki,Swift-Dzire,8,61000.0,Manual,second,Diesel,565000,Maruti Suzuki_Swift-Dzire,Mid,7625.0,11.0186455364637
Maruti Suzuki,Alto-800,7,72000.0,Manual,second,Petrol,260000,Maruti Suzuki_Alto-800,Mid,10285.714285714286,11.184435286790631
Maruti Suzuki,Gypsy,10,120000.0,Manual,second,Petrol,420000,Maruti Suzuki_Gypsy,Mid,12000.0,11.695255355062795
Maruti Suzuki,Wagon-R,4,73500.0,Manual,first,Hybrid/CNG,550000,Maruti Suzuki_Wagon-R,Recent,18375.0,11.205054290550551
Toyota,Etios,9,203000.0,Manual,second,Diesel,450000,Toyota_Etios,Mid,22555.555555555555,12.220966184120165
Maruti Suzuki,Alto-800,2,140000.0,Automatic,first,Hybrid/CNG,400000,Maruti Suzuki_Alto-800,New,70000.0,11.849404844423074
Toyota,Corolla Altis,15,84000.0,Manual,second,Hybrid/CNG,145000,Toyota_Corolla Altis,Old,5600.0,11.338583982516495
Hyundai,Venue,2,39000.0,Manual,second,Petrol,955000,Hyundai_Venue,New,19500.0,10.571342565808699
Hyundai,Creta,8,78000.0,Manual,second,Diesel,825000,Hyundai_Creta,Mid,9750.0,11.264476926102367
Maruti Suzuki,Ertiga,3,64000.0,Automatic,first,Hybrid/CNG,950000,Maruti Suzuki_Ertiga,Recent,21333.333333333332,11.06665398721974
Hyundai,Verna,6,48000.0,Automatic,second,Petrol,899999,Hyundai_Verna,Mid,8000.0,10.778977123006351
Maruti Suzuki,Wagon-R,4,40000.0,Manual,second,Hybrid/CNG,525000,Maruti Suzuki_Wagon-R,Recent,10000.0,10.596659732783579
Audi,A6,8,63000.0,Automatic,second,Petrol,1735000,Audi_A6,Mid,7875.0,11.050905878263567
Hyundai,Aura,1,40000.0,Manual,first,Hybrid/CNG,730000,Hyundai_Aura,New,40000.0,10.596659732783579
Honda,City,15,73000.0,Automatic,second,Hybrid/CNG,290000,Honda_City,Old,4866.666666666667,11.19822841866684
Toyota,Innova,10,50999.0,Manual,second,Diesel,1350000,Toyota_Innova,Mid,5099.9,10.839580911706463
Maruti Suzuki,Baleno,7,66500.0,Manual,first,Petrol,665000,Maruti Suzuki_Baleno,Mid,9500.0,11.104972264124868
Hyundai,Verna,6,63000.0,Manual,first,Diesel,870000,Hyundai_Verna,Mid,10500.0,11.050905878263567
BMW,5 Series,2,17000.0,Automatic,first,Diesel,6250000,BMW_5 Series,New,8500.0,9.741027444837728
Maruti Suzuki,Baleno,4,17500.0,Automatic,first,Petrol,595000,Maruti Suzuki_Baleno,Recent,4375.0,9.770013301136158
Hyundai,Santro Xing,15,102000.0,Manual,second,Hybrid/CNG,159000,Hyundai_Santro Xing,Old,6800.0,11.532737896139919
Mercedes-Benz,C-Class,8,53000.0,Automatic,first,Diesel,3800000,Mercedes-Benz_C-Class,Mid,6625.0,10.87806606028079
Hyundai,i20,8,37200.0,Manual,second,Petrol,590000,Hyundai_i20,Mid,4650.0,10.524090921620362
Maruti Suzuki,Alto-800,12,85000.0,Manual,second,Hybrid/CNG,100000,Maruti Suzuki_Alto-800,Old,7083.333333333333,11.350418300109132
Maruti Suzuki,Sx4,13,68538.0,Manual,second,Hybrid/CNG,175000,Maruti Suzuki_Sx4,Old,5272.153846153846,11.135158205301739
Maruti Suzuki,Ertiga,3,110000.0,Manual,first,Hybrid/CNG,1051000,Maruti Suzuki_Ertiga,Recent,36666.666666666664,11.608244735642321
Hyundai,Grand i10 Nios,3,40000.0,Automatic,first,Petrol,625000,Hyundai_Grand i10 Nios,Recent,13333.333333333334,10.596659732783579
Kia,Sonet,2,69726.0,Manual,first,Diesel,1050000,Kia_Sonet,New,34863.0,11.152342896200478
Maruti Suzuki,S-Presso,4,52000.0,Automatic,first,Petrol,490000,Maruti Suzuki_S-Presso,Recent,13000.0,10.859018228147887
Kia,Carnival,2,39000.0,Automatic,first,Diesel,3100000,Kia_Carnival,New,19500.0,10.571342565808699
Maruti Suzuki,XL6,5,71000.0,Automatic,first,Petrol,925000,Maruti Suzuki_XL6,Recent,14200.0,11.170449240431308
Maruti Suzuki,Ritz,14,74000.0,Manual,first,Hybrid/CNG,145000,Maruti Suzuki_Ritz,Old,5285.714285714285,11.211833885608513
Maruti Suzuki,Eeco,6,0.0,Manual,second,Hybrid/CNG,350000,Maruti Suzuki_Eeco,Mid,0.0,0.0
Maruti Suzuki,Wagon-R,3,113707.0,Manual,first,Petrol,485000,Maruti Suzuki_Wagon-R,Recent,37902.333333333336,11.641389037861503
Maruti Suzuki,Ritz,8,66000.0,Manual,first,Diesel,290000,Maruti Suzuki_Ritz,Mid,8250.0,11.097425172408931
Maruti Suzuki,Wagon-R,14,58888.0,Manual,second,Hybrid/CNG,199000,Maruti Suzuki_Wagon-R,Old,4206.285714285715,10.983409594982758
Hyundai,Creta,6,50480.0,Automatic,first,Diesel,1250001,Hyundai_Creta,Mid,8413.333333333334,10.829352306844557
Maruti Suzuki,Swift,12,77000.0,Manual,first,Diesel,299000,Maruti Suzuki_Swift,Old,6416.666666666667,11.251573687764477
Audi,A4,9,76000.0,Automatic,second,Petrol,1450000,Audi_A4,Mid,8444.444444444445,11.23850177707664
Maruti Suzuki,Zen-Estilo,26,65137.5,Manual,second,Petrol,27000,Maruti Suzuki_Zen-Estilo,Old,2505.2884615384614,11.084271051239332
Renault,Duster,9,138624.0,Manual,first,Diesel,420000,Renault_Duster,Mid,15402.666666666666,11.839527724652669
Hyundai,Fluidic Verna,10,43000.0,Manual,second,Petrol,550000,Hyundai_Fluidic Verna,Mid,4300.0,10.668978650219241
Honda,Amaze,9,82000.0,Manual,second,Hybrid/CNG,299000,Honda_Amaze,Mid,9111.111111111111,11.314486721293981
Mahindra,Verito,13,220000.0,Manual,second,Diesel,235000,Mahindra_Verito,Old,16923.076923076922,12.301387370778713
Maruti Suzuki,Wagon-R,2,16000.0,Manual,first,Hybrid/CNG,560000,Maruti Suzuki_Wagon-R,New,8000.0,9.680406499268875
Mahindra,XUV500,12,73000.0,Manual,second,Diesel,365000,Mahindra_XUV500,Old,6083.333333333333,11.19822841866684
Toyota,Urban Cruiser Hyryder,2,38000.0,Automatic,first,Hybrid/CNG,1550000,Toyota_Urban Cruiser Hyryder,New,19000.0,10.545367754151743
Maruti Suzuki,Baleno,1,27164.0,Automatic,first,Hybrid/CNG,905000,Maruti Suzuki_Baleno,New,27164.0,10.209684658985623
Honda,City,13,174988.0,Automatic,second,Hybrid/CNG,199500,Honda_City,Old,13460.615384615385,12.0724783937872
Ford,Ecosport,11,65000.0,Manual,second,Diesel,400000,Ford_Ecosport,Old,5909.090909090909,11.082157933374816
Hyundai,Verna,11,90000.0,Manual,second,Diesel,529000,Hyundai_Verna,Old,8181.818181818182,11.407576060361786
Tata,Indica V2,21,80000.0,Manual,second,Diesel,49000,Tata_Indica V2,Old,3809.5238095238096,11.289794413577894
Tata,Safari,12,79800.0,Manual,second,Diesel,285000,Tata_Safari,Old,6650.0,11.287291314687705
Tata,Hexa,7,99000.0,Automatic,first,Diesel,999000,Tata_Hexa,Mid,14142.857142857143,11.502885230075814
Maruti Suzuki,Ertiga,8,74000.0,Automatic,first,Hybrid/CNG,689000,Maruti Suzuki_Ertiga,Mid,9250.0,11.211833885608513
Jaguar,XF,13,98000.0,Automatic,first,Diesel,1250000,Jaguar_XF,Old,7538.461538461538,11.49273296168228
Maruti Suzuki,Vitara-Brezza,8,128000.0,Manual,first,Diesel,765000,Maruti Suzuki_Vitara-Brezza,Mid,16000.0,11.759793355371237
Toyota,Corolla Altis,9,68000.0,Automatic,second,Hybrid/CNG,777777,Toyota_Corolla Altis,Mid,7555.555555555556,11.127277689932466
Maruti Suzuki,Alto,11,72000.0,Manual,second,Hybrid/CNG,160000,Maruti Suzuki_Alto,Old,6545.454545454545,11.184435286790631
BMW,X5,6,55000.0,Automatic,first,Diesel,4400000,BMW_X5,Mid,9166.666666666666,10.915106645867503
Maruti Suzuki,Omni,19,91000.0,Manual,second,Petrol,130000,Maruti Suzuki_Omni,Old,4789.473684210527,11.418625774449598
Ford,Endeavour,7,200000.0,Automatic,first,Diesel,1990000,Ford_Endeavour,Mid,28571.428571428572,12.206077645517674
Honda,CRV,10,65000.0,Automatic,first,Petrol,750000,Honda_CRV,Mid,6500.0,11.082157933374816
Maruti Suzuki,Celerio,9,52000.0,Automatic,second,Hybrid/CNG,330000,Maruti Suzuki_Celerio,Mid,5777.777777777777,10.859018228147887
Maruti Suzuki,Celerio,8,34000.0,Automatic,second,Petrol,399999,Maruti Suzuki_Celerio,Mid,4250.0,10.434145214930487
Maruti Suzuki,Alto,12,90000.0,Manual,second,Hybrid/CNG,85000,Maruti Suzuki_Alto,Old,7500.0,11.407576060361786
BMW,6 Series GT,5,85000.0,Automatic,first,Petrol,3400000,BMW_6 Series GT,Recent,17000.0,11.350418300109132
Skoda,Rapid,5,77873.0,Manual,first,Petrol,640000,Skoda_Rapid,Recent,15574.6,11.262847414915814
Mahindra,Thar,2,98000.0,Automatic,first,Diesel,1600000,Mahindra_Thar,New,49000.0,11.49273296168228
Toyota,Camry,8,65000.0,Automatic,first,Hybrid/CNG,1650000,Toyota_Camry,Mid,8125.0,11.082157933374816
Hyundai,i20,5,48000.0,Manual,first,Hybrid/CNG,660000,Hyundai_i20,Recent,9600.0,10.778977123006351
Ford,Figo Aspire,8,45000.0,Manual,second,Petrol,345000,Ford_Figo Aspire,Mid,5625.0,10.714439990727769
Maruti Suzuki,Eeco,5,88000.0,Automatic,first,Hybrid/CNG,455000,Maruti Suzuki_Eeco,Recent,17600.0,11.385103457032141
Maruti Suzuki,Swift-Dzire,9,81000.0,Manual,second,Hybrid/CNG,525000,Maruti Suzuki_Swift-Dzire,Mid,9000.0,11.302216779257382
Honda,Jazz,8,66000.0,Automatic,second,Petrol,490000,Honda_Jazz,Mid,8250.0,11.097425172408931
Maruti Suzuki,Ritz,10,145999.0,Manual,first,Diesel,375000,Maruti Suzuki_Ritz,Mid,14599.9,11.891361900690473
Toyota,Innova Crysta,6,188000.0,Manual,first,Diesel,1500000,Toyota_Innova Crysta,Mid,31333.333333333332,12.144202560946876
Maruti Suzuki,Swift-Dzire,6,210000.0,Manual,second,Diesel,500000,Maruti Suzuki_Swift-Dzire,Mid,35000.0,12.25486757159303
Ford,Fiesta,13,175000.0,Manual,second,Diesel,250000,Ford_Fiesta,Old,13461.538461538461,12.07254696717504
Maruti Suzuki,Ciaz,8,62982.0,Manual,second,Petrol,625000,Maruti Suzuki_Ciaz,Mid,7872.75,11.050620127690122
Hyundai,Grand i10 Nios,3,19500.0,Manual,second,Petrol,575000,Hyundai_Grand i10 Nios,Recent,6500.0,9.87822102528824
Hyundai,Grand i10 Nios,4,47523.0,Manual,first,Petrol,495000,Hyundai_Grand i10 Nios,Recent,11880.75,10.768990125578178
Maruti Suzuki,Swift-Dzire,6,130000.0,Manual,first,Petrol,600000,Maruti Suzuki_Swift-Dzire,Mid,21666.666666666668,11.775297421715827
Tata,Indigo Cs,14,164000.0,Manual,second,Diesel,125000,Tata_Indigo Cs,Old,11714.285714285714,12.00762780434872
Hyundai,New Santro,18,20.0,Automatic,second,Hybrid/CNG,90000,Hyundai_New Santro,Old,1.1111111111111112,3.044522437723423
Maruti Suzuki,Swift,9,74000.0,Manual,second,Petrol,390000,Maruti Suzuki_Swift,Mid,8222.222222222223,11.211833885608513
Maruti Suzuki,Wagon-R,2,63000.0,Manual,first,Hybrid/CNG,590000,Maruti Suzuki_Wagon-R,New,31500.0,11.050905878263567
Jeep,Wrangler,2,15000.0,Automatic,first,Petrol,7000000,Jeep_Wrangler,New,7500.0,9.61587214452889
Maruti Suzuki,800,15,40.0,Automatic,first,Petrol,62000,Maruti Suzuki_800,Old,2.6666666666666665,3.713572066704308
Toyota,Innova Crysta,5,55000.0,Automatic,first,Diesel,2230000,Toyota_Innova Crysta,Recent,11000.0,10.915106645867503
Hyundai,Grand i10,7,82000.0,Automatic,first,Hybrid/CNG,475000,Hyundai_Grand i10,Mid,11714.285714285714,11.314486721293981
Honda,City,8,52000.0,Manual,first,Petrol,499000,Honda_City,Mid,6500.0,10.859018228147887
Maruti Suzuki,Wagon R,7,52000.0,Manual,first,Hybrid/CNG,350000,Maruti Suzuki_Wagon R,Mid,7428.571428571428,10.859018228147887
Mercedes-Benz,GLE Class,4,19000.0,Automatic,first,Diesel,8050000,Mercedes-Benz_GLE Class,Recent,4750.0,9.852246888342531
Maruti Suzuki,Wagon-R,2,22000.0,Automatic,first,Petrol,600000,Maruti Suzuki_Wagon-R,New,11000.0,9.99884318585288
Volvo,XC60,1,9700.0,Automatic,first,Petrol,6000000,Volvo_XC60,New,9700.0,9.179984251961283
Hyundai,Verna,8,55000.0,Automatic,second,Petrol,280000,Hyundai_Verna,Mid,6875.0,10.915106645867503
BMW,7 Series,7,58900.0,Automatic,second,Diesel,4850000,BMW_7 Series,Mid,8414.285714285714,10.983613347424248
Kia,Seltos,2,48000.0,Manual,second,Diesel,1190000,Kia_Seltos,New,24000.0,10.778977123006351
Mahindra,Scorpio,2,69120.0,Manual,first,Diesel,1595000,Mahindra_Scorpio,New,34560.0,11.143613870965876
Hyundai,Verna,5,29000.0,Automatic,second,Petrol,1000000,Hyundai_Verna,Recent,5800.0,10.275085591132715
Renault,KWID,2,17000.0,Manual,first,Petrol,400000,Renault_KWID,New,8500.0,9.741027444837728
Volkswagen,VentoTest,12,68000.0,Manual,second,Diesel,390000,Volkswagen_VentoTest,Old,5666.666666666667,11.127277689932466
Mercedes-Benz,GLA,2,25700.0,Automatic,first,Diesel,4700000,Mercedes-Benz_GLA,New,12850.0,10.154285180632154
Maruti Suzuki,Ertiga,0,28.0,Automatic,first,Hybrid/CNG,1320000,Maruti Suzuki_Ertiga,New,28.0,3.367295829986474
Tata,Nexon,5,70000.0,Manual,first,Diesel,575000,Tata_Nexon,Recent,14000.0,11.156264806643742
Maruti Suzuki,Ritz,14,75000.0,Manual,second,Petrol,240000,Maruti Suzuki_Ritz,Old,5357.142857142857,11.225256725762893
Hyundai,Grand i10,5,54252.0,Automatic,first,Petrol,525000,Hyundai_Grand i10,Recent,10850.4,10.901413569412913
Toyota,Corolla Altis,10,78000.0,Automatic,second,Hybrid/CNG,575000,Toyota_Corolla Altis,Mid,7800.0,11.264476926102367
Hyundai,Santa Fe,9,95000.0,Automatic,second,Diesel,850000,Hyundai_Santa Fe,Mid,10555.555555555555,11.461642696843066
Tata,Nano Genx,9,26000.0,Automatic,first,Petrol,250000,Tata_Nano Genx,Mid,2888.8888888888887,10.165890277802454
Mercedes-Benz,C-Class,13,60000.0,Automatic,first,Petrol,1150000,Mercedes-Benz_C-Class,Old,4615.384615384615,11.002116507732017
Ford,Ecosport,10,110000.0,Manual,second,Petrol,350000,Ford_Ecosport,Mid,11000.0,11.608244735642321
Maruti Suzuki,Ciaz,6,50000.0,Automatic,first,Hybrid/CNG,599000,Maruti Suzuki_Ciaz,Mid,8333.333333333334,10.819798284210286
Hyundai,i20,14,82487.0,Automatic,second,Petrol,279999,Hyundai_i20,Old,5891.928571428572,11.32040810719778
Maruti Suzuki,Ciaz,6,35000.0,Automatic,first,Hybrid/CNG,945000,Maruti Suzuki_Ciaz,Mid,5833.333333333333,10.463131911491967
Maruti Suzuki,Swift-Dzire,7,85000.0,Automatic,second,Diesel,560000,Maruti Suzuki_Swift-Dzire,Mid,12142.857142857143,11.350418300109132
Honda,City,14,96000.0,Automatic,second,Hybrid/CNG,299000,Honda_City,Old,6857.142857142857,11.472113887062386
Maruti Suzuki,Wagon-R,5,44000.0,Automatic,first,Hybrid/CNG,430000,Maruti Suzuki_Wagon-R,Recent,8800.0,10.691967639914864
Volkswagen,Polo,10,90000.0,Manual,second,Petrol,398888,Volkswagen_Polo,Mid,9000.0,11.407576060361786
Maruti Suzuki,Omni,14,100000.0,Manual,second,Hybrid/CNG,110000,Maruti Suzuki_Omni,Old,7142.857142857143,11.51293546492023
Maruti Suzuki,Ertiga,9,75000.0,Manual,second,Hybrid/CNG,650000,Maruti Suzuki_Ertiga,Mid,8333.333333333334,11.225256725762893
Renault,KWID,6,60000.0,Automatic,first,Petrol,405000,Renault_KWID,Mid,10000.0,11.002116507732017
Mahindra,Scorpio,3,59642.0,Manual,first,Diesel,1170000,Mahindra_Scorpio,Recent,19880.666666666668,10.996132069424446
Renault,Duster,6,100000.0,Manual,first,Diesel,835000,Renault_Duster,Mid,16666.666666666668,11.51293546492023
Hyundai,Verna,5,72000.0,Manual,second,Diesel,777000,Hyundai_Verna,Recent,14400.0,11.184435286790631
Toyota,Innova Crysta,7,110000.0,Automatic,second,Diesel,1563000,Toyota_Innova Crysta,Mid,15714.285714285714,11.608244735642321
Maruti Suzuki,Baleno,8,68000.0,Automatic,second,Hybrid/CNG,489999,Maruti Suzuki_Baleno,Mid,8500.0,11.127277689932466
Tata,Altroz,4,26000.0,Manual,first,Petrol,759000,Tata_Altroz,Recent,6500.0,10.165890277802454
Hyundai,Grand i10,6,75000.0,Manual,second,Hybrid/CNG,399000,Hyundai_Grand i10,Mid,12500.0,11.225256725762893
Maruti Suzuki,Alto,14,76000.0,Manual,second,Petrol,208000,Maruti Suzuki_Alto,Old,5428.571428571428,11.23850177707664
BMW,X1,4,45000.0,Automatic,first,Petrol,3700000,BMW_X1,Recent,11250.0,10.714439990727769
Hyundai,Creta,6,76500.0,Manual,first,Diesel,800000,Hyundai_Creta,Mid,12750.0,11.245059091624615
Porsche,Cayenne,13,56000.0,Automatic,second,Diesel,1320000,Porsche_Cayenne,Old,4307.692307692308,10.933124826700707
Mahindra,XUV 300,2,12000.0,Manual,first,Petrol,949000,Mahindra_XUV 300,New,6000.0,9.392745258631441
Maruti Suzuki,Wagon R,4,36230.0,Automatic,first,Petrol,625000,Maruti Suzuki_Wagon R,Recent,9057.5,10.497670384943484
Toyota,Innova Hycross,2,35000.0,Automatic,first,Petrol,2200000,Toyota_Innova Hycross,New,17500.0,10.463131911491967
Mahindra,Xylo,11,10.0,Manual,second,Diesel,198000,Mahindra_Xylo,Old,0.9090909090909091,2.3978952727983707
Maruti Suzuki,Celerio,6,73000.0,Automatic,first,Petrol,475000,Maruti Suzuki_Celerio,Mid,12166.666666666666,11.19822841866684
Hyundai,Santro Xing,12,97000.0,Manual,second,Petrol,150000,Hyundai_Santro Xing,Old,8083.333333333333,11.48247656671073
Toyota,Fortuner,7,63000.0,Automatic,second,Diesel,3300000,Toyota_Fortuner,Mid,9000.0,11.050905878263567
Honda,Brio,12,90000.0,Manual,first,Petrol,290000,Honda_Brio,Old,7500.0,11.407576060361786
Toyota,Land Cruiser,15,120000.0,Automatic,second,Diesel,4200000,Toyota_Land Cruiser,Old,8000.0,11.695255355062795
Hyundai,Creta,7,45000.0,Automatic,first,Petrol,869000,Hyundai_Creta,Mid,6428.571428571428,10.714439990727769
Honda,City,7,29000.0,Automatic,second,Petrol,775000,Honda_City,Mid,4142.857142857143,10.275085591132715
Maruti Suzuki,Swift,5,30000.0,Manual,first,Petrol,610000,Maruti Suzuki_Swift,Recent,6000.0,10.308985993422082
Renault,Triber,0,12000.0,Manual,first,Petrol,625000,Renault_Triber,New,12000.0,9.392745258631441
Maruti Suzuki,Ciaz,8,83000.0,Manual,second,Hybrid/CNG,450000,Maruti Suzuki_Ciaz,Mid,10375.0,11.326607934898927
Mahindra,Thar,2,7500.0,Automatic,first,Petrol,1250000,Mahindra_Thar,New,3750.0,8.922791623969637
Hyundai,Creta,8,84000.0,Automatic,first,Diesel,725000,Hyundai_Creta,Mid,10500.0,11.338583982516495
Honda,City,12,74000.0,Automatic,second,Hybrid/CNG,310000,Honda_City,Old,6166.666666666667,11.211833885608513
Maruti Suzuki,Sx4,12,67000.0,Manual,second,Hybrid/CNG,290000,Maruti Suzuki_Sx4,Old,5583.333333333333,11.112462823634855
Maruti Suzuki,Swift,5,71000.0,Automatic,first,Petrol,649000,Maruti Suzuki_Swift,Recent,14200.0,11.170449240431308
Chevrolet,Spark,13,68892.0,Manual,first,Petrol,92000,Chevrolet_Spark,Old,5299.384615384615,11.140309855323784
Maruti Suzuki,Ertiga,2,14000.0,Manual,first,Hybrid/CNG,1109000,Maruti Suzuki_Ertiga,New,7000.0,9.546884034617925
Tata,Indica V2,9,96000.0,Manual,second,Diesel,149000,Tata_Indica V2,Mid,10666.666666666666,11.472113887062386
Maruti Suzuki,Omni,8,36000.0,Manual,first,Hybrid/CNG,275000,Maruti Suzuki_Omni,Mid,4500.0,10.491301994830229
Maruti Suzuki,S-Presso,5,55000.0,Automatic,first,Hybrid/CNG,395000,Maruti Suzuki_S-Presso,Recent,11000.0,10.915106645867503
BMW,5 Series,4,65000.0,Automatic,second,Diesel,4800000,BMW_5 Series,Recent,16250.0,11.082157933374816
Honda,City,10,86000.0,Automatic,second,Hybrid/CNG,469000,Honda_City,Mid,8600.0,11.362114203075018
Toyota,Innova Crysta,4,55000.0,Automatic,first,Diesel,2600000,Toyota_Innova Crysta,Recent,13750.0,10.915106645867503
Maruti Suzuki,Fronx ,0,8000.0,Manual,first,Petrol,100000,Maruti Suzuki_Fronx,New,8000.0,8.987321812850125
Maruti Suzuki,Wagon-R,9,80000.0,Automatic,first,Hybrid/CNG,280000,Maruti Suzuki_Wagon-R,Mid,8888.888888888889,11.289794413577894
Volkswagen,VentoTest,7,78000.0,Automatic,second,Petrol,565000,Volkswagen_VentoTest,Mid,11142.857142857143,11.264476926102367
Skoda,Fabia,12,67000.0,Manual,first,Diesel,150000,Skoda_Fabia,Old,5583.333333333333,11.112462823634855
BMW,3 Series,10,48000.0,Automatic,first,Diesel,1425000,BMW_3 Series,Mid,4800.0,10.778977123006351
Hyundai,Creta,6,110000.0,Manual,first,Diesel,1125000,Hyundai_Creta,Mid,18333.333333333332,11.608244735642321
Toyota,Fortuner,11,110000.0,Manual,second,Diesel,1353000,Toyota_Fortuner,Old,10000.0,11.608244735642321
Maruti Suzuki,Baleno,8,90000.0,Manual,second,Diesel,540000,Maruti Suzuki_Baleno,Mid,11250.0,11.407576060361786
Maruti Suzuki,Wagon-R-1-0,13,72000.0,Manual,second,Hybrid/CNG,140000,Maruti Suzuki_Wagon-R-1-0,Old,5538.461538461538,11.184435286790631
Ford,Endeavour,8,56000.0,Automatic,second,Diesel,2250000,Ford_Endeavour,Mid,7000.0,10.933124826700707
Hyundai,Grand i10 Nios,4,46000.0,Automatic,first,Hybrid/CNG,590000,Hyundai_Grand i10 Nios,Recent,11500.0,10.736418414365376
Maruti Suzuki,Swift-Dzire,11,102000.0,Manual,second,Petrol,360000,Maruti Suzuki_Swift-Dzire,Old,9272.727272727272,11.532737896139919
Hyundai,Grand i10,6,57000.0,Manual,second,Hybrid/CNG,399999,Hyundai_Grand i10,Mid,9500.0,10.950824090522445
Maruti Suzuki,Wagon-R-1-0,13,78000.0,Manual,first,Hybrid/CNG,221000,Maruti Suzuki_Wagon-R-1-0,Old,6000.0,11.264476926102367
Hyundai,i20,13,80000.0,Automatic,second,Hybrid/CNG,220000,Hyundai_i20,Old,6153.846153846154,11.289794413577894
Hyundai,i10,11,85200.0,Automatic,second,Hybrid/CNG,321000,Hyundai_i10,Old,7745.454545454545,11.352768449837729
Toyota,Camry,10,122000.0,Automatic,second,Petrol,899000,Toyota_Camry,Mid,12200.0,11.711784520403112
Tata,Punch ,2,7900.0,Automatic,second,Petrol,890000,Tata_Punch,New,3950.0,8.974744612722734
Honda,Amaze,5,72000.0,Manual,first,Hybrid/CNG,451000,Honda_Amaze,Recent,14400.0,11.184435286790631
Maruti Suzuki,Baleno,6,108000.0,Manual,second,Diesel,550000,Maruti Suzuki_Baleno,Mid,18000.0,11.58989576532275
Maruti Suzuki,800,38,68000.0,Manual,second,Petrol,120000,Maruti Suzuki_800,Old,1789.4736842105262,11.127277689932466
Toyota,Urban Cruiser Hyryder,2,36240.0,Manual,first,Petrol,1550000,Toyota_Urban Cruiser Hyryder,New,18120.0,10.497946353595198
Hyundai,Accent Hatchback,19,150000.0,Manual,first,Petrol,95000,Hyundai_Accent Hatchback,Old,7894.736842105263,11.918397239722838
Renault,Triber,5,39892.0,Manual,first,Petrol,560000,Renault_Triber,Recent,7978.4,10.593956148890312
Mahindra,Xylo,8,220000.0,Manual,second,Diesel,465000,Mahindra_Xylo,Mid,27500.0,12.301387370778713
Tata,Nexon,4,105800.0,Automatic,first,Petrol,675000,Tata_Nexon,Recent,26450.0,11.569315250157509
Maruti Suzuki,Eeco,7,85000.0,Automatic,second,Hybrid/CNG,460000,Maruti Suzuki_Eeco,Mid,12142.857142857143,11.350418300109132
Maruti Suzuki,Swift-Dzire,0,15000.0,Manual,first,Hybrid/CNG,280000,Maruti Suzuki_Swift-Dzire,New,15000.0,9.61587214452889
Honda,City,8,64000.0,Manual,first,Hybrid/CNG,585000,Honda_City,Mid,8000.0,11.06665398721974
Maruti Suzuki,Baleno,4,37000.0,Manual,first,Petrol,665000,Maruti Suzuki_Baleno,Recent,9250.0,10.518700218288165
Honda,City,3,20000.0,Automatic,second,Petrol,1325000,Honda_City,Recent,6666.666666666667,9.90353755128617
Volkswagen,VentoTest,13,67000.0,Automatic,second,Hybrid/CNG,450000,Volkswagen_VentoTest,Old,5153.846153846154,11.112462823634855
Toyota,Etios Liva,5,112500.0,Manual,second,Diesel,850000,Toyota_Etios Liva,Recent,22500.0,11.630717389475995
Hyundai,Aura,4,94000.0,Automatic,second,Diesel,750000,Hyundai_Aura,Recent,23500.0,11.451060699493427
Maruti Suzuki,Baleno,8,72000.0,Automatic,second,Petrol,545000,Maruti Suzuki_Baleno,Mid,9000.0,11.184435286790631
Mercedes-Benz,C-Class,21,87000.0,Automatic,second,Petrol,265000,Mercedes-Benz_C-Class,Old,4142.857142857143,11.373674891823535
Maruti Suzuki,Omni,5,1.0,Manual,second,Diesel,365000,Maruti Suzuki_Omni,Recent,0.2,0.6931471805599453
Audi,A4,11,25000.0,Manual,first,Diesel,950000,Audi_A4,Old,2272.7272727272725,10.12667110305036
Honda,City,14,189000.0,Manual,first,Hybrid/CNG,300000,Honda_City,Old,13500.0,12.149507585033072
Renault,KWID,8,38000.0,Manual,second,Petrol,235000,Renault_KWID,Mid,4750.0,10.545367754151743
Hyundai,Verna,7,63000.0,Manual,second,Hybrid/CNG,515000,Hyundai_Verna,Mid,9000.0,11.050905878263567
Tata,Manza,12,75000.0,Manual,second,Hybrid/CNG,145000,Tata_Manza,Old,6250.0,11.225256725762893
Maruti Suzuki,Invicto,1,6100.0,Automatic,second,Hybrid/CNG,2800000,Maruti Suzuki_Invicto,New,6100.0,8.716207971151853
Maruti Suzuki,Ertiga,3,64000.0,Manual,first,Hybrid/CNG,899000,Maruti Suzuki_Ertiga,Recent,21333.333333333332,11.06665398721974
Honda,CRV,16,95000.0,Automatic,second,Hybrid/CNG,250000,Honda_CRV,Old,5937.5,11.461642696843066
Maruti Suzuki,Wagon-R-1-0,6,150000.0,Automatic,first,Hybrid/CNG,220000,Maruti Suzuki_Wagon-R-1-0,Mid,25000.0,11.918397239722838
Renault,Lodgy,8,86000.0,Manual,first,Diesel,375001,Renault_Lodgy,Mid,10750.0,11.362114203075018
Hyundai,Verna,12,120000.0,Automatic,second,Diesel,450000,Hyundai_Verna,Old,10000.0,11.695255355062795
Hyundai,EON,12,48449.0,Manual,second,Petrol,210000,Hyundai_EON,Old,4037.4166666666665,10.788287617318913
Mercedes-Benz,SL-Class,0,1400.0,Automatic,first,Petrol,24500000,Mercedes-Benz_SL-Class,New,1400.0,7.244941546337007
Maruti Suzuki,Wagon-R,10,123000.0,Manual,second,Petrol,350000,Maruti Suzuki_Wagon-R,Mid,12300.0,11.719947764402807
Hyundai,i20,12,74000.0,Manual,first,Diesel,295000,Hyundai_i20,Old,6166.666666666667,11.211833885608513
Skoda,Slavia,2,84000.0,Automatic,first,Petrol,1030000,Skoda_Slavia,New,42000.0,11.338583982516495
Toyota,Fortuner,9,95000.0,Manual,second,Diesel,1145000,Toyota_Fortuner,Mid,10555.555555555555,11.461642696843066
Hyundai,Elite i20,4,64259.0,Manual,second,Hybrid/CNG,636000,Hyundai_Elite i20,Recent,16064.75,11.07069263266985
Maruti Suzuki,Celerio,5,85000.0,Manual,second,Hybrid/CNG,449000,Maruti Suzuki_Celerio,Recent,17000.0,11.350418300109132
Honda,Amaze,6,68000.0,Automatic,first,Hybrid/CNG,550000,Honda_Amaze,Mid,11333.333333333334,11.127277689932466
Maruti Suzuki,Ertiga,8,90000.0,Manual,second,Hybrid/CNG,689000,Maruti Suzuki_Ertiga,Mid,11250.0,11.407576060361786
Maruti Suzuki,Alto-800,5,17405.0,Manual,first,Petrol,325000,Maruti Suzuki_Alto-800,Recent,3481.0,9.76457025334946
Maruti Suzuki,Baleno,5,75000.0,Automatic,second,Petrol,650000,Maruti Suzuki_Baleno,Recent,15000.0,11.225256725762893
Ford,Ecosport,3,42850.0,Manual,first,Diesel,900000,Ford_Ecosport,Recent,14283.333333333334,10.665484260976488
Toyota,Fortuner,6,50200.0,Automatic,second,Diesel,2400000,Toyota_Fortuner,Mid,8366.666666666666,10.823790225800138
Audi,A4,12,68000.0,Automatic,second,Diesel,750000,Audi_A4,Old,5666.666666666667,11.127277689932466
Kia,Seltos,2,39000.0,Automatic,first,Diesel,1825000,Kia_Seltos,New,19500.0,10.571342565808699
Maruti Suzuki,Wagon-R,7,58670.0,Manual,first,Petrol,365000,Maruti Suzuki_Wagon-R,Mid,8381.42857142857,10.979700846260759
Maruti Suzuki,Ciaz,5,43000.0,Automatic,second,Hybrid/CNG,520000,Maruti Suzuki_Ciaz,Recent,8600.0,10.668978650219241
Tata,Vista Tech,13,138000.0,Manual,first,Diesel,222200,Tata_Vista Tech,Old,10615.384615384615,11.835016210489899
Maruti Suzuki,Wagon-R,8,62000.0,Automatic,second,Petrol,365000,Maruti Suzuki_Wagon-R,Mid,7750.0,11.034905792929415
Maruti Suzuki,Wagon-R-1-0,15,72000.0,Manual,second,Hybrid/CNG,115000,Maruti Suzuki_Wagon-R-1-0,Old,4800.0,11.184435286790631
Hyundai,Grand i10,7,39510.0,Automatic,second,Petrol,425100,Hyundai_Grand i10,Mid,5644.285714285715,10.584334393133231
Maruti Suzuki,Wagon-R,8,42000.0,Automatic,first,Petrol,311000,Maruti Suzuki_Wagon-R,Mid,5250.0,10.645448706505872
Hyundai,EON,8,45000.0,Manual,first,Hybrid/CNG,275000,Hyundai_EON,Mid,5625.0,10.714439990727769
Honda,Amaze,9,50000.0,Manual,first,Petrol,249991,Honda_Amaze,Mid,5555.555555555556,10.819798284210286
Maruti Suzuki,Ertiga,5,59000.0,Automatic,first,Hybrid/CNG,1150000,Maruti Suzuki_Ertiga,Recent,11800.0,10.985309671896763
Toyota,Innova Crysta,2,55000.0,Automatic,first,Diesel,2050000,Toyota_Innova Crysta,New,27500.0,10.915106645867503
Honda,Amaze,7,85500.0,Manual,second,Hybrid/CNG,295000,Honda_Amaze,Mid,12214.285714285714,11.356283350762888
Toyota,Fortuner,6,38000.0,Automatic,first,Diesel,2975000,Toyota_Fortuner,Mid,6333.333333333333,10.545367754151743
Maruti Suzuki,Eeco,3,47000.0,Automatic,first,Hybrid/CNG,505000,Maruti Suzuki_Eeco,Recent,15666.666666666666,10.757924157061597
Chevrolet,Beat,9,61000.0,Manual,second,Diesel,184000,Chevrolet_Beat,Mid,6777.777777777777,11.0186455364637
Maruti Suzuki,Ignis,7,48125.0,Manual,first,Petrol,435000,Maruti Suzuki_Ignis,Mid,6875.0,10.78157785059498
Honda,Amaze,3,119000.0,Automatic,first,Diesel,900000,Honda_Amaze,Recent,39666.666666666664,11.686887175419702
Maruti Suzuki,Brezza,7,56000.0,Manual,second,Diesel,620000,Maruti Suzuki_Brezza,Mid,8000.0,10.933124826700707
Toyota,Innova Crysta,6,99500.0,Automatic,second,Diesel,1949000,Toyota_Innova Crysta,Mid,16583.333333333332,11.507922973347437
Hyundai,Tucson,7,55000.0,Automatic,first,Diesel,1190000,Hyundai_Tucson,Mid,7857.142857142857,10.915106645867503
Chevrolet,Captiva,12,175300.0,Automatic,second,Diesel,395000,Chevrolet_Captiva,Old,14608.333333333334,12.074259775399616
MG,Hector,4,96000.0,Manual,first,Diesel,1275000,MG_Hector,Recent,24000.0,11.472113887062386
Hyundai,i20,6,43000.0,Manual,first,Petrol,595000,Hyundai_i20,Mid,7166.666666666667,10.668978650219241
Honda,City,9,90200.0,Automatic,second,Hybrid/CNG,475000,Honda_City,Mid,10022.222222222223,11.409795792463761
Hyundai,Xcent Prime,6,130000.0,Manual,second,Hybrid/CNG,195000,Hyundai_Xcent Prime,Mid,21666.666666666668,11.775297421715827
Maruti Suzuki,Ertiga,3,64035.0,Manual,first,Hybrid/CNG,975000,Maruti Suzuki_Ertiga,Recent,21345.0,11.067200704197985
Hyundai,Verna,17,79000.0,Manual,second,Hybrid/CNG,190000,Hyundai_Verna,Old,4647.058823529412,11.277215789596893
Hyundai,Creta,6,54000.0,Automatic,second,Diesel,899000,Hyundai_Creta,Mid,9000.0,10.896757843893464
Maruti Suzuki,Wagon R,13,68000.0,Manual,second,Hybrid/CNG,190000,Maruti Suzuki_Wagon R,Old,5230.7692307692305,11.127277689932466
Tata,Hexa,7,77652.0,Automatic,second,Diesel,725000,Tata_Hexa,Mid,11093.142857142857,11.260005462730717
Honda,Amaze,2,25000.0,Automatic,first,Petrol,805000,Honda_Amaze,New,12500.0,10.12667110305036
BMW,3 Series,10,50000.0,Automatic,first,Diesel,1425000,BMW_3 Series,Mid,5000.0,10.819798284210286
Datsun,GO Plus,7,50000.0,Automatic,first,Hybrid/CNG,330000,Datsun_GO Plus,Mid,7142.857142857143,10.819798284210286
Hyundai,i10,13,75000.0,Automatic,second,Hybrid/CNG,325000,Hyundai_i10,Old,5769.2307692307695,11.225256725762893
MG,Hector Plus,1,10300.0,Automatic,second,Petrol,2125000,MG_Hector Plus,New,10300.0,9.239996256883693
Hyundai,i10,15,115000.0,Automatic,second,Hybrid/CNG,170000,Hyundai_i10,Old,7666.666666666667,11.652696102959753
Hyundai,Grand i10,7,45000.0,Manual,first,Hybrid/CNG,375000,Hyundai_Grand i10,Mid,6428.571428571428,10.714439990727769
Honda,Jazz,5,62000.0,Automatic,first,Petrol,650000,Honda_Jazz,Recent,12400.0,11.034905792929415
Hyundai,Creta,5,110000.0,Automatic,first,Diesel,1290000,Hyundai_Creta,Recent,22000.0,11.608244735642321
Maruti Suzuki,Wagon-R,10,56000.0,Automatic,second,Hybrid/CNG,260000,Maruti Suzuki_Wagon-R,Mid,5600.0,10.933124826700707
Ford,Endeavour,4,85000.0,Automatic,first,Diesel,2985000,Ford_Endeavour,Recent,21250.0,11.350418300109132
Skoda,Kushaq,2,24000.0,Manual,first,Petrol,1250000,Skoda_Kushaq,New,12000.0,10.085850775128717
Toyota,Innova Crysta,3,90000.0,Automatic,first,Diesel,1975000,Toyota_Innova Crysta,Recent,30000.0,11.407576060361786
Volvo,S90,6,76000.0,Automatic,first,Diesel,2750000,Volvo_S90,Mid,12666.666666666666,11.23850177707664
Toyota,Fortuner,9,84000.0,Automatic,first,Diesel,1175000,Toyota_Fortuner,Mid,9333.333333333334,11.338583982516495
Maruti Suzuki,Eeco,4,36000.0,Automatic,first,Hybrid/CNG,475000,Maruti Suzuki_Eeco,Recent,9000.0,10.491301994830229
Maruti Suzuki,Swift-Dzire,8,108000.0,Manual,first,Diesel,565000,Maruti Suzuki_Swift-Dzire,Mid,13500.0,11.58989576532275
Hyundai,Eon,7,24200.0,Automatic,second,Hybrid/CNG,300000,Hyundai_Eon,Mid,3457.1428571428573,10.094149233605084
Audi,A3 Cabriolet,8,37909.0,Automatic,second,Petrol,2899999,Audi_A3 Cabriolet,Mid,4738.625,10.542970208510381
Hyundai,i20,12,65606.0,Manual,second,Hybrid/CNG,211000,Hyundai_i20,Old,5467.166666666667,11.091437676556433
Ashok,Leyland Stile,0,0.0,Automatic,first,Hybrid/CNG,32000,Ashok_Leyland Stile,New,0.0,0.0
Mahindra,XUV500,10,70000.0,Manual,first,Diesel,799000,Mahindra_XUV500,Mid,7000.0,11.156264806643742
Hyundai,i10,15,55000.0,Automatic,second,Petrol,225000,Hyundai_i10,Old,3666.6666666666665,10.915106645867503
Renault,Duster,8,72000.0,Automatic,second,Diesel,400000,Renault_Duster,Mid,9000.0,11.184435286790631
Audi,A6,2,50000.0,Automatic,second,Petrol,4500000,Audi_A6,New,25000.0,10.819798284210286
Maruti Suzuki,Wagon-R,1,85000.0,Automatic,first,Hybrid/CNG,210000,Maruti Suzuki_Wagon-R,New,85000.0,11.350418300109132
Maruti Suzuki,Swift,2,40000.0,Automatic,first,Petrol,765000,Maruti Suzuki_Swift,New,20000.0,10.596659732783579
Volkswagen,Polo,7,70677.0,Manual,first,Petrol,549000,Volkswagen_Polo,Mid,10096.714285714286,11.165889629485457
Maruti Suzuki,Ciaz,10,63079.0,Manual,first,Petrol,261000,Maruti Suzuki_Ciaz,Mid,6307.9,11.052159041076974
Honda,City ZX,19,105000.0,Manual,second,Petrol,130000,Honda_City ZX,Old,5526.315789473684,11.561725152903833
Maruti Suzuki,Swift-Dzire,3,56000.0,Manual,first,Petrol,625000,Maruti Suzuki_Swift-Dzire,Recent,18666.666666666668,10.933124826700707
Maruti Suzuki,Estilo,15,72000.0,Manual,second,Petrol,159000,Maruti Suzuki_Estilo,Old,4800.0,11.184435286790631
Jeep,Wrangler,1,7000.0,Automatic,first,Petrol,6090000,Jeep_Wrangler,New,7000.0,8.853808274977197
Mercedes-Benz,CLA,5,42000.0,Automatic,first,Petrol,2800000,Mercedes-Benz_CLA,Recent,8400.0,10.645448706505872
BMW,X5,8,71000.0,Automatic,second,Diesel,3000000,BMW_X5,Mid,8875.0,11.170449240431308
Volkswagen,Jetta,12,175000.0,Manual,second,Diesel,400000,Volkswagen_Jetta,Old,14583.333333333334,12.07254696717504
Hyundai,Tucson,7,85000.0,Automatic,second,Diesel,999999,Hyundai_Tucson,Mid,12142.857142857143,11.350418300109132
Maruti Suzuki,Wagon R,11,80000.0,Manual,second,Hybrid/CNG,235000,Maruti Suzuki_Wagon R,Old,7272.727272727273,11.289794413577894
Hyundai,Grand i10 Nios,3,30941.0,Manual,second,Hybrid/CNG,625000,Hyundai_Grand i10 Nios,Recent,10313.666666666666,10.339869763279014
Maruti Suzuki,Wagon-R,8,55962.0,Manual,second,Hybrid/CNG,215500,Maruti Suzuki_Wagon-R,Mid,6995.25,10.932446037063697
Maruti Suzuki,Alto-800,7,78000.0,Automatic,first,Hybrid/CNG,290000,Maruti Suzuki_Alto-800,Mid,11142.857142857143,11.264476926102367
Mahindra,Thar,2,14000.0,Automatic,second,Hybrid/CNG,1600000,Mahindra_Thar,New,7000.0,9.546884034617925
Toyota,Innova,12,98000.0,Manual,second,Diesel,850000,Toyota_Innova,Old,8166.666666666667,11.49273296168228
Toyota,Fortuner,9,155000.0,Automatic,second,Diesel,1275000,Toyota_Fortuner,Mid,17222.222222222223,11.951186847493476
Kia,Seltos,2,17000.0,Automatic,first,Petrol,1575000,Kia_Seltos,New,8500.0,9.741027444837728
Kia,Sonet,3,17451.0,Automatic,first,Petrol,1265000,Kia_Sonet,Recent,5817.0,9.7672095342435
Maruti Suzuki,S-Presso,2,12000.0,Automatic,first,Petrol,520000,Maruti Suzuki_S-Presso,New,6000.0,9.392745258631441
Toyota,Urban Cruiser Hyryder,1,18246.0,Automatic,first,Hybrid/CNG,1950000,Toyota_Urban Cruiser Hyryder,New,18246.0,9.811755961936536
Datsun,Redi Go,8,53000.0,Manual,second,Hybrid/CNG,290000,Datsun_Redi Go,Mid,6625.0,10.87806606028079
Hyundai,i20,10,68000.0,Manual,second,Hybrid/CNG,385000,Hyundai_i20,Mid,6800.0,11.127277689932466
Toyota,Innova,8,215000.0,Manual,second,Diesel,1245000,Toyota_Innova,Mid,26875.0,12.278397958261774
Hyundai,Creta,7,54000.0,Automatic,first,Diesel,1250000,Hyundai_Creta,Mid,7714.285714285715,10.896757843893464
Honda,Amaze,11,85000.0,Manual,second,Diesel,299000,Honda_Amaze,Old,7727.272727272727,11.350418300109132
Hyundai,Xcent,6,134286.0,Manual,second,Diesel,365000,Hyundai_Xcent,Mid,22381.0,11.807734579613124
Toyota,Etios,6,87600.0,Manual,second,Diesel,455000,Toyota_Etios,Mid,14600.0,11.38054769238444
Tata,Nexon,3,26000.0,Automatic,first,Hybrid/CNG,895000,Tata_Nexon,Recent,8666.666666666666,10.165890277802454
Honda,City,9,138753.0,Manual,second,Diesel,330000,Honda_City,Mid,15417.0,11.840457860021967
Maruti Suzuki,S-Cross1,6,167000.0,Manual,second,Diesel,715999,Maruti Suzuki_S-Cross1,Mid,27833.333333333332,12.025755079404917
Hyundai,i20,6,77665.0,Manual,first,Petrol,599000,Hyundai_i20,Mid,12944.166666666666,11.2601728601519
Maruti Suzuki,Ciaz,5,53000.0,Automatic,first,Hybrid/CNG,825000,Maruti Suzuki_Ciaz,Recent,10600.0,10.87806606028079
Honda,Amaze,9,83000.0,Manual,second,Hybrid/CNG,325000,Honda_Amaze,Mid,9222.222222222223,11.326607934898927
Mercedes-Benz,A-Class Limousine,1,6700.0,Automatic,first,Petrol,3825000,Mercedes-Benz_A-Class Limousine,New,6700.0,8.81001204797317
Chevrolet,Beat,12,82098.0,Manual,second,Diesel,165000,Chevrolet_Beat,Old,6841.5,11.315681115098373
BMW,5 Series,6,37000.0,Automatic,first,Diesel,4800000,BMW_5 Series,Mid,6166.666666666667,10.518700218288165
Hyundai,i10,14,42000.0,Manual,first,Petrol,172000,Hyundai_i10,Old,3000.0,10.645448706505872
Maruti Suzuki,Wagon-R,12,65000.0,Manual,first,Hybrid/CNG,285000,Maruti Suzuki_Wagon-R,Old,5416.666666666667,11.082157933374816
Honda,Amaze,9,82000.0,Automatic,first,Petrol,390000,Honda_Amaze,Mid,9111.111111111111,11.314486721293981
Mahindra,XUV500,9,75000.0,Manual,first,Diesel,545000,Mahindra_XUV500,Mid,8333.333333333334,11.225256725762893
Maruti Suzuki,Celerio,6,75698.0,Manual,second,Petrol,430000,Maruti Suzuki_Celerio,Mid,12616.333333333334,11.234520229298656
Land Rover,Discovery Sport,6,93000.0,Automatic,second,Diesel,2750000,Land Rover_Discovery Sport,Mid,15500.0,11.440365524765756
Toyota,Fortuner,7,95000.0,Automatic,second,Diesel,2625000,Toyota_Fortuner,Mid,13571.42857142857,11.461642696843066
Maruti Suzuki,Swift,12,75211.0,Manual,second,Petrol,325000,Maruti Suzuki_Swift,Old,6267.583333333333,11.228066071675364
Maruti Suzuki,Wagon-R,12,120000.0,Automatic,second,Hybrid/CNG,155000,Maruti Suzuki_Wagon-R,Old,10000.0,11.695255355062795
Maruti Suzuki,Wagon-R,3,60000.0,Manual,second,Hybrid/CNG,570000,Maruti Suzuki_Wagon-R,Recent,20000.0,11.002116507732017
Maruti Suzuki,Eeco,6,82000.0,Automatic,second,Hybrid/CNG,350000,Maruti Suzuki_Eeco,Mid,13666.666666666666,11.314486721293981
Jeep,Compass,6,40000.0,Automatic,second,Petrol,1150000,Jeep_Compass,Mid,6666.666666666667,10.596659732783579
Hyundai,i20,6,88250.0,Manual,first,Diesel,825000,Hyundai_i20,Mid,14708.333333333334,11.387940306176102
Hyundai,i10,8,74156.0,Manual,second,Hybrid/CNG,295000,Hyundai_i10,Mid,9269.5,11.213939746347055
Toyota,Etios Liva,13,90000.0,Manual,second,Hybrid/CNG,295000,Toyota_Etios Liva,Old,6923.076923076923,11.407576060361786
Volkswagen,Beetle,15,38000.0,Automatic,second,Petrol,2800000,Volkswagen_Beetle,Old,2533.3333333333335,10.545367754151743
Maruti Suzuki,Ignis,2,38000.0,Manual,first,Petrol,490000,Maruti Suzuki_Ignis,New,19000.0,10.545367754151743
Hyundai,i20,1,4431.0,Manual,first,Petrol,1090000,Hyundai_i20,New,4431.0,8.39660622842712
Maruti Suzuki,Wagon-R-1-0,7,85000.0,Manual,second,Hybrid/CNG,340000,Maruti Suzuki_Wagon-R-1-0,Mid,12142.857142857143,11.350418300109132
Ford,Fiesta,18,80000.0,Manual,second,Hybrid/CNG,110000,Ford_Fiesta,Old,4444.444444444444,11.289794413577894
Hyundai,Creta,9,74000.0,Manual,second,Diesel,649000,Hyundai_Creta,Mid,8222.222222222223,11.211833885608513
Toyota,Innova Crysta,3,7500.0,Automatic,first,Diesel,3310000,Toyota_Innova Crysta,Recent,2500.0,8.922791623969637
Toyota,Innova,12,65000.0,Manual,second,Diesel,680000,Toyota_Innova,Old,5416.666666666667,11.082157933374816
Maruti Suzuki,Swift-Dzire,9,1000.0,Automatic,first,Hybrid/CNG,150000,Maruti Suzuki_Swift-Dzire,Mid,111.11111111111111,6.90875477931522
Isuzu,D-Max V-Cross,4,66658.0,Manual,first,Diesel,1695000,Isuzu_D-Max V-Cross,Recent,16664.5,11.107345350249057
Maruti Suzuki,Wagon R,15,72000.0,Manual,second,Petrol,129999,Maruti Suzuki_Wagon R,Old,4800.0,11.184435286790631
Toyota,Corolla Altis,13,75000.0,Automatic,first,Hybrid/CNG,250000,Toyota_Corolla Altis,Old,5769.2307692307695,11.225256725762893
Mahindra,KUV 100,8,70000.0,Manual,first,Petrol,269000,Mahindra_KUV 100,Mid,8750.0,11.156264806643742
Hyundai,i10,14,86000.0,Automatic,second,Hybrid/CNG,180000,Hyundai_i10,Old,6142.857142857143,11.362114203075018
Maruti Suzuki,Swift,2,23000.0,Manual,first,Petrol,698000,Maruti Suzuki_Swift,New,11500.0,10.043292972227004
Nissan,Kicks,5,54000.0,Manual,first,Petrol,645000,Nissan_Kicks,Recent,10800.0,10.896757843893464
Toyota,Corolla Altis,10,68000.0,Automatic,first,Hybrid/CNG,585000,Toyota_Corolla Altis,Mid,6800.0,11.127277689932466
Honda,Jazz,5,6585.0,Manual,first,Petrol,300000,Honda_Jazz,Recent,1317.0,8.792701462936309
Hyundai,Aura,0,3500.0,Manual,first,Hybrid/CNG,700000,Hyundai_Aura,New,3500.0,8.160803920954665
Renault,KWID,6,53000.0,Automatic,second,Hybrid/CNG,375000,Renault_KWID,Mid,8833.333333333334,10.87806606028079
Skoda,Rapid,9,72000.0,Automatic,second,Diesel,474000,Skoda_Rapid,Mid,8000.0,11.184435286790631
Maruti Suzuki,Alto-800,14,87000.0,Manual,second,Hybrid/CNG,95000,Maruti Suzuki_Alto-800,Old,6214.285714285715,11.373674891823535
Maruti Suzuki,Swift-Dzire,12,156300.0,Manual,second,Petrol,300000,Maruti Suzuki_Swift-Dzire,Old,13025.0,11.959538914341756
Mercedes-Benz,C-Class,3,6000.0,Automatic,first,Diesel,4650000,Mercedes-Benz_C-Class,Recent,2000.0,8.699681400989514
Hyundai,Venue,4,18000.0,Automatic,first,Petrol,950000,Hyundai_Venue,Recent,4500.0,9.798182590890704
Maruti Suzuki,Sx4,13,90000.0,Automatic,second,Hybrid/CNG,240000,Maruti Suzuki_Sx4,Old,6923.076923076923,11.407576060361786
Honda,City,9,61000.0,Automatic,first,Hybrid/CNG,530000,Honda_City,Mid,6777.777777777777,11.0186455364637
Mercedes-Benz,AMG C 43,8,35000.0,Automatic,second,Petrol,4850000,Mercedes-Benz_AMG C 43,Mid,4375.0,10.463131911491967
Maruti Suzuki,Swift,11,150000.0,Manual,second,Petrol,320000,Maruti Suzuki_Swift,Old,13636.363636363636,11.918397239722838
Kia,Seltos,4,50000.0,Automatic,first,Diesel,1350000,Kia_Seltos,Recent,12500.0,10.819798284210286
BMW,X6,9,49000.0,Automatic,second,Petrol,6800000,BMW_X6,Mid,5444.444444444444,10.799595985047786
Maruti Suzuki,Wagon-R,3,65000.0,Manual,first,Hybrid/CNG,450000,Maruti Suzuki_Wagon-R,Recent,21666.666666666668,11.082157933374816
Bentley,Flying Spur,7,22000.0,Automatic,first,Petrol,18500000,Bentley_Flying Spur,Mid,3142.8571428571427,9.99884318585288
Maruti Suzuki,Eeco,4,75000.0,Manual,second,Hybrid/CNG,411000,Maruti Suzuki_Eeco,Recent,18750.0,11.225256725762893
Maruti Suzuki,Wagon-R-1-0,7,63000.0,Manual,first,Hybrid/CNG,345000,Maruti Suzuki_Wagon-R-1-0,Mid,9000.0,11.050905878263567
Volkswagen,Taigun,3,19000.0,Automatic,second,Petrol,1180000,Volkswagen_Taigun,Recent,6333.333333333333,9.852246888342531
Toyota,Corolla Altis,11,28001.0,Manual,first,Diesel,575000,Toyota_Corolla Altis,Old,2545.5454545454545,10.24003121517787
Maruti Suzuki,Celerio,10,77000.0,Automatic,first,Petrol,260000,Maruti Suzuki_Celerio,Mid,7700.0,11.251573687764477
Mahindra,Jeep,30,0.0,Manual,second,Diesel,295000,Mahindra_Jeep,Old,0.0,0.0
Audi,Q3,10,84000.0,Automatic,second,Diesel,850000,Audi_Q3,Mid,8400.0,11.338583982516495
Maruti Suzuki,Celerio,6,70000.0,Manual,second,Hybrid/CNG,395000,Maruti Suzuki_Celerio,Mid,11666.666666666666,11.156264806643742
Honda,City,5,32500.0,Manual,second,Hybrid/CNG,725000,Honda_City,Recent,6500.0,10.389026137075234
Maruti Suzuki,Wagon-R-1-0,12,67000.0,Manual,second,Hybrid/CNG,240000,Maruti Suzuki_Wagon-R-1-0,Old,5583.333333333333,11.112462823634855
Chevrolet,Tavera,9,120000.0,Manual,second,Diesel,560000,Chevrolet_Tavera,Mid,13333.333333333334,11.695255355062795
Mahindra,Alturas G4,5,60000.0,Automatic,first,Diesel,1900000,Mahindra_Alturas G4,Recent,12000.0,11.002116507732017
Honda,Brio,8,64000.0,Manual,second,Hybrid/CNG,285000,Honda_Brio,Mid,8000.0,11.06665398721974
Maruti Suzuki,Eeco,9,64000.0,Manual,first,Hybrid/CNG,435000,Maruti Suzuki_Eeco,Mid,7111.111111111111,11.06665398721974
Hyundai,Santro Xing,15,128000.0,Automatic,first,Hybrid/CNG,60000,Hyundai_Santro Xing,Old,8533.333333333334,11.759793355371237
Maruti Suzuki,Wagon-R,4,6000.0,Manual,first,Petrol,550000,Maruti Suzuki_Wagon-R,Recent,1500.0,8.699681400989514
Maruti Suzuki,Baleno,7,58000.0,Manual,first,Diesel,651000,Maruti Suzuki_Baleno,Mid,8285.714285714286,10.968215530759236
Hyundai,Creta,3,63000.0,Automatic,first,Diesel,1550000,Hyundai_Creta,Recent,21000.0,11.050905878263567
Maruti Suzuki,Omni,11,72000.0,Manual,second,Hybrid/CNG,235000,Maruti Suzuki_Omni,Old,6545.454545454545,11.184435286790631
Renault,Duster,10,128000.0,Manual,second,Diesel,378000,Renault_Duster,Mid,12800.0,11.759793355371237
Toyota,Innova,9,145500.0,Manual,first,Diesel,1240000,Toyota_Innova,Mid,16166.666666666666,11.8879382384223
Renault,KWID,5,90000.0,Manual,second,Petrol,325000,Renault_KWID,Recent,18000.0,11.407576060361786
Volvo,XC 90,5,40000.0,Automatic,first,Diesel,6900000,Volvo_XC 90,Recent,8000.0,10.596659732783579
Tata,Tiago,6,56000.0,Manual,first,Petrol,260000,Tata_Tiago,Mid,9333.333333333334,10.933124826700707
Mahindra,TUV,8,78000.0,Automatic,second,Diesel,585000,Mahindra_TUV,Mid,9750.0,11.264476926102367
Mercedes-Benz,C Class,13,96500.0,Automatic,second,Diesel,580000,Mercedes-Benz_C Class,Old,7423.076923076923,11.477308649967686
Renault,Duster,11,87000.0,Manual,second,Diesel,435000,Renault_Duster,Old,7909.090909090909,11.373674891823535
Maruti Suzuki,Baleno,9,87000.0,Manual,second,Diesel,550000,Maruti Suzuki_Baleno,Mid,9666.666666666666,11.373674891823535
Maruti Suzuki,Celerio,10,51000.0,Manual,second,Petrol,370000,Maruti Suzuki_Celerio,Mid,5100.0,10.839600519357369
Hyundai,Creta,6,120000.0,Manual,first,Hybrid/CNG,726000,Hyundai_Creta,Mid,20000.0,11.695255355062795
Hyundai,i10,11,64000.0,Automatic,second,Petrol,329000,Hyundai_i10,Old,5818.181818181818,11.06665398721974
BMW,3 Series,14,150000.0,Automatic,second,Diesel,650000,BMW_3 Series,Old,10714.285714285714,11.918397239722838
Maruti Suzuki,Alto-K10,16,82000.0,Automatic,second,Petrol,180000,Maruti Suzuki_Alto-K10,Old,5125.0,11.314486721293981
Tata,Nexon,3,67000.0,Manual,first,Diesel,890000,Tata_Nexon,Recent,22333.333333333332,11.112462823634855
Maruti Suzuki,Omni,6,50000.0,Automatic,first,Hybrid/CNG,250000,Maruti Suzuki_Omni,Mid,8333.333333333334,10.819798284210286
Renault,KWID,7,71000.0,Manual,first,Petrol,245000,Renault_KWID,Mid,10142.857142857143,11.170449240431308
Toyota,Etios,10,95000.0,Manual,first,Diesel,695000,Toyota_Etios,Mid,9500.0,11.461642696843066
Maruti Suzuki,Wagon-R,9,85000.0,Manual,first,Petrol,450000,Maruti Suzuki_Wagon-R,Mid,9444.444444444445,11.350418300109132
Hyundai,i10,11,102091.0,Automatic,second,Hybrid/CNG,300000,Hyundai_i10,Old,9281.0,11.53362964652852
Hyundai,Verna,10,76000.0,Automatic,second,Diesel,465000,Hyundai_Verna,Mid,7600.0,11.23850177707664
Tata,Tiago,2,19300.0,Manual,first,Hybrid/CNG,684000,Tata_Tiago,New,9650.0,9.867912187022208
Maruti Suzuki,Wagon-R-1-0,14,63000.0,Manual,first,Petrol,210000,Maruti Suzuki_Wagon-R-1-0,Old,4500.0,11.050905878263567
Maruti Suzuki,Vitara-Brezza,5,89500.0,Automatic,second,Diesel,669300,Maruti Suzuki_Vitara-Brezza,Recent,17900.0,11.402005077384885
Toyota,Corolla Altis,9,98000.0,Manual,first,Petrol,498888,Toyota_Corolla Altis,Mid,10888.888888888889,11.49273296168228
Honda,City,15,68000.0,Automatic,first,Hybrid/CNG,315000,Honda_City,Old,4533.333333333333,11.127277689932466
Maruti Suzuki,SX4,14,21000.0,Manual,second,Hybrid/CNG,199000,Maruti Suzuki_SX4,Old,1500.0,9.952325334619427
Mahindra,Bolero Power Plus,7,129000.0,Manual,first,Diesel,725000,Mahindra_Bolero Power Plus,Mid,18428.571428571428,11.767575435251748
Chevrolet,Cruze,13,53000.0,Automatic,second,Diesel,295000,Chevrolet_Cruze,Old,4076.923076923077,10.87806606028079
Maruti Suzuki,Zen-Estilo,13,45000.0,Manual,second,Hybrid/CNG,120000,Maruti Suzuki_Zen-Estilo,Old,3461.5384615384614,10.714439990727769
MG,Hector,4,90000.0,Manual,first,Diesel,1375000,MG_Hector,Recent,22500.0,11.407576060361786
Skoda,Fabia,14,45000.0,Manual,second,Petrol,165000,Skoda_Fabia,Old,3214.285714285714,10.714439990727769
Nissan,Micra,4,16330.0,Automatic,first,Petrol,575000,Nissan_Micra,Recent,4082.5,9.700820421076743
Hyundai,Eon,9,81000.0,Manual,second,Petrol,210000,Hyundai_Eon,Mid,9000.0,11.302216779257382
Volkswagen,Polo,9,50000.0,Manual,second,Diesel,650000,Volkswagen_Polo,Mid,5555.555555555556,10.819798284210286
Kia,Carnival,3,25000.0,Automatic,second,Diesel,2395000,Kia_Carnival,Recent,8333.333333333334,10.12667110305036
Mercedes-Benz,S-Class,11,85000.0,Automatic,second,Diesel,1150000,Mercedes-Benz_S-Class,Old,7727.272727272727,11.350418300109132
Tata,Indica V2,15,31000.0,Automatic,second,Diesel,105000,Tata_Indica V2,Old,2066.6666666666665,10.34177474101152
Mahindra,XUV500,10,180000.0,Manual,first,Diesel,850000,Mahindra_XUV500,Mid,18000.0,12.100717685412471
Maruti Suzuki,Swift,17,135767.0,Manual,first,Petrol,150000,Maruti Suzuki_Swift,Old,7986.294117647059,11.818702825691101
Maruti Suzuki,Ertiga,2,38000.0,Manual,first,Hybrid/CNG,1100000,Maruti Suzuki_Ertiga,New,19000.0,10.545367754151743
Mercedes-Benz,GLS,1,25000.0,Automatic,first,Diesel,12500000,Mercedes-Benz_GLS,New,25000.0,10.12667110305036
Maruti Suzuki,Vitara-Brezza,6,78000.0,Manual,first,Diesel,750000,Maruti Suzuki_Vitara-Brezza,Mid,13000.0,11.264476926102367
Chevrolet,Spark,13,90450.0,Automatic,second,Hybrid/CNG,85000,Chevrolet_Spark,Old,6957.692307692308,11.412563546594278
Ford,Figo Aspire,7,56500.0,Manual,second,Diesel,488000,Ford_Figo Aspire,Mid,8071.428571428572,10.942013616092948
Maruti Suzuki,Eeco,9,182000.0,Automatic,first,Hybrid/CNG,330000,Maruti Suzuki_Eeco,Mid,20222.222222222223,12.111767460549332
Mahindra,KUV 100,7,66000.0,Automatic,second,Hybrid/CNG,270000,Mahindra_KUV 100,Mid,9428.57142857143,11.097425172408931
Maruti Suzuki,Eeco,4,93000.0,Manual,first,Hybrid/CNG,575000,Maruti Suzuki_Eeco,Recent,23250.0,11.440365524765756
Toyota,Innova Crysta,5,53000.0,Manual,first,Diesel,1650000,Toyota_Innova Crysta,Recent,10600.0,10.87806606028079
Maruti Suzuki,Eeco,6,59000.0,Manual,first,Hybrid/CNG,390000,Maruti Suzuki_Eeco,Mid,9833.333333333334,10.985309671896763
Renault,KWID,9,53000.0,Manual,second,Hybrid/CNG,210000,Renault_KWID,Mid,5888.888888888889,10.87806606028079
Hyundai,i10,11,53416.0,Manual,second,Petrol,285000,Hyundai_i10,Old,4856.0,10.885884326344947
Toyota,Urban Cruiser Hyryder,0,1900.0,Automatic,first,Hybrid/CNG,2125000,Toyota_Urban Cruiser Hyryder,New,1900.0,7.550135342488429
Honda,City,15,77000.0,Automatic,second,Hybrid/CNG,290000,Honda_City,Old,5133.333333333333,11.251573687764477
Hyundai,Grand i10,7,49000.0,Manual,first,Hybrid/CNG,391000,Hyundai_Grand i10,Mid,7000.0,10.799595985047786
Skoda,Superb,10,96000.0,Automatic,first,Diesel,850000,Skoda_Superb,Mid,9600.0,11.472113887062386
Volvo,XC40,6,226350.0,Automatic,first,Diesel,2475000,Volvo_XC40,Mid,37725.0,12.329842170791169
Chevrolet,Beat,11,21000.0,Manual,first,Petrol,195000,Chevrolet_Beat,Old,1909.090909090909,9.952325334619427
Honda,BRV,6,82502.0,Manual,first,Petrol,700000,Honda_BRV,Mid,13750.333333333334,11.320589935297996
Mahindra,KUV 100,6,67000.0,Manual,first,Hybrid/CNG,388888,Mahindra_KUV 100,Mid,11166.666666666666,11.112462823634855
Ford,Ecosport,7,105000.0,Manual,second,Diesel,649000,Ford_Ecosport,Mid,15000.0,11.561725152903833
Maruti Suzuki,Alto-800,13,40000.0,Manual,second,Petrol,211000,Maruti Suzuki_Alto-800,Old,3076.923076923077,10.596659732783579
Hyundai,Eon,9,58122.0,Manual,second,Petrol,280000,Hyundai_Eon,Mid,6458.0,10.970316733695517
Skoda,Octavia,2,23000.0,Automatic,second,Petrol,2290000,Skoda_Octavia,New,11500.0,10.043292972227004
Honda,City,8,71000.0,Automatic,first,Petrol,675000,Honda_City,Mid,8875.0,11.170449240431308
Maruti Suzuki,Wagon-R,6,51000.0,Manual,second,Hybrid/CNG,395000,Maruti Suzuki_Wagon-R,Mid,8500.0,10.839600519357369
Maruti Suzuki,Swift Dzire,7,69000.0,Manual,first,Diesel,685000,Maruti Suzuki_Swift Dzire,Mid,9857.142857142857,11.141876276228
Jeep,Compass,6,46300.0,Manual,second,Diesel,990000,Jeep_Compass,Mid,7716.666666666667,10.742918838113225
Maruti Suzuki,Swift-Dzire,7,38000.0,Manual,first,Petrol,530000,Maruti Suzuki_Swift-Dzire,Mid,5428.571428571428,10.545367754151743
Honda,City ZX,16,119000.0,Automatic,second,Hybrid/CNG,145800,Honda_City ZX,Old,7437.5,11.686887175419702
Mercedes-Benz,GLE,7,57000.0,Automatic,second,Diesel,3050000,Mercedes-Benz_GLE,Mid,8142.857142857143,10.950824090522445
Mahindra,Alturas G4,4,50000.0,Automatic,second,Diesel,1560000,Mahindra_Alturas G4,Recent,12500.0,10.819798284210286
Mahindra,XUV500,7,118000.0,Automatic,second,Diesel,699000,Mahindra_XUV500,Mid,16857.14285714286,11.678448377988165
Kia,Sonet,2,23000.0,Automatic,first,Petrol,1150000,Kia_Sonet,New,11500.0,10.043292972227004
Volkswagen,Polo,11,113000.0,Manual,first,Diesel,299000,Volkswagen_Polo,Old,10272.727272727272,11.635151947212842
Honda,City,5,43000.0,Manual,second,Hybrid/CNG,750000,Honda_City,Recent,8600.0,10.668978650219241
Hyundai,Santro,21,65804.0,Manual,second,Hybrid/CNG,50000,Hyundai_Santro,Old,3133.5238095238096,11.094451102268424
Hyundai,Accent,14,77000.0,Manual,second,Hybrid/CNG,145000,Hyundai_Accent,Old,5500.0,11.251573687764477
Audi,A6,5,60000.0,Automatic,second,Diesel,2350000,Audi_A6,Recent,12000.0,11.002116507732017
Toyota,Innova,11,132000.0,Manual,second,Diesel,693999,Toyota_Innova,Old,12000.0,11.790564777297387
Maruti Suzuki,Alto,13,81000.0,Manual,second,Hybrid/CNG,165000,Maruti Suzuki_Alto,Old,6230.7692307692305,11.302216779257382
Hyundai,Santro,18,50000.0,Manual,second,Petrol,75000,Hyundai_Santro,Old,2777.777777777778,10.819798284210286
Volkswagen,Polo,8,144.0,Manual,second,Diesel,565000,Volkswagen_Polo,Mid,18.0,4.976733742420574
Tata,Nexon,5,55000.0,Manual,second,Hybrid/CNG,480000,Tata_Nexon,Recent,11000.0,10.915106645867503
Maruti Suzuki,Wagon-R-1-0,3,90000.0,Manual,first,Hybrid/CNG,565000,Maruti Suzuki_Wagon-R-1-0,Recent,30000.0,11.407576060361786
Mercedes-Benz,GLE,5,30000.0,Automatic,first,Diesel,4900000,Mercedes-Benz_GLE,Recent,6000.0,10.308985993422082
Toyota,Innova Crysta,7,68000.0,Automatic,second,Diesel,1260000,Toyota_Innova Crysta,Mid,9714.285714285714,11.127277689932466
Skoda,Fabia,12,80000.0,Manual,first,Diesel,325000,Skoda_Fabia,Old,6666.666666666667,11.289794413577894
BMW,3 Series,12,35000.0,Automatic,second,Diesel,1250000,BMW_3 Series,Old,2916.6666666666665,10.463131911491967
Mahindra,Scorpio,9,81000.0,Manual,first,Diesel,650000,Mahindra_Scorpio,Mid,9000.0,11.302216779257382
Audi,A4,9,72000.0,Automatic,second,Diesel,1221000,Audi_A4,Mid,8000.0,11.184435286790631
Hyundai,i20,8,55000.0,Manual,first,Hybrid/CNG,450000,Hyundai_i20,Mid,6875.0,10.915106645867503
Hyundai,Verna,7,130000.0,Automatic,second,Diesel,799000,Hyundai_Verna,Mid,18571.428571428572,11.775297421715827
Maruti Suzuki,Alto-K10,13,95500.0,Manual,second,Petrol,190000,Maruti Suzuki_Alto-K10,Old,7346.153846153846,11.466891997618188
Maruti Suzuki,Ertiga,5,54000.0,Manual,first,Hybrid/CNG,971000,Maruti Suzuki_Ertiga,Recent,10800.0,10.896757843893464
Honda,Accord,11,67100.0,Automatic,second,Petrol,511000,Honda_Accord,Old,6100.0,11.11395422597838
Honda,City,10,116000.0,Manual,second,Diesel,650000,Honda_City,Mid,11600.0,11.661354090741
Maruti Suzuki,Celerio-X,4,142000.0,Automatic,second,Hybrid/CNG,320000,Maruti Suzuki_Celerio-X,Recent,35500.0,11.863589378812122
Renault,Lodgy,8,150000.0,Manual,second,Diesel,450000,Renault_Lodgy,Mid,18750.0,11.918397239722838
Maruti Suzuki,Vitara-Brezza,8,88000.0,Manual,second,Diesel,665000,Maruti Suzuki_Vitara-Brezza,Mid,11000.0,11.385103457032141
Tata,Harrier,2,33000.0,Manual,first,Diesel,1450000,Tata_Harrier,New,16500.0,10.404293143019792
BMW,7 Series,14,86000.0,Automatic,second,Diesel,1025000,BMW_7 Series,Old,6142.857142857143,11.362114203075018
Maruti Suzuki,Wagon-R,2,30500.0,Manual,first,Hybrid/CNG,580000,Maruti Suzuki_Wagon-R,New,15250.0,10.32551474894327
Hyundai,Santro Xing,12,65165.0,Manual,second,Hybrid/CNG,155000,Hyundai_Santro Xing,Old,5430.416666666667,11.084693139508092
Maruti Suzuki,Ertiga,10,97694.0,Manual,second,Hybrid/CNG,665000,Maruti Suzuki_Ertiga,Mid,9769.4,11.489605659648612
Toyota,Land Cruiser,25,30000.0,Automatic,first,Petrol,2100000,Toyota_Land Cruiser,Old,1200.0,10.308985993422082
Hyundai,Aura,3,40000.0,Manual,first,Petrol,700000,Hyundai_Aura,Recent,13333.333333333334,10.596659732783579
Hyundai,i20,10,80000.0,Automatic,second,Petrol,355000,Hyundai_i20,Mid,8000.0,11.289794413577894
MG,Hector,5,46000.0,Automatic,first,Hybrid/CNG,1250000,MG_Hector,Recent,9200.0,10.736418414365376
Honda,City ZX,16,119000.0,Automatic,second,Hybrid/CNG,145000,Honda_City ZX,Old,7437.5,11.686887175419702
Tata,Zest,10,85000.0,Automatic,second,Petrol,250000,Tata_Zest,Mid,8500.0,11.350418300109132
Honda,City,5,49500.0,Manual,first,Diesel,899000,Honda_City,Recent,9900.0,10.809748150372926
Maruti Suzuki,Fronx ,0,8254.0,Manual,first,Petrol,825000,Maruti Suzuki_Fronx,New,8254.0,9.018574356354229
BMW,3 Series,12,135000.0,Automatic,first,Diesel,750000,BMW_3 Series,Old,11250.0,11.813037464800539
Ssangyong,Rexton,11,120000.0,Automatic,second,Diesel,240000,Ssangyong_Rexton,Old,10909.09090909091,11.695255355062795
Hyundai,Grand i10,6,53300.0,Automatic,second,Hybrid/CNG,525111,Hyundai_Grand i10,Mid,8883.333333333334,10.883710371704016
Mahindra,Scorpio Classic,8,55000.0,Manual,second,Diesel,720000,Mahindra_Scorpio Classic,Mid,6875.0,10.915106645867503
Honda,Jazz,14,65000.0,Automatic,first,Hybrid/CNG,180000,Honda_Jazz,Old,4642.857142857143,11.082157933374816
Hyundai,Eon,8,56000.0,Manual,second,Petrol,240000,Hyundai_Eon,Mid,7000.0,10.933124826700707
Mahindra,Rexton,11,105000.0,Automatic,second,Diesel,461000,Mahindra_Rexton,Old,9545.454545454546,11.561725152903833
Maruti Suzuki,Wagon-R,12,134000.0,Manual,first,Petrol,320000,Maruti Suzuki_Wagon-R,Old,11166.666666666666,11.80560254159177
Toyota,Camry,0,6500.0,Automatic,first,Hybrid/CNG,4050000,Toyota_Camry,New,6500.0,8.77971129020447
Maruti Suzuki,Swift-Dzire,6,90000.0,Manual,second,Hybrid/CNG,621000,Maruti Suzuki_Swift-Dzire,Mid,15000.0,11.407576060361786
Maruti Suzuki,Wagon-R-1-0,7,42000.0,Automatic,first,Hybrid/CNG,385000,Maruti Suzuki_Wagon-R-1-0,Mid,6000.0,10.645448706505872
Hyundai,i10,8,44103.0,Automatic,second,Petrol,465000,Hyundai_i10,Mid,5512.875,10.69430576026952
Maruti Suzuki,Eeco,13,69000.0,Manual,first,Petrol,245000,Maruti Suzuki_Eeco,Old,5307.692307692308,11.141876276228
Hyundai,Xcent,8,123913.0,Manual,second,Hybrid/CNG,333333,Hyundai_Xcent,Mid,15489.125,11.727343055584136
Maruti Suzuki,Swift-Dzire,15,58000.0,Automatic,second,Hybrid/CNG,200000,Maruti Suzuki_Swift-Dzire,Old,3866.6666666666665,10.968215530759236
Maruti Suzuki,Wagon-R,10,35188.0,Manual,first,Hybrid/CNG,365000,Maruti Suzuki_Wagon-R,Mid,3518.8,10.46848881274789
Honda,Jazz,3,34000.0,Automatic,first,Petrol,790000,Honda_Jazz,Recent,11333.333333333334,10.434145214930487
Hyundai,New i20,2,12214.0,Automatic,first,Petrol,953000,Hyundai_New i20,New,6107.0,9.41041998369184
Maruti Suzuki,Wagon-R,14,36836.0,Automatic,first,Petrol,240000,Maruti Suzuki_Wagon-R,Old,2631.1428571428573,10.514258053828623
Honda,City,7,54000.0,Automatic,second,Petrol,715000,Honda_City,Mid,7714.285714285715,10.896757843893464
Maruti Suzuki,Swift,10,89000.0,Manual,second,Diesel,510000,Maruti Suzuki_Swift,Mid,8900.0,11.39640288460621
Honda,City,9,77000.0,Automatic,second,Petrol,595000,Honda_City,Mid,8555.555555555555,11.251573687764477
Mahindra,Xylo,9,267000.0,Manual,second,Diesel,310000,Mahindra_Xylo,Mid,29666.666666666668,12.495007682693725
Maruti Suzuki,Wagon-R,5,42000.0,Automatic,first,Hybrid/CNG,415000,Maruti Suzuki_Wagon-R,Recent,8400.0,10.645448706505872
Maruti Suzuki,S-Presso,4,28000.0,Manual,first,Petrol,445000,Maruti Suzuki_S-Presso,Recent,7000.0,10.239995502805316
Maruti Suzuki,Swift,10,85000.0,Manual,first,Diesel,365000,Maruti Suzuki_Swift,Mid,8500.0,11.350418300109132
Mitsubishi,Outlander,13,130000.0,Automatic,second,Petrol,250000,Mitsubishi_Outlander,Old,10000.0,11.775297421715827
Tata,Curvv,5,22000.0,Automatic,second,Petrol,7200000,Tata_Curvv,Recent,4400.0,9.99884318585288
Hyundai,i10,10,80000.0,Automatic,second,Petrol,350000,Hyundai_i10,Mid,8000.0,11.289794413577894
Maruti Suzuki,Swift-Dzire,7,75000.0,Manual,second,Petrol,450000,Maruti Suzuki_Swift-Dzire,Mid,10714.285714285714,11.225256725762893
Toyota,Corolla Altis,11,76000.0,Automatic,first,Hybrid/CNG,450000,Toyota_Corolla Altis,Old,6909.090909090909,11.23850177707664
Toyota,Estima,12,45000.0,Automatic,first,Petrol,2300000,Toyota_Estima,Old,3750.0,10.714439990727769
Renault,KWID,7,39000.0,Automatic,first,Petrol,270000,Renault_KWID,Mid,5571.428571428572,10.571342565808699
Mahindra,XUV500,10,110000.0,Manual,first,Diesel,875000,Mahindra_XUV500,Mid,11000.0,11.608244735642321
Hyundai,i10,15,66000.0,Automatic,second,Petrol,275000,Hyundai_i10,Old,4400.0,11.097425172408931
Maruti Suzuki,Celerio,7,59968.0,Manual,first,Petrol,385000,Maruti Suzuki_Celerio,Mid,8566.857142857143,11.001583041019357
Audi,Q7,4,44000.0,Automatic,first,Diesel,7174999,Audi_Q7,Recent,11000.0,10.691967639914864
Maruti Suzuki,Eeco,6,51000.0,Automatic,first,Hybrid/CNG,365000,Maruti Suzuki_Eeco,Mid,8500.0,10.839600519357369
Hyundai,i20,5,47000.0,Manual,first,Hybrid/CNG,575000,Hyundai_i20,Recent,9400.0,10.757924157061597
Toyota,Innova Crysta,3,24000.0,Automatic,first,Diesel,3150000,Toyota_Innova Crysta,Recent,8000.0,10.085850775128717
Maruti Suzuki,1000,1,20000.0,Automatic,first,Hybrid/CNG,400000,Maruti Suzuki_1000,New,20000.0,9.90353755128617
Honda,City,7,71000.0,Automatic,first,Hybrid/CNG,725000,Honda_City,Mid,10142.857142857143,11.170449240431308
Opel,Corsa,20,70000.0,Manual,second,Petrol,68000,Opel_Corsa,Old,3500.0,11.156264806643742
Hyundai,i10,16,105000.0,Manual,second,Petrol,249000,Hyundai_i10,Old,6562.5,11.561725152903833
Volkswagen,Virtus,2,40000.0,Manual,second,Petrol,1199900,Volkswagen_Virtus,New,20000.0,10.596659732783579
Ford,Ikon,15,95000.0,Manual,second,Diesel,150000,Ford_Ikon,Old,6333.333333333333,11.461642696843066
Mercedes-Benz,C-Class,10,64000.0,Automatic,second,Diesel,1474000,Mercedes-Benz_C-Class,Mid,6400.0,11.06665398721974
Toyota,Innova Crysta,6,85000.0,Automatic,first,Diesel,1690000,Toyota_Innova Crysta,Mid,14166.666666666666,11.350418300109132
Maruti Suzuki,Ciaz,8,58000.0,Manual,first,Hybrid/CNG,575000,Maruti Suzuki_Ciaz,Mid,7250.0,10.968215530759236
Hyundai,Verna,1,24600.0,Automatic,first,Petrol,1599000,Hyundai_Verna,New,24600.0,10.110542371500753
Hyundai,i20,12,95000.0,Manual,second,Petrol,351000,Hyundai_i20,Old,7916.666666666667,11.461642696843066
MG,Gloster,2,52000.0,Automatic,second,Diesel,3800000,MG_Gloster,New,26000.0,10.859018228147887
Skoda,Slavia,2,20000.0,Automatic,first,Petrol,1100000,Skoda_Slavia,New,10000.0,9.90353755128617
Hyundai,Verna,6,52536.0,Automatic,second,Hybrid/CNG,780000,Hyundai_Verna,Mid,8756.0,10.869272962256426
Honda,BRV,8,38000.0,Automatic,second,Petrol,750000,Honda_BRV,Mid,4750.0,10.545367754151743
Honda,Amaze,5,52400.0,Manual,second,Petrol,540000,Honda_Amaze,Recent,10480.0,10.866680954096502
Toyota,Innova Crysta,4,22000.0,Manual,second,Diesel,2300000,Toyota_Innova Crysta,Recent,5500.0,9.99884318585288
BMW,3 Series,11,58000.0,Automatic,second,Diesel,2399000,BMW_3 Series,Old,5272.727272727273,10.968215530759236
Volkswagen,VentoTest,12,100000.0,Manual,second,Diesel,375000,Volkswagen_VentoTest,Old,8333.333333333334,11.51293546492023
Hyundai,Elite i20,7,26000.0,Manual,first,Petrol,585000,Hyundai_Elite i20,Mid,3714.285714285714,10.165890277802454
Maruti Suzuki,Ertiga,4,185000.0,Manual,first,Hybrid/CNG,720000,Maruti Suzuki_Ertiga,Recent,46250.0,12.128116509451258
Lexus,NX,6,71767.0,Automatic,first,Hybrid/CNG,3275000,Lexus_NX,Mid,11961.166666666666,11.18119397323912
Volkswagen,Polo,6,82886.0,Automatic,first,Diesel,785000,Volkswagen_Polo,Mid,13814.333333333334,11.32523351338627
Maruti Suzuki,Baleno,7,90000.0,Manual,first,Diesel,650000,Maruti Suzuki_Baleno,Mid,12857.142857142857,11.407576060361786
Tata,Tiago,0,3500.0,Automatic,first,Hybrid/CNG,820000,Tata_Tiago,New,3500.0,8.160803920954665
Maruti Suzuki,Ertiga,12,98580.0,Manual,first,Diesel,260000,Maruti Suzuki_Ertiga,Old,8215.0,11.498633824253364
Honda,Amaze,6,52000.0,Automatic,second,Hybrid/CNG,590000,Honda_Amaze,Mid,8666.666666666666,10.859018228147887
Honda,Amaze,4,64000.0,Automatic,second,Hybrid/CNG,550000,Honda_Amaze,Recent,16000.0,11.06665398721974
Maruti Suzuki,Baleno,7,31235.0,Automatic,first,Hybrid/CNG,555000,Maruti Suzuki_Baleno,Mid,4462.142857142857,10.349326554782566
Maruti Suzuki,Alto-800,11,82743.0,Manual,first,Petrol,215000,Maruti Suzuki_Alto-800,Old,7522.090909090909,11.32350678305764
Honda,City ZX,9,83000.0,Automatic,second,Petrol,560000,Honda_City ZX,Mid,9222.222222222223,11.326607934898927
Maruti Suzuki,Celerio,10,17000.0,Automatic,second,Petrol,345000,Maruti Suzuki_Celerio,Mid,1700.0,9.741027444837728
BMW,5 Series Gt,14,80000.0,Automatic,second,Diesel,933000,BMW_5 Series Gt,Old,5714.285714285715,11.289794413577894
Maruti Suzuki,Ritz,8,135000.0,Manual,second,Diesel,299000,Maruti Suzuki_Ritz,Mid,16875.0,11.813037464800539
Honda,City Hybrid eHEV,2,32000.0,Automatic,first,Hybrid/CNG,1825000,Honda_City Hybrid eHEV,New,16000.0,10.373522431293592
Maruti Suzuki,Alto K10,6,11000.0,Automatic,second,Petrol,378000,Maruti Suzuki_Alto K10,Mid,1833.3333333333333,9.305741456739435
Maruti Suzuki,Baleno,7,53000.0,Manual,first,Hybrid/CNG,595000,Maruti Suzuki_Baleno,Mid,7571.428571428572,10.87806606028079
Kia,Seltos,3,89000.0,Automatic,first,Diesel,1665000,Kia_Seltos,Recent,29666.666666666668,11.39640288460621
Maruti Suzuki,Wagon-R,9,75000.0,Manual,second,Hybrid/CNG,299999,Maruti Suzuki_Wagon-R,Mid,8333.333333333334,11.225256725762893
Hyundai,Creta,4,74000.0,Automatic,first,Diesel,1499999,Hyundai_Creta,Recent,18500.0,11.211833885608513
Maruti Suzuki,Alto-800,2,3350.0,Manual,second,Petrol,390000,Maruti Suzuki_Alto-800,New,1675.0,8.11701408773731
Tata,Nexon,6,80000.0,Automatic,second,Diesel,760000,Tata_Nexon,Mid,13333.333333333334,11.289794413577894
Toyota,Etios,6,90000.0,Manual,first,Diesel,830000,Toyota_Etios,Mid,15000.0,11.407576060361786
Maruti Suzuki,Celerio,7,43000.0,Manual,first,Hybrid/CNG,375000,Maruti Suzuki_Celerio,Mid,6142.857142857143,10.668978650219241
Kia,Seltos,3,16.0,Manual,first,Petrol,800000,Kia_Seltos,Recent,5.333333333333333,2.833213344056216
Maruti Suzuki,Eeco,9,65137.5,Automatic,second,Hybrid/CNG,260000,Maruti Suzuki_Eeco,Mid,7237.5,11.084271051239332
Hyundai,Creta,6,87695.0,Manual,first,Diesel,799999,Hyundai_Creta,Mid,14615.833333333334,11.381631567285897
Maruti Suzuki,Celerio X,5,59000.0,Manual,first,Hybrid/CNG,475000,Maruti Suzuki_Celerio X,Recent,11800.0,10.985309671896763
Hyundai,Grand i10,6,21000.0,Automatic,first,Petrol,465000,Hyundai_Grand i10,Mid,3500.0,9.952325334619427
Mahindra,Alturas G4,5,30700.0,Automatic,first,Diesel,2390000,Mahindra_Alturas G4,Recent,6140.0,10.332050506334692
Hyundai,i20 Active,7,69000.0,Manual,first,Petrol,470000,Hyundai_i20 Active,Mid,9857.142857142857,11.141876276228
Maruti Suzuki,Alto,14,100000.0,Manual,second,Petrol,225000,Maruti Suzuki_Alto,Old,7142.857142857143,11.51293546492023
Maruti Suzuki,Swift,8,117592.0,Manual,first,Petrol,550000,Maruti Suzuki_Swift,Mid,14699.0,11.674984788865528
Mahindra,Bolero,8,112000.0,Manual,first,Diesel,760000,Mahindra_Bolero,Mid,14000.0,11.626263078808801
Nissan,Sunny,11,111519.0,Manual,second,Diesel,185000,Nissan_Sunny,Old,10138.09090909091,11.62195922599435
Maruti Suzuki,Wagon-R,2,42000.0,Manual,first,Hybrid/CNG,575000,Maruti Suzuki_Wagon-R,New,21000.0,10.645448706505872
Hyundai,Creta,3,83000.0,Manual,first,Diesel,1290000,Hyundai_Creta,Recent,27666.666666666668,11.326607934898927
Maruti Suzuki,Ignis,5,82123.0,Automatic,first,Hybrid/CNG,455000,Maruti Suzuki_Ignis,Recent,16424.6,11.315985579152654
Volkswagen,Ameo,6,106901.0,Automatic,first,Diesel,725000,Volkswagen_Ameo,Mid,17816.833333333332,11.579667805912026
Maruti Suzuki,Alto-K10,9,68000.0,Manual,second,Hybrid/CNG,275000,Maruti Suzuki_Alto-K10,Mid,7555.555555555556,11.127277689932466
Maruti Suzuki,Celerio,6,25193.0,Manual,first,Petrol,370000,Maruti Suzuki_Celerio,Mid,4198.833333333333,10.134361149912248
Maruti Suzuki,Celerio,9,61479.0,Automatic,first,Petrol,365000,Maruti Suzuki_Celerio,Mid,6831.0,11.026467197652533
Hyundai,Grand i10,9,69000.0,Manual,second,Petrol,440000,Hyundai_Grand i10,Mid,7666.666666666667,11.141876276228
Tata,Nexon,3,31000.0,Manual,second,Hybrid/CNG,650000,Tata_Nexon,Recent,10333.333333333334,10.34177474101152
Nissan,Terrano,10,150000.0,Manual,second,Diesel,570000,Nissan_Terrano,Mid,15000.0,11.918397239722838
Hyundai,i20,13,82000.0,Manual,first,Petrol,240000,Hyundai_i20,Old,6307.692307692308,11.314486721293981
Hyundai,i20,8,80000.0,Manual,first,Petrol,505000,Hyundai_i20,Mid,10000.0,11.289794413577894
Mahindra,Marazzo,6,95000.0,Manual,first,Diesel,875000,Mahindra_Marazzo,Mid,15833.333333333334,11.461642696843066
BMW,X3,12,100000.0,Automatic,second,Diesel,950000,BMW_X3,Old,8333.333333333334,11.51293546492023
Mahindra,Xylo,11,16.0,Manual,first,Diesel,250000,Mahindra_Xylo,Old,1.4545454545454546,2.833213344056216
Fiat,Avventura,8,63000.0,Manual,second,Diesel,410000,Fiat_Avventura,Mid,7875.0,11.050905878263567
Maruti Suzuki,Wagon-R-1-0,0,10000.0,Automatic,first,Hybrid/CNG,830000,Maruti Suzuki_Wagon-R-1-0,New,10000.0,9.210440366976517
Renault,KWID,7,100000.0,Manual,first,Petrol,200000,Renault_KWID,Mid,14285.714285714286,11.51293546492023
Hyundai,Eon,13,33000.0,Manual,second,Petrol,220000,Hyundai_Eon,Old,2538.4615384615386,10.404293143019792
Maruti Suzuki,Ignis,7,53000.0,Automatic,first,Petrol,550000,Maruti Suzuki_Ignis,Mid,7571.428571428572,10.87806606028079
Nissan,Terrano,11,99000.0,Manual,second,Diesel,420000,Nissan_Terrano,Old,9000.0,11.502885230075814
Maruti Suzuki,Wagon-R,9,65137.5,Manual,second,Hybrid/CNG,215000,Maruti Suzuki_Wagon-R,Mid,7237.5,11.084271051239332
Maruti Suzuki,Swift-Dzire,13,190000.0,Manual,second,Hybrid/CNG,145000,Maruti Suzuki_Swift-Dzire,Old,14615.384615384615,12.154784614286667
Toyota,Camry,5,16000.0,Automatic,first,Hybrid/CNG,3550000,Toyota_Camry,Recent,3200.0,9.680406499268875
Maruti Suzuki,Celerio,8,90000.0,Automatic,first,Hybrid/CNG,360000,Maruti Suzuki_Celerio,Mid,11250.0,11.407576060361786
Maruti Suzuki,Baleno,7,33555.0,Automatic,first,Hybrid/CNG,499555,Maruti Suzuki_Baleno,Mid,4793.571428571428,10.420970963966186
Hyundai,Elite i20,5,70000.0,Manual,second,Diesel,730000,Hyundai_Elite i20,Recent,14000.0,11.156264806643742
Maruti Suzuki,Swift-Dzire,15,43256.0,Manual,second,Petrol,290000,Maruti Suzuki_Swift-Dzire,Old,2883.733333333333,10.674914348974756
Maruti Suzuki,Ertiga,2,53000.0,Manual,first,Hybrid/CNG,1121000,Maruti Suzuki_Ertiga,New,26500.0,10.87806606028079
Maruti Suzuki,Swift,14,99000.0,Manual,second,Diesel,285000,Maruti Suzuki_Swift,Old,7071.428571428572,11.502885230075814
Land Rover,Range Rover Evoque,3,31527.0,Automatic,second,Diesel,5600000,Land Rover_Range Rover Evoque,Recent,10509.0,10.35863131887484
BMW,3 Series GT,10,68000.0,Automatic,second,Diesel,1549000,BMW_3 Series GT,Mid,6800.0,11.127277689932466
Toyota,Fortuner,10,175000.0,Automatic,second,Diesel,1225000,Toyota_Fortuner,Mid,17500.0,12.07254696717504
Maruti Suzuki,Alto,16,89000.0,Automatic,first,Hybrid/CNG,120000,Maruti Suzuki_Alto,Old,5562.5,11.39640288460621
Honda,Amaze,6,29295.0,Automatic,second,Petrol,530000,Honda_Amaze,Mid,4882.5,10.285206266914292
Honda,City,9,63007.0,Manual,first,Petrol,650000,Honda_City,Mid,7000.777777777777,11.051016981438853
Maruti Suzuki,Celerio,10,61000.0,Automatic,first,Petrol,380000,Maruti Suzuki_Celerio,Mid,6100.0,11.0186455364637
Mercedes-Benz,GLS,6,45000.0,Automatic,second,Diesel,6999999,Mercedes-Benz_GLS,Mid,7500.0,10.714439990727769
Maruti Suzuki,Celerio,6,89124.0,Automatic,second,Petrol,485000,Maruti Suzuki_Celerio,Mid,14854.0,11.397795157716597
Hyundai,i10,12,76000.0,Manual,second,Hybrid/CNG,190000,Hyundai_i10,Old,6333.333333333333,11.23850177707664
Hyundai,Santro Xing,12,83000.0,Manual,second,Petrol,149000,Hyundai_Santro Xing,Old,6916.666666666667,11.326607934898927
Hyundai,i20,10,73000.0,Manual,second,Petrol,530000,Hyundai_i20,Mid,7300.0,11.19822841866684
Maruti Suzuki,Wagon-R,8,91000.0,Manual,second,Hybrid/CNG,421000,Maruti Suzuki_Wagon-R,Mid,11375.0,11.418625774449598
Toyota,Corolla Altis,7,46868.0,Automatic,second,Petrol,724999,Toyota_Corolla Altis,Mid,6695.428571428572,10.755111755080012
Mahindra,Scorpio,7,71000.0,Manual,second,Diesel,870000,Mahindra_Scorpio,Mid,10142.857142857143,11.170449240431308
Maruti Suzuki,Swift,6,62000.0,Automatic,second,Petrol,615000,Maruti Suzuki_Swift,Mid,10333.333333333334,11.034905792929415
Hyundai,i10,15,28.0,Automatic,second,Hybrid/CNG,105000,Hyundai_i10,Old,1.8666666666666667,3.367295829986474
Mercedes-Benz,E-Class,10,80000.0,Automatic,second,Diesel,1395000,Mercedes-Benz_E-Class,Mid,8000.0,11.289794413577894
Maruti Suzuki,Wagon-R,10,92000.0,Manual,first,Hybrid/CNG,295000,Maruti Suzuki_Wagon-R,Mid,9200.0,11.429554725537322
Maruti Suzuki,Wagon-R,10,79000.0,Manual,second,Hybrid/CNG,325000,Maruti Suzuki_Wagon-R,Mid,7900.0,11.277215789596893
Mitsubishi,Pajero Sport,9,80000.0,Automatic,second,Diesel,1340000,Mitsubishi_Pajero Sport,Mid,8888.888888888889,11.289794413577894
Toyota,Fortuner,2,34000.0,Automatic,first,Diesel,4400000,Toyota_Fortuner,New,17000.0,10.434145214930487
Mahindra,Scorpio,4,153058.0,Manual,first,Diesel,995000,Mahindra_Scorpio,Recent,38264.5,11.938578746956969
Tata,Nexon,4,69000.0,Manual,first,Hybrid/CNG,675000,Tata_Nexon,Recent,17250.0,11.141876276228
Hyundai,Verna,5,44500.0,Automatic,second,Hybrid/CNG,820000,Hyundai_Verna,Recent,8900.0,10.703266939811954
Jaguar,Others,10,74000.0,Automatic,first,Diesel,2250000,Jaguar_Others,Mid,7400.0,11.211833885608513
Volkswagen,Polo,5,40000.0,Manual,first,Petrol,765000,Volkswagen_Polo,Recent,8000.0,10.596659732783579
Toyota,Innova,9,111000.0,Manual,second,Diesel,750000,Toyota_Innova,Mid,12333.333333333334,11.6172944892629
Renault,Triber,3,70000.0,Manual,first,Petrol,615000,Renault_Triber,Recent,23333.333333333332,11.156264806643742
Chevrolet,Cruze,7,64000.0,Automatic,second,Diesel,585000,Chevrolet_Cruze,Mid,9142.857142857143,11.06665398721974
Honda,Amaze,5,42000.0,Manual,second,Hybrid/CNG,555000,Honda_Amaze,Recent,8400.0,10.645448706505872
Maruti Suzuki,Celerio,9,60000.0,Automatic,second,Hybrid/CNG,325000,Maruti Suzuki_Celerio,Mid,6666.666666666667,11.002116507732017
Honda,Jazz,3,31000.0,Automatic,second,Petrol,840000,Honda_Jazz,Recent,10333.333333333334,10.34177474101152
Tata,Tiago,1,27000.0,Automatic,first,Hybrid/CNG,670000,Tata_Tiago,New,27000.0,10.203629181337648
Maruti Suzuki,Ertiga,4,120000.0,Manual,second,Hybrid/CNG,875000,Maruti Suzuki_Ertiga,Recent,30000.0,11.695255355062795
Tata,Harrier,3,47000.0,Automatic,first,Diesel,1175000,Tata_Harrier,Recent,15666.666666666666,10.757924157061597
Hyundai,i20,13,30.0,Automatic,first,Hybrid/CNG,195000,Hyundai_i20,Old,2.3076923076923075,3.4339872044851463
Honda,Mobilio,10,90000.0,Manual,second,Diesel,515000,Honda_Mobilio,Mid,9000.0,11.407576060361786
Hyundai,Grand i10 Nios,3,55000.0,Manual,first,Hybrid/CNG,621000,Hyundai_Grand i10 Nios,Recent,18333.333333333332,10.915106645867503
Mercedes-Benz,GLA Class,9,72000.0,Automatic,first,Diesel,1651000,Mercedes-Benz_GLA Class,Mid,8000.0,11.184435286790631
Hyundai,i10,15,50000.0,Automatic,first,Hybrid/CNG,35000,Hyundai_i10,Old,3333.3333333333335,10.819798284210286
Maruti Suzuki,Omni,13,20.0,Automatic,second,Petrol,150000,Maruti Suzuki_Omni,Old,1.5384615384615385,3.044522437723423
Renault,Triber,3,40000.0,Automatic,first,Petrol,625000,Renault_Triber,Recent,13333.333333333334,10.596659732783579
Toyota,Innova Crysta,6,133000.0,Automatic,first,Diesel,1650000,Toyota_Innova Crysta,Mid,22166.666666666668,11.798111925972618
Maruti Suzuki,Wagon-R,4,80000.0,Automatic,first,Hybrid/CNG,560000,Maruti Suzuki_Wagon-R,Recent,20000.0,11.289794413577894
Hyundai,Grand i10,10,70000.0,Automatic,first,Petrol,390000,Hyundai_Grand i10,Mid,7000.0,11.156264806643742
Ford,Endeavour,5,63988.0,Automatic,first,Diesel,3100000,Ford_Endeavour,Recent,12797.6,11.066466472569608
Volkswagen,Vento,11,52000.0,Automatic,first,Petrol,440000,Volkswagen_Vento,Old,4727.272727272727,10.859018228147887
Audi,A6,7,43000.0,Automatic,second,Diesel,2950000,Audi_A6,Mid,6142.857142857143,10.668978650219241
Hyundai,Verna,8,65000.0,Automatic,first,Petrol,695000,Hyundai_Verna,Mid,8125.0,11.082157933374816
Toyota,Corolla,17,80000.0,Automatic,first,Hybrid/CNG,165000,Toyota_Corolla,Old,4705.882352941177,11.289794413577894
Maruti Suzuki,Alto-800,11,80000.0,Manual,first,Hybrid/CNG,245000,Maruti Suzuki_Alto-800,Old,7272.727272727273,11.289794413577894
Tata,Nano,8,80000.0,Manual,second,Petrol,125000,Tata_Nano,Mid,10000.0,11.289794413577894
Mercedes-Benz,GLA,5,33500.0,Automatic,first,Diesel,1850000,Mercedes-Benz_GLA,Recent,6700.0,10.419330568113901
Honda,City,14,96000.0,Automatic,second,Hybrid/CNG,275000,Honda_City,Old,6857.142857142857,11.472113887062386
Maruti Suzuki,Swift-Dzire,12,74000.0,Manual,first,Petrol,320000,Maruti Suzuki_Swift-Dzire,Old,6166.666666666667,11.211833885608513
Hyundai,Elite i20,10,107000.0,Manual,second,Diesel,400000,Hyundai_Elite i20,Mid,10700.0,11.580593459194764
Ssangyong,Rexton,11,85000.0,Automatic,second,Diesel,575000,Ssangyong_Rexton,Old,7727.272727272727,11.350418300109132
Maruti Suzuki,Vitara-Brezza,5,98250.0,Manual,second,Diesel,550000,Maruti Suzuki_Vitara-Brezza,Recent,19650.0,11.49528070779676
Honda,Amaze,3,69052.0,Manual,second,Petrol,577000,Honda_Amaze,Recent,23017.333333333332,11.142629604671352
Renault,Triber,4,69000.0,Manual,second,Hybrid/CNG,475000,Renault_Triber,Recent,17250.0,11.141876276228
Maruti Suzuki,Alto-K10,6,70150.0,Automatic,second,Hybrid/CNG,281111,Maruti Suzuki_Alto-K10,Mid,11691.666666666666,11.1584053405965
Hyundai,Creta,1,21000.0,Automatic,first,Petrol,1699999,Hyundai_Creta,New,21000.0,9.952325334619427
Toyota,Fortuner,14,140000.0,Manual,second,Diesel,773000,Toyota_Fortuner,Old,10000.0,11.849404844423074
Tata,Tiago,2,65000.0,Automatic,first,Hybrid/CNG,498000,Tata_Tiago,New,32500.0,11.082157933374816
Maruti Suzuki,Omni,14,80000.0,Manual,second,Hybrid/CNG,125000,Maruti Suzuki_Omni,Old,5714.285714285715,11.289794413577894
Maruti Suzuki,Eeco,4,62000.0,Manual,first,Hybrid/CNG,410000,Maruti Suzuki_Eeco,Recent,15500.0,11.034905792929415
Maruti Suzuki,Swift,13,90401.0,Manual,second,Petrol,330000,Maruti Suzuki_Swift,Old,6953.923076923077,11.412021670029343
Kia,Sonet,1,20600.0,Manual,first,Diesel,1250000,Kia_Sonet,New,20600.0,9.933094897288786
Mahindra,Scorpio,7,60000.0,Manual,first,Diesel,885000,Mahindra_Scorpio,Mid,8571.42857142857,11.002116507732017
Maruti Suzuki,Alto,12,128835.0,Manual,first,Petrol,155000,Maruti Suzuki_Alto,Old,10736.25,11.766295556704264
Honda,WRV,6,83000.0,Manual,first,Petrol,670000,Honda_WRV,Mid,13833.333333333334,11.326607934898927
Maruti Suzuki,Wagon-R,6,0.0,Automatic,first,Hybrid/CNG,449999,Maruti Suzuki_Wagon-R,Mid,0.0,0.0
Volkswagen,Polo,8,152000.0,Manual,second,Diesel,499999,Volkswagen_Polo,Mid,19000.0,11.931642378754141
Hyundai,i20,13,100000.0,Manual,second,Diesel,295000,Hyundai_i20,Old,7692.307692307692,11.51293546492023
Hyundai,i10,13,56000.0,Manual,first,Petrol,175000,Hyundai_i10,Old,4307.692307692308,10.933124826700707
Hyundai,Xcent,8,59000.0,Automatic,second,Petrol,279000,Hyundai_Xcent,Mid,7375.0,10.985309671896763
Toyota,Innova,9,295000.0,Manual,first,Diesel,1330000,Toyota_Innova,Mid,32777.77777777778,12.59473402514672
Volkswagen,Tiguan,7,68000.0,Automatic,first,Diesel,1499999,Volkswagen_Tiguan,Mid,9714.285714285714,11.127277689932466
Fiat,Grand Punto,12,90000.0,Manual,second,Petrol,135000,Fiat_Grand Punto,Old,7500.0,11.407576060361786
Mahindra,Scorpio,7,78197.0,Manual,first,Diesel,950000,Mahindra_Scorpio,Mid,11171.0,11.266999350758775
Toyota,Corolla Altis,15,75000.0,Automatic,second,Hybrid/CNG,450000,Toyota_Corolla Altis,Old,5000.0,11.225256725762893
Chevrolet,Cruze,14,75000.0,Manual,second,Diesel,290000,Chevrolet_Cruze,Old,5357.142857142857,11.225256725762893
Mahindra,Bolero Neo,3,65000.0,Manual,second,Diesel,875000,Mahindra_Bolero Neo,Recent,21666.666666666668,11.082157933374816
Tata,Indica Vista,13,48000.0,Manual,second,Diesel,95000,Tata_Indica Vista,Old,3692.3076923076924,10.778977123006351
Hyundai,Grand i10,7,53000.0,Manual,second,Hybrid/CNG,450000,Hyundai_Grand i10,Mid,7571.428571428572,10.87806606028079
Hyundai,i20,1,22000.0,Manual,first,Petrol,775000,Hyundai_i20,New,22000.0,9.99884318585288
Volvo,XC 90,7,98000.0,Automatic,second,Diesel,3000000,Volvo_XC 90,Mid,14000.0,11.49273296168228
Jeep,Wrangler,2,39000.0,Automatic,first,Petrol,5800000,Jeep_Wrangler,New,19500.0,10.571342565808699
Maruti Suzuki,Ertiga,2,80000.0,Automatic,second,Hybrid/CNG,1125000,Maruti Suzuki_Ertiga,New,40000.0,11.289794413577894
Mahindra,Thar,4,76108.0,Automatic,first,Diesel,1345000,Mahindra_Thar,Recent,19027.0,11.239921802297182
Hyundai,Aura,3,89500.0,Automatic,second,Hybrid/CNG,551521,Hyundai_Aura,Recent,29833.333333333332,11.402005077384885
Maruti Suzuki,S-Cross1,6,90000.0,Manual,first,Diesel,525000,Maruti Suzuki_S-Cross1,Mid,15000.0,11.407576060361786
BMW,X5,4,60000.0,Automatic,first,Diesel,6891000,BMW_X5,Recent,15000.0,11.002116507732017
Maruti Suzuki,Wagon-R,10,106000.0,Manual,second,Hybrid/CNG,280000,Maruti Suzuki_Wagon-R,Mid,10600.0,11.571203807011969
Hyundai,Verna,6,70000.0,Automatic,first,Diesel,949999,Hyundai_Verna,Mid,11666.666666666666,11.156264806643742
Mahindra,Scorpio,6,90000.0,Manual,first,Diesel,1299000,Mahindra_Scorpio,Mid,15000.0,11.407576060361786
Mahindra,Thar,2,7000.0,Automatic,first,Diesel,1620000,Mahindra_Thar,New,3500.0,8.853808274977197
Hyundai,Grand i10,6,10000.0,Manual,second,Petrol,421000,Hyundai_Grand i10,Mid,1666.6666666666667,9.210440366976517
Maruti Suzuki,Alto-800,8,86000.0,Manual,first,Hybrid/CNG,230000,Maruti Suzuki_Alto-800,Mid,10750.0,11.362114203075018
Hyundai,i10,13,65000.0,Manual,first,Hybrid/CNG,240000,Hyundai_i10,Old,5000.0,11.082157933374816
Maruti Suzuki,Baleno,3,22000.0,Manual,first,Petrol,660000,Maruti Suzuki_Baleno,Recent,7333.333333333333,9.99884318585288
Volkswagen,Ameo,6,85400.0,Automatic,first,Diesel,470000,Volkswagen_Ameo,Mid,14233.333333333334,11.355113089309977
Tata,Tiago,7,82010.0,Manual,second,Hybrid/CNG,370000,Tata_Tiago,Mid,11715.714285714286,11.314608663591038
Jeep,Compass,5,59000.0,Automatic,second,Petrol,1350000,Jeep_Compass,Recent,11800.0,10.985309671896763
Maruti Suzuki,Ertiga,10,75666.0,Manual,second,Hybrid/CNG,590000,Maruti Suzuki_Ertiga,Mid,7566.6,11.234097413072071
Maruti Suzuki,Wagon-R,4,63000.0,Manual,second,Hybrid/CNG,475000,Maruti Suzuki_Wagon-R,Recent,15750.0,11.050905878263567
Mahindra,KUV 100,8,107000.0,Manual,first,Diesel,420000,Mahindra_KUV 100,Mid,13375.0,11.580593459194764
Maruti Suzuki,Eeco,3,37000.0,Automatic,first,Hybrid/CNG,430000,Maruti Suzuki_Eeco,Recent,12333.333333333334,10.518700218288165
Maruti Suzuki,Ertiga,2,88392.0,Manual,second,Hybrid/CNG,920000,Maruti Suzuki_Ertiga,New,44196.0,11.389548059970034
Maruti Suzuki,Swift,6,91000.0,Automatic,first,Diesel,660000,Maruti Suzuki_Swift,Mid,15166.666666666666,11.418625774449598
Maruti Suzuki,Celerio,9,114000.0,Automatic,second,Petrol,375000,Maruti Suzuki_Celerio,Mid,12666.666666666666,11.643962499267984
Mercedes-Benz,C-Class,13,68000.0,Automatic,second,Petrol,900000,Mercedes-Benz_C-Class,Old,5230.7692307692305,11.127277689932466
Maruti Suzuki,Wagon-R-1-0,12,84000.0,Manual,first,Hybrid/CNG,270000,Maruti Suzuki_Wagon-R-1-0,Old,7000.0,11.338583982516495
Toyota,Fortuner,10,90220.0,Automatic,first,Diesel,1099999,Toyota_Fortuner,Mid,9022.0,11.410017494917808
Audi,A4,12,1.0,Automatic,second,Diesel,1075000,Audi_A4,Old,0.08333333333333333,0.6931471805599453
Maruti Suzuki,Alto,13,106000.0,Automatic,first,Hybrid/CNG,160000,Maruti Suzuki_Alto,Old,8153.846153846154,11.571203807011969
Volkswagen,Jetta,11,65137.5,Manual,second,Diesel,310000,Volkswagen_Jetta,Old,5921.590909090909,11.084271051239332
Mercedes-Benz,E-Class,11,68000.0,Automatic,second,Petrol,1275000,Mercedes-Benz_E-Class,Old,6181.818181818182,11.127277689932466
Volkswagen,Polo,9,40200.0,Manual,first,Petrol,499000,Volkswagen_Polo,Mid,4466.666666666667,10.601647149919609
Hyundai,Creta,8,90500.0,Automatic,first,Diesel,799999,Hyundai_Creta,Mid,11312.5,11.413116179350727
Maruti Suzuki,Swift,16,86000.0,Manual,second,Hybrid/CNG,145000,Maruti Suzuki_Swift,Old,5375.0,11.362114203075018
Maruti Suzuki,Baleno,6,67000.0,Automatic,second,Petrol,525000,Maruti Suzuki_Baleno,Mid,11166.666666666666,11.112462823634855
Maruti Suzuki,Ciaz,8,67000.0,Manual,first,Petrol,449000,Maruti Suzuki_Ciaz,Mid,8375.0,11.112462823634855
Ford,Ecosport,5,40860.0,Automatic,first,Hybrid/CNG,775000,Ford_Ecosport,Recent,8172.0,10.617931341885154
Volkswagen,VentoTest,12,90000.0,Manual,first,Petrol,290000,Volkswagen_VentoTest,Old,7500.0,11.407576060361786
Maruti Suzuki,Eeco,5,81520.0,Automatic,first,Hybrid/CNG,360000,Maruti Suzuki_Eeco,Recent,16304.0,11.30861593474973
Hyundai,Verna,5,52000.0,Manual,second,Hybrid/CNG,695000,Hyundai_Verna,Recent,10400.0,10.859018228147887
Hyundai,i20,11,68000.0,Manual,second,Hybrid/CNG,379000,Hyundai_i20,Old,6181.818181818182,11.127277689932466
Mercedes-Benz,C-Class,8,43000.0,Automatic,first,Petrol,2900000,Mercedes-Benz_C-Class,Mid,5375.0,10.668978650219241
Honda,City,12,60000.0,Automatic,second,Hybrid/CNG,321000,Honda_City,Old,5000.0,11.002116507732017
Maruti Suzuki,Swift,1,30000.0,Manual,first,Hybrid/CNG,765000,Maruti Suzuki_Swift,New,30000.0,10.308985993422082
Volkswagen,VentoTest,11,65000.0,Automatic,first,Petrol,349000,Volkswagen_VentoTest,Old,5909.090909090909,11.082157933374816
Maruti Suzuki,Ciaz,7,93000.0,Manual,second,Diesel,600000,Maruti Suzuki_Ciaz,Mid,13285.714285714286,11.440365524765756
Tata,Zest,6,190000.0,Manual,first,Diesel,250000,Tata_Zest,Mid,31666.666666666668,12.154784614286667
Mercedes-Benz,S-Class,16,70000.0,Automatic,second,Diesel,1000000,Mercedes-Benz_S-Class,Old,4375.0,11.156264806643742
Maruti Suzuki,Eeco,1,35000.0,Automatic,second,Hybrid/CNG,510000,Maruti Suzuki_Eeco,New,35000.0,10.463131911491967
Maruti Suzuki,Wagon-R-1-0,7,84127.0,Manual,first,Petrol,375000,Maruti Suzuki_Wagon-R-1-0,Mid,12018.142857142857,11.340094727529607
Honda,City,5,37000.0,Automatic,second,Petrol,935000,Honda_City,Recent,7400.0,10.518700218288165
Renault,Duster,7,58000.0,Manual,first,Diesel,555000,Renault_Duster,Mid,8285.714285714286,10.968215530759236
Tata,Tigor,4,61000.0,Automatic,first,Hybrid/CNG,561000,Tata_Tigor,Recent,15250.0,11.0186455364637
Maruti Suzuki,Wagon-R-1-0,11,70000.0,Manual,second,Petrol,220000,Maruti Suzuki_Wagon-R-1-0,Old,6363.636363636364,11.156264806643742
Maruti Suzuki,800,22,51000.0,Manual,first,Petrol,78000,Maruti Suzuki_800,Old,2318.181818181818,10.839600519357369
Mahindra,Jeep,27,225897.0,Manual,second,Diesel,190000,Mahindra_Jeep,Old,8366.555555555555,12.327838848941914
Nissan,Magnite,2,17000.0,Manual,first,Petrol,745000,Nissan_Magnite,New,8500.0,9.741027444837728
Maruti Suzuki,Celerio,9,72000.0,Automatic,second,Petrol,367000,Maruti Suzuki_Celerio,Mid,8000.0,11.184435286790631
Tata,Indica V2,14,82000.0,Manual,first,Diesel,135000,Tata_Indica V2,Old,5857.142857142857,11.314486721293981
Hyundai,Grand i10 Nios,3,20121.0,Manual,second,Petrol,665000,Hyundai_Grand i10 Nios,Recent,6707.0,9.909569022851995
Maruti Suzuki,Eeco,5,95000.0,Automatic,first,Hybrid/CNG,430000,Maruti Suzuki_Eeco,Recent,19000.0,11.461642696843066
Toyota,Fortuner,9,168000.0,Manual,first,Diesel,1551000,Toyota_Fortuner,Mid,18666.666666666668,12.031725210748633
Mahindra,XUV 300,3,17000.0,Manual,second,Petrol,925000,Mahindra_XUV 300,Recent,5666.666666666667,9.741027444837728
Maruti Suzuki,Ertiga,1,62000.0,Manual,first,Hybrid/CNG,1260000,Maruti Suzuki_Ertiga,New,62000.0,11.034905792929415
Maruti Suzuki,Ertiga,4,47000.0,Automatic,first,Hybrid/CNG,995000,Maruti Suzuki_Ertiga,Recent,11750.0,10.757924157061597
Maruti Suzuki,Swift,14,130000.0,Manual,first,Diesel,370000,Maruti Suzuki_Swift,Old,9285.714285714286,11.775297421715827
Mahindra,Bolero,6,48248.0,Manual,second,Diesel,750000,Mahindra_Bolero,Mid,8041.333333333333,10.784130381163758
Mahindra,Bolero Neo,2,42000.0,Manual,first,Diesel,905000,Mahindra_Bolero Neo,New,21000.0,10.645448706505872
Honda,City,9,71800.0,Manual,second,Hybrid/CNG,470000,Honda_City,Mid,7977.777777777777,11.181653682515929
Maruti Suzuki,Wagon-R,9,85000.0,Manual,second,Petrol,298000,Maruti Suzuki_Wagon-R,Mid,9444.444444444445,11.350418300109132
Maruti Suzuki,Swift-Dzire,11,41000.0,Automatic,first,Hybrid/CNG,385000,Maruti Suzuki_Swift-Dzire,Old,3727.2727272727275,10.62135173563291
Renault,Duster,11,86000.0,Manual,second,Diesel,225000,Renault_Duster,Old,7818.181818181818,11.362114203075018
Maruti Suzuki,Celerio,7,64000.0,Automatic,second,Hybrid/CNG,390000,Maruti Suzuki_Celerio,Mid,9142.857142857143,11.06665398721974
Maruti Suzuki,Swift-Dzire,14,150549.0,Manual,first,Diesel,380000,Maruti Suzuki_Swift-Dzire,Old,10753.5,11.92205053390988
Honda,City,10,65000.0,Automatic,first,Petrol,380000,Honda_City,Mid,6500.0,11.082157933374816
Honda,City,7,45000.0,Automatic,second,Petrol,775000,Honda_City,Mid,6428.571428571428,10.714439990727769
Maruti Suzuki,Swift,9,45000.0,Manual,first,Hybrid/CNG,345000,Maruti Suzuki_Swift,Mid,5000.0,10.714439990727769
Maruti Suzuki,Eeco,2,56000.0,Automatic,first,Hybrid/CNG,500000,Maruti Suzuki_Eeco,New,28000.0,10.933124826700707
Maruti Suzuki,Eeco,3,50000.0,Automatic,second,Petrol,480000,Maruti Suzuki_Eeco,Recent,16666.666666666668,10.819798284210286
Maruti Suzuki,XL6,5,68738.0,Manual,first,Hybrid/CNG,900000,Maruti Suzuki_XL6,Recent,13747.6,11.138072002727451
Maruti Suzuki,800,8,75000.0,Automatic,second,Hybrid/CNG,200000,Maruti Suzuki_800,Mid,9375.0,11.225256725762893
Mahindra,Ssangyong Rexton,11,65000.0,Automatic,second,Diesel,575000,Mahindra_Ssangyong Rexton,Old,5909.090909090909,11.082157933374816
Maruti Suzuki,Ertiga,9,56800.0,Manual,second,Hybrid/CNG,699999,Maruti Suzuki_Ertiga,Mid,6311.111111111111,10.947309210188068
BMW,5 Series,11,54000.0,Automatic,first,Diesel,1100000,BMW_5 Series,Old,4909.090909090909,10.896757843893464
Toyota,Corolla,16,55000.0,Automatic,second,Petrol,295000,Toyota_Corolla,Old,3437.5,10.915106645867503
Maruti Suzuki,Alto-800,8,59521.0,Manual,first,Petrol,245000,Maruti Suzuki_Alto-800,Mid,7440.125,10.99410127109297
Hyundai,Santro,13,100000.0,Manual,second,Hybrid/CNG,125000,Hyundai_Santro,Old,7692.307692307692,11.51293546492023
Ford,Ecosport,5,126353.0,Manual,second,Diesel,780000,Ford_Ecosport,Recent,25270.6,11.746842770407833
Hyundai,New i20,4,48298.0,Automatic,second,Petrol,945000,Hyundai_New i20,Recent,12074.5,10.785166135492588
Maruti Suzuki,Alto-K10,6,27000.0,Automatic,first,Petrol,365000,Maruti Suzuki_Alto-K10,Mid,4500.0,10.203629181337648
Hyundai,Creta,7,58212.0,Automatic,first,Diesel,825000,Hyundai_Creta,Mid,8316.0,10.971863976474273
Maruti Suzuki,Wagon-R,7,59000.0,Manual,second,Hybrid/CNG,320000,Maruti Suzuki_Wagon-R,Mid,8428.57142857143,10.985309671896763
Maruti Suzuki,Eeco,6,180000.0,Automatic,first,Hybrid/CNG,351000,Maruti Suzuki_Eeco,Mid,30000.0,12.100717685412471
Mercedes-Benz,E-Class,7,60000.0,Automatic,first,Diesel,2250000,Mercedes-Benz_E-Class,Mid,8571.42857142857,11.002116507732017
Tata,tata-punch,2,43000.0,Manual,first,Hybrid/CNG,695000,Tata_tata-punch,New,21500.0,10.668978650219241
Maruti Suzuki,Eeco,5,49000.0,Manual,second,Hybrid/CNG,450000,Maruti Suzuki_Eeco,Recent,9800.0,10.799595985047786
Mahindra,Bolero,11,57450.0,Manual,first,Diesel,385000,Mahindra_Bolero,Old,5222.727272727273,10.958687689565794
Maruti Suzuki,Wagon-R,11,808.0,Automatic,second,Hybrid/CNG,240000,Maruti Suzuki_Wagon-R,Old,73.45454545454545,6.695798917058491
Maruti Suzuki,Wagon-R,13,79.0,Manual,second,Petrol,275000,Maruti Suzuki_Wagon-R,Old,6.076923076923077,4.382026634673881
Lexus,ES,2,8000.0,Automatic,first,Hybrid/CNG,6700000,Lexus_ES,New,4000.0,8.987321812850125
Lexus,ES,2,30000.0,Automatic,first,Petrol,6000000,Lexus_ES,New,15000.0,10.308985993422082
Tata,Nano,8,72000.0,Manual,second,Hybrid/CNG,200000,Tata_Nano,Mid,9000.0,11.184435286790631
Mahindra,TUV 300,9,79900.0,Automatic,first,Diesel,575000,Mahindra_TUV 300,Mid,8877.777777777777,11.288543647320601
Maruti Suzuki,Ertiga,1,32000.0,Manual,first,Hybrid/CNG,1171000,Maruti Suzuki_Ertiga,New,32000.0,10.373522431293592
Maruti Suzuki,Wagon-R-1-0,3,42000.0,Manual,first,Hybrid/CNG,515000,Maruti Suzuki_Wagon-R-1-0,Recent,14000.0,10.645448706505872
Maruti Suzuki,Ritz,10,86000.0,Manual,second,Hybrid/CNG,335000,Maruti Suzuki_Ritz,Mid,8600.0,11.362114203075018
Hyundai,EON,8,23000.0,Manual,first,Petrol,270000,Hyundai_EON,Mid,2875.0,10.043292972227004
Toyota,Innova,11,250000.0,Manual,second,Diesel,799999,Toyota_Innova,Old,22727.272727272728,12.429220196836383
Hyundai,Verna,12,77000.0,Manual,first,Petrol,390000,Hyundai_Verna,Old,6416.666666666667,11.251573687764477
Volvo,S60,12,45000.0,Automatic,second,Diesel,1300000,Volvo_S60,Old,3750.0,10.714439990727769
Hyundai,Elite i20,5,75000.0,Manual,first,Hybrid/CNG,595000,Hyundai_Elite i20,Recent,15000.0,11.225256725762893
Maruti Suzuki,Vitara-Brezza,5,70737.0,Automatic,second,Diesel,811000,Maruti Suzuki_Vitara-Brezza,Recent,14147.4,11.166738189812438
Maruti Suzuki,Eeco,9,71455.0,Manual,first,Hybrid/CNG,365000,Maruti Suzuki_Eeco,Mid,7939.444444444444,11.176837154639884
Mercedes-Benz,GLA Class,5,40000.0,Automatic,second,Diesel,2000000,Mercedes-Benz_GLA Class,Recent,8000.0,10.596659732783579
Mahindra,XUV500,6,71000.0,Manual,first,Diesel,945000,Mahindra_XUV500,Mid,11833.333333333334,11.170449240431308
Hyundai,Verna,14,18.0,Automatic,second,Hybrid/CNG,105000,Hyundai_Verna,Old,1.2857142857142858,2.9444389791664403
Jeep,Compass,6,80000.0,Manual,first,Diesel,980000,Jeep_Compass,Mid,13333.333333333334,11.289794413577894
Honda,City,11,90000.0,Manual,first,Petrol,375000,Honda_City,Old,8181.818181818182,11.407576060361786
Audi,A6,11,125000.0,Automatic,second,Diesel,900000,Audi_A6,Old,11363.636363636364,11.736077016252437
Honda,Amaze,6,42000.0,Manual,second,Diesel,375000,Honda_Amaze,Mid,7000.0,10.645448706505872
Honda,Amaze,6,77000.0,Manual,first,Diesel,550000,Honda_Amaze,Mid,12833.333333333334,11.251573687764477
Maruti Suzuki,Celerio,5,68000.0,Automatic,second,Petrol,425000,Maruti Suzuki_Celerio,Recent,13600.0,11.127277689932466
Land Rover,Discovery Sport,5,97000.0,Automatic,second,Diesel,3000000,Land Rover_Discovery Sport,Recent,19400.0,11.48247656671073
BMW,X3,2,11000.0,Automatic,first,Petrol,6700000,BMW_X3,New,5500.0,9.305741456739435
Maruti Suzuki,Eeco,6,77738.0,Manual,second,Hybrid/CNG,490000,Maruti Suzuki_Eeco,Mid,12956.333333333334,11.26111234093269
Maruti Suzuki,Swift-Dzire,5,106000.0,Manual,first,Diesel,580000,Maruti Suzuki_Swift-Dzire,Recent,21200.0,11.571203807011969
Kia,Sonet,3,81236.0,Automatic,first,Petrol,970000,Kia_Sonet,Recent,27078.666666666668,11.305126087390619
Hyundai,Creta,8,71000.0,Manual,first,Hybrid/CNG,690000,Hyundai_Creta,Mid,8875.0,11.170449240431308
Maruti Suzuki,Wagon-R,9,90000.0,Automatic,second,Hybrid/CNG,275000,Maruti Suzuki_Wagon-R,Mid,10000.0,11.407576060361786
Maruti Suzuki,Baleno,7,102000.0,Manual,second,Petrol,540000,Maruti Suzuki_Baleno,Mid,14571.42857142857,11.532737896139919
BMW,3 Series,12,80000.0,Automatic,second,Diesel,650000,BMW_3 Series,Old,6666.666666666667,11.289794413577894
Maruti Suzuki,Swift-Dzire,11,98000.0,Manual,first,Diesel,385000,Maruti Suzuki_Swift-Dzire,Old,8909.09090909091,11.49273296168228
Jaguar,F-Pace,3,19000.0,Automatic,first,Petrol,6175000,Jaguar_F-Pace,Recent,6333.333333333333,9.852246888342531
Volkswagen,Tiguan,6,93173.0,Automatic,first,Diesel,1950000,Volkswagen_Tiguan,Mid,15528.833333333334,11.442223991797244
Honda,City,21,102300.0,Manual,second,Petrol,125000,Honda_City,Old,4871.428571428572,11.535674727063007
Ford,Endeavour,7,144000.0,Automatic,first,Diesel,2200000,Ford_Endeavour,Mid,20571.428571428572,11.87757552297847
Honda,Brio,11,81000.0,Automatic,first,Hybrid/CNG,320000,Honda_Brio,Old,7363.636363636364,11.302216779257382
Maruti Suzuki,Celerio,5,71000.0,Manual,second,Hybrid/CNG,450000,Maruti Suzuki_Celerio,Recent,14200.0,11.170449240431308
Toyota,Innova,14,288000.0,Manual,second,Diesel,699000,Toyota_Innova,Old,20571.428571428572,12.570719231334277
Tata,Nano,13,29.0,Automatic,second,Petrol,45000,Tata_Nano,Old,2.230769230769231,3.4011973816621555
Maruti Suzuki,Wagon-R,9,72147.0,Automatic,second,Hybrid/CNG,210000,Maruti Suzuki_Wagon-R,Mid,8016.333333333333,11.18647484379009
Toyota,Innova,11,125000.0,Manual,second,Diesel,1075000,Toyota_Innova,Old,11363.636363636364,11.736077016252437
Maruti Suzuki,Ertiga,4,65846.0,Manual,first,Hybrid/CNG,870000,Maruti Suzuki_Ertiga,Recent,16461.5,11.095089148047066
Maruti Suzuki,Swift,6,36000.0,Automatic,first,Petrol,665000,Maruti Suzuki_Swift,Mid,6000.0,10.491301994830229
Maruti Suzuki,Celerio,7,35000.0,Automatic,first,Hybrid/CNG,450000,Maruti Suzuki_Celerio,Mid,5000.0,10.463131911491967
Land Rover,Discovery,5,28000.0,Automatic,first,Petrol,4375000,Land Rover_Discovery,Recent,5600.0,10.239995502805316
Honda,Brio,10,76000.0,Manual,second,Hybrid/CNG,233000,Honda_Brio,Mid,7600.0,11.23850177707664
Ford,Fiesta,16,158000.0,Automatic,second,Petrol,120000,Ford_Fiesta,Old,9875.0,11.970356641102999
Mahindra,XUV700,1,25000.0,Automatic,first,Petrol,2275000,Mahindra_XUV700,New,25000.0,10.12667110305036
Maruti Suzuki,Swift,2,40000.0,Automatic,first,Petrol,775000,Maruti Suzuki_Swift,New,20000.0,10.596659732783579
Honda,City,8,141000.0,Manual,second,Diesel,610000,Honda_City,Mid,17625.0,11.856522261533737
Mahindra,Verito,12,220000.0,Manual,second,Diesel,240000,Mahindra_Verito,Old,18333.333333333332,12.301387370778713
Skoda,Laura,14,82000.0,Manual,first,Diesel,475000,Skoda_Laura,Old,5857.142857142857,11.314486721293981
Hyundai,Grand i10,8,58000.0,Manual,first,Hybrid/CNG,435000,Hyundai_Grand i10,Mid,7250.0,10.968215530759236
Honda,Brio,10,67000.0,Automatic,first,Petrol,290000,Honda_Brio,Mid,6700.0,11.112462823634855
Maruti Suzuki,Wagon-R,12,95000.0,Manual,second,Hybrid/CNG,225000,Maruti Suzuki_Wagon-R,Old,7916.666666666667,11.461642696843066
Mahindra,Thar,3,70000.0,Manual,first,Diesel,1350000,Mahindra_Thar,Recent,23333.333333333332,11.156264806643742
Hyundai,i20,12,46000.0,Manual,second,Petrol,321000,Hyundai_i20,Old,3833.3333333333335,10.736418414365376
Renault,KWID,4,52000.0,Automatic,first,Hybrid/CNG,350000,Renault_KWID,Recent,13000.0,10.859018228147887
Tata,Tiago,4,70716.0,Manual,first,Petrol,490000,Tata_Tiago,Recent,17679.0,11.166441275597258
Audi,Q3,6,55000.0,Automatic,second,Diesel,1400000,Audi_Q3,Mid,9166.666666666666,10.915106645867503
Maruti Suzuki,Baleno,7,75000.0,Manual,first,Hybrid/CNG,580000,Maruti Suzuki_Baleno,Mid,10714.285714285714,11.225256725762893
Kia,Carnival,2,25000.0,Automatic,second,Diesel,3599000,Kia_Carnival,New,12500.0,10.12667110305036
Maruti Suzuki,Alto-800,4,46000.0,Manual,first,Petrol,365000,Maruti Suzuki_Alto-800,Recent,11500.0,10.736418414365376
Lexus,ES,8,109000.0,Automatic,second,Hybrid/CNG,2800000,Lexus_ES,Mid,13625.0,11.599112335481124
Hyundai,i10,11,63000.0,Manual,second,Petrol,185000,Hyundai_i10,Old,5727.272727272727,11.050905878263567
Maruti Suzuki,Swift,6,55000.0,Automatic,second,Petrol,565000,Maruti Suzuki_Swift,Mid,9166.666666666666,10.915106645867503
Hyundai,Grand i10 Nios,2,35000.0,Automatic,first,Petrol,685000,Hyundai_Grand i10 Nios,New,17500.0,10.463131911491967
Hyundai,i20 Active,8,63000.0,Manual,second,Hybrid/CNG,425000,Hyundai_i20 Active,Mid,7875.0,11.050905878263567
Maruti Suzuki,Wagon-R,10,73000.0,Manual,second,Hybrid/CNG,355000,Maruti Suzuki_Wagon-R,Mid,7300.0,11.19822841866684
Maruti Suzuki,Swift,4,67850.0,Automatic,first,Hybrid/CNG,675000,Maruti Suzuki_Swift,Recent,16962.5,11.125069403547922
Hyundai,i10,12,53000.0,Manual,second,Hybrid/CNG,275000,Hyundai_i10,Old,4416.666666666667,10.87806606028079
Hyundai,Grand i10 Nios,3,22000.0,Manual,first,Petrol,549000,Hyundai_Grand i10 Nios,Recent,7333.333333333333,9.99884318585288
Renault,Duster,8,82000.0,Manual,first,Diesel,575000,Renault_Duster,Mid,10250.0,11.314486721293981
Mahindra,XUV700,3,23883.0,Automatic,second,Petrol,2245000,Mahindra_XUV700,Recent,7961.0,10.080964057666883
Hyundai,Verna,9,52000.0,Automatic,second,Hybrid/CNG,445000,Hyundai_Verna,Mid,5777.777777777777,10.859018228147887
Chevrolet,Enjoy,10,90000.0,Manual,second,Diesel,330000,Chevrolet_Enjoy,Mid,9000.0,11.407576060361786
Volkswagen,VentoTest,12,32000.0,Automatic,second,Petrol,450000,Volkswagen_VentoTest,Old,2666.6666666666665,10.373522431293592
Maruti Suzuki,800,20,56000.0,Manual,second,Petrol,50000,Maruti Suzuki_800,Old,2800.0,10.933124826700707
Maruti Suzuki,Swift-Dzire,8,95000.0,Manual,second,Petrol,510000,Maruti Suzuki_Swift-Dzire,Mid,11875.0,11.461642696843066
Toyota,Fortuner,11,150000.0,Automatic,second,Diesel,1390000,Toyota_Fortuner,Old,13636.363636363636,11.918397239722838
Mahindra,Scorpio,10,113000.0,Automatic,second,Diesel,795000,Mahindra_Scorpio,Mid,11300.0,11.635151947212842
Tata,Indigo Ecs,12,98000.0,Manual,second,Petrol,145000,Tata_Indigo Ecs,Old,8166.666666666667,11.49273296168228
Mercedes-Benz,C-Class,6,70000.0,Automatic,first,Diesel,2250000,Mercedes-Benz_C-Class,Mid,11666.666666666666,11.156264806643742
Hyundai,Santro Xing,16,89127.0,Manual,second,Hybrid/CNG,115000,Hyundai_Santro Xing,Old,5570.4375,11.397828817739152
Maruti Suzuki,Swift-Dzire,8,65000.0,Manual,second,Hybrid/CNG,335399,Maruti Suzuki_Swift-Dzire,Mid,8125.0,11.082157933374816
Chevrolet,Enjoy,11,136000.0,Manual,second,Diesel,440000,Chevrolet_Enjoy,Old,12363.636363636364,11.820417517632333
BMW,3 Series,9,70000.0,Automatic,first,Diesel,915000,BMW_3 Series,Mid,7777.777777777777,11.156264806643742
Land Rover,Range Rover Sport,3,37000.0,Automatic,first,Petrol,9600000,Land Rover_Range Rover Sport,Recent,12333.333333333334,10.518700218288165
Toyota,VELLFIRE,3,30000.0,Automatic,first,Hybrid/CNG,9800000,Toyota_VELLFIRE,Recent,10000.0,10.308985993422082
Mercedes-Benz,M-Class,12,90000.0,Automatic,second,Diesel,1650000,Mercedes-Benz_M-Class,Old,7500.0,11.407576060361786
Volkswagen,Polo,7,55200.0,Automatic,first,Petrol,590000,Volkswagen_Polo,Mid,7885.714285714285,10.918736348043124
Tata,Tigor,2,29000.0,Automatic,first,Hybrid/CNG,700000,Tata_Tigor,New,14500.0,10.275085591132715
Hyundai,i10,9,79000.0,Manual,first,Petrol,340000,Hyundai_i10,Mid,8777.777777777777,11.277215789596893
Toyota,Innova Crysta,4,36000.0,Automatic,second,Diesel,2390000,Toyota_Innova Crysta,Recent,9000.0,10.491301994830229
Hyundai,i10,12,78000.0,Manual,first,Hybrid/CNG,250000,Hyundai_i10,Old,6500.0,11.264476926102367
Datsun,GO Plus,6,50002.0,Manual,first,Petrol,270000,Datsun_GO Plus,Mid,8333.666666666666,10.819838282610355
Maruti Suzuki,Baleno,3,40022.0,Manual,first,Petrol,640000,Maruti Suzuki_Baleno,Recent,13340.666666666666,10.597209567846916
Renault,KWID,5,16000.0,Automatic,first,Petrol,420000,Renault_KWID,Recent,3200.0,9.680406499268875
Tata,Nano,9,65137.5,Manual,second,Petrol,114999,Tata_Nano,Mid,7237.5,11.084271051239332
Nissan,Terrano,10,80000.0,Manual,second,Diesel,379000,Nissan_Terrano,Mid,8000.0,11.289794413577894
Honda,City,9,58000.0,Automatic,second,Hybrid/CNG,500000,Honda_City,Mid,6444.444444444444,10.968215530759236
Tata,Altroz,2,10000.0,Automatic,first,Petrol,990000,Tata_Altroz,New,5000.0,9.210440366976517
Toyota,Innova Crysta,7,115000.0,Automatic,second,Diesel,1685000,Toyota_Innova Crysta,Mid,16428.571428571428,11.652696102959753
Hyundai,Santro,5,50000.0,Automatic,first,Hybrid/CNG,490000,Hyundai_Santro,Recent,10000.0,10.819798284210286
Hyundai,Elite i20,5,24000.0,Automatic,first,Petrol,725000,Hyundai_Elite i20,Recent,4800.0,10.085850775128717
Kia,Sonet,4,38271.0,Automatic,second,Petrol,1045000,Kia_Sonet,Recent,9567.75,10.552473837310304
Maruti Suzuki,Ertiga,0,1234.0,Manual,first,Hybrid/CNG,360000,Maruti Suzuki_Ertiga,New,1234.0,7.118826249062078
Hyundai,i20,10,86000.0,Manual,second,Diesel,445000,Hyundai_i20,Mid,8600.0,11.362114203075018
Maruti Suzuki,Swift-Dzire,1,79650.0,Automatic,first,Hybrid/CNG,710000,Maruti Suzuki_Swift-Dzire,New,79650.0,11.285409870187191
Honda,City,14,69500.0,Automatic,second,Hybrid/CNG,286000,Honda_City,Old,4964.285714285715,11.149096419938578
Kia,Sonet,4,35000.0,Manual,first,Diesel,950000,Kia_Sonet,Recent,8750.0,10.463131911491967
Tata,Nexon,5,47000.0,Manual,first,Petrol,599999,Tata_Nexon,Recent,9400.0,10.757924157061597
Maruti Suzuki,Ertiga,11,90000.0,Manual,second,Hybrid/CNG,560000,Maruti Suzuki_Ertiga,Old,8181.818181818182,11.407576060361786
Mahindra,Thar,3,28000.0,Manual,first,Diesel,1445000,Mahindra_Thar,Recent,9333.333333333334,10.239995502805316
Renault,KWID,5,36000.0,Manual,second,Petrol,310000,Renault_KWID,Recent,7200.0,10.491301994830229
Maruti Suzuki,Wagon-R,15,72000.0,Manual,second,Petrol,129000,Maruti Suzuki_Wagon-R,Old,4800.0,11.184435286790631
Volkswagen,Polo,11,61000.0,Automatic,first,Petrol,410000,Volkswagen_Polo,Old,5545.454545454545,11.0186455364637
Maruti Suzuki,Wagon-R,6,66000.0,Manual,first,Hybrid/CNG,390000,Maruti Suzuki_Wagon-R,Mid,11000.0,11.097425172408931
Land Rover,Range Rover,12,23102.0,Automatic,second,Diesel,4795000,Land Rover_Range Rover,Old,1925.1666666666667,10.04771775820736
Maruti Suzuki,Swift,9,67729.0,Manual,first,Hybrid/CNG,455000,Maruti Suzuki_Swift,Mid,7525.444444444444,11.123284492208949
Maruti Suzuki,Wagon R,5,34000.0,Manual,first,Hybrid/CNG,565000,Maruti Suzuki_Wagon R,Recent,6800.0,10.434145214930487
Maruti Suzuki,Vitara-Brezza,4,51421.0,Manual,first,Petrol,785000,Maruti Suzuki_Vitara-Brezza,Recent,12855.25,10.847821375434926
Maruti Suzuki,Swift,6,66000.0,Automatic,first,Hybrid/CNG,530000,Maruti Suzuki_Swift,Mid,11000.0,11.097425172408931
Honda,Amaze,8,85000.0,Manual,second,Hybrid/CNG,310000,Honda_Amaze,Mid,10625.0,11.350418300109132
Maruti Suzuki,Grand Vitara,2,21000.0,Automatic,first,Hybrid/CNG,1300000,Maruti Suzuki_Grand Vitara,New,10500.0,9.952325334619427
Maruti Suzuki,Ertiga,0,35.0,Automatic,second,Hybrid/CNG,1250000,Maruti Suzuki_Ertiga,New,35.0,3.58351893845611
Maruti Suzuki,A-Star,11,26263.0,Automatic,first,Petrol,365000,Maruti Suzuki_A-Star,Old,2387.5454545454545,10.175954459181428
Mahindra,Scorpio,5,42000.0,Manual,second,Diesel,1400000,Mahindra_Scorpio,Recent,8400.0,10.645448706505872
Maruti Suzuki,Eeco,1,15000.0,Manual,first,Petrol,600000,Maruti Suzuki_Eeco,New,15000.0,9.61587214452889
Toyota,Fortuner,9,163000.0,Manual,first,Diesel,1550000,Toyota_Fortuner,Mid,18111.11111111111,12.001511614739405
Volkswagen,VentoTest,13,110000.0,Automatic,second,Hybrid/CNG,188000,Volkswagen_VentoTest,Old,8461.538461538461,11.608244735642321
Maruti Suzuki,S-Cross,6,94000.0,Manual,first,Diesel,839999,Maruti Suzuki_S-Cross,Mid,15666.666666666666,11.451060699493427
Maruti Suzuki,Ertiga,3,90000.0,Automatic,first,Hybrid/CNG,950000,Maruti Suzuki_Ertiga,Recent,30000.0,11.407576060361786
Maruti Suzuki,Wagon-R,1,28.0,Manual,first,Hybrid/CNG,615000,Maruti Suzuki_Wagon-R,New,28.0,3.367295829986474
Hyundai,i10,14,120000.0,Automatic,second,Hybrid/CNG,160000,Hyundai_i10,Old,8571.42857142857,11.695255355062795
Maruti Suzuki,Baleno,6,32000.0,Automatic,first,Petrol,690000,Maruti Suzuki_Baleno,Mid,5333.333333333333,10.373522431293592
Mahindra,XUV500,8,122000.0,Automatic,second,Diesel,850000,Mahindra_XUV500,Mid,15250.0,11.711784520403112
Honda,Amaze,11,77000.0,Manual,first,Hybrid/CNG,299000,Honda_Amaze,Old,7000.0,11.251573687764477
Maruti Suzuki,Baleno,4,40000.0,Manual,first,Petrol,650000,Maruti Suzuki_Baleno,Recent,10000.0,10.596659732783579
Maruti Suzuki,Swift,4,38000.0,Automatic,first,Hybrid/CNG,580000,Maruti Suzuki_Swift,Recent,9500.0,10.545367754151743
Jeep,Compass,6,52000.0,Manual,first,Diesel,1049000,Jeep_Compass,Mid,8666.666666666666,10.859018228147887
Maruti Suzuki,Ciaz,7,86000.0,Manual,first,Diesel,550000,Maruti Suzuki_Ciaz,Mid,12285.714285714286,11.362114203075018
Hyundai,Grand i10,8,96290.0,Manual,second,Petrol,377000,Hyundai_Grand i10,Mid,12036.25,11.475130135474826
Mahindra,Bolero,11,61000.0,Manual,second,Diesel,450000,Mahindra_Bolero,Old,5545.454545454545,11.0186455364637
Kia,Carnival,3,80500.0,Automatic,first,Diesel,2651000,Kia_Carnival,Recent,26833.333333333332,11.296024885689746
Maruti Suzuki,Swift-Dzire,6,80000.0,Manual,second,Diesel,750000,Maruti Suzuki_Swift-Dzire,Mid,13333.333333333334,11.289794413577894
Maruti Suzuki,Omni,9,100000.0,Manual,second,Hybrid/CNG,260000,Maruti Suzuki_Omni,Mid,11111.111111111111,11.51293546492023
Mahindra,Scorpio,9,140000.0,Automatic,second,Diesel,749000,Mahindra_Scorpio,Mid,15555.555555555555,11.849404844423074
BMW,3 Series Gran Limousine,3,18800.0,Automatic,first,Petrol,4950000,BMW_3 Series Gran Limousine,Recent,6266.666666666667,9.841665338892785
Hyundai,Verna,6,50000.0,Manual,second,Diesel,580000,Hyundai_Verna,Mid,8333.333333333334,10.819798284210286
Tata,Tiago,0,3800.0,Automatic,first,Hybrid/CNG,850000,Tata_Tiago,New,3800.0,8.24301946898925
Toyota,Innova,10,174000.0,Manual,second,Diesel,895000,Toyota_Innova,Mid,17400.0,12.066816325306588
Volkswagen,Polo,15,112000.0,Automatic,second,Hybrid/CNG,150000,Volkswagen_Polo,Old,7466.666666666667,11.626263078808801
Maruti Suzuki,Wagon-R,9,82000.0,Manual,second,Hybrid/CNG,235000,Maruti Suzuki_Wagon-R,Mid,9111.111111111111,11.314486721293981
Renault,Duster,10,100000.0,Manual,second,Diesel,360000,Renault_Duster,Mid,10000.0,11.51293546492023
Hyundai,Creta,5,90000.0,Manual,first,Diesel,1120000,Hyundai_Creta,Recent,18000.0,11.407576060361786
Hyundai,i10,14,66000.0,Automatic,second,Petrol,295000,Hyundai_i10,Old,4714.285714285715,11.097425172408931
Lexus,NX,5,57000.0,Automatic,second,Petrol,3900000,Lexus_NX,Recent,11400.0,10.950824090522445
Audi,A6,10,69.0,Automatic,second,Diesel,1600000,Audi_A6,Mid,6.9,4.248495242049359
Maruti Suzuki,Swift-Dzire-Tour,8,160000.0,Manual,second,Diesel,430000,Maruti Suzuki_Swift-Dzire-Tour,Mid,20000.0,11.982935344196433
Toyota,Innova Crysta,6,140000.0,Manual,first,Diesel,1751000,Toyota_Innova Crysta,Mid,23333.333333333332,11.849404844423074
Hyundai,Fluidic Verna,6,77000.0,Automatic,first,Diesel,875000,Hyundai_Fluidic Verna,Mid,12833.333333333334,11.251573687764477
Maruti Suzuki,Wagon R 1.0,6,32000.0,Manual,second,Petrol,395000,Maruti Suzuki_Wagon R 1.0,Mid,5333.333333333333,10.373522431293592
Hyundai,Accent,15,212023.0,Automatic,second,Hybrid/CNG,145000,Hyundai_Accent,Old,14134.866666666667,12.264454754793828
Mahindra,Bolero,14,71000.0,Manual,second,Diesel,295000,Mahindra_Bolero,Old,5071.428571428572,11.170449240431308
Hyundai,i10,11,63000.0,Manual,second,Petrol,220000,Hyundai_i10,Old,5727.272727272727,11.050905878263567
Hyundai,Venue,5,28000.0,Automatic,first,Petrol,925000,Hyundai_Venue,Recent,5600.0,10.239995502805316
Maruti Suzuki,Eeco,2,71200.0,Manual,first,Hybrid/CNG,472000,Maruti Suzuki_Eeco,New,35600.0,11.173262142245258
Maruti Suzuki,Swift,8,80000.0,Manual,first,Petrol,453000,Maruti Suzuki_Swift,Mid,10000.0,11.289794413577894
Mahindra,Scorpio,18,132884.0,Manual,second,Diesel,230000,Mahindra_Scorpio,Old,7382.444444444444,11.797239371514243
Mahindra,XUV500,7,55000.0,Automatic,first,Diesel,1450000,Mahindra_XUV500,Mid,7857.142857142857,10.915106645867503
Toyota,Yaris,6,80000.0,Automatic,second,Hybrid/CNG,649999,Toyota_Yaris,Mid,13333.333333333334,11.289794413577894
Hyundai,Eon,10,30000.0,Manual,first,Petrol,210000,Hyundai_Eon,Mid,3000.0,10.308985993422082
Ford,Ecosport,9,58000.0,Manual,first,Diesel,337000,Ford_Ecosport,Mid,6444.444444444444,10.968215530759236
Ford,Endeavour,7,0.0,Manual,first,Diesel,2000000,Ford_Endeavour,Mid,0.0,0.0
Volkswagen,Vento,8,136000.0,Automatic,first,Diesel,625000,Volkswagen_Vento,Mid,17000.0,11.820417517632333
Toyota,Innova,18,200000.0,Manual,second,Diesel,220000,Toyota_Innova,Old,11111.111111111111,12.206077645517674
Maruti Suzuki,Swift,8,72000.0,Manual,second,Hybrid/CNG,390000,Maruti Suzuki_Swift,Mid,9000.0,11.184435286790631
Maruti Suzuki,Baleno,8,74000.0,Automatic,second,Hybrid/CNG,445000,Maruti Suzuki_Baleno,Mid,9250.0,11.211833885608513
Tata,Nano,10,66000.0,Automatic,second,Petrol,105000,Tata_Nano,Mid,6600.0,11.097425172408931
Maruti Suzuki,Wagon-R,11,130000.0,Manual,second,Petrol,265000,Maruti Suzuki_Wagon-R,Old,11818.181818181818,11.775297421715827
Mahindra,Thar,0,7000.0,Automatic,first,Diesel,1575000,Mahindra_Thar,New,7000.0,8.853808274977197
Hyundai,Santro Xing,12,64000.0,Manual,first,Hybrid/CNG,245000,Hyundai_Santro Xing,Old,5333.333333333333,11.06665398721974
Kia,Sonet,4,87000.0,Manual,second,Diesel,1030000,Kia_Sonet,Recent,21750.0,11.373674891823535
Mahindra,KUV 100,7,55000.0,Manual,first,Diesel,435000,Mahindra_KUV 100,Mid,7857.142857142857,10.915106645867503
Hyundai,Grand i10,15,120000.0,Manual,first,Petrol,170000,Hyundai_Grand i10,Old,8000.0,11.695255355062795
Hyundai,Creta,5,66651.0,Automatic,second,Diesel,1021000,Hyundai_Creta,Recent,13330.2,11.107240332658515
Hyundai,i20,13,108000.0,Manual,second,Petrol,300000,Hyundai_i20,Old,8307.692307692309,11.58989576532275
Maruti Suzuki,Ertiga,8,70000.0,Manual,first,Hybrid/CNG,445000,Maruti Suzuki_Ertiga,Mid,8750.0,11.156264806643742
Toyota,Innova,10,135000.0,Manual,second,Diesel,1095000,Toyota_Innova,Mid,13500.0,11.813037464800539
Honda,Jazz,7,52000.0,Automatic,first,Hybrid/CNG,585000,Honda_Jazz,Mid,7428.571428571428,10.859018228147887
Maruti Suzuki,800,19,20000.0,Automatic,first,Hybrid/CNG,50000,Maruti Suzuki_800,Old,1052.6315789473683,9.90353755128617
Ford,Ecosport,9,52500.0,Automatic,first,Petrol,559999,Ford_Ecosport,Mid,5833.333333333333,10.868587496017359
Honda,Mobilio,8,125000.0,Manual,second,Hybrid/CNG,400000,Honda_Mobilio,Mid,15625.0,11.736077016252437
Maruti Suzuki,Wagon-R,13,33600.0,Manual,second,Petrol,225000,Maruti Suzuki_Wagon-R,Old,2584.6153846153848,10.422311107413181
Mahindra,TUV,7,103000.0,Automatic,second,Diesel,595000,Mahindra_TUV,Mid,14714.285714285714,11.542493975902508
Maruti Suzuki,Swift-Dzire,5,65000.0,Manual,first,Hybrid/CNG,360000,Maruti Suzuki_Swift-Dzire,Recent,13000.0,11.082157933374816
Maruti Suzuki,Eeco,4,68000.0,Manual,second,Hybrid/CNG,485000,Maruti Suzuki_Eeco,Recent,17000.0,11.127277689932466
Mercedes-Benz,C-Class,8,95000.0,Automatic,first,Diesel,1795000,Mercedes-Benz_C-Class,Mid,11875.0,11.461642696843066
Maruti Suzuki,S-Cross,4,62000.0,Manual,first,Hybrid/CNG,831000,Maruti Suzuki_S-Cross,Recent,15500.0,11.034905792929415
Chevrolet,Spark,16,38319.0,Manual,second,Petrol,139000,Chevrolet_Spark,Old,2394.9375,10.553727232084796
Mahindra,XUV300,0,0.0,Manual,first,Petrol,749000,Mahindra_XUV300,New,0.0,0.0
Maruti Suzuki,Swift,10,100000.0,Manual,second,Diesel,490000,Maruti Suzuki_Swift,Mid,10000.0,11.51293546492023
Maruti Suzuki,XL6,3,40000.0,Manual,second,Petrol,935000,Maruti Suzuki_XL6,Recent,13333.333333333334,10.596659732783579
Maruti Suzuki,Sx4,17,60000.0,Manual,second,Petrol,125000,Maruti Suzuki_Sx4,Old,3529.4117647058824,11.002116507732017
Isuzu,MUX,7,75000.0,Automatic,first,Diesel,1450000,Isuzu_MUX,Mid,10714.285714285714,11.225256725762893
Hyundai,New i20,10,55000.0,Manual,second,Petrol,465000,Hyundai_New i20,Mid,5500.0,10.915106645867503
Volkswagen,VentoTest,13,78000.0,Manual,second,Diesel,290000,Volkswagen_VentoTest,Old,6000.0,11.264476926102367
Maruti Suzuki,Swift-Dzire,7,101000.0,Manual,first,Diesel,650000,Maruti Suzuki_Swift-Dzire,Mid,14428.57142857143,11.522885696764481
Maruti Suzuki,Alto,19,65137.5,Manual,second,Petrol,40000,Maruti Suzuki_Alto,Old,3428.2894736842104,11.084271051239332
Mahindra,Jeep,16,9350.0,Manual,second,Diesel,400000,Mahindra_Jeep,Old,584.375,9.143238568435446
Maruti Suzuki,Swift-Dzire,9,67000.0,Manual,second,Petrol,349999,Maruti Suzuki_Swift-Dzire,Mid,7444.444444444444,11.112462823634855
Volkswagen,Polo,9,90000.0,Manual,second,Diesel,390000,Volkswagen_Polo,Mid,10000.0,11.407576060361786
Tata,Safari Storme,7,81000.0,Manual,second,Diesel,725000,Tata_Safari Storme,Mid,11571.42857142857,11.302216779257382
Maruti Suzuki,Wagon-R,13,72000.0,Manual,second,Hybrid/CNG,265000,Maruti Suzuki_Wagon-R,Old,5538.461538461538,11.184435286790631
Maruti Suzuki,Wagon-R,12,28000.0,Manual,second,Hybrid/CNG,299000,Maruti Suzuki_Wagon-R,Old,2333.3333333333335,10.239995502805316
Mahindra,Scorpio Classic,3,64000.0,Manual,second,Diesel,1231000,Mahindra_Scorpio Classic,Recent,21333.333333333332,11.06665398721974
Mahindra,Scorpio,9,93000.0,Manual,first,Diesel,675000,Mahindra_Scorpio,Mid,10333.333333333334,11.440365524765756
Tata,Nexon,5,41000.0,Automatic,second,Petrol,525000,Tata_Nexon,Recent,8200.0,10.62135173563291
Honda,Amaze,5,56000.0,Manual,first,Hybrid/CNG,555000,Honda_Amaze,Recent,11200.0,10.933124826700707
Volkswagen,VentoTest,5,28000.0,Manual,first,Petrol,850000,Volkswagen_VentoTest,Recent,5600.0,10.239995502805316
Honda,City,14,93500.0,Manual,second,Petrol,209999,Honda_City,Old,6678.571428571428,11.445727410406752
Hyundai,Santro Xing,17,95000.0,Manual,first,Petrol,60000,Hyundai_Santro Xing,Old,5588.235294117647,11.461642696843066
Audi,A3,9,140000.0,Automatic,second,Diesel,1275000,Audi_A3,Mid,15555.555555555555,11.849404844423074
Honda,WRV,6,80000.0,Manual,second,Diesel,630000,Honda_WRV,Mid,13333.333333333334,11.289794413577894
Maruti Suzuki,XL6,3,64000.0,Manual,first,Petrol,925000,Maruti Suzuki_XL6,Recent,21333.333333333332,11.06665398721974
Renault,Duster,8,84000.0,Manual,second,Hybrid/CNG,450000,Renault_Duster,Mid,10500.0,11.338583982516495
Mercedes-Benz,GLC,5,30000.0,Automatic,second,Diesel,4990000,Mercedes-Benz_GLC,Recent,6000.0,10.308985993422082
Skoda,Octavia,6,94425.0,Automatic,first,Diesel,1300000,Skoda_Octavia,Mid,15737.5,11.455571737940254
Toyota,Corolla Altis,14,72000.0,Manual,second,Petrol,225000,Toyota_Corolla Altis,Old,5142.857142857143,11.184435286790631
Chevrolet,Optra Magnum,14,56700.0,Automatic,second,Petrol,135000,Chevrolet_Optra Magnum,Old,4050.0,10.945547126244623
Audi,A4,7,29600.0,Automatic,second,Diesel,2049000,Audi_A4,Mid,4228.571428571428,10.295563423525277
Audi,A4,7,95000.0,Automatic,first,Diesel,1700000,Audi_A4,Mid,13571.42857142857,11.461642696843066
Toyota,Corolla Altis,10,89000.0,Automatic,second,Hybrid/CNG,550000,Toyota_Corolla Altis,Mid,8900.0,11.39640288460621
Maruti Suzuki,Wagon-R,9,100000.0,Automatic,second,Hybrid/CNG,250000,Maruti Suzuki_Wagon-R,Mid,11111.111111111111,11.51293546492023
Maruti Suzuki,maruti-suzuki-dzire,12,47259.0,Manual,second,Hybrid/CNG,325000,Maruti Suzuki_maruti-suzuki-dzire,Old,3938.25,10.763419550740899
Honda,City,13,78000.0,Manual,second,Petrol,215000,Honda_City,Old,6000.0,11.264476926102367
Hyundai,Venue,5,60000.0,Manual,first,Diesel,745000,Hyundai_Venue,Recent,12000.0,11.002116507732017
Maruti Suzuki,Omni,8,111000.0,Automatic,second,Hybrid/CNG,200000,Maruti Suzuki_Omni,Mid,13875.0,11.6172944892629
Hyundai,Grand i10,9,43000.0,Manual,second,Petrol,349000,Hyundai_Grand i10,Mid,4777.777777777777,10.668978650219241
Hyundai,Venue,2,17000.0,Manual,first,Petrol,830000,Hyundai_Venue,New,8500.0,9.741027444837728
Hyundai,Grand i10,9,48000.0,Manual,first,Petrol,365000,Hyundai_Grand i10,Mid,5333.333333333333,10.778977123006351
Toyota,2.8 Legender 4X2,0,6000.0,Automatic,first,Diesel,5500000,Toyota_2.8 Legender 4X2,New,6000.0,8.699681400989514
Maruti Suzuki,Ertiga,8,62000.0,Manual,first,Hybrid/CNG,619000,Maruti Suzuki_Ertiga,Mid,7750.0,11.034905792929415
Honda,Amaze,3,32000.0,Automatic,first,Petrol,590000,Honda_Amaze,Recent,10666.666666666666,10.373522431293592
Tata,Harrier,3,71000.0,Automatic,first,Diesel,1750000,Tata_Harrier,Recent,23666.666666666668,11.170449240431308
Chevrolet,Spark,14,93000.0,Manual,second,Petrol,169000,Chevrolet_Spark,Old,6642.857142857143,11.440365524765756
Hyundai,Santro,5,34000.0,Manual,first,Hybrid/CNG,489000,Hyundai_Santro,Recent,6800.0,10.434145214930487
Toyota,Yaris,3,32000.0,Automatic,first,Petrol,1025000,Toyota_Yaris,Recent,10666.666666666666,10.373522431293592
Honda,Brio,8,90000.0,Manual,first,Petrol,350000,Honda_Brio,Mid,11250.0,11.407576060361786
Maruti Suzuki,Eeco,6,65000.0,Automatic,first,Hybrid/CNG,450000,Maruti Suzuki_Eeco,Mid,10833.333333333334,11.082157933374816
Maruti Suzuki,Eeco,8,77718.0,Manual,first,Hybrid/CNG,360000,Maruti Suzuki_Eeco,Mid,9714.75,11.260855036707621
Toyota,Urban Cruiser,0,11000.0,Automatic,first,Hybrid/CNG,1800000,Toyota_Urban Cruiser,New,11000.0,9.305741456739435
Mahindra,Scorpio Classic,1,31500.0,Manual,first,Diesel,1690000,Mahindra_Scorpio Classic,New,31500.0,10.357774570341576
Mercedes-Benz,GL-Class,9,115000.0,Automatic,second,Diesel,2490000,Mercedes-Benz_GL-Class,Mid,12777.777777777777,11.652696102959753
Honda,City,14,51000.0,Automatic,first,Hybrid/CNG,192000,Honda_City,Old,3642.8571428571427,10.839600519357369
Audi,A6,12,67000.0,Automatic,second,Diesel,1100000,Audi_A6,Old,5583.333333333333,11.112462823634855
Maruti Suzuki,Eeco,7,120000.0,Automatic,second,Hybrid/CNG,280000,Maruti Suzuki_Eeco,Mid,17142.85714285714,11.695255355062795
Hyundai,i10,13,59800.0,Manual,first,Hybrid/CNG,165999,Hyundai_i10,Old,4600.0,10.998777662206932
Skoda,Rapid,9,39500.0,Manual,second,Petrol,349000,Skoda_Rapid,Mid,4388.888888888889,10.584081267024454
Mahindra,Scorpio,11,87000.0,Manual,second,Diesel,575000,Mahindra_Scorpio,Old,7909.090909090909,11.373674891823535
Maruti Suzuki,Wagon-R-1-0,3,59000.0,Manual,second,Hybrid/CNG,515000,Maruti Suzuki_Wagon-R-1-0,Recent,19666.666666666668,10.985309671896763
Honda,City ZX,16,90000.0,Manual,second,Petrol,145000,Honda_City ZX,Old,5625.0,11.407576060361786
Maruti Suzuki,Baleno,3,47000.0,Manual,second,Petrol,575000,Maruti Suzuki_Baleno,Recent,15666.666666666666,10.757924157061597
Maruti Suzuki,Ertiga,4,62000.0,Manual,first,Hybrid/CNG,975000,Maruti Suzuki_Ertiga,Recent,15500.0,11.034905792929415
Hyundai,Verna,7,89410.0,Manual,first,Diesel,790000,Hyundai_Verna,Mid,12772.857142857143,11.40099899609809
Honda,City ZX,14,100000.0,Automatic,second,Hybrid/CNG,180000,Honda_City ZX,Old,7142.857142857143,11.51293546492023
Honda,Amaze,3,52689.0,Automatic,first,Petrol,710000,Honda_Amaze,Recent,17563.0,10.87218096320333
Jaguar,XF,10,68000.0,Automatic,second,Diesel,1025000,Jaguar_XF,Mid,6800.0,11.127277689932466
Maruti Suzuki,Alto-800,15,76000.0,Manual,second,Hybrid/CNG,175000,Maruti Suzuki_Alto-800,Old,5066.666666666667,11.23850177707664
Volkswagen,Ameo,5,92000.0,Automatic,second,Diesel,640000,Volkswagen_Ameo,Recent,18400.0,11.429554725537322
Maruti Suzuki,Baleno,6,54000.0,Manual,first,Diesel,670000,Maruti Suzuki_Baleno,Mid,9000.0,10.896757843893464
Volkswagen,VentoTest,9,66000.0,Manual,second,Diesel,490000,Volkswagen_VentoTest,Mid,7333.333333333333,11.097425172408931
Hyundai,i20,5,45000.0,Automatic,first,Petrol,725000,Hyundai_i20,Recent,9000.0,10.714439990727769
Audi,A6,12,86310.0,Manual,first,Diesel,950000,Audi_A6,Old,7192.5,11.365712331289558
Hyundai,Eon,11,58836.0,Manual,second,Petrol,235000,Hyundai_Eon,Old,5348.727272727273,10.98252618769156
Toyota,Corolla Altis,7,100000.0,Automatic,second,Petrol,895000,Toyota_Corolla Altis,Mid,14285.714285714286,11.51293546492023
Mahindra,XUV 300,3,69846.0,Automatic,first,Diesel,1090000,Mahindra_XUV 300,Recent,23282.0,11.154062414585958
Maruti Suzuki,Alto-800,9,150000.0,Automatic,second,Petrol,170000,Maruti Suzuki_Alto-800,Mid,16666.666666666668,11.918397239722838
Hyundai,Creta,6,95000.0,Manual,first,Diesel,899000,Hyundai_Creta,Mid,15833.333333333334,11.461642696843066
Mercedes-Benz,GLC Class,3,28000.0,Automatic,first,Diesel,6850000,Mercedes-Benz_GLC Class,Recent,9333.333333333334,10.239995502805316
Toyota,Corolla Altis,12,56000.0,Automatic,second,Hybrid/CNG,365000,Toyota_Corolla Altis,Old,4666.666666666667,10.933124826700707
Maruti Suzuki,Alto-800,5,26000.0,Manual,first,Petrol,330000,Maruti Suzuki_Alto-800,Recent,5200.0,10.165890277802454
Toyota,Corolla Altis,12,115000.0,Manual,second,Diesel,415000,Toyota_Corolla Altis,Old,9583.333333333334,11.652696102959753
Maruti Suzuki,Grand Vitara,3,31000.0,Manual,first,Petrol,745000,Maruti Suzuki_Grand Vitara,Recent,10333.333333333334,10.34177474101152
Tata,Tiago,6,77400.0,Manual,first,Diesel,495000,Tata_Tiago,Mid,12900.0,11.256754979390998
Mercedes-Benz,GLA,8,35300.0,Automatic,second,Diesel,1875000,Mercedes-Benz_GLA,Mid,4412.5,10.471666571132038
Mahindra,Marazzo,4,52000.0,Automatic,first,Diesel,950000,Mahindra_Marazzo,Recent,13000.0,10.859018228147887
Ford,Endeavour,6,49000.0,Automatic,first,Diesel,2490000,Ford_Endeavour,Mid,8166.666666666667,10.799595985047786
Maruti Suzuki,Swift,7,72000.0,Manual,second,Petrol,540000,Maruti Suzuki_Swift,Mid,10285.714285714286,11.184435286790631
Maruti Suzuki,Wagon-R,8,185000.0,Automatic,first,Hybrid/CNG,205000,Maruti Suzuki_Wagon-R,Mid,23125.0,12.128116509451258
Maruti Suzuki,Alto,12,90000.0,Manual,second,Hybrid/CNG,125000,Maruti Suzuki_Alto,Old,7500.0,11.407576060361786
Maruti Suzuki,Alto,19,250000.0,Manual,second,Petrol,75000,Maruti Suzuki_Alto,Old,13157.894736842105,12.429220196836383
Toyota,Innova,13,105000.0,Manual,second,Diesel,421000,Toyota_Innova,Old,8076.923076923077,11.561725152903833
Maruti Suzuki,Celerio,6,54553.0,Manual,second,Petrol,325000,Maruti Suzuki_Celerio,Mid,9092.166666666666,10.906946315795638
Kia,Sonet,3,77000.0,Manual,first,Diesel,1151000,Kia_Sonet,Recent,25666.666666666668,11.251573687764477
Tata,Nexon,2,55000.0,Automatic,first,Diesel,1290000,Tata_Nexon,New,27500.0,10.915106645867503
Mercedes-Benz,A-class Limousine,1,15000.0,Automatic,first,Diesel,3800000,Mercedes-Benz_A-class Limousine,New,15000.0,9.61587214452889
Toyota,Innova Crysta,7,99000.0,Manual,second,Diesel,1875000,Toyota_Innova Crysta,Mid,14142.857142857143,11.502885230075814
Honda,City,13,90000.0,Automatic,second,Hybrid/CNG,150000,Honda_City,Old,6923.076923076923,11.407576060361786
Maruti Suzuki,Ertiga,1,120000.0,Automatic,first,Hybrid/CNG,950000,Maruti Suzuki_Ertiga,New,120000.0,11.695255355062795
Maruti Suzuki,Ciaz,8,114000.0,Manual,first,Petrol,499000,Maruti Suzuki_Ciaz,Mid,14250.0,11.643962499267984
Chevrolet,Sail,8,120000.0,Manual,second,Diesel,245000,Chevrolet_Sail,Mid,15000.0,11.695255355062795
Maruti Suzuki,Swift-Dzire,7,51000.0,Manual,second,Hybrid/CNG,490000,Maruti Suzuki_Swift-Dzire,Mid,7285.714285714285,10.839600519357369
Mahindra,Xylo,9,123000.0,Manual,second,Diesel,725000,Mahindra_Xylo,Mid,13666.666666666666,11.719947764402807
Honda,CRV,14,94000.0,Automatic,second,Petrol,475000,Honda_CRV,Old,6714.285714285715,11.451060699493427
Honda,City,8,69000.0,Manual,second,Hybrid/CNG,575000,Honda_City,Mid,8625.0,11.141876276228
Renault,Duster,10,96500.0,Manual,second,Diesel,270000,Renault_Duster,Mid,9650.0,11.477308649967686
Mercedes-Benz,C-Class,4,29000.0,Automatic,second,Diesel,4000000,Mercedes-Benz_C-Class,Recent,7250.0,10.275085591132715
Lexus,RX,8,11000.0,Automatic,first,Hybrid/CNG,6000000,Lexus_RX,Mid,1375.0,9.305741456739435
Ford,Ecosport,9,68530.0,Manual,second,Diesel,325000,Ford_Ecosport,Mid,7614.444444444444,11.13504147662283
Kia,Sonet,2,26793.0,Manual,first,Petrol,821000,Kia_Sonet,New,13396.5,10.19593326083693
Honda,Jazz,7,52639.0,Automatic,first,Petrol,474000,Honda_Jazz,Mid,7519.857142857143,10.8712315659992
Honda,Amaze,11,66000.0,Manual,second,Hybrid/CNG,285000,Honda_Amaze,Old,6000.0,11.097425172408931
Tata,Harrier,1,7500.0,Manual,first,Diesel,1675000,Tata_Harrier,New,7500.0,8.922791623969637
Porsche,Panamera,4,20000.0,Automatic,first,Petrol,15000000,Porsche_Panamera,Recent,5000.0,9.90353755128617
BMW,5 Series,12,50000.0,Automatic,first,Diesel,1250000,BMW_5 Series,Old,4166.666666666667,10.819798284210286
Maruti Suzuki,Wagon-R,20,110000.0,Manual,second,Petrol,100000,Maruti Suzuki_Wagon-R,Old,5500.0,11.608244735642321
Skoda,Rapid,11,107316.0,Manual,first,Diesel,435000,Skoda_Rapid,Old,9756.0,11.583542350365768
Toyota,Corolla,18,114831.0,Automatic,second,Petrol,225000,Toyota_Corolla,Old,6379.5,11.651225469669853
Mahindra,XUV500,8,80000.0,Manual,second,Diesel,450000,Mahindra_XUV500,Mid,10000.0,11.289794413577894
Hyundai,Creta,8,63500.0,Manual,first,Hybrid/CNG,735000,Hyundai_Creta,Mid,7937.5,11.05881093278828
Maruti Suzuki,Omni,13,55000.0,Manual,second,Petrol,255000,Maruti Suzuki_Omni,Old,4230.7692307692305,10.915106645867503
Tata,Nexon,6,98000.0,Manual,first,Diesel,525000,Tata_Nexon,Mid,16333.333333333334,11.49273296168228
Ford,Endeavour,6,93000.0,Automatic,first,Diesel,1999000,Ford_Endeavour,Mid,15500.0,11.440365524765756
BMW,X3,7,156000.0,Automatic,first,Diesel,2000000,BMW_X3,Mid,22285.714285714286,11.957617696467539
Tata,Altroz,3,27999.0,Manual,first,Petrol,660000,Tata_Altroz,Recent,9333.0,10.239959789157341
Maruti Suzuki,S-Presso,4,19000.0,Automatic,first,Petrol,485000,Maruti Suzuki_S-Presso,Recent,4750.0,9.852246888342531
Tata,Tiago,3,25000.0,Automatic,first,Petrol,650000,Tata_Tiago,Recent,8333.333333333334,10.12667110305036
Kia,Seltos,3,43123.0,Automatic,first,Petrol,1445000,Kia_Seltos,Recent,14374.333333333334,10.67183496565901
Toyota,Corolla Altis,9,65000.0,Automatic,second,Hybrid/CNG,624999,Toyota_Corolla Altis,Mid,7222.222222222223,11.082157933374816
Renault,KWID,7,55000.0,Automatic,second,Hybrid/CNG,219000,Renault_KWID,Mid,7857.142857142857,10.915106645867503
Toyota,Corolla Altis,16,10000.0,Automatic,second,Hybrid/CNG,230000,Toyota_Corolla Altis,Old,625.0,9.210440366976517
Mercedes-Benz,GLA,8,57000.0,Automatic,first,Diesel,1290000,Mercedes-Benz_GLA,Mid,7125.0,10.950824090522445
Hyundai,Santro Xing,14,84500.0,Manual,second,Petrol,180000,Hyundai_Santro Xing,Old,6035.714285714285,11.344518647594766
Maruti Suzuki,Eeco,8,25.0,Automatic,second,Hybrid/CNG,280000,Maruti Suzuki_Eeco,Mid,3.125,3.258096538021482
Toyota,Corolla Altis,14,80000.0,Manual,second,Hybrid/CNG,325000,Toyota_Corolla Altis,Old,5714.285714285715,11.289794413577894
Nissan,Sunny,10,78500.0,Automatic,second,Hybrid/CNG,470000,Nissan_Sunny,Mid,7850.0,11.270866642542865
Maruti Suzuki,Wagon-R-Stingray,8,24000.0,Automatic,first,Hybrid/CNG,320000,Maruti Suzuki_Wagon-R-Stingray,Mid,3000.0,10.085850775128717
Maruti Suzuki,Wagon-R,2,23000.0,Manual,first,Hybrid/CNG,595000,Maruti Suzuki_Wagon-R,New,11500.0,10.043292972227004
Maruti Suzuki,Ertiga,0,5000.0,Manual,first,Hybrid/CNG,1225000,Maruti Suzuki_Ertiga,New,5000.0,8.517393171418904
Kia,Carens,2,39000.0,Manual,second,Diesel,1350000,Kia_Carens,New,19500.0,10.571342565808699
Maruti Suzuki,Swift-Dzire,13,73422.0,Manual,second,Hybrid/CNG,225000,Maruti Suzuki_Swift-Dzire,Old,5647.846153846154,11.203992517016918
Hyundai,Xcent,4,172000.0,Manual,second,Diesel,545000,Hyundai_Xcent,Recent,43000.0,12.055255569732177
Maruti Suzuki,Celerio,7,47000.0,Manual,second,Petrol,390000,Maruti Suzuki_Celerio,Mid,6714.285714285715,10.757924157061597
Maruti Suzuki,Vitara-Brezza,6,72000.0,Manual,first,Diesel,575000,Maruti Suzuki_Vitara-Brezza,Mid,12000.0,11.184435286790631
Toyota,Corolla Altis,15,75000.0,Manual,second,Hybrid/CNG,235000,Toyota_Corolla Altis,Old,5000.0,11.225256725762893
Maruti Suzuki,Wagon-R-1-0,7,23109.0,Automatic,first,Hybrid/CNG,425000,Maruti Suzuki_Wagon-R-1-0,Mid,3301.285714285714,10.048020703268426
Maruti Suzuki,Ritz,8,128069.0,Manual,first,Diesel,325000,Maruti Suzuki_Ritz,Mid,16008.625,11.760332268420118
Hyundai,i20 Active,9,47000.0,Manual,first,Diesel,649999,Hyundai_i20 Active,Mid,5222.222222222223,10.757924157061597
Hyundai,Creta,1,70000.0,Automatic,first,Diesel,1800000,Hyundai_Creta,New,70000.0,11.156264806643742
Renault,KWID,8,17000.0,Manual,second,Petrol,295000,Renault_KWID,Mid,2125.0,9.741027444837728
Maruti Suzuki,Ciaz,6,93500.0,Automatic,first,Hybrid/CNG,550000,Maruti Suzuki_Ciaz,Mid,15583.333333333334,11.445727410406752
Honda,City,14,126000.0,Manual,second,Petrol,375000,Honda_City,Old,9000.0,11.744045122410057
Maruti Suzuki,Alto-800,13,0.0,Manual,second,Petrol,140000,Maruti Suzuki_Alto-800,Old,0.0,0.0
Maruti Suzuki,Wagon-R,12,83000.0,Manual,second,Petrol,210000,Maruti Suzuki_Wagon-R,Old,6916.666666666667,11.326607934898927
Maruti Suzuki,Swift,8,47884.0,Manual,first,Petrol,450000,Maruti Suzuki_Swift,Mid,5985.5,10.77655758195572
Land Rover,Range Rover Sport,5,64000.0,Automatic,first,Diesel,7900000,Land Rover_Range Rover Sport,Recent,12800.0,11.06665398721974
Kia,Carnival,3,23000.0,Automatic,first,Diesel,2695000,Kia_Carnival,Recent,7666.666666666667,10.043292972227004
Toyota,Fortuner,3,31500.0,Automatic,first,Diesel,3699000,Toyota_Fortuner,Recent,10500.0,10.357774570341576
Maruti Suzuki,Wagon-R,3,75000.0,Manual,first,Hybrid/CNG,499000,Maruti Suzuki_Wagon-R,Recent,25000.0,11.225256725762893
Maruti Suzuki,Baleno,5,65000.0,Automatic,second,Petrol,585000,Maruti Suzuki_Baleno,Recent,13000.0,11.082157933374816
Hyundai,Grand i10,6,28000.0,Automatic,first,Hybrid/CNG,650000,Hyundai_Grand i10,Mid,4666.666666666667,10.239995502805316
Maruti Suzuki,Swift-Dzire,9,87419.0,Manual,second,Petrol,520000,Maruti Suzuki_Swift-Dzire,Mid,9713.222222222223,11.378479368417306
Hyundai,Grand i10,6,65000.0,Manual,first,Diesel,445000,Hyundai_Grand i10,Mid,10833.333333333334,11.082157933374816
Volkswagen,VentoTest,9,69000.0,Automatic,second,Petrol,525000,Volkswagen_VentoTest,Mid,7666.666666666667,11.141876276228
Maruti Suzuki,Wagon-R,15,90000.0,Manual,second,Petrol,120000,Maruti Suzuki_Wagon-R,Old,6000.0,11.407576060361786
Audi,A6,3,8000.0,Automatic,first,Petrol,5900000,Audi_A6,Recent,2666.6666666666665,8.987321812850125
BMW,5 Series,1,7000.0,Automatic,first,Diesel,6600000,BMW_5 Series,New,7000.0,8.853808274977197
Maruti Suzuki,Wagon-R,12,35.0,Automatic,second,Hybrid/CNG,140000,Maruti Suzuki_Wagon-R,Old,2.9166666666666665,3.58351893845611
Ford,Ecosport,8,69000.0,Manual,first,Diesel,499000,Ford_Ecosport,Mid,8625.0,11.141876276228
Maruti Suzuki,Alto-800,7,75000.0,Automatic,first,Hybrid/CNG,230000,Maruti Suzuki_Alto-800,Mid,10714.285714285714,11.225256725762893
Maruti Suzuki,Zen-Estilo,12,75000.0,Manual,second,Hybrid/CNG,210000,Maruti Suzuki_Zen-Estilo,Old,6250.0,11.225256725762893
Toyota,Glanza,1,49000.0,Manual,first,Hybrid/CNG,830000,Toyota_Glanza,New,49000.0,10.799595985047786
Maruti Suzuki,Baleno,1,22000.0,Manual,first,Petrol,939999,Maruti Suzuki_Baleno,New,22000.0,9.99884318585288
Maruti Suzuki,Ritz,8,85000.0,Manual,first,Hybrid/CNG,260000,Maruti Suzuki_Ritz,Mid,10625.0,11.350418300109132
Renault,Duster,7,102500.0,Automatic,second,Diesel,600000,Renault_Duster,Mid,14642.857142857143,11.537627833610571
Maruti Suzuki,Swift,12,112.0,Manual,second,Diesel,399000,Maruti Suzuki_Swift,Old,9.333333333333334,4.727387818712341
Maruti Suzuki,Baleno,7,57500.0,Automatic,first,Hybrid/CNG,565000,Maruti Suzuki_Baleno,Mid,8214.285714285714,10.959557617938563
Maruti Suzuki,Ignis,6,46000.0,Automatic,first,Hybrid/CNG,500000,Maruti Suzuki_Ignis,Mid,7666.666666666667,10.736418414365376
Skoda,Octavia,10,78000.0,Automatic,second,Diesel,610000,Skoda_Octavia,Mid,7800.0,11.264476926102367
Land Rover,Range Rover Velar,4,54000.0,Automatic,second,Petrol,7500000,Land Rover_Range Rover Velar,Recent,13500.0,10.896757843893464
Maruti Suzuki,Ertiga,10,86000.0,Manual,second,Hybrid/CNG,585000,Maruti Suzuki_Ertiga,Mid,8600.0,11.362114203075018
Toyota,Innova Crysta,7,35000.0,Automatic,second,Diesel,2500000,Toyota_Innova Crysta,Mid,5000.0,10.463131911491967
Hyundai,Elite i20,7,40000.0,Manual,first,Petrol,449000,Hyundai_Elite i20,Mid,5714.285714285715,10.596659732783579
Hyundai,Elantra,9,70000.0,Automatic,second,Petrol,575000,Hyundai_Elantra,Mid,7777.777777777777,11.156264806643742
Maruti Suzuki,Swift-Dzire,13,103000.0,Manual,second,Petrol,295000,Maruti Suzuki_Swift-Dzire,Old,7923.076923076923,11.542493975902508
Hyundai,Grand i10,5,42000.0,Manual,first,Hybrid/CNG,450000,Hyundai_Grand i10,Recent,8400.0,10.645448706505872
Hyundai,Santro,21,0.0,Manual,second,Hybrid/CNG,52000,Hyundai_Santro,Old,0.0,0.0
Hyundai,Creta,6,57000.0,Automatic,first,Petrol,1075000,Hyundai_Creta,Mid,9500.0,10.950824090522445
Honda,City,15,120000.0,Manual,second,Petrol,225000,Honda_City,Old,8000.0,11.695255355062795
Hyundai,Xcent Prime,2,105000.0,Automatic,first,Hybrid/CNG,170000,Hyundai_Xcent Prime,New,52500.0,11.561725152903833
Chevrolet,Cruze,10,60000.0,Automatic,second,Diesel,450000,Chevrolet_Cruze,Mid,6000.0,11.002116507732017
Maruti Suzuki,Wagon-R,12,150000.0,Automatic,second,Hybrid/CNG,210000,Maruti Suzuki_Wagon-R,Old,12500.0,11.918397239722838
Honda,Civic,14,75000.0,Manual,second,Hybrid/CNG,250000,Honda_Civic,Old,5357.142857142857,11.225256725762893
Chevrolet,OptraSRV,18,90000.0,Manual,second,Petrol,149000,Chevrolet_OptraSRV,Old,5000.0,11.407576060361786
Maruti Suzuki,Baleno,7,57000.0,Manual,first,Diesel,650000,Maruti Suzuki_Baleno,Mid,8142.857142857143,10.950824090522445
Hyundai,New Santro,5,82000.0,Manual,first,Hybrid/CNG,455000,Hyundai_New Santro,Recent,16400.0,11.314486721293981
Maruti Suzuki,Wagon-R-1-0,2,27100.0,Manual,first,Hybrid/CNG,645000,Maruti Suzuki_Wagon-R-1-0,New,13550.0,10.207325906555994
Hyundai,Creta,4,75000.0,Automatic,second,Diesel,1675000,Hyundai_Creta,Recent,18750.0,11.225256725762893
Tata,Altroz,1,20000.0,Automatic,first,Hybrid/CNG,655000,Tata_Altroz,New,20000.0,9.90353755128617
Hyundai,Grand i10 Nios,4,62000.0,Manual,first,Petrol,580000,Hyundai_Grand i10 Nios,Recent,15500.0,11.034905792929415
Mercedes-Benz,C Class,5,9000.0,Automatic,first,Petrol,3500000,Mercedes-Benz_C Class,Recent,1800.0,9.105090961257085
Maruti Suzuki,Swift-Dzire,7,170000.0,Automatic,first,Hybrid/CNG,275000,Maruti Suzuki_Swift-Dzire,Mid,24285.714285714286,12.04355959836804
Hyundai,i10,15,103000.0,Manual,second,Hybrid/CNG,95000,Hyundai_i10,Old,6866.666666666667,11.542493975902508
Tata,Nexon,6,76209.0,Automatic,second,Petrol,666000,Tata_Nexon,Mid,12701.5,11.241247966660163
Maruti Suzuki,Ciaz,6,68000.0,Automatic,first,Hybrid/CNG,749000,Maruti Suzuki_Ciaz,Mid,11333.333333333334,11.127277689932466
Volkswagen,Passat,5,70450.0,Automatic,first,Diesel,2200000,Volkswagen_Passat,Recent,14090.0,11.162672711690245
Mahindra,XUV700,2,13000.0,Automatic,first,Petrol,2150000,Mahindra_XUV700,New,6500.0,9.472781556562168
Hyundai,Creta,2,38000.0,Manual,first,Petrol,1175000,Hyundai_Creta,New,19000.0,10.545367754151743
Audi,A3,9,44000.0,Automatic,first,Diesel,1670000,Audi_A3,Mid,4888.888888888889,10.691967639914864
Skoda,Kushaq,3,8600.0,Automatic,first,Petrol,1700000,Skoda_Kushaq,Recent,2866.6666666666665,9.059633754551479
Hyundai,i10,13,85000.0,Manual,second,Petrol,300000,Hyundai_i10,Old,6538.461538461538,11.350418300109132
BMW,3 Series GT,6,70000.0,Automatic,first,Diesel,2090000,BMW_3 Series GT,Mid,11666.666666666666,11.156264806643742
Hyundai,Verna,8,60000.0,Automatic,first,Diesel,545000,Hyundai_Verna,Mid,7500.0,11.002116507732017
Maruti Suzuki,A-Star,13,112000.0,Automatic,second,Hybrid/CNG,240000,Maruti Suzuki_A-Star,Old,8615.384615384615,11.626263078808801
Toyota,Innova,9,150000.0,Manual,first,Diesel,975000,Toyota_Innova,Mid,16666.666666666668,11.918397239722838
Maruti Suzuki,Wagon-R,2,58000.0,Manual,first,Hybrid/CNG,590000,Maruti Suzuki_Wagon-R,New,29000.0,10.968215530759236
Renault,Duster,5,55234.0,Manual,second,Hybrid/CNG,550000,Renault_Duster,Recent,11046.8,10.919352089306376
Toyota,Camry,10,100000.0,Automatic,first,Hybrid/CNG,1150000,Toyota_Camry,Mid,10000.0,11.51293546492023
Toyota,Etios,8,119830.0,Manual,second,Diesel,535000,Toyota_Etios,Mid,14978.75,11.693837695797379
Maruti Suzuki,Wagon-R-1-0,10,82000.0,Manual,second,Hybrid/CNG,315000,Maruti Suzuki_Wagon-R-1-0,Mid,8200.0,11.314486721293981
Maruti Suzuki,Celerio,5,111000.0,Automatic,first,Hybrid/CNG,525000,Maruti Suzuki_Celerio,Recent,22200.0,11.6172944892629
Audi,2.9 Sportback,6,44000.0,Automatic,second,Petrol,7500000,Audi_2.9 Sportback,Mid,7333.333333333333,10.691967639914864
Maruti Suzuki,Swift-Dzire,4,64000.0,Automatic,first,Petrol,785000,Maruti Suzuki_Swift-Dzire,Recent,16000.0,11.06665398721974
Audi,Q5,10,95000.0,Automatic,first,Diesel,840000,Audi_Q5,Mid,9500.0,11.461642696843066
Mahindra,XUV500,9,98000.0,Manual,second,Diesel,650000,Mahindra_XUV500,Mid,10888.888888888889,11.49273296168228
Hyundai,i20,5,39000.0,Manual,first,Hybrid/CNG,540000,Hyundai_i20,Recent,7800.0,10.571342565808699
Maruti Suzuki,Wagon-R,6,66000.0,Manual,first,Hybrid/CNG,380000,Maruti Suzuki_Wagon-R,Mid,11000.0,11.097425172408931
Toyota,Fortuner,6,120000.0,Automatic,second,Diesel,3400000,Toyota_Fortuner,Mid,20000.0,11.695255355062795
Maruti Suzuki,Wagon-R-1-0,13,150000.0,Automatic,second,Hybrid/CNG,140000,Maruti Suzuki_Wagon-R-1-0,Old,11538.461538461539,11.918397239722838
Hyundai,Grand i10 Nios,1,10000.0,Automatic,first,Petrol,775000,Hyundai_Grand i10 Nios,New,10000.0,9.210440366976517
Skoda,Superb,3,62000.0,Automatic,second,Petrol,2425000,Skoda_Superb,Recent,20666.666666666668,11.034905792929415
Maruti Suzuki,Swift-Dzire,7,76000.0,Automatic,second,Petrol,620000,Maruti Suzuki_Swift-Dzire,Mid,10857.142857142857,11.23850177707664
Hyundai,New i20,2,21000.0,Manual,first,Petrol,860000,Hyundai_New i20,New,10500.0,9.952325334619427
Renault,KWID,5,49600.0,Automatic,first,Petrol,369000,Renault_KWID,Recent,9920.0,10.811766273800105
Maruti Suzuki,Ignis,3,14607.0,Automatic,first,Petrol,597000,Maruti Suzuki_Ignis,Recent,4869.0,9.58932460283475
Land Rover,Discovery Sport,9,75000.0,Automatic,first,Diesel,2000000,Land Rover_Discovery Sport,Mid,8333.333333333334,11.225256725762893
Honda,City,14,74000.0,Manual,second,Petrol,240000,Honda_City,Old,5285.714285714285,11.211833885608513
Hyundai,Creta,4,90000.0,Manual,second,Diesel,1125000,Hyundai_Creta,Recent,22500.0,11.407576060361786
Ford,Aspire,5,61000.0,Manual,first,Diesel,475000,Ford_Aspire,Recent,12200.0,11.0186455364637
Maruti Suzuki,Vitara-Brezza,5,61000.0,Automatic,second,Diesel,845000,Maruti Suzuki_Vitara-Brezza,Recent,12200.0,11.0186455364637
Maruti Suzuki,Wagon-R,3,54900.0,Manual,first,Hybrid/CNG,549000,Maruti Suzuki_Wagon-R,Recent,18300.0,10.91328684226798
Honda,Jazz,5,55000.0,Automatic,first,Hybrid/CNG,545000,Honda_Jazz,Recent,11000.0,10.915106645867503
Hyundai,Grand i10,9,92000.0,Manual,second,Diesel,450000,Hyundai_Grand i10,Mid,10222.222222222223,11.429554725537322
Honda,City,10,90000.0,Manual,second,Diesel,490000,Honda_City,Mid,9000.0,11.407576060361786
Maruti Suzuki,Alto-K10,5,53000.0,Automatic,first,Petrol,395000,Maruti Suzuki_Alto-K10,Recent,10600.0,10.87806606028079
Hyundai,Grand i10,5,64000.0,Manual,first,Hybrid/CNG,550000,Hyundai_Grand i10,Recent,12800.0,11.06665398721974
Honda,Jazz,12,70000.0,Manual,second,Petrol,350000,Honda_Jazz,Old,5833.333333333333,11.156264806643742
Maruti Suzuki,Eeco,6,55644.0,Manual,first,Hybrid/CNG,495000,Maruti Suzuki_Eeco,Mid,9274.0,10.926747505407526
Maruti Suzuki,Wagon-R,6,68000.0,Manual,first,Hybrid/CNG,390000,Maruti Suzuki_Wagon-R,Mid,11333.333333333334,11.127277689932466
Toyota,Fortuner,11,113000.0,Automatic,second,Diesel,950000,Toyota_Fortuner,Old,10272.727272727272,11.635151947212842
Maruti Suzuki,Ertiga,11,76140.0,Manual,second,Hybrid/CNG,525500,Maruti Suzuki_Ertiga,Old,6921.818181818182,11.240342163551318
Maruti Suzuki,Wagon-R-1-0,7,57000.0,Manual,first,Hybrid/CNG,385000,Maruti Suzuki_Wagon-R-1-0,Mid,8142.857142857143,10.950824090522445
Maruti Suzuki,Swift,19,120000.0,Manual,second,Hybrid/CNG,150000,Maruti Suzuki_Swift,Old,6315.789473684211,11.695255355062795
Maruti Suzuki,Swift-Dzire,2,55000.0,Automatic,first,Hybrid/CNG,690000,Maruti Suzuki_Swift-Dzire,New,27500.0,10.915106645867503
Toyota,Fortuner,10,75000.0,Automatic,second,Diesel,1200000,Toyota_Fortuner,Mid,7500.0,11.225256725762893
Mercedes-Benz,S-Class,9,45000.0,Automatic,second,Diesel,4100000,Mercedes-Benz_S-Class,Mid,5000.0,10.714439990727769
Toyota,Innova,13,165000.0,Manual,second,Diesel,975000,Toyota_Innova,Old,12692.307692307691,12.013706813470414
Maruti Suzuki,Omni,12,129698.0,Manual,second,Hybrid/CNG,130000,Maruti Suzuki_Omni,Old,10808.166666666666,11.772971660174582
Maruti Suzuki,Alto-800,11,59000.0,Manual,second,Petrol,219999,Maruti Suzuki_Alto-800,Old,5363.636363636364,10.985309671896763
Maruti Suzuki,Alto-K10,9,15000.0,Automatic,second,Petrol,360000,Maruti Suzuki_Alto-K10,Mid,1666.6666666666667,9.61587214452889
Honda,City,9,78000.0,Manual,second,Hybrid/CNG,459000,Honda_City,Mid,8666.666666666666,11.264476926102367
Maruti Suzuki,Ertiga,6,57125.0,Manual,first,Hybrid/CNG,800000,Maruti Suzuki_Ertiga,Mid,9520.833333333334,10.953014633513746
Ford,Ecosport,7,79840.0,Manual,first,Diesel,515000,Ford_Ecosport,Mid,11405.714285714286,11.287792435957009
Hyundai,i10,11,42500.0,Automatic,first,Petrol,335000,Hyundai_i10,Old,3863.6363636363635,10.657282884047461
Tata,Tigor,0,4700.0,Automatic,first,Hybrid/CNG,945000,Tata_Tigor,New,4700.0,8.45553053102413
Honda,CRV,17,130000.0,Automatic,second,Hybrid/CNG,198000,Honda_CRV,Old,7647.058823529412,11.775297421715827
Maruti Suzuki,Celerio,7,85000.0,Automatic,first,Petrol,455000,Maruti Suzuki_Celerio,Mid,12142.857142857143,11.350418300109132
Maruti Suzuki,Alto-800,10,115000.0,Manual,second,Petrol,180000,Maruti Suzuki_Alto-800,Mid,11500.0,11.652696102959753
Toyota,Fortuner,5,85000.0,Automatic,first,Diesel,3151000,Toyota_Fortuner,Recent,17000.0,11.350418300109132
Toyota,Innova Crysta,4,72000.0,Automatic,first,Diesel,2175000,Toyota_Innova Crysta,Recent,18000.0,11.184435286790631
Maruti Suzuki,Swift,3,73086.0,Manual,first,Petrol,630000,Maruti Suzuki_Swift,Recent,24362.0,11.199405791345423
Honda,Amaze,9,40000.0,Manual,second,Diesel,481000,Honda_Amaze,Mid,4444.444444444444,10.596659732783579
Tata,Tiago,2,19300.0,Manual,first,Hybrid/CNG,684000,Tata_Tiago,New,9650.0,9.867912187022208
Maruti Suzuki,Wagon-R-1-0,14,77200.0,Manual,second,Hybrid/CNG,139000,Maruti Suzuki_Wagon-R-1-0,Old,5514.285714285715,11.25416768929685
Hyundai,Santro Xing,12,74000.0,Manual,second,Hybrid/CNG,170000,Hyundai_Santro Xing,Old,6166.666666666667,11.211833885608513
Ford,Ecosport,8,68000.0,Manual,first,Diesel,499000,Ford_Ecosport,Mid,8500.0,11.127277689932466
Hyundai,i10,14,60000.0,Automatic,second,Petrol,275000,Hyundai_i10,Old,4285.714285714285,11.002116507732017
Renault,KWID,4,52000.0,Automatic,first,Hybrid/CNG,350000,Renault_KWID,Recent,13000.0,10.859018228147887
Hyundai,Grand i10 Nios,2,14000.0,Manual,second,Hybrid/CNG,625000,Hyundai_Grand i10 Nios,New,7000.0,9.546884034617925
Ford,Figo,11,108000.0,Manual,second,Diesel,190000,Ford_Figo,Old,9818.181818181818,11.58989576532275
Hyundai,Santro Xing,14,25.0,Automatic,first,Hybrid/CNG,80000,Hyundai_Santro Xing,Old,1.7857142857142858,3.258096538021482
Toyota,Urban Cruiser Hyryder,2,29000.0,Automatic,first,Hybrid/CNG,1750000,Toyota_Urban Cruiser Hyryder,New,14500.0,10.275085591132715
Maruti Suzuki,Sx4,14,74000.0,Manual,second,Petrol,330000,Maruti Suzuki_Sx4,Old,5285.714285714285,11.211833885608513
Maruti Suzuki,Wagon-R,7,82000.0,Automatic,second,Hybrid/CNG,385000,Maruti Suzuki_Wagon-R,Mid,11714.285714285714,11.314486721293981
Maruti Suzuki,Wagon-R,8,45000.0,Automatic,first,Petrol,299000,Maruti Suzuki_Wagon-R,Mid,5625.0,10.714439990727769
Hyundai,Creta,3,36046.0,Automatic,first,Petrol,1463000,Hyundai_Creta,Recent,12015.333333333334,10.492578921497184
Maruti Suzuki,Wagon-R,15,225000.0,Manual,second,Petrol,210000,Maruti Suzuki_Wagon-R,Old,15000.0,12.323860125621126
Honda,Amaze,5,44199.0,Automatic,first,Petrol,635000,Honda_Amaze,Recent,8839.8,10.696480068065789
Mercedes-Benz,C-Class,7,43000.0,Automatic,first,Diesel,2650000,Mercedes-Benz_C-Class,Mid,6142.857142857143,10.668978650219241
Maruti Suzuki,Celerio,5,64504.0,Manual,first,Hybrid/CNG,520000,Maruti Suzuki_Celerio,Recent,12900.8,11.074498019159236
Maruti Suzuki,Ertiga,0,29000.0,Manual,first,Hybrid/CNG,1199999,Maruti Suzuki_Ertiga,New,29000.0,10.275085591132715
Hyundai,Grand i10 Nios,3,18000.0,Automatic,first,Hybrid/CNG,700000,Hyundai_Grand i10 Nios,Recent,6000.0,9.798182590890704
Maruti Suzuki,Baleno,6,32000.0,Manual,first,Petrol,685000,Maruti Suzuki_Baleno,Mid,5333.333333333333,10.373522431293592
Maruti Suzuki,Baleno-RS,4,45000.0,Manual,first,Petrol,950000,Maruti Suzuki_Baleno-RS,Recent,11250.0,10.714439990727769
Maruti Suzuki,Celerio,10,89000.0,Manual,second,Hybrid/CNG,325000,Maruti Suzuki_Celerio,Mid,8900.0,11.39640288460621
Honda,Accord,14,58000.0,Automatic,second,Hybrid/CNG,350000,Honda_Accord,Old,4142.857142857143,10.968215530759236
Maruti Suzuki,Ritz,14,85000.0,Manual,second,Hybrid/CNG,148000,Maruti Suzuki_Ritz,Old,6071.428571428572,11.350418300109132
Hyundai,Elite i20,5,53000.0,Manual,first,Hybrid/CNG,490000,Hyundai_Elite i20,Recent,10600.0,10.87806606028079
Land Rover,Discovery,5,87000.0,Automatic,second,Diesel,2700000,Land Rover_Discovery,Recent,17400.0,11.373674891823535
Maruti Suzuki,Swift-Dzire,9,88000.0,Manual,second,Diesel,340000,Maruti Suzuki_Swift-Dzire,Mid,9777.777777777777,11.385103457032141
Renault,Captur,5,46231.0,Manual,second,Diesel,650000,Renault_Captur,Recent,9246.2,10.741427477997615
Maruti Suzuki,Wagon-R,5,53000.0,Automatic,first,Petrol,490000,Maruti Suzuki_Wagon-R,Recent,10600.0,10.87806606028079
Mercedes-Benz,GLE COUPE,2,14000.0,Automatic,second,Petrol,11500000,Mercedes-Benz_GLE COUPE,New,7000.0,9.546884034617925
Mercedes-Benz,C-Class,7,27230.0,Automatic,second,Diesel,3325000,Mercedes-Benz_C-Class,Mid,3890.0,10.212111309194738
Hyundai,Grand i10,10,92000.0,Manual,second,Petrol,320000,Hyundai_Grand i10,Mid,9200.0,11.429554725537322
Chevrolet,Cruze,14,70000.0,Automatic,second,Diesel,303000,Chevrolet_Cruze,Old,5000.0,11.156264806643742
Maruti Suzuki,Wagon-R-1-0,7,63000.0,Manual,first,Hybrid/CNG,345000,Maruti Suzuki_Wagon-R-1-0,Mid,9000.0,11.050905878263567
Toyota,Innova Crysta,5,55000.0,Automatic,first,Diesel,2140000,Toyota_Innova Crysta,Recent,11000.0,10.915106645867503
Hyundai,Verna,11,75000.0,Automatic,second,Hybrid/CNG,399000,Hyundai_Verna,Old,6818.181818181818,11.225256725762893
Mahindra,Ssangyong-Rexton,10,91000.0,Manual,second,Diesel,585000,Mahindra_Ssangyong-Rexton,Mid,9100.0,11.418625774449598
Skoda,Rapid,8,88888.0,Automatic,second,Petrol,355000,Skoda_Rapid,Mid,11111.0,11.395143679313064
Hyundai,i20,13,130000.0,Automatic,first,Hybrid/CNG,130000,Hyundai_i20,Old,10000.0,11.775297421715827
Ford,Ecosport,5,93585.0,Automatic,first,Hybrid/CNG,599999,Ford_Ecosport,Recent,18717.0,11.446636078629007
Maruti Suzuki,Baleno,6,51000.0,Manual,first,Hybrid/CNG,395000,Maruti Suzuki_Baleno,Mid,8500.0,10.839600519357369
Maruti Suzuki,Wagon-R,9,47858.0,Automatic,first,Hybrid/CNG,335000,Maruti Suzuki_Wagon-R,Mid,5317.555555555556,10.776014466969107
Hyundai,i20,6,70000.0,Manual,first,Hybrid/CNG,525000,Hyundai_i20,Mid,11666.666666666666,11.156264806643742
Volkswagen,Polo,11,61000.0,Manual,second,Diesel,290000,Volkswagen_Polo,Old,5545.454545454545,11.0186455364637
Volkswagen,VentoTest,14,65000.0,Manual,second,Hybrid/CNG,199999,Volkswagen_VentoTest,Old,4642.857142857143,11.082157933374816
Land Rover,Range Rover Evoque,11,113000.0,Automatic,second,Diesel,1990000,Land Rover_Range Rover Evoque,Old,10272.727272727272,11.635151947212842
Maruti Suzuki,Omni,10,100000.0,Automatic,first,Hybrid/CNG,180000,Maruti Suzuki_Omni,Mid,10000.0,11.51293546492023
Toyota,Innova,14,230000.0,Manual,second,Diesel,725000,Toyota_Innova,Old,16428.571428571428,12.345838935721968
Maruti Suzuki,Alto-800,6,60000.0,Manual,second,Hybrid/CNG,245000,Maruti Suzuki_Alto-800,Mid,10000.0,11.002116507732017
Chevrolet,Cruze,9,65000.0,Automatic,second,Diesel,485000,Chevrolet_Cruze,Mid,7222.222222222223,11.082157933374816
Maruti Suzuki,maruti-suzuki-dzire,8,115000.0,Automatic,first,Diesel,551000,Maruti Suzuki_maruti-suzuki-dzire,Mid,14375.0,11.652696102959753
Ford,Endeavour,13,96000.0,Automatic,second,Diesel,351000,Ford_Endeavour,Old,7384.615384615385,11.472113887062386
BMW,3 Series GT,8,97000.0,Automatic,first,Diesel,1600000,BMW_3 Series GT,Mid,12125.0,11.48247656671073
Honda,Amaze,9,46000.0,Automatic,second,Petrol,349000,Honda_Amaze,Mid,5111.111111111111,10.736418414365376
Tata,Tiago,6,43000.0,Automatic,first,Hybrid/CNG,535000,Tata_Tiago,Mid,7166.666666666667,10.668978650219241
Chevrolet,Cruze,13,97000.0,Automatic,second,Diesel,410000,Chevrolet_Cruze,Old,7461.538461538462,11.48247656671073
Maruti Suzuki,Alto-800,8,61000.0,Manual,second,Petrol,230000,Maruti Suzuki_Alto-800,Mid,7625.0,11.0186455364637
Honda,City,8,38000.0,Manual,first,Diesel,775000,Honda_City,Mid,4750.0,10.545367754151743
Maruti Suzuki,Alto-800,11,76000.0,Manual,second,Petrol,284000,Maruti Suzuki_Alto-800,Old,6909.090909090909,11.23850177707664
Hyundai,Santa Fe,8,94000.0,Automatic,second,Diesel,745000,Hyundai_Santa Fe,Mid,11750.0,11.451060699493427
Maruti Suzuki,Wagon R,13,84000.0,Manual,second,Hybrid/CNG,185000,Maruti Suzuki_Wagon R,Old,6461.538461538462,11.338583982516495
Volkswagen,Polo,7,60000.0,Manual,second,Diesel,740000,Volkswagen_Polo,Mid,8571.42857142857,11.002116507732017
Tata,Nano,14,9167.0,Manual,first,Petrol,55000,Tata_Nano,Old,654.7857142857143,9.12347443895452
Maruti Suzuki,Wagon-R,12,78000.0,Manual,second,Hybrid/CNG,195000,Maruti Suzuki_Wagon-R,Old,6500.0,11.264476926102367
BMW,7 Series,9,20000.0,Automatic,first,Diesel,3700000,BMW_7 Series,Mid,2222.222222222222,9.90353755128617
Ford,Endeavour,8,88500.0,Automatic,second,Diesel,1585000,Ford_Endeavour,Mid,11062.5,11.390769130367211
Honda,City,7,59700.0,Automatic,second,Hybrid/CNG,568000,Honda_City,Mid,8528.57142857143,10.997104049659168
Maruti Suzuki,Wagon-R,9,62000.0,Automatic,second,Hybrid/CNG,120000,Maruti Suzuki_Wagon-R,Mid,6888.888888888889,11.034905792929415
Ford,Ecosport,5,40392.0,Automatic,first,Hybrid/CNG,849000,Ford_Ecosport,Recent,8078.4,10.60641178160999
Honda,Accord,12,86000.0,Automatic,second,Petrol,390000,Honda_Accord,Old,7166.666666666667,11.362114203075018
Hyundai,i10,12,29000.0,Manual,second,Petrol,199999,Hyundai_i10,Old,2416.6666666666665,10.275085591132715
Honda,Amaze,5,19000.0,Automatic,first,Petrol,695000,Honda_Amaze,Recent,3800.0,9.852246888342531
Toyota,Urban Cruiser Hyryder,0,3600.0,Automatic,first,Hybrid/CNG,2200000,Toyota_Urban Cruiser Hyryder,New,3600.0,8.188966863648876
Hyundai,i10,9,104000.0,Automatic,second,Hybrid/CNG,245000,Hyundai_i10,Mid,11555.555555555555,11.552155793461898
Skoda,Rapid,11,69000.0,Manual,first,Diesel,349999,Skoda_Rapid,Old,6272.727272727273,11.141876276228
Maruti Suzuki,Wagon-R,12,58500.0,Manual,second,Hybrid/CNG,250000,Maruti Suzuki_Wagon-R,Old,4875.0,10.97679912709094
Maruti Suzuki,maruti-suzuki-dzire,13,59000.0,Manual,second,Hybrid/CNG,246000,Maruti Suzuki_maruti-suzuki-dzire,Old,4538.461538461538,10.985309671896763
Maruti Suzuki,Ritz,13,85000.0,Automatic,second,Hybrid/CNG,155000,Maruti Suzuki_Ritz,Old,6538.461538461538,11.350418300109132
Maruti Suzuki,Ertiga,8,59000.0,Manual,second,Diesel,820000,Maruti Suzuki_Ertiga,Mid,7375.0,10.985309671896763
Maruti Suzuki,Swift,0,19000.0,Manual,first,Petrol,728000,Maruti Suzuki_Swift,New,19000.0,9.852246888342531
Toyota,Innova,9,177000.0,Manual,first,Diesel,575000,Toyota_Innova,Mid,19666.666666666668,12.083910661257521
Honda,City,9,58000.0,Automatic,second,Hybrid/CNG,510000,Honda_City,Mid,6444.444444444444,10.968215530759236
Maruti Suzuki,Wagon-R,7,60000.0,Manual,second,Hybrid/CNG,295000,Maruti Suzuki_Wagon-R,Mid,8571.42857142857,11.002116507732017
Skoda,Kodiaq,1,15000.0,Automatic,first,Petrol,4200000,Skoda_Kodiaq,New,15000.0,9.61587214452889
MG,Hector Plus,1,42500.0,Automatic,first,Petrol,1850000,MG_Hector Plus,New,42500.0,10.657282884047461
Maruti Suzuki,Eeco,5,82453.0,Automatic,second,Hybrid/CNG,360000,Maruti Suzuki_Eeco,Recent,16490.6,11.319995841062028
Maruti Suzuki,Baleno,5,251174.0,Automatic,first,Diesel,100000,Maruti Suzuki_Baleno,Recent,50234.8,12.433905186330515
Hyundai,Grand i10,11,42900.0,Automatic,first,Hybrid/CNG,385000,Hyundai_Grand i10,Old,3900.0,10.666650414667744
Maruti Suzuki,Wagon-R,5,19000.0,Manual,first,Petrol,525000,Maruti Suzuki_Wagon-R,Recent,3800.0,9.852246888342531
Renault,Triber,3,18000.0,Automatic,second,Petrol,550000,Renault_Triber,Recent,6000.0,9.798182590890704
Hyundai,i20,6,79100.0,Manual,second,Hybrid/CNG,535000,Hyundai_i20,Mid,13183.333333333334,11.278480795900865
Ambassador,Ambassador,21,1.0,Manual,second,Petrol,155000,Ambassador_Ambassador,Old,0.047619047619047616,0.6931471805599453
Toyota,Corolla,16,140000.0,Manual,second,Hybrid/CNG,225000,Toyota_Corolla,Old,8750.0,11.849404844423074
Maruti Suzuki,Vitara-Brezza,2,30000.0,Manual,first,Petrol,950000,Maruti Suzuki_Vitara-Brezza,New,15000.0,10.308985993422082
Maruti Suzuki,Swift,6,80000.0,Automatic,first,Petrol,499999,Maruti Suzuki_Swift,Mid,13333.333333333334,11.289794413577894
Maruti Suzuki,Celerio,9,55000.0,Automatic,second,Hybrid/CNG,400000,Maruti Suzuki_Celerio,Mid,6111.111111111111,10.915106645867503
Honda,City,8,71000.0,Automatic,second,Petrol,549999,Honda_City,Mid,8875.0,11.170449240431308
Maruti Suzuki,Wagon-R,2,80000.0,Manual,first,Hybrid/CNG,499999,Maruti Suzuki_Wagon-R,New,40000.0,11.289794413577894
Ford,Figo,9,63500.0,Manual,first,Petrol,244999,Ford_Figo,Mid,7055.555555555556,11.05881093278828
MG,Hector,5,45000.0,Automatic,second,Petrol,1290000,MG_Hector,Recent,9000.0,10.714439990727769
Maruti Suzuki,Wagon-R,2,24000.0,Manual,first,Hybrid/CNG,639000,Maruti Suzuki_Wagon-R,New,12000.0,10.085850775128717
Maruti Suzuki,Ignis,2,8000.0,Automatic,second,Petrol,669000,Maruti Suzuki_Ignis,New,4000.0,8.987321812850125
Hyundai,i20,13,85000.0,Automatic,second,Hybrid/CNG,150000,Hyundai_i20,Old,6538.461538461538,11.350418300109132
Hyundai,Getz,19,50000.0,Manual,second,Petrol,68000,Hyundai_Getz,Old,2631.5789473684213,10.819798284210286
Maruti Suzuki,maruti-suzuki-dzire,7,62000.0,Automatic,first,Petrol,535000,Maruti Suzuki_maruti-suzuki-dzire,Mid,8857.142857142857,11.034905792929415
Skoda,Slavia,2,14000.0,Automatic,first,Petrol,1680000,Skoda_Slavia,New,7000.0,9.546884034617925
Maruti Suzuki,Stingray,8,72500.0,Automatic,first,Hybrid/CNG,270000,Maruti Suzuki_Stingray,Mid,9062.5,11.19135563385109
Hyundai,i10,13,20198.0,Manual,first,Petrol,175000,Hyundai_i10,Old,1553.6923076923076,9.91338837721339
Maruti Suzuki,Grand Vitara,1,17000.0,Manual,first,Petrol,1495000,Maruti Suzuki_Grand Vitara,New,17000.0,9.741027444837728
Ford,Figo,8,44000.0,Automatic,second,Petrol,450000,Ford_Figo,Mid,5500.0,10.691967639914864
Maruti Suzuki,Ritz,12,70000.0,Manual,second,Diesel,345000,Maruti Suzuki_Ritz,Old,5833.333333333333,11.156264806643742
Toyota,Innova,10,225000.0,Manual,second,Diesel,550000,Toyota_Innova,Mid,22500.0,12.323860125621126
Mahindra,Jeep,25,78000.0,Manual,second,Diesel,80000,Mahindra_Jeep,Old,3120.0,11.264476926102367
Maruti Suzuki,Ignis,6,40200.0,Manual,second,Petrol,550000,Maruti Suzuki_Ignis,Mid,6700.0,10.601647149919609
Honda,Civic,16,50000.0,Automatic,first,Hybrid/CNG,40000,Honda_Civic,Old,3125.0,10.819798284210286
Volkswagen,Polo,7,77948.0,Manual,second,Diesel,549999,Volkswagen_Polo,Mid,11135.42857142857,11.263810045667265
Honda,City,3,62000.0,Automatic,first,Petrol,1050000,Honda_City,Recent,20666.666666666668,11.034905792929415
Renault,KWID,7,24000.0,Automatic,second,Hybrid/CNG,230000,Renault_KWID,Mid,3428.5714285714284,10.085850775128717
Maruti Suzuki,Wagon-R,6,102200.0,Manual,first,Hybrid/CNG,320000,Maruti Suzuki_Wagon-R,Mid,17033.333333333332,11.534696741439683
Hyundai,Venue,5,100000.0,Manual,first,Diesel,865000,Hyundai_Venue,Recent,20000.0,11.51293546492023
Maruti Suzuki,maruti-suzuki-dzire,14,118979.0,Manual,first,Diesel,200000,Maruti Suzuki_maruti-suzuki-dzire,Old,8498.5,11.686710690741897
Tata,Harrier,1,10000.0,Automatic,first,Diesel,2700000,Tata_Harrier,New,10000.0,9.210440366976517
Mercedes-Benz,M-Class,11,130000.0,Automatic,second,Diesel,1890000,Mercedes-Benz_M-Class,Old,11818.181818181818,11.775297421715827
Honda,Brio,9,56000.0,Automatic,first,Hybrid/CNG,365000,Honda_Brio,Mid,6222.222222222223,10.933124826700707
Mahindra,Bolero,9,115217.0,Manual,first,Diesel,775000,Mahindra_Bolero,Mid,12801.888888888889,11.654581265038168
Hyundai,Tucson,5,42000.0,Automatic,first,Petrol,1635000,Hyundai_Tucson,Recent,8400.0,10.645448706505872
Maruti Suzuki,Celerio,10,50000.0,Automatic,second,Petrol,350000,Maruti Suzuki_Celerio,Mid,5000.0,10.819798284210286
Honda,Civic,14,72000.0,Manual,second,Petrol,298000,Honda_Civic,Old,5142.857142857143,11.184435286790631
Maruti Suzuki,Ertiga,0,12000.0,Manual,first,Hybrid/CNG,1450000,Maruti Suzuki_Ertiga,New,12000.0,9.392745258631441
Hyundai,i20,7,70000.0,Manual,first,Diesel,510000,Hyundai_i20,Mid,10000.0,11.156264806643742
Jeep,Compass,7,45000.0,Manual,first,Diesel,1250000,Jeep_Compass,Mid,6428.571428571428,10.714439990727769
Mahindra,Bolero Power Plus,11,180000.0,Automatic,second,Diesel,350000,Mahindra_Bolero Power Plus,Old,16363.636363636364,12.100717685412471
Maruti Suzuki,Sx4,12,82000.0,Manual,second,Hybrid/CNG,289000,Maruti Suzuki_Sx4,Old,6833.333333333333,11.314486721293981
Maruti Suzuki,maruti-suzuki-brezza,0,14000.0,Manual,first,Hybrid/CNG,1175000,Maruti Suzuki_maruti-suzuki-brezza,New,14000.0,9.546884034617925
Maruti Suzuki,Swift-Dzire,6,65000.0,Automatic,second,Hybrid/CNG,525000,Maruti Suzuki_Swift-Dzire,Mid,10833.333333333334,11.082157933374816
Maruti Suzuki,Eeco,6,85000.0,Manual,first,Hybrid/CNG,325000,Maruti Suzuki_Eeco,Mid,14166.666666666666,11.350418300109132
Mahindra,XUV500,6,46000.0,Manual,second,Diesel,870000,Mahindra_XUV500,Mid,7666.666666666667,10.736418414365376
Maruti Suzuki,Sx4,14,45000.0,Manual,second,Hybrid/CNG,250000,Maruti Suzuki_Sx4,Old,3214.285714285714,10.714439990727769
Toyota,Innova Hycross,1,40000.0,Automatic,first,Hybrid/CNG,3850000,Toyota_Innova Hycross,New,40000.0,10.596659732783579
Maruti Suzuki,Ertiga,9,100000.0,Manual,second,Hybrid/CNG,625000,Maruti Suzuki_Ertiga,Mid,11111.111111111111,11.51293546492023
Maruti Suzuki,Swift-Dzire,9,63000.0,Manual,first,Diesel,435000,Maruti Suzuki_Swift-Dzire,Mid,7000.0,11.050905878263567
Maruti Suzuki,Wagon-R,8,138922.0,Manual,second,Hybrid/CNG,285000,Maruti Suzuki_Wagon-R,Mid,17365.25,11.841675101787521
Maruti Suzuki,Swift-Dzire,11,57500.0,Manual,first,Petrol,570000,Maruti Suzuki_Swift-Dzire,Old,5227.272727272727,10.959557617938563
Mahindra,Rexton,10,85000.0,Automatic,second,Diesel,550000,Mahindra_Rexton,Mid,8500.0,11.350418300109132
Ford,Mustang,7,24000.0,Automatic,first,Petrol,8200000,Ford_Mustang,Mid,3428.5714285714284,10.085850775128717
Honda,CR-V,5,129000.0,Automatic,second,Petrol,1800000,Honda_CR-V,Recent,25800.0,11.767575435251748
Maruti Suzuki,Eeco,2,80000.0,Manual,first,Petrol,250000,Maruti Suzuki_Eeco,New,40000.0,11.289794413577894
Maruti Suzuki,Wagon R 1.0,8,65000.0,Automatic,second,Petrol,460000,Maruti Suzuki_Wagon R 1.0,Mid,8125.0,11.082157933374816
Honda,Amaze,5,51000.0,Manual,first,Petrol,575000,Honda_Amaze,Recent,10200.0,10.839600519357369
Honda,Brio,12,60000.0,Manual,second,Petrol,280000,Honda_Brio,Old,5000.0,11.002116507732017
Volkswagen,Polo,8,45000.0,Manual,first,Hybrid/CNG,425000,Volkswagen_Polo,Mid,5625.0,10.714439990727769
Maruti Suzuki,Swift,12,78000.0,Manual,second,Hybrid/CNG,365000,Maruti Suzuki_Swift,Old,6500.0,11.264476926102367
Ford,Endeavour,6,74000.0,Automatic,first,Diesel,2650000,Ford_Endeavour,Mid,12333.333333333334,11.211833885608513
Maruti Suzuki,Alto-K10,10,57862.0,Manual,second,Petrol,288000,Maruti Suzuki_Alto-K10,Mid,5786.2,10.96583342647739
Hyundai,Eon,9,89000.0,Manual,second,Petrol,260000,Hyundai_Eon,Mid,9888.888888888889,11.39640288460621
Maruti Suzuki,Swift,3,63946.0,Automatic,first,Petrol,615000,Maruti Suzuki_Swift,Recent,21315.333333333332,11.065809894256876
Maruti Suzuki,Baleno,3,64852.0,Automatic,first,Hybrid/CNG,650000,Maruti Suzuki_Baleno,Recent,21617.333333333332,11.07987844927599
Audi,A6,10,66000.0,Automatic,first,Diesel,890000,Audi_A6,Mid,6600.0,11.097425172408931
Maruti Suzuki,Eeco,7,98656.0,Manual,second,Hybrid/CNG,355000,Maruti Suzuki_Eeco,Mid,14093.714285714286,11.49940446686545
Hyundai,Verna,1,15000.0,Automatic,first,Petrol,1750000,Hyundai_Verna,New,15000.0,9.61587214452889
Audi,Q7,0,6912.0,Automatic,first,Hybrid/CNG,8000000,Audi_Q7,New,6912.0,8.841158975945264
Maruti Suzuki,Wagon-R,8,62125.0,Manual,second,Hybrid/CNG,320000,Maruti Suzuki_Wagon-R,Mid,7765.625,11.036919859848858
Mercedes-Benz,M-Class,9,73000.0,Automatic,second,Diesel,1975000,Mercedes-Benz_M-Class,Mid,8111.111111111111,11.19822841866684
Hyundai,Elite i20,5,65137.5,Manual,first,Petrol,475000,Hyundai_Elite i20,Recent,13027.5,11.084271051239332
Maruti Suzuki,Swift,6,72000.0,Automatic,first,Hybrid/CNG,645000,Maruti Suzuki_Swift,Mid,12000.0,11.184435286790631
Maruti Suzuki,Eeco,8,12500.0,Manual,first,Petrol,414000,Maruti Suzuki_Eeco,Mid,1562.5,9.433563920090563
Hyundai,Creta,7,77971.0,Manual,first,Diesel,765000,Hyundai_Creta,Mid,11138.714285714286,11.264105066866035
Honda,City,12,60000.0,Automatic,first,Hybrid/CNG,490000,Honda_City,Old,5000.0,11.002116507732017
Nissan,Micra,6,67000.0,Manual,first,Petrol,450000,Nissan_Micra,Mid,11166.666666666666,11.112462823634855
Maruti Suzuki,800,19,5000.0,Automatic,second,Petrol,40000,Maruti Suzuki_800,Old,263.1578947368421,8.517393171418904
Honda,City,10,65000.0,Automatic,first,Petrol,400000,Honda_City,Mid,6500.0,11.082157933374816
Maruti Suzuki,Vitara-Brezza,7,55000.0,Manual,second,Diesel,420000,Maruti Suzuki_Vitara-Brezza,Mid,7857.142857142857,10.915106645867503
Audi,A4,13,78000.0,Automatic,second,Diesel,790000,Audi_A4,Old,6000.0,11.264476926102367
Volkswagen,Polo,5,76832.0,Automatic,second,Petrol,945000,Volkswagen_Polo,Recent,15366.4,11.249389514346525
Hyundai,Alcazar,3,28987.0,Automatic,first,Diesel,1700000,Hyundai_Alcazar,Recent,9662.333333333334,10.274637230229173
Hyundai,Creta,7,55000.0,Automatic,second,Petrol,870000,Hyundai_Creta,Mid,7857.142857142857,10.915106645867503
Toyota,Etios Liva,10,100080.0,Manual,second,Diesel,410000,Toyota_Etios Liva,Mid,10008.0,11.513735137097267
Hyundai,Grand i10,7,64000.0,Manual,first,Hybrid/CNG,375000,Hyundai_Grand i10,Mid,9142.857142857143,11.06665398721974
Toyota,Innova Crysta,8,142000.0,Automatic,second,Diesel,1385000,Toyota_Innova Crysta,Mid,17750.0,11.863589378812122
Hyundai,Eon,6,80000.0,Automatic,second,Petrol,110000,Hyundai_Eon,Mid,13333.333333333334,11.289794413577894
Maruti Suzuki,Eeco,7,79000.0,Manual,second,Hybrid/CNG,305000,Maruti Suzuki_Eeco,Mid,11285.714285714286,11.277215789596893
Mahindra,XUV 300,2,14555.0,Automatic,first,Diesel,1095000,Mahindra_XUV 300,New,7277.5,9.585758558732051
Maruti Suzuki,Ertiga,12,98000.0,Manual,first,Hybrid/CNG,450000,Maruti Suzuki_Ertiga,Old,8166.666666666667,11.49273296168228
Hyundai,Verna,9,42500.0,Automatic,second,Petrol,625000,Hyundai_Verna,Mid,4722.222222222223,10.657282884047461
Maruti Suzuki,Sx4,14,60000.0,Automatic,first,Petrol,175000,Maruti Suzuki_Sx4,Old,4285.714285714285,11.002116507732017
Maruti Suzuki,Celerio,7,53000.0,Automatic,first,Petrol,495000,Maruti Suzuki_Celerio,Mid,7571.428571428572,10.87806606028079
Maruti Suzuki,Ertiga,0,35.0,Manual,first,Hybrid/CNG,1180000,Maruti Suzuki_Ertiga,New,35.0,3.58351893845611
Maruti Suzuki,Celerio,6,85000.0,Manual,second,Petrol,380000,Maruti Suzuki_Celerio,Mid,14166.666666666666,11.350418300109132
Hyundai,i20,8,62000.0,Manual,second,Hybrid/CNG,465000,Hyundai_i20,Mid,7750.0,11.034905792929415
Maruti Suzuki,Wagon-R-Stingray,1,58094.0,Automatic,first,Hybrid/CNG,350000,Maruti Suzuki_Wagon-R-Stingray,New,58094.0,10.969834880616963
Maruti Suzuki,Ertiga,3,110085.0,Automatic,second,Hybrid/CNG,1000000,Maruti Suzuki_Ertiga,Recent,36695.0,11.609017157495737
Honda,City,13,78000.0,Manual,second,Petrol,210000,Honda_City,Old,6000.0,11.264476926102367
Mercedes-Benz,E-Class,12,49000.0,Automatic,second,Diesel,990000,Mercedes-Benz_E-Class,Old,4083.3333333333335,10.799595985047786
Honda,City,10,99939.0,Manual,second,Petrol,340000,Honda_City,Mid,9993.9,11.512325284898196
Maruti Suzuki,Ertiga,8,62000.0,Manual,second,Hybrid/CNG,625000,Maruti Suzuki_Ertiga,Mid,7750.0,11.034905792929415
Maruti Suzuki,Alto-800,11,35000.0,Manual,second,Hybrid/CNG,190000,Maruti Suzuki_Alto-800,Old,3181.818181818182,10.463131911491967
Maruti Suzuki,Zen-Estilo,14,45078.0,Manual,first,Petrol,135000,Maruti Suzuki_Zen-Estilo,Old,3219.8571428571427,10.716171785121514
Tata,Nano,8,36000.0,Manual,first,Petrol,180000,Tata_Nano,Mid,4500.0,10.491301994830229
MG,Hector,4,48000.0,Automatic,first,Petrol,1430000,MG_Hector,Recent,12000.0,10.778977123006351
Maruti Suzuki,Baleno,8,64000.0,Automatic,second,Petrol,565000,Maruti Suzuki_Baleno,Mid,8000.0,11.06665398721974
Hyundai,Eon,12,98000.0,Manual,second,Hybrid/CNG,145000,Hyundai_Eon,Old,8166.666666666667,11.49273296168228
Hyundai,Venue,4,46462.0,Manual,first,Petrol,709000,Hyundai_Venue,Recent,11615.5,10.746411575914298
Nissan,Micra Active,12,62538.0,Manual,second,Hybrid/CNG,149999,Nissan_Micra Active,Old,5211.5,11.043545641117445
Hyundai,Alcazar,7,15000.0,Automatic,first,Petrol,1895000,Hyundai_Alcazar,Mid,2142.8571428571427,9.61587214452889
Maruti Suzuki,Ertiga,5,164681.0,Automatic,second,Hybrid/CNG,1050000,Maruti Suzuki_Ertiga,Recent,32936.2,12.0117716205757
Honda,Accord,13,100000.0,Manual,second,Hybrid/CNG,299000,Honda_Accord,Old,7692.307692307692,11.51293546492023
Maruti Suzuki,Swift-Dzire-Tour,4,87000.0,Manual,second,Hybrid/CNG,600000,Maruti Suzuki_Swift-Dzire-Tour,Recent,21750.0,11.373674891823535
Maruti Suzuki,Celerio,5,84000.0,Manual,second,Hybrid/CNG,445000,Maruti Suzuki_Celerio,Recent,16800.0,11.338583982516495
Tata,Indica,10,164278.0,Manual,second,Diesel,110000,Tata_Indica,Mid,16427.8,12.009321480883719
Maruti Suzuki,Ertiga,7,65000.0,Manual,second,Hybrid/CNG,725000,Maruti Suzuki_Ertiga,Mid,9285.714285714286,11.082157933374816
Hyundai,Grand i10,8,96000.0,Manual,second,Hybrid/CNG,400000,Hyundai_Grand i10,Mid,12000.0,11.472113887062386
Mercedes-Benz,GLA Class,6,39507.0,Automatic,first,Petrol,1925000,Mercedes-Benz_GLA Class,Mid,6584.5,10.584258462028018
Maruti Suzuki,Wagon-R-1-0,10,165000.0,Manual,second,Hybrid/CNG,280000,Maruti Suzuki_Wagon-R-1-0,Mid,16500.0,12.013706813470414
Jeep,Compass,3,46000.0,Automatic,first,Diesel,2199000,Jeep_Compass,Recent,15333.333333333334,10.736418414365376
Honda,City,8,55000.0,Automatic,second,Hybrid/CNG,575000,Honda_City,Mid,6875.0,10.915106645867503
Maruti Suzuki,Swift-Dzire,8,61620.0,Manual,first,Diesel,465000,Maruti Suzuki_Swift-Dzire,Mid,7702.5,11.02875800051622
Volkswagen,VentoTest,11,44000.0,Automatic,first,Petrol,375000,Volkswagen_VentoTest,Old,4000.0,10.691967639914864
Maruti Suzuki,Ertiga,0,58000.0,Automatic,first,Hybrid/CNG,380000,Maruti Suzuki_Ertiga,New,58000.0,10.968215530759236
Renault,KWID,3,28000.0,Manual,second,Petrol,375000,Renault_KWID,Recent,9333.333333333334,10.239995502805316
Maruti Suzuki,Omni,6,94000.0,Automatic,first,Hybrid/CNG,290000,Maruti Suzuki_Omni,Mid,15666.666666666666,11.451060699493427
Toyota,Glanza,4,84450.0,Manual,second,Petrol,622000,Toyota_Glanza,Recent,21112.5,11.343926763492068
Hyundai,Verna,13,148000.0,Automatic,second,Petrol,290000,Hyundai_Verna,Old,11384.615384615385,11.904974309480183
Maruti Suzuki,Omni,7,90000.0,Automatic,second,Hybrid/CNG,195000,Maruti Suzuki_Omni,Mid,12857.142857142857,11.407576060361786
Honda,Mobilio,9,20000.0,Manual,first,Petrol,475000,Honda_Mobilio,Mid,2222.222222222222,9.90353755128617
BMW,5 Series,5,48000.0,Automatic,second,Diesel,3750000,BMW_5 Series,Recent,9600.0,10.778977123006351
Lexus,NX,6,28000.0,Automatic,first,Petrol,5650000,Lexus_NX,Mid,4666.666666666667,10.239995502805316
Hyundai,Elite i20,10,70900.0,Manual,first,Hybrid/CNG,525000,Hyundai_Elite i20,Mid,7090.0,11.16903981679311
Volkswagen,VentoTest,7,53000.0,Automatic,second,Petrol,489000,Volkswagen_VentoTest,Mid,7571.428571428572,10.87806606028079
Honda,City,12,78000.0,Automatic,second,Hybrid/CNG,285000,Honda_City,Old,6500.0,11.264476926102367
Skoda,Rapid,8,50000.0,Automatic,first,Petrol,500000,Skoda_Rapid,Mid,6250.0,10.819798284210286
Maruti Suzuki,Wagon-R,3,48000.0,Manual,second,Hybrid/CNG,565000,Maruti Suzuki_Wagon-R,Recent,16000.0,10.778977123006351
Mahindra,Thar,3,22000.0,Automatic,first,Petrol,1375000,Mahindra_Thar,Recent,7333.333333333333,9.99884318585288
Maruti Suzuki,Swift-Dzire,9,59200.0,Manual,second,Petrol,425000,Maruti Suzuki_Swift-Dzire,Mid,6577.777777777777,10.988693712621323
BMW,5 Series,2,11000.0,Automatic,first,Diesel,7800000,BMW_5 Series,New,5500.0,9.305741456739435
Mahindra,Bolero,9,91000.0,Manual,second,Diesel,380000,Mahindra_Bolero,Mid,10111.111111111111,11.418625774449598
Ford,Ecosport,4,51000.0,Automatic,first,Petrol,875000,Ford_Ecosport,Recent,12750.0,10.839600519357369
Maruti Suzuki,Wagon-R,12,75000.0,Manual,first,Hybrid/CNG,260000,Maruti Suzuki_Wagon-R,Old,6250.0,11.225256725762893
Hyundai,Verna,11,60000.0,Manual,second,Petrol,350000,Hyundai_Verna,Old,5454.545454545455,11.002116507732017
Nissan,Teana,15,53000.0,Automatic,first,Hybrid/CNG,175000,Nissan_Teana,Old,3533.3333333333335,10.87806606028079
Renault,KWID,6,50743.0,Manual,first,Petrol,316000,Renault_KWID,Mid,8457.166666666666,10.834548663313733
Audi,A4,8,55500.0,Automatic,second,Diesel,2250000,Audi_A4,Mid,6937.5,10.92415631759022
Maruti Suzuki,Alto,14,89000.0,Manual,second,Petrol,149000,Maruti Suzuki_Alto,Old,6357.142857142857,11.39640288460621
Toyota,Innova Crysta,7,90000.0,Automatic,first,Petrol,1325000,Toyota_Innova Crysta,Mid,12857.142857142857,11.407576060361786
Hyundai,Xcent,6,52000.0,Manual,first,Hybrid/CNG,511000,Hyundai_Xcent,Mid,8666.666666666666,10.859018228147887
Volkswagen,Polo,10,60000.0,Manual,second,Diesel,333000,Volkswagen_Polo,Mid,6000.0,11.002116507732017
Tata,Harrier,3,40000.0,Manual,second,Diesel,1080000,Tata_Harrier,Recent,13333.333333333334,10.596659732783579
Maruti Suzuki,Omni,16,87913.0,Manual,second,Petrol,95000,Maruti Suzuki_Omni,Old,5494.5625,11.384114342890733
Maruti Suzuki,Swift-Dzire,12,78850.0,Automatic,second,Hybrid/CNG,265000,Maruti Suzuki_Swift-Dzire,Old,6570.833333333333,11.275315274618945
Maruti Suzuki,Ertiga,4,80000.0,Manual,first,Hybrid/CNG,979999,Maruti Suzuki_Ertiga,Recent,20000.0,11.289794413577894
Maruti Suzuki,Wagon-R,5,60000.0,Automatic,first,Hybrid/CNG,270000,Maruti Suzuki_Wagon-R,Recent,12000.0,11.002116507732017
Toyota,Innova,9,132000.0,Manual,second,Diesel,860000,Toyota_Innova,Mid,14666.666666666666,11.790564777297387
Toyota,Camry,8,72000.0,Automatic,second,Hybrid/CNG,2150000,Toyota_Camry,Mid,9000.0,11.184435286790631
Maruti Suzuki,Celerio,10,95000.0,Automatic,second,Petrol,380000,Maruti Suzuki_Celerio,Mid,9500.0,11.461642696843066
Maruti Suzuki,Swift-Dzire,7,94000.0,Manual,second,Hybrid/CNG,590000,Maruti Suzuki_Swift-Dzire,Mid,13428.57142857143,11.451060699493427
BMW,3 Series,6,98500.0,Automatic,second,Diesel,2400000,BMW_3 Series,Mid,16416.666666666668,11.49782197939291
Toyota,Corolla Altis,10,120000.0,Automatic,second,Hybrid/CNG,400000,Toyota_Corolla Altis,Mid,12000.0,11.695255355062795
Ford,Free Style,4,41000.0,Manual,second,Petrol,450000,Ford_Free Style,Recent,10250.0,10.62135173563291
Renault,Duster,10,176000.0,Manual,second,Diesel,465000,Renault_Duster,Mid,17600.0,12.07824495582233
BMW,5 Series,6,60000.0,Automatic,first,Diesel,4700000,BMW_5 Series,Mid,10000.0,11.002116507732017
Mahindra,XUV500,12,88500.0,Manual,second,Diesel,485000,Mahindra_XUV500,Old,7375.0,11.390769130367211
Mitsubishi,Pajero Sport,9,87000.0,Automatic,second,Diesel,890000,Mitsubishi_Pajero Sport,Mid,9666.666666666666,11.373674891823535
Maruti Suzuki,Baleno,8,129000.0,Manual,first,Diesel,625000,Maruti Suzuki_Baleno,Mid,16125.0,11.767575435251748
Maruti Suzuki,Sx4,13,45000.0,Manual,first,Diesel,211000,Maruti Suzuki_Sx4,Old,3461.5384615384614,10.714439990727769
Ford,Ecosport,6,33650.0,Automatic,first,Hybrid/CNG,690000,Ford_Ecosport,Mid,5608.333333333333,10.423798052313334
Maruti Suzuki,Wagon-R,14,75198.0,Manual,first,Petrol,180000,Maruti Suzuki_Wagon-R,Old,5371.285714285715,11.227893211977173
Maruti Suzuki,Baleno,4,18100.0,Manual,first,Petrol,650000,Maruti Suzuki_Baleno,Recent,4525.0,9.803722464346553
Hyundai,Alcazar,2,41000.0,Automatic,first,Diesel,1575000,Hyundai_Alcazar,New,20500.0,10.62135173563291
Mahindra,Scorpio,9,74749.0,Manual,first,Diesel,661000,Mahindra_Scorpio,Mid,8305.444444444445,11.221904491252932
Maruti Suzuki,Swift,13,79000.0,Manual,first,Hybrid/CNG,270000,Maruti Suzuki_Swift,Old,6076.923076923077,11.277215789596893
Mahindra,XUV500,9,55000.0,Manual,second,Diesel,749000,Mahindra_XUV500,Mid,6111.111111111111,10.915106645867503
Volkswagen,Polo,11,69000.0,Manual,second,Diesel,395000,Volkswagen_Polo,Old,6272.727272727273,11.141876276228
Hyundai,Grand i10,8,62000.0,Automatic,second,Hybrid/CNG,425000,Hyundai_Grand i10,Mid,7750.0,11.034905792929415
Honda,City ZX,6,83568.0,Manual,second,Diesel,850000,Honda_City ZX,Mid,13928.0,11.333427916907375
Maruti Suzuki,Wagon-R,5,60000.0,Automatic,first,Hybrid/CNG,540000,Maruti Suzuki_Wagon-R,Recent,12000.0,11.002116507732017
BMW,7 Series,10,107000.0,Automatic,second,Diesel,2800000,BMW_7 Series,Mid,10700.0,11.580593459194764
Maruti Suzuki,Ertiga,12,110000.0,Automatic,second,Diesel,645000,Maruti Suzuki_Ertiga,Old,9166.666666666666,11.608244735642321
Maruti Suzuki,Swift,6,72000.0,Manual,first,Hybrid/CNG,510000,Maruti Suzuki_Swift,Mid,12000.0,11.184435286790631
Maruti Suzuki,A-Star,15,56000.0,Manual,second,Petrol,255000,Maruti Suzuki_A-Star,Old,3733.3333333333335,10.933124826700707
Hyundai,i10,14,35000.0,Manual,first,Petrol,214999,Hyundai_i10,Old,2500.0,10.463131911491967
Honda,Mobilio,9,33500.0,Manual,first,Hybrid/CNG,475000,Honda_Mobilio,Mid,3722.222222222222,10.419330568113901
Maruti Suzuki,Baleno,5,37000.0,Automatic,second,Petrol,750000,Maruti Suzuki_Baleno,Recent,7400.0,10.518700218288165
Maruti Suzuki,Swift-Dzire,8,70000.0,Manual,first,Petrol,575000,Maruti Suzuki_Swift-Dzire,Mid,8750.0,11.156264806643742
Skoda,Superb,13,65000.0,Automatic,first,Diesel,515000,Skoda_Superb,Old,5000.0,11.082157933374816
Maruti Suzuki,Celerio,6,53000.0,Automatic,second,Hybrid/CNG,525000,Maruti Suzuki_Celerio,Mid,8833.333333333334,10.87806606028079
Maruti Suzuki,Alto-K10,9,72000.0,Manual,first,Hybrid/CNG,265000,Maruti Suzuki_Alto-K10,Mid,8000.0,11.184435286790631
Maruti Suzuki,Alto K10,7,76443.0,Manual,first,Petrol,310000,Maruti Suzuki_Alto K10,Mid,10920.42857142857,11.244313725608873
Maruti Suzuki,Ignis,6,95000.0,Automatic,second,Hybrid/CNG,385000,Maruti Suzuki_Ignis,Mid,15833.333333333334,11.461642696843066
Toyota,Yaris,3,30000.0,Automatic,second,Petrol,900000,Toyota_Yaris,Recent,10000.0,10.308985993422082
Maruti Suzuki,Alto-800,6,50450.0,Manual,first,Hybrid/CNG,368000,Maruti Suzuki_Alto-800,Mid,8408.333333333334,10.82875784719086
Honda,City,7,70000.0,Automatic,second,Petrol,640000,Honda_City,Mid,10000.0,11.156264806643742
Maruti Suzuki,Eeco,9,111000.0,Manual,second,Hybrid/CNG,300000,Maruti Suzuki_Eeco,Mid,12333.333333333334,11.6172944892629
Honda,Amaze,4,34000.0,Automatic,first,Petrol,845000,Honda_Amaze,Recent,8500.0,10.434145214930487
Hyundai,New i20,5,56000.0,Automatic,first,Hybrid/CNG,611000,Hyundai_New i20,Recent,11200.0,10.933124826700707
Kia,Sonet,1,39000.0,Manual,first,Petrol,865000,Kia_Sonet,New,39000.0,10.571342565808699
Hyundai,Grand i10,5,43000.0,Manual,second,Hybrid/CNG,485000,Hyundai_Grand i10,Recent,8600.0,10.668978650219241
Volkswagen,Polo,10,71000.0,Manual,first,Hybrid/CNG,329000,Volkswagen_Polo,Mid,7100.0,11.170449240431308
Kia,Seltos,2,22000.0,Automatic,first,Petrol,1550000,Kia_Seltos,New,11000.0,9.99884318585288
Hyundai,Grand i10,4,50000.0,Manual,first,Hybrid/CNG,550000,Hyundai_Grand i10,Recent,12500.0,10.819798284210286
Toyota,Innova Crysta,5,68000.0,Automatic,first,Diesel,2650000,Toyota_Innova Crysta,Recent,13600.0,11.127277689932466
Honda,City,8,93000.0,Automatic,second,Hybrid/CNG,615000,Honda_City,Mid,11625.0,11.440365524765756
Hyundai,Grand i10,9,58000.0,Manual,second,Hybrid/CNG,315000,Hyundai_Grand i10,Mid,6444.444444444444,10.968215530759236
Skoda,Rapid,9,110000.0,Automatic,second,Diesel,550000,Skoda_Rapid,Mid,12222.222222222223,11.608244735642321
Renault,Kiger,2,25000.0,Manual,first,Hybrid/CNG,600000,Renault_Kiger,New,12500.0,10.12667110305036
Hyundai,Creta,5,98000.0,Automatic,first,Diesel,850000,Hyundai_Creta,Recent,19600.0,11.49273296168228
Audi,A6,12,80000.0,Automatic,first,Diesel,1150000,Audi_A6,Old,6666.666666666667,11.289794413577894
Mahindra,XUV500,6,100214.0,Automatic,second,Diesel,1183000,Mahindra_XUV500,Mid,16702.333333333332,11.515073157027688
Maruti Suzuki,Celerio,4,41000.0,Automatic,second,Hybrid/CNG,491000,Maruti Suzuki_Celerio,Recent,10250.0,10.62135173563291
Honda,City,14,85000.0,Automatic,second,Hybrid/CNG,190000,Honda_City,Old,6071.428571428572,11.350418300109132
Land Rover,Range Rover Velar,1,17000.0,Automatic,first,Petrol,8990000,Land Rover_Range Rover Velar,New,17000.0,9.741027444837728
Maruti Suzuki,Alto-800,9,85000.0,Manual,second,Petrol,180000,Maruti Suzuki_Alto-800,Mid,9444.444444444445,11.350418300109132
Maruti Suzuki,Ertiga,5,22600.0,Manual,second,Hybrid/CNG,975000,Maruti Suzuki_Ertiga,Recent,4520.0,10.025749432069084
Honda,Accord,17,65137.5,Automatic,second,Hybrid/CNG,135000,Honda_Accord,Old,3831.6176470588234,11.084271051239332
Hyundai,Creta,1,27000.0,Manual,first,Petrol,1425000,Hyundai_Creta,New,27000.0,10.203629181337648
Honda,Amaze,10,61472.0,Manual,second,Petrol,249000,Honda_Amaze,Mid,6147.2,11.026353333004943
Tata,Tiago,4,26000.0,Manual,second,Petrol,445000,Tata_Tiago,Recent,6500.0,10.165890277802454
Renault,KWID,7,44000.0,Manual,first,Petrol,295000,Renault_KWID,Mid,6285.714285714285,10.691967639914864
Mercedes-Benz,GLE Class,8,130000.0,Automatic,first,Diesel,2550000,Mercedes-Benz_GLE Class,Mid,16250.0,11.775297421715827
Maruti Suzuki,Swift,2,23000.0,Manual,first,Petrol,675000,Maruti Suzuki_Swift,New,11500.0,10.043292972227004
Skoda,Octavia,6,28000.0,Automatic,second,Diesel,3000000,Skoda_Octavia,Mid,4666.666666666667,10.239995502805316
BMW,3 Series,11,54000.0,Automatic,first,Diesel,1295000,BMW_3 Series,Old,4909.090909090909,10.896757843893464
Honda,Amaze,8,63000.0,Manual,second,Diesel,515000,Honda_Amaze,Mid,7875.0,11.050905878263567
Volkswagen,Ameo,6,85000.0,Manual,first,Diesel,475000,Volkswagen_Ameo,Mid,14166.666666666666,11.350418300109132
Hyundai,Grand i10 Nios,2,34165.0,Manual,first,Hybrid/CNG,775000,Hyundai_Grand i10 Nios,New,17082.5,10.438986276507002
Maruti Suzuki,Wagon-R,10,18.0,Automatic,second,Hybrid/CNG,230000,Maruti Suzuki_Wagon-R,Mid,1.8,2.9444389791664403
Hyundai,i10,12,65000.0,Manual,second,Hybrid/CNG,275000,Hyundai_i10,Old,5416.666666666667,11.082157933374816
Maruti Suzuki,Stingray,8,51000.0,Manual,second,Hybrid/CNG,395000,Maruti Suzuki_Stingray,Mid,6375.0,10.839600519357369
Honda,City,5,49000.0,Automatic,first,Petrol,800000,Honda_City,Recent,9800.0,10.799595985047786
Maruti Suzuki,Ciaz,6,75200.0,Manual,second,Hybrid/CNG,599000,Maruti Suzuki_Ciaz,Mid,12533.333333333334,11.227919807721856
Ford,Endeavour,3,82000.0,Manual,first,Diesel,3475000,Ford_Endeavour,Recent,27333.333333333332,11.314486721293981
Honda,City,13,80000.0,Automatic,second,Hybrid/CNG,220000,Honda_City,Old,6153.846153846154,11.289794413577894
Maruti Suzuki,Ertiga,8,81200.0,Manual,first,Hybrid/CNG,649999,Maruti Suzuki_Ertiga,Mid,10150.0,11.304682841344873
Maruti Suzuki,Swift,14,72000.0,Manual,first,Hybrid/CNG,85000,Maruti Suzuki_Swift,Old,5142.857142857143,11.184435286790631
Maruti Suzuki,Esteem,18,45000.0,Manual,second,Petrol,80000,Maruti Suzuki_Esteem,Old,2500.0,10.714439990727769
Mahindra,Scorpio-N,1,24000.0,Automatic,first,Diesel,2451000,Mahindra_Scorpio-N,New,24000.0,10.085850775128717
Maruti Suzuki,Alto,17,100000.0,Manual,second,Petrol,180000,Maruti Suzuki_Alto,Old,5882.35294117647,11.51293546492023
Hyundai,Grand i10,9,48000.0,Manual,second,Diesel,110000,Hyundai_Grand i10,Mid,5333.333333333333,10.778977123006351
Maruti Suzuki,Swift Dzire,0,36.0,Automatic,first,Hybrid/CNG,187000,Maruti Suzuki_Swift Dzire,New,36.0,3.6109179126442243
Honda,Amaze,8,54000.0,Manual,first,Diesel,295000,Honda_Amaze,Mid,6750.0,10.896757843893464
Maruti Suzuki,Alto-K10,9,135000.0,Automatic,first,Hybrid/CNG,215000,Maruti Suzuki_Alto-K10,Mid,15000.0,11.813037464800539
Audi,A4,12,97000.0,Automatic,second,Diesel,1140000,Audi_A4,Old,8083.333333333333,11.48247656671073
Honda,City,14,83000.0,Manual,first,Hybrid/CNG,280000,Honda_City,Old,5928.571428571428,11.326607934898927
Maruti Suzuki,XL6,2,40000.0,Automatic,second,Petrol,1220000,Maruti Suzuki_XL6,New,20000.0,10.596659732783579
Renault,Duster,7,57990.0,Automatic,first,Diesel,551100,Renault_Duster,Mid,8284.285714285714,10.968043105074278
Hyundai,Creta,7,82500.0,Automatic,first,Diesel,1100000,Hyundai_Creta,Mid,11785.714285714286,11.320565693461432
Honda,Civic,5,35274.0,Automatic,second,Petrol,1149999,Honda_Civic,Recent,7054.8,10.470929776721015
Honda,Jazz,9,58000.0,Automatic,first,Petrol,515000,Honda_Jazz,Mid,6444.444444444444,10.968215530759236
Maruti Suzuki,Ertiga,11,110000.0,Manual,second,Diesel,699999,Maruti Suzuki_Ertiga,Old,10000.0,11.608244735642321
Nissan,Kicks,5,70000.0,Manual,first,Diesel,695000,Nissan_Kicks,Recent,14000.0,11.156264806643742
Volkswagen,VentoTest,9,107000.0,Automatic,second,Petrol,499999,Volkswagen_VentoTest,Mid,11888.888888888889,11.580593459194764
Tata,Nano Genx,8,24000.0,Automatic,second,Petrol,186000,Tata_Nano Genx,Mid,3000.0,10.085850775128717
Kia,Carnival,4,48000.0,Automatic,first,Diesel,2699999,Kia_Carnival,Recent,12000.0,10.778977123006351
Nissan,Micra,14,98500.0,Manual,second,Hybrid/CNG,148000,Nissan_Micra,Old,7035.714285714285,11.49782197939291
Toyota,Innova,10,126500.0,Manual,second,Diesel,795000,Toyota_Innova,Mid,12650.0,11.748005492256807
Hyundai,Xcent Prime,5,51000.0,Manual,second,Hybrid/CNG,399999,Hyundai_Xcent Prime,Recent,10200.0,10.839600519357369
Maruti Suzuki,Wagon-R,9,82000.0,Automatic,second,Hybrid/CNG,240000,Maruti Suzuki_Wagon-R,Mid,9111.111111111111,11.314486721293981
Maruti Suzuki,Alto,14,23.0,Automatic,second,Petrol,95000,Maruti Suzuki_Alto,Old,1.6428571428571428,3.1780538303479458
Mahindra,Bolero,3,3000.0,Manual,first,Diesel,1075000,Mahindra_Bolero,Recent,1000.0,8.006700845440367
Honda,Amaze,8,21000.0,Manual,first,Petrol,540000,Honda_Amaze,Mid,2625.0,9.952325334619427
Maruti Suzuki,Ertiga,9,70000.0,Manual,second,Diesel,539999,Maruti Suzuki_Ertiga,Mid,7777.777777777777,11.156264806643742
Maruti Suzuki,Alto-K10,8,62000.0,Automatic,first,Hybrid/CNG,250000,Maruti Suzuki_Alto-K10,Mid,7750.0,11.034905792929415
Maruti Suzuki,Ertiga,3,64000.0,Manual,first,Hybrid/CNG,899000,Maruti Suzuki_Ertiga,Recent,21333.333333333332,11.06665398721974
Maruti Suzuki,Wagon-R,7,32.0,Automatic,second,Hybrid/CNG,375000,Maruti Suzuki_Wagon-R,Mid,4.571428571428571,3.4965075614664802
Maruti Suzuki,Celerio,9,44000.0,Manual,first,Hybrid/CNG,290000,Maruti Suzuki_Celerio,Mid,4888.888888888889,10.691967639914864
Maruti Suzuki,Ertiga,9,72000.0,Manual,second,Hybrid/CNG,695000,Maruti Suzuki_Ertiga,Mid,8000.0,11.184435286790631
Maruti Suzuki,Eeco,3,63000.0,Manual,first,Hybrid/CNG,575000,Maruti Suzuki_Eeco,Recent,21000.0,11.050905878263567
Maruti Suzuki,Brezza,1,8700.0,Automatic,first,Petrol,1285999,Maruti Suzuki_Brezza,New,8700.0,9.071193240566025
Maruti Suzuki,Omni,18,25000.0,Manual,second,Petrol,80000,Maruti Suzuki_Omni,Old,1388.888888888889,10.12667110305036
Volkswagen,Polo,7,115000.0,Manual,first,Diesel,590000,Volkswagen_Polo,Mid,16428.571428571428,11.652696102959753
Hyundai,i20,14,71000.0,Manual,second,Hybrid/CNG,225000,Hyundai_i20,Old,5071.428571428572,11.170449240431308
Maruti Suzuki,Vitara-Brezza,6,51000.0,Automatic,second,Petrol,650000,Maruti Suzuki_Vitara-Brezza,Mid,8500.0,10.839600519357369
Maruti Suzuki,Celerio,2,9054.0,Manual,second,Petrol,635000,Maruti Suzuki_Celerio,New,4527.0,9.111072370317514
Renault,Duster,11,65000.0,Manual,second,Diesel,325000,Renault_Duster,Old,5909.090909090909,11.082157933374816
Ford,Fiesta Classic,9,134000.0,Manual,second,Diesel,232000,Ford_Fiesta Classic,Mid,14888.888888888889,11.80560254159177
Hyundai,Creta,4,87500.0,Manual,first,Diesel,1120000,Hyundai_Creta,Recent,21875.0,11.37940550085183
Maruti Suzuki,Ertiga,2,32000.0,Manual,first,Hybrid/CNG,1099000,Maruti Suzuki_Ertiga,New,16000.0,10.373522431293592
Maruti Suzuki,Eeco,3,80000.0,Manual,first,Hybrid/CNG,510000,Maruti Suzuki_Eeco,Recent,26666.666666666668,11.289794413577894
Maruti Suzuki,Eeco,8,100000.0,Automatic,second,Hybrid/CNG,350000,Maruti Suzuki_Eeco,Mid,12500.0,11.51293546492023
Nissan,Sunny,8,92000.0,Manual,first,Diesel,450000,Nissan_Sunny,Mid,11500.0,11.429554725537322
Maruti Suzuki,Omni,18,100000.0,Automatic,second,Hybrid/CNG,95000,Maruti Suzuki_Omni,Old,5555.555555555556,11.51293546492023
Jeep,Compass,3,16000.0,Automatic,first,Diesel,2970000,Jeep_Compass,Recent,5333.333333333333,9.680406499268875
Kia,CERATO,0,0.0,Automatic,first,Diesel,45000,Kia_CERATO,New,0.0,0.0
Toyota,Innova Crysta,7,133000.0,Automatic,second,Diesel,1465000,Toyota_Innova Crysta,Mid,19000.0,11.798111925972618
Honda,City,5,55000.0,Automatic,first,Petrol,899000,Honda_City,Recent,11000.0,10.915106645867503
Honda,Jazz,8,47179.0,Manual,second,Petrol,365000,Honda_Jazz,Mid,5897.375,10.761725352961665
Hyundai,Santro Xing,19,120000.0,Manual,second,Petrol,120000,Hyundai_Santro Xing,Old,6315.789473684211,11.695255355062795
Mahindra,Scorpio,8,150000.0,Manual,second,Diesel,710000,Mahindra_Scorpio,Mid,18750.0,11.918397239722838
Maruti Suzuki,Alto-800,6,22595.0,Manual,first,Petrol,298000,Maruti Suzuki_Alto-800,Mid,3765.8333333333335,10.025528178445153
Mercedes-Benz,S-Class,9,82000.0,Automatic,second,Diesel,3350000,Mercedes-Benz_S-Class,Mid,9111.111111111111,11.314486721293981
Hyundai,New Elantra,11,63000.0,Manual,second,Hybrid/CNG,425000,Hyundai_New Elantra,Old,5727.272727272727,11.050905878263567
Mahindra,Thar,3,14000.0,Automatic,first,Diesel,1620000,Mahindra_Thar,Recent,4666.666666666667,9.546884034617925
Volkswagen,VentoTest,7,84000.0,Automatic,second,Diesel,675000,Volkswagen_VentoTest,Mid,12000.0,11.338583982516495
Maruti Suzuki,Ertiga,2,58000.0,Manual,first,Hybrid/CNG,1070000,Maruti Suzuki_Ertiga,New,29000.0,10.968215530759236
Maruti Suzuki,800,20,65137.5,Automatic,second,Petrol,60000,Maruti Suzuki_800,Old,3256.875,11.084271051239332
Maruti Suzuki,Estilo,17,70000.0,Automatic,second,Petrol,99999,Maruti Suzuki_Estilo,Old,4117.64705882353,11.156264806643742
Toyota,Etios,8,50000.0,Manual,first,Hybrid/CNG,350000,Toyota_Etios,Mid,6250.0,10.819798284210286
Audi,Q7,12,87000.0,Automatic,second,Diesel,975000,Audi_Q7,Old,7250.0,11.373674891823535
Tata,Nexon,6,78689.0,Manual,first,Petrol,450000,Tata_Nexon,Mid,13114.833333333334,11.273271361529028
Hyundai,Aura,2,44000.0,Manual,first,Petrol,670000,Hyundai_Aura,New,22000.0,10.691967639914864
Maruti Suzuki,Ertiga,3,62000.0,Manual,first,Hybrid/CNG,1000000,Maruti Suzuki_Ertiga,Recent,20666.666666666668,11.034905792929415
Mahindra,Bolero,14,66000.0,Manual,second,Diesel,270000,Mahindra_Bolero,Old,4714.285714285715,11.097425172408931
Ford,Endeavour,10,90000.0,Manual,second,Diesel,365000,Ford_Endeavour,Mid,9000.0,11.407576060361786
Honda,Elevate,1,11293.0,Automatic,first,Petrol,1600000,Honda_Elevate,New,11293.0,9.332026890232783
Ford,Ecosport,7,143063.0,Manual,first,Diesel,609999,Ford_Ecosport,Mid,20437.571428571428,11.871047361567872
Honda,City,7,69000.0,Automatic,second,Petrol,649999,Honda_City,Mid,9857.142857142857,11.141876276228
Maruti Suzuki,Wagon-R-1-0,4,52000.0,Manual,first,Hybrid/CNG,530000,Maruti Suzuki_Wagon-R-1-0,Recent,13000.0,10.859018228147887
Maruti Suzuki,Eeco,4,34309.0,Manual,second,Petrol,454000,Maruti Suzuki_Eeco,Recent,8577.25,10.443192135852495
Toyota,Innova Crysta,7,57000.0,Automatic,first,Diesel,2025000,Toyota_Innova Crysta,Mid,8142.857142857143,10.950824090522445
Maruti Suzuki,Celerio,7,35000.0,Manual,first,Petrol,350000,Maruti Suzuki_Celerio,Mid,5000.0,10.463131911491967
Hyundai,Creta,7,57000.0,Automatic,first,Petrol,910000,Hyundai_Creta,Mid,8142.857142857143,10.950824090522445
Maruti Suzuki,Alto-K10,9,60000.0,Automatic,second,Hybrid/CNG,250000,Maruti Suzuki_Alto-K10,Mid,6666.666666666667,11.002116507732017
Maruti Suzuki,Wagon R,14,80000.0,Manual,second,Petrol,229000,Maruti Suzuki_Wagon R,Old,5714.285714285715,11.289794413577894
Maruti Suzuki,Wagon-R-1-0,7,68000.0,Manual,second,Hybrid/CNG,390000,Maruti Suzuki_Wagon-R-1-0,Mid,9714.285714285714,11.127277689932466
Honda,CRV,17,97100.0,Automatic,second,Hybrid/CNG,380000,Honda_CRV,Old,5711.764705882353,11.48350695288756
Kia,Seltos,4,45000.0,Automatic,first,Diesel,1645000,Kia_Seltos,Recent,11250.0,10.714439990727769
Maruti Suzuki,Alto,13,112000.0,Manual,second,Petrol,160000,Maruti Suzuki_Alto,Old,8615.384615384615,11.626263078808801
Tata,Zest,9,80000.0,Manual,first,Petrol,285000,Tata_Zest,Mid,8888.888888888889,11.289794413577894
Toyota,Etios,5,105000.0,Manual,second,Diesel,675000,Toyota_Etios,Recent,21000.0,11.561725152903833
Toyota,Etios,12,81000.0,Manual,second,Hybrid/CNG,275000,Toyota_Etios,Old,6750.0,11.302216779257382
Tata,Nano,13,47000.0,Manual,second,Petrol,33000,Tata_Nano,Old,3615.3846153846152,10.757924157061597
Honda,City,12,83000.0,Automatic,second,Petrol,279000,Honda_City,Old,6916.666666666667,11.326607934898927
Maruti Suzuki,800,22,80000.0,Manual,second,Petrol,60000,Maruti Suzuki_800,Old,3636.3636363636365,11.289794413577894
Toyota,Fortuner,4,60000.0,Manual,first,Diesel,3200000,Toyota_Fortuner,Recent,15000.0,11.002116507732017
BMW,5 Series,14,76486.0,Automatic,second,Diesel,1190000,BMW_5 Series,Old,5463.285714285715,11.244876070733577
Toyota,Fortuner,9,91000.0,Automatic,first,Diesel,1495000,Toyota_Fortuner,Mid,10111.111111111111,11.418625774449598
Toyota,Innova,13,170000.0,Manual,second,Diesel,975000,Toyota_Innova,Old,13076.923076923076,12.04355959836804
Hyundai,Xcent,10,106985.0,Manual,second,Diesel,355000,Hyundai_Xcent,Mid,10698.5,11.580453263762102
Hyundai,Santro,6,76814.0,Manual,first,Petrol,350000,Hyundai_Santro,Mid,12802.333333333334,11.24915521256476
Honda,City,7,55000.0,Automatic,second,Petrol,690000,Honda_City,Mid,7857.142857142857,10.915106645867503
Maruti Suzuki,Alto-K10,7,3240.0,Manual,second,Petrol,290000,Maruti Suzuki_Alto-K10,Mid,462.85714285714283,8.083637203141548
Fiat,Punto,12,86000.0,Manual,second,Diesel,160000,Fiat_Punto,Old,7166.666666666667,11.362114203075018
Hyundai,i10,13,78630.0,Manual,first,Hybrid/CNG,200000,Hyundai_i10,Old,6048.461538461538,11.272521302696882
Hyundai,Verna,10,65000.0,Manual,second,Petrol,480000,Hyundai_Verna,Mid,6500.0,11.082157933374816
Skoda,Octavia,9,80000.0,Automatic,first,Diesel,1175000,Skoda_Octavia,Mid,8888.888888888889,11.289794413577894
Toyota,Corolla Altis,14,245000.0,Manual,second,Diesel,525000,Toyota_Corolla Altis,Old,17500.0,12.409017571151187
Tata,Tigor,7,65000.0,Manual,first,Petrol,375000,Tata_Tigor,Mid,9285.714285714286,11.082157933374816
Renault,Duster,9,94000.0,Manual,second,Diesel,449000,Renault_Duster,Mid,10444.444444444445,11.451060699493427
Hyundai,Verna,12,85000.0,Automatic,first,Hybrid/CNG,425000,Hyundai_Verna,Old,7083.333333333333,11.350418300109132
Ford,Endeavour,7,95000.0,Automatic,first,Diesel,2000000,Ford_Endeavour,Mid,13571.42857142857,11.461642696843066
Jeep,Compass,5,45723.0,Manual,first,Diesel,1299000,Jeep_Compass,Recent,9144.6,10.730378603145668
Mercedes-Benz,C-Class,3,20300.0,Automatic,first,Diesel,4650000,Mercedes-Benz_C-Class,Recent,6766.666666666667,9.918425424900335
Hyundai,Aura,1,7000.0,Manual,first,Hybrid/CNG,895000,Hyundai_Aura,New,7000.0,8.853808274977197
Maruti Suzuki,Swift-Dzire,7,88000.0,Manual,second,Hybrid/CNG,630000,Maruti Suzuki_Swift-Dzire,Mid,12571.42857142857,11.385103457032141
Honda,City,15,108000.0,Automatic,second,Hybrid/CNG,200000,Honda_City,Old,7200.0,11.58989576532275
BMW,X3,2,20000.0,Automatic,first,Petrol,5750000,BMW_X3,New,10000.0,9.90353755128617
Honda,City,9,80000.0,Manual,second,Diesel,453000,Honda_City,Mid,8888.888888888889,11.289794413577894
Renault,KWID,8,43600.0,Manual,first,Petrol,255000,Renault_KWID,Mid,5450.0,10.682835364853922
Maruti Suzuki,Swift,16,69000.0,Manual,second,Petrol,110000,Maruti Suzuki_Swift,Old,4312.5,11.141876276228
Maruti Suzuki,Baleno,7,26000.0,Automatic,second,Petrol,450000,Maruti Suzuki_Baleno,Mid,3714.285714285714,10.165890277802454
Toyota,Urban Cruiser,2,47448.0,Automatic,first,Petrol,929999,Toyota_Urban Cruiser,New,23724.0,10.767410729000401
Hyundai,Santro,13,90000.0,Manual,first,Hybrid/CNG,110000,Hyundai_Santro,Old,6923.076923076923,11.407576060361786
Ford,Figo,12,129000.0,Manual,second,Diesel,299000,Ford_Figo,Old,10750.0,11.767575435251748
Hyundai,i10,11,46628.0,Manual,first,Petrol,185000,Hyundai_i10,Old,4238.909090909091,10.749977944151007
Maruti Suzuki,Wagon-R-1-0,3,66000.0,Manual,first,Hybrid/CNG,557000,Maruti Suzuki_Wagon-R-1-0,Recent,22000.0,11.097425172408931
Mahindra,Scorpio,12,119000.0,Manual,second,Diesel,610000,Mahindra_Scorpio,Old,9916.666666666666,11.686887175419702
Mahindra,XUV500,7,70000.0,Automatic,first,Diesel,1350000,Mahindra_XUV500,Mid,10000.0,11.156264806643742
Hyundai,Santro Xing,17,65137.5,Manual,second,Petrol,90000,Hyundai_Santro Xing,Old,3831.6176470588234,11.084271051239332
Maruti Suzuki,Alto-800,2,25000.0,Manual,second,Petrol,335000,Maruti Suzuki_Alto-800,New,12500.0,10.12667110305036
Honda,Civic,11,85000.0,Automatic,second,Petrol,400000,Honda_Civic,Old,7727.272727272727,11.350418300109132
Maruti Suzuki,Wagon-R,9,122000.0,Manual,second,Hybrid/CNG,255000,Maruti Suzuki_Wagon-R,Mid,13555.555555555555,11.711784520403112
Hyundai,Venue,4,28000.0,Manual,first,Petrol,750000,Hyundai_Venue,Recent,7000.0,10.239995502805316
Maruti Suzuki,Ertiga,5,72000.0,Manual,first,Hybrid/CNG,1041000,Maruti Suzuki_Ertiga,Recent,14400.0,11.184435286790631
Toyota,Urban Cruiser Hyryder,0,6000.0,Automatic,first,Hybrid/CNG,2250000,Toyota_Urban Cruiser Hyryder,New,6000.0,8.699681400989514
Mahindra,Thar,2,22000.0,Automatic,first,Diesel,1545000,Mahindra_Thar,New,11000.0,9.99884318585288
Maruti Suzuki,Swift,0,7250.0,Manual,first,Petrol,780000,Maruti Suzuki_Swift,New,7250.0,8.888894669371593
Maruti Suzuki,Ertiga,3,54000.0,Manual,first,Hybrid/CNG,975000,Maruti Suzuki_Ertiga,Recent,18000.0,10.896757843893464
Volkswagen,Polo,8,86000.0,Manual,second,Diesel,560000,Volkswagen_Polo,Mid,10750.0,11.362114203075018
Maruti Suzuki,Vitara-Brezza,6,90000.0,Automatic,first,Diesel,800000,Maruti Suzuki_Vitara-Brezza,Mid,15000.0,11.407576060361786
Volkswagen,Taigun,1,2300.0,Manual,first,Petrol,1700000,Volkswagen_Taigun,New,2300.0,7.741099090035366
Toyota,Innova Crysta,3,37000.0,Automatic,first,Diesel,3250000,Toyota_Innova Crysta,Recent,12333.333333333334,10.518700218288165
Maruti Suzuki,Fronx ,24,12580.0,Automatic,first,Hybrid/CNG,47000,Maruti Suzuki_Fronx,Old,524.1666666666666,9.439943018351132
Maruti Suzuki,Ertiga,1,24000.0,Manual,first,Hybrid/CNG,1230000,Maruti Suzuki_Ertiga,New,24000.0,10.085850775128717
Honda,WRV,7,56000.0,Manual,first,Diesel,495000,Honda_WRV,Mid,8000.0,10.933124826700707
Maruti Suzuki,Ciaz,6,45700.0,Manual,second,Petrol,650000,Maruti Suzuki_Ciaz,Mid,7616.666666666667,10.729875458480967
Mercedes-Benz,E-Class,7,50000.0,Automatic,second,Diesel,3600000,Mercedes-Benz_E-Class,Mid,7142.857142857143,10.819798284210286
Maruti Suzuki,Ertiga,2,38000.0,Manual,first,Hybrid/CNG,1050000,Maruti Suzuki_Ertiga,New,19000.0,10.545367754151743
Maruti Suzuki,Wagon-R,6,44700.0,Automatic,second,Petrol,410000,Maruti Suzuki_Wagon-R,Mid,7450.0,10.707751151716078
Skoda,Rapid,7,94000.0,Automatic,first,Diesel,790000,Skoda_Rapid,Mid,13428.57142857143,11.451060699493427
Maruti Suzuki,Wagon R,11,74000.0,Manual,second,Hybrid/CNG,225000,Maruti Suzuki_Wagon R,Old,6727.272727272727,11.211833885608513
Nissan,Urvan,8,51000.0,Automatic,first,Hybrid/CNG,3800000,Nissan_Urvan,Mid,6375.0,10.839600519357369
Maruti Suzuki,Wagon-R-1-0,5,73500.0,Manual,first,Hybrid/CNG,465000,Maruti Suzuki_Wagon-R-1-0,Recent,14700.0,11.205054290550551
Hyundai,Creta,6,52000.0,Manual,first,Diesel,690000,Hyundai_Creta,Mid,8666.666666666666,10.859018228147887
Honda,WRV,5,50000.0,Manual,second,Hybrid/CNG,670000,Honda_WRV,Recent,10000.0,10.819798284210286
Honda,City,9,94000.0,Manual,first,Diesel,645000,Honda_City,Mid,10444.444444444445,11.451060699493427
Maruti Suzuki,Wagon-R,7,25000.0,Automatic,second,Hybrid/CNG,395000,Maruti Suzuki_Wagon-R,Mid,3571.4285714285716,10.12667110305036
Maruti Suzuki,Baleno,3,22.0,Manual,second,Petrol,535000,Maruti Suzuki_Baleno,Recent,7.333333333333333,3.1354942159291497
Mercedes-Benz,M-Class,11,57000.0,Automatic,second,Diesel,1349999,Mercedes-Benz_M-Class,Old,5181.818181818182,10.950824090522445
Maruti Suzuki,Eeco,14,76917.0,Manual,second,Hybrid/CNG,265000,Maruti Suzuki_Eeco,Old,5494.071428571428,11.250495198324641
Toyota,Fortuner,7,58200.0,Automatic,first,Diesel,3525000,Toyota_Fortuner,Mid,8314.285714285714,10.971657815702502
Tata,Nexon,5,50000.0,Automatic,first,Hybrid/CNG,650000,Tata_Nexon,Recent,10000.0,10.819798284210286
Isuzu,Hi-Lande Isuzu Hi-Lander,2,26000.0,Manual,first,Diesel,1599000,Isuzu_Hi-Lande Isuzu Hi-Lander,New,13000.0,10.165890277802454
Kia,Sonet,4,32550.0,Manual,first,Petrol,740000,Kia_Sonet,Recent,8137.5,10.39056336913101
Audi,Q3,11,89000.0,Automatic,second,Diesel,929000,Audi_Q3,Old,8090.909090909091,11.39640288460621
Maruti Suzuki,Celerio,5,61382.0,Automatic,first,Petrol,495000,Maruti Suzuki_Celerio,Recent,12276.4,11.024888202834669
Maruti Suzuki,Alto-K10,2,18305.0,Manual,first,Petrol,495000,Maruti Suzuki_Alto-K10,New,9152.5,9.814984153944724
Volkswagen,Polo,10,67000.0,Manual,second,Hybrid/CNG,293000,Volkswagen_Polo,Mid,6700.0,11.112462823634855
Maruti Suzuki,Swift,10,72786.0,Manual,first,Petrol,475000,Maruti Suzuki_Swift,Mid,7278.6,11.19529264681043
Maruti Suzuki,Alto,4,50000.0,Manual,first,Petrol,340000,Maruti Suzuki_Alto,Recent,12500.0,10.819798284210286
Maruti Suzuki,Baleno,5,28303.0,Manual,first,Petrol,635000,Maruti Suzuki_Baleno,Recent,5660.6,10.250758416399567
Volkswagen,Jetta,11,74000.0,Manual,first,Diesel,759000,Volkswagen_Jetta,Old,6727.272727272727,11.211833885608513
Maruti Suzuki,Alto-800,8,86000.0,Manual,first,Hybrid/CNG,240000,Maruti Suzuki_Alto-800,Mid,10750.0,11.362114203075018
Tata,Tiago,6,34128.0,Manual,first,Petrol,440000,Tata_Tiago,Mid,5688.0,10.437902741735204
Ford,Ikon,20,72416.0,Manual,second,Petrol,93000,Ford_Ikon,Old,3620.8,11.190196357440879
Hyundai,Aura,0,4000.0,Manual,first,Petrol,835000,Hyundai_Aura,New,4000.0,8.294299608857235
Maruti Suzuki,Baleno,3,51600.0,Manual,first,Petrol,515000,Maruti Suzuki_Baleno,Recent,17200.0,10.851296331126829
Honda,City,9,86529.0,Manual,first,Diesel,590000,Honda_City,Mid,9614.333333333334,11.368246453600785
Maruti Suzuki,A-Star,11,28000.0,Automatic,first,Petrol,320000,Maruti Suzuki_A-Star,Old,2545.4545454545455,10.239995502805316
Mahindra,XUV500,7,83255.0,Automatic,first,Diesel,871001,Mahindra_XUV500,Mid,11893.57142857143,11.329675477317695
Maruti Suzuki,Alto-K10,12,80000.0,Manual,second,Petrol,195000,Maruti Suzuki_Alto-K10,Old,6666.666666666667,11.289794413577894
Maruti Suzuki,Celerio,6,86000.0,Manual,second,Hybrid/CNG,365000,Maruti Suzuki_Celerio,Mid,14333.333333333334,11.362114203075018
Maruti Suzuki,Ertiga,7,65000.0,Manual,second,Diesel,645000,Maruti Suzuki_Ertiga,Mid,9285.714285714286,11.082157933374816
Tata,Tiago,5,61000.0,Automatic,second,Hybrid/CNG,400000,Tata_Tiago,Recent,12200.0,11.0186455364637
Mercedes-Benz,AMG,0,16000.0,Automatic,first,Petrol,21500000,Mercedes-Benz_AMG,New,16000.0,9.680406499268875
Toyota,Innova Crysta,3,40000.0,Automatic,first,Diesel,2650000,Toyota_Innova Crysta,Recent,13333.333333333334,10.596659732783579
Hyundai,i10,14,91200.0,Manual,second,Hybrid/CNG,152000,Hyundai_i10,Old,6514.285714285715,11.420821140914589
Honda,City,14,69.0,Automatic,second,Hybrid/CNG,220000,Honda_City,Old,4.928571428571429,4.248495242049359
Mercedes-Benz,S-Class,16,84000.0,Automatic,second,Diesel,895000,Mercedes-Benz_S-Class,Old,5250.0,11.338583982516495
Maruti Suzuki,Swift,13,50000.0,Automatic,second,Hybrid/CNG,109999,Maruti Suzuki_Swift,Old,3846.153846153846,10.819798284210286
Mahindra,Scorpio Classic,6,99000.0,Manual,second,Diesel,1400000,Mahindra_Scorpio Classic,Mid,16500.0,11.502885230075814
Land Rover,Range Rover Sport,5,71000.0,Automatic,second,Diesel,11700000,Land Rover_Range Rover Sport,Recent,14200.0,11.170449240431308
Hyundai,Venue,5,26000.0,Automatic,first,Petrol,945000,Hyundai_Venue,Recent,5200.0,10.165890277802454
BMW,3 Series,6,64000.0,Automatic,second,Diesel,2399000,BMW_3 Series,Mid,10666.666666666666,11.06665398721974
MG,Hector Plus,0,8000.0,Automatic,first,Petrol,2190000,MG_Hector Plus,New,8000.0,8.987321812850125
Datsun,Redi Go,7,60000.0,Manual,first,Petrol,170000,Datsun_Redi Go,Mid,8571.42857142857,11.002116507732017
Maruti Suzuki,Swift,9,58000.0,Manual,second,Hybrid/CNG,315000,Maruti Suzuki_Swift,Mid,6444.444444444444,10.968215530759236
Maruti Suzuki,Wagon-R,1,42000.0,Automatic,first,Hybrid/CNG,606666,Maruti Suzuki_Wagon-R,New,42000.0,10.645448706505872
Toyota,Fortuner,7,146000.0,Automatic,first,Diesel,2600000,Toyota_Fortuner,Mid,20857.14285714286,11.891368749982085
Hyundai,Verna,7,41435.0,Manual,first,Petrol,676000,Hyundai_Verna,Mid,5919.285714285715,10.631905347177993
Hyundai,Xcent Prime,5,128500.0,Manual,first,Diesel,465000,Hyundai_Xcent Prime,Recent,25700.0,11.763691965388299
Audi,Q3,9,122000.0,Automatic,first,Diesel,1900000,Audi_Q3,Mid,13555.555555555555,11.711784520403112
Volkswagen,VentoTest,14,70000.0,Manual,second,Hybrid/CNG,269000,Volkswagen_VentoTest,Old,5000.0,11.156264806643742
Maruti Suzuki,Swift-Dzire,3,57000.0,Automatic,first,Petrol,810000,Maruti Suzuki_Swift-Dzire,Recent,19000.0,10.950824090522445
Hyundai,Creta,4,30000.0,Manual,first,Petrol,875000,Hyundai_Creta,Recent,7500.0,10.308985993422082
Maruti Suzuki,Eeco,11,37000.0,Manual,first,Hybrid/CNG,411000,Maruti Suzuki_Eeco,Old,3363.6363636363635,10.518700218288165
Maruti Suzuki,Brezza,1,25000.0,Automatic,first,Hybrid/CNG,1095000,Maruti Suzuki_Brezza,New,25000.0,10.12667110305036
Hyundai,i10,12,74000.0,Automatic,first,Hybrid/CNG,130000,Hyundai_i10,Old,6166.666666666667,11.211833885608513
Tata,Nexon,2,38400.0,Automatic,first,Diesel,1200000,Tata_Nexon,New,19200.0,10.555838779903407
Honda,City,8,38000.0,Automatic,second,Petrol,625000,Honda_City,Mid,4750.0,10.545367754151743
Hyundai,Creta,8,64000.0,Automatic,second,Petrol,775000,Hyundai_Creta,Mid,8000.0,11.06665398721974
Chevrolet,Sail U-VA,8,100000.0,Manual,second,Diesel,240000,Chevrolet_Sail U-VA,Mid,12500.0,11.51293546492023
Hyundai,Verna,1,12000.0,Automatic,first,Petrol,1549999,Hyundai_Verna,New,12000.0,9.392745258631441
Maruti Suzuki,Ertiga,5,100000.0,Manual,second,Hybrid/CNG,365000,Maruti Suzuki_Ertiga,Recent,20000.0,11.51293546492023
Hyundai,Verna,6,44500.0,Automatic,second,Petrol,765000,Hyundai_Verna,Mid,7416.666666666667,10.703266939811954
Hyundai,Aura,2,37444.0,Automatic,first,Hybrid/CNG,758500,Hyundai_Aura,New,18722.0,10.530628468683467
Ford,Ecosport,5,40868.0,Automatic,first,Hybrid/CNG,775000,Ford_Ecosport,Recent,8173.6,10.618127108434171
Mahindra,Bolero Neo,2,41000.0,Manual,first,Diesel,1050000,Mahindra_Bolero Neo,New,20500.0,10.62135173563291
Hyundai,Verna,5,39000.0,Automatic,second,Hybrid/CNG,785000,Hyundai_Verna,Recent,7800.0,10.571342565808699
Ford,Ecosport,9,58000.0,Automatic,second,Petrol,490000,Ford_Ecosport,Mid,6444.444444444444,10.968215530759236
Toyota,Fortuner,0,3500.0,Automatic,first,Diesel,4150000,Toyota_Fortuner,New,3500.0,8.160803920954665
Hyundai,Santro Xing,13,96000.0,Manual,second,Hybrid/CNG,190000,Hyundai_Santro Xing,Old,7384.615384615385,11.472113887062386
Maruti Suzuki,Ritz,11,67000.0,Manual,first,Hybrid/CNG,250000,Maruti Suzuki_Ritz,Old,6090.909090909091,11.112462823634855
Maruti Suzuki,Ritz,9,92000.0,Manual,first,Diesel,211000,Maruti Suzuki_Ritz,Mid,10222.222222222223,11.429554725537322
Chevrolet,Spark,14,27000.0,Manual,second,Petrol,90000,Chevrolet_Spark,Old,1928.5714285714287,10.203629181337648
Skoda,Rapid,8,107423.0,Automatic,first,Diesel,560000,Skoda_Rapid,Mid,13427.875,11.584538899779762
Toyota,Fortuner,9,139000.0,Manual,first,Diesel,1550000,Toyota_Fortuner,Mid,15444.444444444445,11.842236406331555
Hyundai,Venue,5,19000.0,Automatic,first,Petrol,925000,Hyundai_Venue,Recent,3800.0,9.852246888342531
Hyundai,Venue,5,73000.0,Automatic,second,Petrol,865000,Hyundai_Venue,Recent,14600.0,11.19822841866684
Hyundai,i20,15,72386.0,Manual,second,Petrol,185000,Hyundai_i20,Old,4825.733333333334,11.18978200424029
Hyundai,Santro Xing,10,62000.0,Manual,second,Hybrid/CNG,185000,Hyundai_Santro Xing,Mid,6200.0,11.034905792929415
Toyota,Innova,17,50000.0,Manual,first,Diesel,380000,Toyota_Innova,Old,2941.176470588235,10.819798284210286
Tata,Harrier,3,34000.0,Automatic,first,Diesel,1650000,Tata_Harrier,Recent,11333.333333333334,10.434145214930487
Hyundai,Grand i10,9,58000.0,Automatic,first,Hybrid/CNG,449900,Hyundai_Grand i10,Mid,6444.444444444444,10.968215530759236
Maruti Suzuki,maruti-suzuki-dzire,4,51000.0,Manual,first,Hybrid/CNG,595000,Maruti Suzuki_maruti-suzuki-dzire,Recent,12750.0,10.839600519357369
Renault,KWID,6,75000.0,Manual,second,Hybrid/CNG,280000,Renault_KWID,Mid,12500.0,11.225256725762893
Skoda,Kodiaq,6,106000.0,Automatic,first,Diesel,2250000,Skoda_Kodiaq,Mid,17666.666666666668,11.571203807011969
Hyundai,Grand i10,6,81000.0,Automatic,first,Hybrid/CNG,435000,Hyundai_Grand i10,Mid,13500.0,11.302216779257382
Mercedes-Benz,GLC,2,29000.0,Automatic,first,Diesel,6800000,Mercedes-Benz_GLC,New,14500.0,10.275085591132715
Honda,City,10,38000.0,Automatic,second,Petrol,475000,Honda_City,Mid,3800.0,10.545367754151743
Toyota,Etios Liva,7,92459.0,Manual,first,Diesel,530000,Toyota_Etios Liva,Mid,13208.42857142857,11.434531397542216
Maruti Suzuki,Swift,6,82000.0,Automatic,second,Petrol,620000,Maruti Suzuki_Swift,Mid,13666.666666666666,11.314486721293981
Skoda,Superb,8,64000.0,Automatic,first,Petrol,1375000,Skoda_Superb,Mid,8000.0,11.06665398721974
Ford,Ecosport,5,41256.0,Automatic,first,Hybrid/CNG,775000,Ford_Ecosport,Recent,8251.2,10.627576074335622
Maruti Suzuki,Estilo,14,85000.0,Manual,second,Petrol,230000,Maruti Suzuki_Estilo,Old,6071.428571428572,11.350418300109132
Volvo,XC60,4,94000.0,Automatic,first,Diesel,3950000,Volvo_XC60,Recent,23500.0,11.451060699493427
Maruti Suzuki,Fronx ,0,10700.0,Manual,first,Hybrid/CNG,890000,Maruti Suzuki_Fronx,New,10700.0,9.278092474027002
Mahindra,XUV 300,5,83000.0,Automatic,first,Diesel,990000,Mahindra_XUV 300,Recent,16600.0,11.326607934898927
Tata,Indica,12,150000.0,Manual,first,Diesel,125000,Tata_Indica,Old,12500.0,11.918397239722838
Maruti Suzuki,XL6,4,42000.0,Automatic,first,Petrol,1040000,Maruti Suzuki_XL6,Recent,10500.0,10.645448706505872
Mercedes-Benz,B Class,10,41000.0,Automatic,second,Petrol,1050000,Mercedes-Benz_B Class,Mid,4100.0,10.62135173563291
Toyota,Fortuner,3,114000.0,Manual,first,Diesel,3349000,Toyota_Fortuner,Recent,38000.0,11.643962499267984
Toyota,Innova Crysta,8,145000.0,Automatic,first,Diesel,1820000,Toyota_Innova Crysta,Mid,18125.0,11.884495917930655
Volkswagen,VentoTest,7,76555.0,Automatic,first,Petrol,775000,Volkswagen_VentoTest,Mid,10936.42857142857,11.245777778157963
Hyundai,Santro Xing,12,78000.0,Manual,first,Hybrid/CNG,142000,Hyundai_Santro Xing,Old,6500.0,11.264476926102367
Hyundai,i10,11,59800.0,Manual,second,Petrol,410000,Hyundai_i10,Old,5436.363636363636,10.998777662206932
Maruti Suzuki,Wagon-R-1-0,7,23115.0,Automatic,first,Hybrid/CNG,425000,Maruti Suzuki_Wagon-R-1-0,Mid,3302.1428571428573,10.04828029743767
Maruti Suzuki,Swift,9,103650.0,Manual,second,Petrol,398000,Maruti Suzuki_Swift,Mid,11516.666666666666,11.548784765670739
Hyundai,Verna,10,54000.0,Automatic,second,Hybrid/CNG,465000,Hyundai_Verna,Mid,5400.0,10.896757843893464
Mercedes-Benz,C-Class,4,23000.0,Automatic,first,Petrol,3900000,Mercedes-Benz_C-Class,Recent,5750.0,10.043292972227004
Tata,Harrier,2,19000.0,Automatic,first,Diesel,2000000,Tata_Harrier,New,9500.0,9.852246888342531
Hyundai,i10,14,46000.0,Automatic,first,Petrol,325000,Hyundai_i10,Old,3285.714285714286,10.736418414365376
Volkswagen,Polo,14,100000.0,Manual,first,Diesel,178000,Volkswagen_Polo,Old,7142.857142857143,11.51293546492023
Mahindra,XUV500,6,90000.0,Manual,second,Diesel,1290000,Mahindra_XUV500,Mid,15000.0,11.407576060361786
Mercedes-Benz,E-Class,3,18000.0,Automatic,first,Diesel,6700000,Mercedes-Benz_E-Class,Recent,6000.0,9.798182590890704
Maruti Suzuki,Ciaz,5,50000.0,Manual,first,Hybrid/CNG,710000,Maruti Suzuki_Ciaz,Recent,10000.0,10.819798284210286
Tata,Harrier,1,9000.0,Automatic,first,Diesel,2690000,Tata_Harrier,New,9000.0,9.105090961257085
Ford,Ecosport,5,40683.0,Automatic,first,Hybrid/CNG,775000,Ford_Ecosport,Recent,8136.6,10.613590173745488
Maruti Suzuki,Wagon-R,3,50000.0,Manual,first,Hybrid/CNG,525000,Maruti Suzuki_Wagon-R,Recent,16666.666666666668,10.819798284210286
BMW,5 Series,11,69000.0,Automatic,second,Diesel,1475000,BMW_5 Series,Old,6272.727272727273,11.141876276228
Chevrolet,Beat,13,45000.0,Manual,second,Petrol,140000,Chevrolet_Beat,Old,3461.5384615384614,10.714439990727769
Toyota,Corolla Altis,12,126000.0,Manual,second,Diesel,525000,Toyota_Corolla Altis,Old,10500.0,11.744045122410057
Honda,Elevate,15,101000.0,Automatic,second,Hybrid/CNG,75000,Honda_Elevate,Old,6733.333333333333,11.522885696764481
Honda,City,13,65000.0,Manual,second,Hybrid/CNG,245000,Honda_City,Old,5000.0,11.082157933374816
Maruti Suzuki,Zen-Estilo,14,60000.0,Automatic,second,Hybrid/CNG,90000,Maruti Suzuki_Zen-Estilo,Old,4285.714285714285,11.002116507732017
BMW,M340i,1,9000.0,Automatic,second,Petrol,5299000,BMW_M340i,New,9000.0,9.105090961257085
Maruti Suzuki,Omni,10,41100.0,Manual,first,Petrol,290000,Maruti Suzuki_Omni,Mid,4110.0,10.623787731088578
Maruti Suzuki,Swift-Dzire,9,51000.0,Manual,first,Petrol,450000,Maruti Suzuki_Swift-Dzire,Mid,5666.666666666667,10.839600519357369
Maruti Suzuki,Omni,13,80000.0,Manual,first,Hybrid/CNG,210000,Maruti Suzuki_Omni,Old,6153.846153846154,11.289794413577894
Hyundai,Xcent,9,86090.0,Manual,second,Hybrid/CNG,449999,Hyundai_Xcent,Mid,9565.555555555555,11.363160155335496
Mahindra,XUV 300,3,48000.0,Manual,first,Petrol,900000,Mahindra_XUV 300,Recent,16000.0,10.778977123006351
Maruti Suzuki,Ciaz,6,79000.0,Manual,first,Petrol,600000,Maruti Suzuki_Ciaz,Mid,13166.666666666666,11.277215789596893
Mahindra,KUV100 NXT,8,35000.0,Manual,first,Hybrid/CNG,265000,Mahindra_KUV100 NXT,Mid,4375.0,10.463131911491967
Toyota,Innova Crysta,8,110000.0,Automatic,second,Diesel,1545000,Toyota_Innova Crysta,Mid,13750.0,11.608244735642321
Mercedes-Benz,C-Class,19,158000.0,Automatic,second,Diesel,388000,Mercedes-Benz_C-Class,Old,8315.78947368421,11.970356641102999
Hyundai,Grand i10,10,37000.0,Automatic,second,Hybrid/CNG,360000,Hyundai_Grand i10,Mid,3700.0,10.518700218288165
BMW,5 Series,7,69000.0,Automatic,second,Diesel,3649000,BMW_5 Series,Mid,9857.142857142857,11.141876276228
Maruti Suzuki,Wagon-R,7,63000.0,Automatic,first,Hybrid/CNG,340000,Maruti Suzuki_Wagon-R,Mid,9000.0,11.050905878263567
Nissan,Terrano,10,80000.0,Manual,second,Diesel,340000,Nissan_Terrano,Mid,8000.0,11.289794413577894
Maruti Suzuki,Alto 800,7,29584.0,Manual,first,Petrol,280000,Maruti Suzuki_Alto 800,Mid,4226.285714285715,10.295022755110795
Hyundai,Xcent,8,57101.0,Automatic,second,Hybrid/CNG,370000,Hyundai_Xcent,Mid,7137.625,10.952594421300399
Honda,Amaze,4,23500.0,Manual,second,Hybrid/CNG,575000,Honda_Amaze,Recent,5875.0,10.064798252418377
Maruti Suzuki,Baleno,1,28000.0,Manual,first,Petrol,875000,Maruti Suzuki_Baleno,New,28000.0,10.239995502805316
Honda,Amaze,6,45600.0,Automatic,first,Petrol,595000,Honda_Amaze,Mid,7600.0,10.727684925086583
Datsun,GO,7,40400.0,Manual,first,Petrol,239999,Datsun_GO,Mid,5771.428571428572,10.606609816118151
Maruti Suzuki,Fronx ,0,3000.0,Automatic,first,Petrol,1195000,Maruti Suzuki_Fronx,New,3000.0,8.006700845440367
Maruti Suzuki,Alto-K10,6,34000.0,Automatic,first,Hybrid/CNG,350000,Maruti Suzuki_Alto-K10,Mid,5666.666666666667,10.434145214930487
Hyundai,Xcent,7,112986.0,Manual,second,Hybrid/CNG,400000,Hyundai_Xcent,Mid,16140.857142857143,11.635028046828593
Maruti Suzuki,Wagon-R,8,58000.0,Automatic,second,Petrol,350000,Maruti Suzuki_Wagon-R,Mid,7250.0,10.968215530759236
Honda,City,8,54000.0,Manual,first,Petrol,625000,Honda_City,Mid,6750.0,10.896757843893464
Maruti Suzuki,S-Presso,4,57805.0,Manual,first,Petrol,405000,Maruti Suzuki_S-Presso,Recent,14451.25,10.964847855501349
Maruti Suzuki,Alto-K10,1,22000.0,Automatic,first,Petrol,575000,Maruti Suzuki_Alto-K10,New,22000.0,9.99884318585288
Maruti Suzuki,S-Presso,3,24008.0,Manual,first,Petrol,480000,Maruti Suzuki_S-Presso,Recent,8002.666666666667,10.086184039035157
Maruti Suzuki,S-Presso,2,12000.0,Manual,first,Petrol,465000,Maruti Suzuki_S-Presso,New,6000.0,9.392745258631441
Maruti Suzuki,Celerio,1,40000.0,Automatic,first,Hybrid/CNG,680000,Maruti Suzuki_Celerio,New,40000.0,10.596659732783579
Honda,City,11,56000.0,Manual,second,Hybrid/CNG,299000,Honda_City,Old,5090.909090909091,10.933124826700707
Volkswagen,Taigun,2,43000.0,Manual,second,Petrol,1045000,Volkswagen_Taigun,New,21500.0,10.668978650219241
Hyundai,Eon,9,76000.0,Manual,second,Petrol,255000,Hyundai_Eon,Mid,8444.444444444445,11.23850177707664
Mahindra,XUV500,8,110000.0,Automatic,second,Diesel,950000,Mahindra_XUV500,Mid,13750.0,11.608244735642321
Toyota,Innova Hycross,1,500.0,Automatic,first,Hybrid/CNG,4400000,Toyota_Innova Hycross,New,500.0,6.2166061010848646
Honda,City,9,48000.0,Manual,second,Petrol,570000,Honda_City,Mid,5333.333333333333,10.778977123006351
Hyundai,Getz,16,175000.0,Manual,second,Diesel,250000,Hyundai_Getz,Old,10937.5,12.07254696717504
Renault,Duster,10,110000.0,Manual,second,Diesel,495000,Renault_Duster,Mid,11000.0,11.608244735642321
Toyota,2.8 Legender 4X2,3,28000.0,Automatic,second,Diesel,4100000,Toyota_2.8 Legender 4X2,Recent,9333.333333333334,10.239995502805316
Ford,Ecosport,5,42380.0,Automatic,first,Hybrid/CNG,775000,Ford_Ecosport,Recent,8476.0,10.654455427579775
Maruti Suzuki,Vitara-Brezza,6,90000.0,Manual,first,Diesel,860000,Maruti Suzuki_Vitara-Brezza,Mid,15000.0,11.407576060361786
Maruti Suzuki,Swift-Dzire,9,54000.0,Manual,second,Hybrid/CNG,349000,Maruti Suzuki_Swift-Dzire,Mid,6000.0,10.896757843893464
Honda,Accord,16,114000.0,Automatic,second,Hybrid/CNG,375000,Honda_Accord,Old,7125.0,11.643962499267984
Hyundai,i20 Active,8,76000.0,Manual,first,Hybrid/CNG,490000,Hyundai_i20 Active,Mid,9500.0,11.23850177707664
Mahindra,XUV 300,5,43000.0,Manual,first,Diesel,775000,Mahindra_XUV 300,Recent,8600.0,10.668978650219241
Mahindra,XUV500,8,82000.0,Automatic,second,Diesel,998000,Mahindra_XUV500,Mid,10250.0,11.314486721293981
Toyota,VELLFIRE,0,500.0,Automatic,first,Hybrid/CNG,12900000,Toyota_VELLFIRE,New,500.0,6.2166061010848646
Maruti Suzuki,Swift-Dzire,7,61000.0,Automatic,second,Hybrid/CNG,499000,Maruti Suzuki_Swift-Dzire,Mid,8714.285714285714,11.0186455364637
Maruti Suzuki,Ertiga,11,96000.0,Manual,first,Diesel,575000,Maruti Suzuki_Ertiga,Old,8727.272727272728,11.472113887062386
Hyundai,Creta,2,49596.0,Manual,first,Diesel,1735000,Hyundai_Creta,New,24798.0,10.811685627012828
Mahindra,XUV500,3,61105.0,Manual,second,Diesel,1695000,Mahindra_XUV500,Recent,20368.333333333332,11.020365340011082
Maruti Suzuki,Ertiga,7,73000.0,Manual,first,Hybrid/CNG,751000,Maruti Suzuki_Ertiga,Mid,10428.57142857143,11.19822841866684
Maruti Suzuki,Alto-800,10,71000.0,Manual,first,Hybrid/CNG,210000,Maruti Suzuki_Alto-800,Mid,7100.0,11.170449240431308
Maruti Suzuki,S-Presso,3,21000.0,Manual,first,Petrol,395000,Maruti Suzuki_S-Presso,Recent,7000.0,9.952325334619427
Tata,Nexon,6,51167.0,Automatic,first,Petrol,865001,Tata_Nexon,Mid,8527.833333333334,10.842869615633681
Maruti Suzuki,S-Presso,3,10000.0,Automatic,second,Petrol,515000,Maruti Suzuki_S-Presso,Recent,3333.3333333333335,9.210440366976517
Mercedes-Benz,C-Class,3,14000.0,Automatic,first,Diesel,5200000,Mercedes-Benz_C-Class,Recent,4666.666666666667,9.546884034617925
Hyundai,i20,12,1.0,Manual,second,Diesel,248000,Hyundai_i20,Old,0.08333333333333333,0.6931471805599453
Ford,Endeavour,8,90000.0,Automatic,second,Diesel,1933000,Ford_Endeavour,Mid,11250.0,11.407576060361786
Maruti Suzuki,Wagon-R,19,48000.0,Manual,second,Petrol,68000,Maruti Suzuki_Wagon-R,Old,2526.315789473684,10.778977123006351
Maruti Suzuki,XL6,5,32000.0,Manual,first,Petrol,975000,Maruti Suzuki_XL6,Recent,6400.0,10.373522431293592
Tata,Zest,8,98000.0,Manual,first,Petrol,425000,Tata_Zest,Mid,12250.0,11.49273296168228
Maruti Suzuki,Ignis,2,16000.0,Manual,first,Petrol,525000,Maruti Suzuki_Ignis,New,8000.0,9.680406499268875
Toyota,Etios,9,127000.0,Manual,second,Diesel,449000,Toyota_Etios,Mid,14111.111111111111,11.751950239425476
Hyundai,i10,12,102000.0,Manual,second,Petrol,195000,Hyundai_i10,Old,8500.0,11.532737896139919
Renault,Duster,5,60000.0,Automatic,second,Petrol,845000,Renault_Duster,Recent,12000.0,11.002116507732017
Skoda,Rapid,7,55000.0,Automatic,first,Hybrid/CNG,575000,Skoda_Rapid,Mid,7857.142857142857,10.915106645867503
Chevrolet,Sail U-VA,14,100000.0,Manual,first,Hybrid/CNG,125000,Chevrolet_Sail U-VA,Old,7142.857142857143,11.51293546492023
Tata,Tiago,5,33000.0,Automatic,first,Hybrid/CNG,490000,Tata_Tiago,Recent,6600.0,10.404293143019792
Honda,City,8,74000.0,Manual,second,Hybrid/CNG,499900,Honda_City,Mid,9250.0,11.211833885608513
Honda,Civic,17,97422.0,Automatic,second,Hybrid/CNG,191000,Honda_Civic,Old,5730.705882352941,11.486817601384443
Maruti Suzuki,Swift-Dzire,7,59000.0,Automatic,second,Hybrid/CNG,475000,Maruti Suzuki_Swift-Dzire,Mid,8428.57142857143,10.985309671896763
Tata,Nexon,0,4500.0,Automatic,first,Petrol,1575000,Tata_Nexon,New,4500.0,8.412054873292933
Honda,Accord,13,72000.0,Automatic,second,Hybrid/CNG,388888,Honda_Accord,Old,5538.461538461538,11.184435286790631
Honda,Amaze,6,50000.0,Automatic,first,Hybrid/CNG,250000,Honda_Amaze,Mid,8333.333333333334,10.819798284210286
Tata,Manza,14,61000.0,Manual,second,Petrol,199999,Tata_Manza,Old,4357.142857142857,11.0186455364637
Maruti Suzuki,Swift,2,40000.0,Automatic,first,Hybrid/CNG,695000,Maruti Suzuki_Swift,New,20000.0,10.596659732783579
BMW,6 Series GT,4,24000.0,Automatic,first,Diesel,4300000,BMW_6 Series GT,Recent,6000.0,10.085850775128717
BMW,3 Series GT,9,74000.0,Automatic,first,Diesel,1775000,BMW_3 Series GT,Mid,8222.222222222223,11.211833885608513
Skoda,Rapid,10,59000.0,Automatic,second,Petrol,700000,Skoda_Rapid,Mid,5900.0,10.985309671896763
Hyundai,Fluidic Verna,13,102500.0,Manual,second,Diesel,320000,Hyundai_Fluidic Verna,Old,7884.615384615385,11.537627833610571
Maruti Suzuki,Swift,16,120000.0,Manual,second,Diesel,200000,Maruti Suzuki_Swift,Old,7500.0,11.695255355062795
Hyundai,Santro Xing,14,140000.0,Manual,second,Petrol,98000,Hyundai_Santro Xing,Old,10000.0,11.849404844423074
Land Rover,Range Rover,5,55000.0,Automatic,first,Petrol,16500000,Land Rover_Range Rover,Recent,11000.0,10.915106645867503
Mahindra,XUV 300,2,14555.0,Automatic,first,Diesel,1095000,Mahindra_XUV 300,New,7277.5,9.585758558732051
Maruti Suzuki,Celerio X,4,35000.0,Manual,first,Hybrid/CNG,450000,Maruti Suzuki_Celerio X,Recent,8750.0,10.463131911491967
Maruti Suzuki,Ciaz,9,162000.0,Automatic,first,Hybrid/CNG,599000,Maruti Suzuki_Ciaz,Mid,18000.0,11.995357787034976
Hyundai,Venue,2,42000.0,Manual,first,Petrol,985000,Hyundai_Venue,New,21000.0,10.645448706505872
Hyundai,i10,13,67000.0,Automatic,second,Petrol,225000,Hyundai_i10,Old,5153.846153846154,11.112462823634855
Fiat,Urban Cross,5,135000.0,Manual,second,Diesel,450000,Fiat_Urban Cross,Recent,27000.0,11.813037464800539
Mercedes-Benz,E-Class,6,55000.0,Automatic,second,Petrol,3850000,Mercedes-Benz_E-Class,Mid,9166.666666666666,10.915106645867503
Maruti Suzuki,Celerio,9,51133.0,Manual,first,Hybrid/CNG,395000,Maruti Suzuki_Celerio,Mid,5681.444444444444,10.84220491697184
Honda,Jazz,9,57000.0,Manual,second,Petrol,329991,Honda_Jazz,Mid,6333.333333333333,10.950824090522445
Maruti Suzuki,Alto-800,1,12007.0,Manual,first,Hybrid/CNG,455000,Maruti Suzuki_Alto-800,New,12007.0,9.393328373313297
Hyundai,Grand i10,8,62000.0,Automatic,first,Petrol,490000,Hyundai_Grand i10,Mid,7750.0,11.034905792929415
Hyundai,Creta,7,54479.0,Manual,second,Petrol,865000,Hyundai_Creta,Mid,7782.714285714285,10.905588940823394
BMW,5 Series,13,90000.0,Automatic,first,Diesel,1099999,BMW_5 Series,Old,6923.076923076923,11.407576060361786
Maruti Suzuki,Wagon-R-1-0,18,32000.0,Manual,first,Petrol,120000,Maruti Suzuki_Wagon-R-1-0,Old,1777.7777777777778,10.373522431293592
Jaguar,XF,5,41000.0,Automatic,first,Diesel,3300000,Jaguar_XF,Recent,8200.0,10.62135173563291
Toyota,Innova Hycross,0,20000.0,Automatic,first,Hybrid/CNG,3400000,Toyota_Innova Hycross,New,20000.0,9.90353755128617
Maruti Suzuki,Wagon-R,13,70000.0,Manual,second,Petrol,250000,Maruti Suzuki_Wagon-R,Old,5384.615384615385,11.156264806643742
Hyundai,i20,0,11000.0,Manual,first,Petrol,950000,Hyundai_i20,New,11000.0,9.305741456739435
Hyundai,Elite i20,7,82000.0,Manual,second,Petrol,475000,Hyundai_Elite i20,Mid,11714.285714285714,11.314486721293981
Hyundai,Creta,4,26000.0,Manual,second,Petrol,1040000,Hyundai_Creta,Recent,6500.0,10.165890277802454
Honda,Jazz,9,79000.0,Automatic,second,Petrol,525000,Honda_Jazz,Mid,8777.777777777777,11.277215789596893
Skoda,Rapid,5,120000.0,Manual,first,Diesel,840000,Skoda_Rapid,Recent,24000.0,11.695255355062795
Jeep,Compass,2,51000.0,Automatic,first,Diesel,2800000,Jeep_Compass,New,25500.0,10.839600519357369
Audi,A4,8,41000.0,Automatic,second,Diesel,1145000,Audi_A4,Mid,5125.0,10.62135173563291
Maruti Suzuki,Wagon-R,9,80000.0,Manual,first,Hybrid/CNG,325000,Maruti Suzuki_Wagon-R,Mid,8888.888888888889,11.289794413577894
Maruti Suzuki,Swift,8,71000.0,Manual,second,Hybrid/CNG,488888,Maruti Suzuki_Swift,Mid,8875.0,11.170449240431308
Renault,KWID,6,56765.0,Automatic,first,Petrol,388000,Renault_KWID,Mid,9460.833333333334,10.946692833932499
Hyundai,Elantra,7,85000.0,Automatic,second,Hybrid/CNG,899000,Hyundai_Elantra,Mid,12142.857142857143,11.350418300109132
Toyota,Innova Crysta,8,188394.0,Automatic,first,Diesel,1800000,Toyota_Innova Crysta,Mid,23549.25,12.146296101494094
Tata,Indica,11,110000.0,Manual,second,Diesel,85000,Tata_Indica,Old,10000.0,11.608244735642321
Maruti Suzuki,Ignis,5,39800.0,Manual,first,Petrol,425000,Maruti Suzuki_Ignis,Recent,7960.0,10.591647316585027
Mahindra,XUV700,2,29705.0,Automatic,first,Diesel,2695000,Mahindra_XUV700,New,14852.5,10.299104324589479
Honda,City,14,103000.0,Automatic,first,Hybrid/CNG,170000,Honda_City,Old,7357.142857142857,11.542493975902508
Nissan,Sunny,12,75000.0,Manual,second,Petrol,280000,Nissan_Sunny,Old,6250.0,11.225256725762893
Maruti Suzuki,Wagon-R,6,85000.0,Automatic,first,Hybrid/CNG,380000,Maruti Suzuki_Wagon-R,Mid,14166.666666666666,11.350418300109132
Maruti Suzuki,Celerio,1,1234.0,Manual,first,Hybrid/CNG,130000,Maruti Suzuki_Celerio,New,1234.0,7.118826249062078
Ford,Ecosport,8,52000.0,Manual,second,Diesel,470000,Ford_Ecosport,Mid,6500.0,10.859018228147887
Maruti Suzuki,Swift-Dzire,10,81158.0,Manual,second,Hybrid/CNG,270000,Maruti Suzuki_Swift-Dzire,Mid,8115.8,11.30416547252328
Maruti Suzuki,Eeco,6,93000.0,Manual,first,Hybrid/CNG,445000,Maruti Suzuki_Eeco,Mid,15500.0,11.440365524765756
BMW,X7,1,6500.0,Automatic,first,Diesel,12900000,BMW_X7,New,6500.0,8.77971129020447
Maruti Suzuki,maruti-suzuki-dzire,6,43000.0,Automatic,second,Petrol,640000,Maruti Suzuki_maruti-suzuki-dzire,Mid,7166.666666666667,10.668978650219241
Maruti Suzuki,Ertiga,4,42000.0,Manual,first,Hybrid/CNG,865000,Maruti Suzuki_Ertiga,Recent,10500.0,10.645448706505872
Maruti Suzuki,Ignis,6,62000.0,Manual,first,Diesel,475000,Maruti Suzuki_Ignis,Mid,10333.333333333334,11.034905792929415
Audi,A3,9,25000.0,Automatic,first,Diesel,1275000,Audi_A3,Mid,2777.777777777778,10.12667110305036
Maruti Suzuki,Celerio,6,48000.0,Automatic,second,Petrol,350000,Maruti Suzuki_Celerio,Mid,8000.0,10.778977123006351
Maruti Suzuki,Omni,11,45000.0,Manual,second,Petrol,265000,Maruti Suzuki_Omni,Old,4090.909090909091,10.714439990727769
Honda,City,8,105000.0,Automatic,first,Petrol,695000,Honda_City,Mid,13125.0,11.561725152903833
Maruti Suzuki,maruti-suzuki-dzire,6,25000.0,Automatic,first,Petrol,625111,Maruti Suzuki_maruti-suzuki-dzire,Mid,4166.666666666667,10.12667110305036
BMW,5 Series,3,46000.0,Automatic,first,Diesel,5150000,BMW_5 Series,Recent,15333.333333333334,10.736418414365376
Renault,KWID,5,78000.0,Manual,first,Petrol,390000,Renault_KWID,Recent,15600.0,11.264476926102367
Hyundai,Verna,5,41000.0,Automatic,second,Hybrid/CNG,875000,Hyundai_Verna,Recent,8200.0,10.62135173563291
Hyundai,i10,9,95000.0,Automatic,first,Hybrid/CNG,170000,Hyundai_i10,Mid,10555.555555555555,11.461642696843066
Land Rover,Range Rover,5,29700.0,Automatic,second,Diesel,17400000,Land Rover_Range Rover,Recent,5940.0,10.298935994257638
Maruti Suzuki,Eeco,2,85024.0,Automatic,first,Hybrid/CNG,450000,Maruti Suzuki_Eeco,New,42512.0,11.350700609875396
Fiat,Linea,9,79000.0,Manual,second,Diesel,415000,Fiat_Linea,Mid,8777.777777777777,11.277215789596893
Maruti Suzuki,Wagon-R,10,72000.0,Automatic,first,Hybrid/CNG,350000,Maruti Suzuki_Wagon-R,Mid,7200.0,11.184435286790631
Hyundai,i10,14,130000.0,Manual,second,Hybrid/CNG,160000,Hyundai_i10,Old,9285.714285714286,11.775297421715827
Honda,Civic,13,100000.0,Manual,second,Petrol,295000,Honda_Civic,Old,7692.307692307692,11.51293546492023
Maruti Suzuki,Celerio,7,65000.0,Automatic,first,Petrol,490000,Maruti Suzuki_Celerio,Mid,9285.714285714286,11.082157933374816
Maruti Suzuki,Zen-Estilo,12,130000.0,Automatic,second,Hybrid/CNG,105000,Maruti Suzuki_Zen-Estilo,Old,10833.333333333334,11.775297421715827
Maruti Suzuki,XL6,3,36831.0,Automatic,first,Petrol,1210000,Maruti Suzuki_XL6,Recent,12277.0,10.514122311521609
Jeep,Compass,5,68530.0,Automatic,second,Petrol,1075000,Jeep_Compass,Recent,13706.0,11.13504147662283
Maruti Suzuki,Swift-Dzire,2,96000.0,Manual,second,Petrol,725000,Maruti Suzuki_Swift-Dzire,New,48000.0,11.472113887062386
Audi,A6,7,52000.0,Automatic,first,Petrol,2175000,Audi_A6,Mid,7428.571428571428,10.859018228147887
Maruti Suzuki,Swift,12,75235.0,Manual,second,Petrol,325000,Maruti Suzuki_Swift,Old,6269.583333333333,11.228385118790696
Renault,Duster,10,72000.0,Manual,first,Diesel,420000,Renault_Duster,Mid,7200.0,11.184435286790631
Skoda,Rapid,7,130000.0,Manual,second,Diesel,689000,Skoda_Rapid,Mid,18571.428571428572,11.775297421715827
Maruti Suzuki,Ciaz,10,70000.0,Manual,second,Hybrid/CNG,511000,Maruti Suzuki_Ciaz,Mid,7000.0,11.156264806643742
Maruti Suzuki,Wagon-R,14,96000.0,Manual,second,Hybrid/CNG,199000,Maruti Suzuki_Wagon-R,Old,6857.142857142857,11.472113887062386
Hyundai,Grand i10,6,50000.0,Automatic,second,Petrol,525000,Hyundai_Grand i10,Mid,8333.333333333334,10.819798284210286
Hyundai,Creta,9,89000.0,Manual,second,Diesel,770000,Hyundai_Creta,Mid,9888.888888888889,11.39640288460621
Skoda,Rapid,6,65000.0,Manual,first,Diesel,830000,Skoda_Rapid,Mid,10833.333333333334,11.082157933374816
Hyundai,Alcazar,2,42200.0,Automatic,second,Diesel,1840000,Hyundai_Alcazar,New,21100.0,10.650199196425806
MG,Hector Plus,3,48000.0,Manual,first,Diesel,1385000,MG_Hector Plus,Recent,16000.0,10.778977123006351
Nissan,Micra,6,62000.0,Manual,first,Hybrid/CNG,345000,Nissan_Micra,Mid,10333.333333333334,11.034905792929415
Tata,Zest,8,98000.0,Manual,first,Petrol,348888,Tata_Zest,Mid,12250.0,11.49273296168228
Toyota,Fortuner,10,124653.0,Manual,second,Diesel,1760000,Toyota_Fortuner,Mid,12465.3,11.73329717828842
Honda,City ZX,16,119000.0,Automatic,second,Hybrid/CNG,145000,Honda_City ZX,Old,7437.5,11.686887175419702
Mahindra,XUV500,8,89000.0,Manual,first,Diesel,870000,Mahindra_XUV500,Mid,11125.0,11.39640288460621
Hyundai,Eon,8,24500.0,Automatic,second,Hybrid/CNG,310000,Hyundai_Eon,Mid,3062.5,10.106469212026385
Renault,KWID,4,35000.0,Manual,first,Petrol,435000,Renault_KWID,Recent,8750.0,10.463131911491967
Maruti Suzuki,Celerio,7,53000.0,Automatic,first,Hybrid/CNG,399999,Maruti Suzuki_Celerio,Mid,7571.428571428572,10.87806606028079
Toyota,Corolla,14,85000.0,Automatic,second,Petrol,300000,Toyota_Corolla,Old,6071.428571428572,11.350418300109132
Maruti Suzuki,Vitara-Brezza,4,42554.0,Manual,first,Petrol,835000,Maruti Suzuki_Vitara-Brezza,Recent,10638.5,10.658552635911061
Volvo,XC60,1,6200.0,Automatic,first,Petrol,6000000,Volvo_XC60,New,6200.0,8.732465848349879
Hyundai,Grand i10,9,47000.0,Manual,first,Diesel,475000,Hyundai_Grand i10,Mid,5222.222222222223,10.757924157061597
Hyundai,i10,11,78220.0,Manual,second,Petrol,310000,Hyundai_i10,Old,7110.909090909091,11.267293432681889
Kia,Seltos,4,32028.0,Automatic,second,Diesel,1550000,Kia_Seltos,Recent,8007.0,10.374397021385262
Audi,Q3,9,57000.0,Automatic,second,Diesel,1195000,Audi_Q3,Mid,6333.333333333333,10.950824090522445
Mercedes-Benz,CLA,8,98000.0,Automatic,second,Diesel,2050000,Mercedes-Benz_CLA,Mid,12250.0,11.49273296168228
Maruti Suzuki,Wagon R,7,58000.0,Automatic,first,Hybrid/CNG,399999,Maruti Suzuki_Wagon R,Mid,8285.714285714286,10.968215530759236
Maruti Suzuki,Sx4,14,112000.0,Manual,first,Petrol,170000,Maruti Suzuki_Sx4,Old,8000.0,11.626263078808801
Renault,Duster,8,80000.0,Manual,first,Diesel,545000,Renault_Duster,Mid,10000.0,11.289794413577894
Maruti Suzuki,Wagon-R,11,65000.0,Manual,first,Hybrid/CNG,350000,Maruti Suzuki_Wagon-R,Old,5909.090909090909,11.082157933374816
Hyundai,Creta,7,120000.0,Automatic,second,Diesel,820000,Hyundai_Creta,Mid,17142.85714285714,11.695255355062795
Honda,City,9,80000.0,Automatic,second,Petrol,585000,Honda_City,Mid,8888.888888888889,11.289794413577894
Hyundai,i20,12,50000.0,Automatic,second,Petrol,345111,Hyundai_i20,Old,4166.666666666667,10.819798284210286
Maruti Suzuki,Baleno,7,42000.0,Automatic,first,Hybrid/CNG,485000,Maruti Suzuki_Baleno,Mid,6000.0,10.645448706505872
Honda,Jazz,8,78000.0,Manual,second,Diesel,335999,Honda_Jazz,Mid,9750.0,11.264476926102367
Hyundai,i10,14,25.0,Automatic,second,Hybrid/CNG,100000,Hyundai_i10,Old,1.7857142857142858,3.258096538021482
Maserati,Gran Turismo,7,21000.0,Automatic,second,Petrol,8000000,Maserati_Gran Turismo,Mid,3000.0,9.952325334619427
Tata,Safari,14,0.0,Manual,second,Diesel,290000,Tata_Safari,Old,0.0,0.0
Hyundai,Grand i10 Nios,4,22000.0,Automatic,first,Petrol,625000,Hyundai_Grand i10 Nios,Recent,5500.0,9.99884318585288
Honda,City,2,11000.0,Automatic,first,Petrol,1275000,Honda_City,New,5500.0,9.305741456739435
Audi,Q3,7,72000.0,Automatic,second,Diesel,1860000,Audi_Q3,Mid,10285.714285714286,11.184435286790631
Hyundai,Eon,6,48000.0,Manual,first,Hybrid/CNG,280000,Hyundai_Eon,Mid,8000.0,10.778977123006351
Maruti Suzuki,S-Cross1,7,99600.0,Manual,first,Diesel,745000,Maruti Suzuki_S-Cross1,Mid,14228.57142857143,11.50892748368293
Audi,A4,10,52000.0,Automatic,second,Diesel,620000,Audi_A4,Mid,5200.0,10.859018228147887
Maruti Suzuki,Swift,12,71000.0,Manual,first,Hybrid/CNG,298000,Maruti Suzuki_Swift,Old,5916.666666666667,11.170449240431308
Maruti Suzuki,Ertiga,7,80000.0,Manual,first,Hybrid/CNG,775000,Maruti Suzuki_Ertiga,Mid,11428.57142857143,11.289794413577894
Maruti Suzuki,Ertiga,9,82000.0,Manual,second,Hybrid/CNG,650000,Maruti Suzuki_Ertiga,Mid,9111.111111111111,11.314486721293981
Maruti Suzuki,Ritz,12,243000.0,Manual,second,Diesel,235000,Maruti Suzuki_Ritz,Old,20250.0,12.400820837540556
Maruti Suzuki,Wagon-R,5,65000.0,Manual,first,Hybrid/CNG,475000,Maruti Suzuki_Wagon-R,Recent,13000.0,11.082157933374816
Maruti Suzuki,Eeco,9,65137.5,Manual,second,Hybrid/CNG,320000,Maruti Suzuki_Eeco,Mid,7237.5,11.084271051239332
Maruti Suzuki,Wagon-R-1-0,5,35.0,Automatic,second,Hybrid/CNG,440000,Maruti Suzuki_Wagon-R-1-0,Recent,7.0,3.58351893845611
Skoda,Kushaq,3,57000.0,Manual,first,Petrol,1190000,Skoda_Kushaq,Recent,19000.0,10.950824090522445
Honda,WR-V,3,68000.0,Manual,first,Diesel,965000,Honda_WR-V,Recent,22666.666666666668,11.127277689932466
Maruti Suzuki,Baleno,2,22000.0,Manual,first,Petrol,980000,Maruti Suzuki_Baleno,New,11000.0,9.99884318585288
Toyota,Fortuner,6,86000.0,Automatic,first,Diesel,2700000,Toyota_Fortuner,Mid,14333.333333333334,11.362114203075018
Maruti Suzuki,Alto-800,5,53000.0,Manual,first,Petrol,300000,Maruti Suzuki_Alto-800,Recent,10600.0,10.87806606028079
Hyundai,Grand i10,5,57000.0,Automatic,second,Hybrid/CNG,595000,Hyundai_Grand i10,Recent,11400.0,10.950824090522445
Mahindra,KUV100 NXT,6,43700.0,Manual,second,Petrol,345000,Mahindra_KUV100 NXT,Mid,7283.333333333333,10.685126264117057
Kia,Sonet,1,12000.0,Manual,first,Petrol,970000,Kia_Sonet,New,12000.0,9.392745258631441
Toyota,Corolla Altis,7,82000.0,Manual,second,Petrol,790000,Toyota_Corolla Altis,Mid,11714.285714285714,11.314486721293981
Audi,Q5,12,160000.0,Automatic,second,Diesel,975000,Audi_Q5,Old,13333.333333333334,11.982935344196433
Volkswagen,VentoTest,6,75000.0,Automatic,first,Diesel,595000,Volkswagen_VentoTest,Mid,12500.0,11.225256725762893
Porsche,Cayenne,1,7700.0,Automatic,first,Petrol,13600000,Porsche_Cayenne,New,7700.0,8.94910546953925
Skoda,Octavia,10,105904.0,Automatic,second,Diesel,1040000,Skoda_Octavia,Mid,10590.4,11.570297744828098
Maruti Suzuki,Alto-800,4,55000.0,Manual,first,Hybrid/CNG,375000,Maruti Suzuki_Alto-800,Recent,13750.0,10.915106645867503
Maruti Suzuki,Ritz,11,92000.0,Manual,first,Diesel,415000,Maruti Suzuki_Ritz,Old,8363.636363636364,11.429554725537322
Hyundai,Verna,5,72000.0,Automatic,first,Petrol,855000,Hyundai_Verna,Recent,14400.0,11.184435286790631
Hyundai,New i20,3,83228.0,Manual,second,Petrol,699000,Hyundai_New i20,Recent,27742.666666666668,11.329351123769488
